Index,coherence,source,lang,FT_CC,FT_Cluster,BERT_CC,BERT_Cluster,Sent_CC,Sent_Cluster
ddisco_wiki_1,2,wikipedia,da,0.4375554400479218,0.44865957472069523,0.3801232487608528,0.37175827029353725,0.7271780303030303,0.6458333333333333
ddisco_wiki_2,3,wikipedia,da,0.5313261063638147,0.6724173676547875,0.3688629366064075,0.3963376788123854,0.6400455284452964,0.4773809523809524
ddisco_wiki_3,3,wikipedia,da,0.483174463050538,0.4545982472811741,0.3454130943127654,0.413175806107339,0.6777766202899893,0.6677489177489178
ddisco_wiki_4,1,reddit,da,0.48477691118568905,0.3592706606831993,0.3559095681234494,0.3803306198123718,0.6222318960709052,0.5228937728937729
ddisco_wiki_5,3,wikipedia,da,0.3987612854476897,0.4381911015705266,0.2857350000467242,0.3969691964076539,0.5720678276473157,0.49183185235816806
ddisco_wiki_6,2,wikipedia,da,0.4125225043427775,0.4254820528890052,0.2810220705887998,0.4665965863904504,0.6991858141858143,0.6033333333333334
ddisco_wiki_7,3,wikipedia,da,0.4636073278990993,0.34480270205320274,0.35667539345403165,0.4012601041832302,0.7194681861348529,0.6592592592592592
ddisco_wiki_8,3,wikipedia,da,0.44556903158079836,0.3686695055890102,0.35377410570641443,0.41801746748281754,0.7182077182077182,0.7256613756613757
ddisco_wiki_9,3,wikipedia,da,0.48753923742169064,0.42767493943964524,0.3293416104679904,0.4192219263720277,0.9199999999999999,0.9
ddisco_wiki_10,2,reddit,da,0.4037074333907278,0.4733135791701324,0.3860798685286494,0.34449865756795306,0.694222027972028,0.6907142857142857
ddisco_wiki_11,3,reddit,da,0.5227774134144869,0.47723150521863766,0.36066267249429956,0.37768737368937016,0.9199999999999999,0.9
ddisco_wiki_12,2,reddit,da,0.4803992393804346,0.39082140221063877,0.3573831703644411,0.39097815058411745,0.6678076825135649,0.43376623376623374
ddisco_wiki_13,3,reddit,da,0.49116579877580163,0.4652658397088936,0.35852911868282744,0.39611790903741345,0.7338068181818181,0.6708333333333333
ddisco_wiki_14,3,wikipedia,da,0.5276766607918719,0.4373176206509541,0.3442005919544739,0.368825849129365,0.6302175216178975,0.5919501133786848
ddisco_wiki_15,2,wikipedia,da,0.44532583168706263,0.3989189378159965,0.3777283766232277,0.4084685248726062,0.716325649658983,0.598941798941799
ddisco_wiki_16,3,wikipedia,da,0.4328837232950663,0.4083235584233629,0.3663325889365145,0.37694924292151377,0.6212574717425975,0.5391534391534393
ddisco_wiki_17,2,reddit,da,0.4773281554405709,0.407875056588292,0.36632181603018255,0.3747480832548091,0.6973126873126873,0.6157142857142857
ddisco_wiki_18,3,wikipedia,da,0.41818239166600835,0.4376495696095598,0.29743265114172396,0.39345079611168515,0.66703277802349,0.7207010582010582
ddisco_wiki_19,3,wikipedia,da,0.3987899295047041,0.4665922079636103,0.36252937712224514,0.41835651758340786,0.6596461869118779,0.6309523809523809
ddisco_wiki_20,1,reddit,da,0.5077158619480743,0.4293751111044344,0.37582227058713186,0.3581711800399997,0.7936507936507936,0.611111111111111
ddisco_wiki_21,2,reddit,da,0.4394039601528254,0.4125199912197578,0.3718922719971503,0.36090911126408215,0.5988495115509733,0.5525505358838692
ddisco_wiki_22,1,reddit,da,0.4940728779324117,0.4023619137119696,0.33827263192367985,0.37633229612190383,0.6334118561785715,0.42386621315192746
ddisco_wiki_23,3,wikipedia,da,0.5327343760039603,0.42420641642094936,0.3499634440959476,0.4069062373241942,0.8095238095238096,0.8666666666666666
ddisco_wiki_24,2,reddit,da,0.4713682684182575,0.3934260829609668,0.3497476057592758,0.37118833733880824,0.7568027210884354,0.5714285714285714
ddisco_wiki_25,3,wikipedia,da,0.49260443080038485,0.42447552447552456,0.3520119438522625,0.4177010110560306,0.8015873015873015,0.7111111111111111
ddisco_wiki_26,3,reddit,da,0.46337919265241034,0.41994494866835286,0.3588046612980753,0.4072729909980885,0.7121527777777777,0.6624999999999999
ddisco_wiki_27,3,reddit,da,0.5035765699136694,0.38675453059278486,0.4035796606656534,0.4139569788702949,0.9199999999999999,0.9
ddisco_wiki_28,3,wikipedia,da,0.49736129568276694,0.47554280360124385,0.3548264784747063,0.4067189077629749,1.0,1.0
ddisco_wiki_29,2,wikipedia,da,0.45149284106455095,0.3582372568165189,0.3775913990684876,0.3659876452194724,0.7049550449550449,0.6578571428571429
ddisco_wiki_30,3,wikipedia,da,0.4222174510369991,0.521649369465892,0.3513776057411193,0.43297477377905436,0.6683488080546904,0.5103896103896104
ddisco_wiki_31,2,reddit,da,0.4567787659742686,0.37301715041245753,0.3685143690561848,0.41458867011276374,0.6332619743803954,0.576984126984127
ddisco_wiki_32,3,wikipedia,da,0.44425895617881733,0.4650787141830928,0.3619949523533892,0.405476693271544,0.7327020202020202,0.7125
ddisco_wiki_33,3,reddit,da,0.4946784567691422,0.47987425146315016,0.3607825832248765,0.37701930205705086,0.7108003108003108,0.5555555555555556
ddisco_wiki_34,3,wikipedia,da,0.45275985403171365,0.46432853662209567,0.3690747806786012,0.3952662237880047,0.6114629398789828,0.6610544217687074
ddisco_wiki_35,3,reddit,da,0.496238750452258,0.4457342070872105,0.35470488441180853,0.3687205332793571,0.7313762626262625,0.7125
ddisco_wiki_36,3,wikipedia,da,0.4507514581934906,0.4150602483935816,0.3555956361309147,0.41236437696656847,0.7534013605442177,0.5714285714285714
ddisco_wiki_37,3,wikipedia,da,0.4483941425573723,0.38245540035013714,0.378799471309008,0.3540118151535965,0.7625850340136054,0.7095238095238096
ddisco_wiki_38,3,reddit,da,0.4633619926458594,0.3903735302263402,0.38291756742464667,0.35643880209228596,0.8015873015873015,0.7111111111111111
ddisco_wiki_39,3,reddit,da,0.4648667810486853,0.526254169111312,0.3495429657357629,0.3988559051141655,0.7936507936507936,0.611111111111111
ddisco_wiki_40,3,reddit,da,0.5050399535813909,0.5148928520039631,0.36598364418843554,0.37006243165968183,0.7035037878787879,0.7166666666666666
ddisco_wiki_41,3,wikipedia,da,0.4789347886514656,0.5220035173160174,0.34417461827388834,0.40671199518564655,0.9199999999999999,0.9
ddisco_wiki_42,3,wikipedia,da,0.4203615482605075,0.4280912018903549,0.36188112215691753,0.39499558591921213,0.632591144665448,0.5194139194139195
ddisco_wiki_43,2,reddit,da,0.46798515770065385,0.41784375754963987,0.3736856590959235,0.37025822427649036,0.814484126984127,0.8388888888888889
ddisco_wiki_44,3,wikipedia,da,0.4756977690411284,0.48212936053845135,0.3506575611762955,0.4415877329995292,0.7139428472761806,0.6322751322751323
ddisco_wiki_45,3,wikipedia,da,0.4141030278936602,0.37606334457545515,0.3559348588321419,0.43902789799058833,0.6391353144976334,0.6251159951159952
ddisco_wiki_46,3,reddit,da,0.48941407634057804,0.5933321308321307,0.34794107871667346,0.4220080262138618,0.7568027210884355,0.6571428571428571
ddisco_wiki_47,2,reddit,da,0.4404122383630067,0.4652953422461225,0.35451319027967776,0.4464990522617256,0.6925137362637364,0.6364285714285713
ddisco_wiki_48,2,wikipedia,da,0.41707212014384604,0.44489632637508136,0.3105907694412296,0.35922324370947534,0.6159289290225487,0.5912131519274376
ddisco_wiki_49,2,wikipedia,da,0.46611881980133474,0.4752950675055936,0.3720944621371805,0.38440155573662016,0.7330808080808081,0.6553571428571429
ddisco_wiki_50,3,wikipedia,da,0.44234874537376817,0.39324694288105466,0.35755202533556896,0.4204543239673592,0.716325649658983,0.5804232804232804
ddisco_wiki_51,2,reddit,da,0.46839497863122875,0.42027386051232496,0.3773348158344148,0.3634768240353615,0.7619047619047619,0.6238095238095237
ddisco_wiki_52,2,wikipedia,da,0.44507696815278347,0.5106015499528348,0.3450062199465766,0.4179675774231206,0.7676870748299319,0.7952380952380952
ddisco_wiki_53,2,reddit,da,0.4546311737079672,0.4276099810495521,0.3556550028142195,0.3680644653856008,0.6152579597141,0.5155555555555557
ddisco_wiki_54,3,reddit,da,0.4859995304234759,0.39031282726934896,0.3651573465906831,0.3966185776594035,0.7653061224489796,0.7333333333333333
ddisco_wiki_55,1,reddit,da,0.45971341671037524,0.469168021058352,0.35237832616633036,0.3870194853541475,0.6406900507616452,0.6775132275132275
ddisco_wiki_56,2,reddit,da,0.5130036523373707,0.40495413286110976,0.36504714060984267,0.39989436783278515,0.7361742424242423,0.7886904761904762
ddisco_wiki_57,3,reddit,da,0.4988009305263953,0.3912736795089736,0.3543905412596367,0.40966718366870797,0.7534013605442177,0.5714285714285714
ddisco_wiki_58,2,reddit,da,0.459473399397,0.3892077426062753,0.37342664456324975,0.35419659622851246,0.8065476190476191,0.8222222222222223
ddisco_wiki_59,2,wikipedia,da,0.44083866957200485,0.4064070746689057,0.3004473131461296,0.3557048740451016,0.6268694445741684,0.6591269841269841
ddisco_wiki_60,2,reddit,da,0.49567395383541935,0.37912020229093407,0.4074292813526144,0.41284068327469836,0.9199999999999999,0.9
ddisco_wiki_61,3,wikipedia,da,0.4073124164606425,0.4082594937597199,0.36190415749224764,0.4073345370149512,0.6627971701501113,0.5294372294372294
ddisco_wiki_62,2,reddit,da,0.4902683597966087,0.36031107781107785,0.35185590088476365,0.42546688445706615,0.6755198477992596,0.6642857142857143
ddisco_wiki_63,2,reddit,da,0.46334173049732286,0.43762625656369436,0.3703049289932422,0.3952160813457829,0.7139428472761806,0.5788359788359788
ddisco_wiki_64,3,wikipedia,da,0.43028228576275135,0.39217572408881024,0.37573928539951346,0.38280568460827336,0.6988431321764655,0.7227513227513227
ddisco_wiki_65,3,reddit,da,0.4220778611499272,0.410814493416967,0.3749204429021433,0.3602213619274061,0.6368018462445708,0.5100732600732601
ddisco_wiki_66,2,reddit,da,0.4103623099597139,0.4408985569718283,0.3001110006013515,0.3746152683386877,0.5585738823137404,0.5046428571428573
ddisco_wiki_67,2,wikipedia,da,0.43814239593827575,0.524875993287758,0.364213815730301,0.43435112436976986,0.7293447293447293,0.843915343915344
ddisco_wiki_68,3,wikipedia,da,0.4784166750567673,0.423899469601224,0.3969754355940588,0.43281529015212633,0.8065476190476191,0.8222222222222223
ddisco_wiki_69,2,wikipedia,da,0.3642963622153896,0.47689720870083363,0.29133786716039534,0.4109957208061149,0.5370298097669931,0.5769963832463832
ddisco_wiki_70,3,wikipedia,da,0.4270193423543684,0.46177342642274766,0.35167217010435114,0.4099767375731665,0.6918543956043957,0.6133333333333334
ddisco_wiki_71,2,reddit,da,0.42623641290103964,0.39249236923076736,0.31297746053761955,0.3354890111122464,0.6247792099295858,0.4908163265306123
ddisco_wiki_72,1,reddit,da,0.42908288998768396,0.40103282953746033,0.32027002039534264,0.3189293004661696,0.624860770880712,0.49183673469387756
ddisco_wiki_73,3,wikipedia,da,0.448863899723779,0.3768291043107218,0.3749799779704484,0.39893174863423714,0.7129068462401795,0.5195767195767195
ddisco_wiki_74,1,wikipedia,da,0.44152719622043957,0.810016382885231,0.310552899930799,0.4543751683064192,0.7936507936507936,0.611111111111111
ddisco_wiki_75,2,reddit,da,0.4712761721635797,0.431523511448272,0.36723045660256204,0.3770477222731902,0.9199999999999999,0.9
ddisco_wiki_76,3,reddit,da,0.4857287634466372,0.454405732091154,0.35369842750119923,0.42620826095893927,0.7125960459293794,0.6100529100529101
ddisco_wiki_77,3,reddit,da,0.48692467087315805,0.43241265053029765,0.34120405806816834,0.40366844198113544,0.9199999999999999,0.9
ddisco_wiki_78,3,reddit,da,0.472092545763356,0.4710510958511177,0.3590222842206855,0.3958029480769442,0.9199999999999999,0.9
ddisco_wiki_79,3,reddit,da,0.4811200478983463,0.4341564271746871,0.415180018247466,0.3928310388393007,0.9199999999999999,0.9
ddisco_wiki_80,3,wikipedia,da,0.4526767907271979,0.34835240089477376,0.36288283282683087,0.3744986061966965,0.6966533466533467,0.5857142857142856
ddisco_wiki_81,2,wikipedia,da,0.44889979275228653,0.42716371042809576,0.35740551681127586,0.4101087834054264,0.6896203796203797,0.6859523809523809
ddisco_wiki_82,3,wikipedia,da,0.34895004615990877,0.450268473680842,0.30703342156354685,0.38763733728425703,0.6564040534628769,0.5772727272727273
ddisco_wiki_83,2,reddit,da,0.44805140749267564,0.5100019365976812,0.3637546655457412,0.3736009080316753,0.6432067198224319,0.5865079365079365
ddisco_wiki_84,3,reddit,da,0.49690701029616036,0.4732234054215477,0.39820734222076026,0.412828809266675,0.7653061224489796,0.7333333333333334
ddisco_wiki_85,2,wikipedia,da,0.41796634325351356,0.41248335487499954,0.37444532230822053,0.3862006823532727,0.6498264893001734,0.5013431013431014
ddisco_wiki_86,2,reddit,da,0.45127475184492566,0.4243445925601479,0.3681896289645375,0.408846148498481,0.7194681861348529,0.6703703703703704
ddisco_wiki_87,3,reddit,da,0.46847440602322965,0.4326106378174959,0.37449453111603764,0.34398907561562775,0.9199999999999999,0.9
ddisco_wiki_88,2,wikipedia,da,0.44663645665446383,0.3721561456903949,0.3816114512321271,0.3723856921076428,0.6701119275461381,0.7757142857142856
ddisco_wiki_89,2,wikipedia,da,0.4163802403393924,0.40109602188515775,0.31713942526965133,0.34010872579772045,0.6480695713958098,0.5533730158730159
ddisco_wiki_90,3,reddit,da,0.4892080499268683,0.37576860899053416,0.37439589789031735,0.359950962206227,0.9199999999999999,0.9
ddisco_wiki_91,3,wikipedia,da,0.3996149453220046,0.41356080944625817,0.3289076176354212,0.44533082633735416,0.6332814014934037,0.5186507936507937
ddisco_wiki_92,3,wikipedia,da,0.4408666503155941,0.5110655477992938,0.3561979869798294,0.4085743307306213,0.7192437192437192,0.6034391534391534
ddisco_wiki_93,2,reddit,da,0.49748474180054547,0.39860552552860246,0.41040092112518367,0.36655974288710824,1.0,1.0
ddisco_wiki_94,2,reddit,da,0.4167621982127593,0.42902357067819746,0.29872137871442156,0.3639739576063708,0.6369131281421799,0.5591269841269841
ddisco_wiki_95,3,reddit,da,0.48900652177183757,0.41261746015422496,0.36317643024486823,0.3790928474800857,0.7625850340136054,0.7095238095238096
ddisco_wiki_96,3,reddit,da,0.43454664859079073,0.5224256670005658,0.3706769633545235,0.37585712621730655,0.7653061224489796,0.7095238095238096
ddisco_wiki_97,2,reddit,da,0.47480910443823526,0.3955252757578341,0.36513156907019934,0.35445905789801874,1.0,1.0
ddisco_wiki_98,3,wikipedia,da,0.4766110173421129,0.4453861497979146,0.343348045105381,0.42452420708192495,0.7338068181818181,0.7208333333333333
ddisco_wiki_99,2,wikipedia,da,0.4196994134401263,0.3917592873243028,0.3765685446919908,0.37103564668682276,0.6686401833460658,0.5357142857142857
ddisco_wiki_100,3,wikipedia,da,0.4616395521455111,0.5108391608391607,0.36477858854864875,0.39509604778910884,0.7163256496589829,0.6322751322751322
ddisco_wiki_101,2,reddit,da,0.4446770987262888,0.40060367666655544,0.3598259778523504,0.3489674880657143,0.6320031667059723,0.49189342403628117
ddisco_wiki_102,3,reddit,da,0.46465289714623853,0.3463547103135665,0.36715352653927746,0.3888120559638922,0.6354822656820859,0.5065192743764172
ddisco_wiki_103,3,wikipedia,da,0.4583825783279352,0.3845733660903938,0.3585912955304755,0.41251092598703665,0.6238310641662372,0.5161172161172162
ddisco_wiki_104,2,wikipedia,da,0.48197054488265806,0.45161128986546184,0.3466133541022841,0.435832610241325,0.7131831131831131,0.5814814814814815
ddisco_wiki_105,2,reddit,da,0.4398634544002634,0.40320088732766823,0.36688953052758155,0.37088152969200205,0.608885821855266,0.5732600732600733
ddisco_wiki_106,2,reddit,da,0.449455948977067,0.5047701775348833,0.3535756926918108,0.36707204606023996,0.7313762626262625,0.7125
ddisco_wiki_107,3,reddit,da,0.5012603858676167,0.3664687536280076,0.41900143619038066,0.34972014729486645,1.0,1.0
ddisco_wiki_108,3,wikipedia,da,0.4216258153062672,0.48603705038131256,0.35738970652896856,0.43940415441471575,0.7162660256410256,0.6625
ddisco_wiki_109,2,reddit,da,0.4812477088278775,0.4051450566488158,0.3574782880918915,0.3891635195618214,0.7355113636363636,0.7303571428571428
ddisco_wiki_110,2,reddit,da,0.44181793017616156,0.4417242011764517,0.3772212465153018,0.3669518958814561,0.6245233156537503,0.5193650793650794
ddisco_wiki_111,3,wikipedia,da,0.47298017866519154,0.42594099667270413,0.3543280801525922,0.4023280122078232,0.9199999999999999,0.9
ddisco_wiki_112,3,wikipedia,da,0.48624793573558855,0.5018215556373451,0.3476556560851317,0.40118672505524816,0.7568027210884354,0.5380952380952381
ddisco_wiki_113,2,wikipedia,da,0.44784978161760475,0.39464100397136026,0.36915729103765416,0.3968288118932696,0.6250513014650421,0.5892857142857143
ddisco_wiki_114,3,wikipedia,da,0.4192707679239127,0.415467037538112,0.3081854487595629,0.37613310335906963,0.6731937466844587,0.7703162578162578
ddisco_wiki_115,2,reddit,da,0.4306275328788395,0.4176473821662263,0.37901031251698564,0.35996552525654774,0.6403025025799794,0.6425925925925925
ddisco_wiki_116,3,wikipedia,da,0.43509869284779873,0.44721115950364965,0.3547271889090938,0.4479918500832682,0.7653061224489796,0.6476190476190476
ddisco_wiki_117,3,reddit,da,0.45627529236088343,0.4208338228801399,0.3375310522406594,0.41166063148837523,0.6311880119774886,0.5695512820512821
ddisco_wiki_118,3,wikipedia,da,0.5182931120872396,0.3897621535552571,0.322702720774022,0.4570571752108217,0.7024225774225775,0.6188095238095238
ddisco_wiki_119,3,wikipedia,da,0.41216752186017047,0.37952763286096614,0.30533582138430787,0.36769453301644184,0.56521710698945,0.5253246753246753
ddisco_wiki_120,2,wikipedia,da,0.4541009162236905,0.44523577227197136,0.35078712498121456,0.42553404929019206,0.667763070028761,0.6756132756132757
ddisco_wiki_121,3,reddit,da,0.4633466978872068,0.39910377108528255,0.37003392822712183,0.3893861082787586,0.6367975406236276,0.6771428571428572
ddisco_wiki_122,3,wikipedia,da,0.4539623969427581,0.35559773085864144,0.3598135769296062,0.39783403958304625,0.6778629265471372,0.6602380952380952
ddisco_wiki_123,2,reddit,da,0.564192834991814,0.666957965709901,0.35489101926992656,0.3950834468829827,0.7403724747474747,0.8011904761904762
ddisco_wiki_124,2,reddit,da,0.4919423162584797,0.467896976604407,0.35152506810720785,0.4300457950091489,0.8015873015873017,0.7111111111111109
ddisco_wiki_125,2,wikipedia,da,0.4426914519817203,0.44646814162385073,0.2874896548885556,0.42625868641752945,0.7602040816326531,0.7095238095238096
ddisco_wiki_126,3,wikipedia,da,0.5326493386093005,0.4040618604344095,0.35223495288886814,0.40497261341660956,0.7568027210884353,0.5380952380952381
ddisco_wiki_127,3,reddit,da,0.4221055123843528,0.35807139967105384,0.37393575787264544,0.3725422285331838,0.6643725211836666,0.625974025974026
ddisco_wiki_128,2,reddit,da,0.4371828539408587,0.4211552832088545,0.3587049651243798,0.3869490776185486,0.69989010989011,0.5564285714285714
ddisco_wiki_129,2,reddit,da,0.4260580755357031,0.3967685943322604,0.38912129290262093,0.3566145803384041,0.6339236051538706,0.4824263038548752
ddisco_wiki_130,3,wikipedia,da,0.43736628936521776,0.48556715937163647,0.36529742964011125,0.40664251280391933,0.720464257964258,0.7083333333333333
ddisco_wiki_131,3,reddit,da,0.4138557547521365,0.5283560549477389,0.2976796908403325,0.36225878359894137,0.5524654302404717,0.5648423005565862
ddisco_wiki_132,3,reddit,da,0.37544245441120316,0.5266259566959063,0.36234657509514956,0.38215702315569816,0.6762159409218232,0.5585858585858586
ddisco_wiki_133,3,reddit,da,0.41324121634784616,0.42123312313533606,0.3011634471824512,0.34984536254842585,0.7279658612991946,0.8113756613756613
ddisco_wiki_134,2,reddit,da,0.4577335639849517,0.49146821423788456,0.3645016911186259,0.3822684448069494,0.6355779665667437,0.4849206349206349
ddisco_wiki_135,2,wikipedia,da,0.4535702321211122,0.3825579878211457,0.3579558768719762,0.3995171850334091,0.7568027210884354,0.5619047619047619
ddisco_wiki_136,3,reddit,da,0.4791539843802358,0.44462614405796225,0.35843269312637005,0.4307958658138006,0.7149788483121816,0.5121693121693123
ddisco_wiki_137,3,wikipedia,da,0.3886658150738983,0.41357709009658905,0.29786951566669306,0.3774944814815844,0.641065425802268,0.6587912087912089
ddisco_wiki_138,1,reddit,da,0.4501397498750184,0.3731982767070485,0.38414220500678903,0.3596997647186272,0.7139428472761806,0.6211640211640211
ddisco_wiki_139,2,reddit,da,0.40988801685938536,0.4553212773177348,0.2880268175075384,0.38398152071190006,0.5442440961761277,0.5696656001003828
ddisco_wiki_140,1,reddit,da,0.4300627516941971,0.37984942971159125,0.3765316302187072,0.3827006427821171,0.5809902354719898,0.5243386243386243
ddisco_wiki_141,2,reddit,da,0.4185550019732956,0.4868546771064287,0.354268781768201,0.407059541196514,0.7653061224489796,0.8285714285714285
ddisco_wiki_142,2,reddit,da,0.42219321697408096,0.38360670547490955,0.30822552936905634,0.34733937473655924,0.5695656245928368,0.48130591630591624
ddisco_wiki_143,2,reddit,da,0.5032993870071444,0.43889794416110217,0.3580165024754907,0.41269168820130214,0.738604797979798,0.7261904761904763
ddisco_wiki_144,3,reddit,da,0.45526602363529184,0.4411129006905998,0.35384670666414414,0.4189294238546228,0.720464257964258,0.7791666666666666
ddisco_wiki_145,3,reddit,da,0.4598782931949925,0.3685416830063424,0.35449658651237026,0.36929395611988475,0.664218263676468,0.591991341991342
ddisco_wiki_146,3,wikipedia,da,0.4423403107132048,0.4089629971705444,0.36080861349877946,0.3927734154772336,0.9199999999999999,0.9
ddisco_wiki_147,3,wikipedia,da,0.41710184842166653,0.4515960756618674,0.37819417528761456,0.3607691919637076,0.7033608366941702,0.6751322751322751
ddisco_wiki_148,2,reddit,da,0.517903928695326,0.40919513397583585,0.37467218439373356,0.3675724938234389,0.7676870748299319,0.7952380952380953
ddisco_wiki_149,1,reddit,da,0.4897989937213908,0.36186981757283054,0.34858423343764466,0.37750750915130704,0.6990659340659342,0.5230952380952381
ddisco_wiki_150,3,wikipedia,da,0.3968340228772971,0.4693230943230942,0.35404258519685516,0.4279914584529828,0.648781448026804,0.6620370370370371
ddisco_wiki_151,2,wikipedia,da,0.4126641146893744,0.4113686631674639,0.35676994876753865,0.417254514578103,0.6368626104834832,0.6732426303854876
ddisco_wiki_152,3,reddit,da,0.4994521779704404,0.44063440675895715,0.3463916210848287,0.42392048114464487,0.7330808080808081,0.6845238095238095
ddisco_wiki_153,2,reddit,da,0.44029513864776854,0.45893437058297726,0.33364119601467074,0.42393285681602993,0.6155235571763316,0.6054945054945056
ddisco_wiki_154,3,wikipedia,da,0.4045031715273268,0.4283215099851129,0.35838039496243684,0.4111341090209574,0.6717393568997848,0.6449494949494949
ddisco_wiki_155,2,wikipedia,da,0.4160370528584021,0.40322703612177296,0.2846662150344319,0.41383595676063295,0.6313466079246131,0.593073593073593
ddisco_wiki_156,2,reddit,da,0.46415232989018407,0.46537214177737035,0.3772750144617045,0.3714337463644155,0.7121527777777777,0.5708333333333333
ddisco_wiki_157,3,reddit,da,0.49060537431186374,0.38090084654729983,0.357893270331216,0.37313628308128016,0.9199999999999999,0.9
ddisco_wiki_158,3,reddit,da,0.47903896206619556,0.45911385656878767,0.37250242695039376,0.3665770335204121,1.0,1.0
ddisco_wiki_159,3,wikipedia,da,0.48839951525227665,0.4562149270482605,0.3549614712153245,0.3966762214624622,0.7625850340136054,0.7095238095238096
ddisco_wiki_160,3,wikipedia,da,0.5260882270232146,0.5189559646702505,0.35500675263765374,0.40201218373858516,0.8015873015873015,0.7111111111111111
ddisco_wiki_161,2,wikipedia,da,0.49817188912314014,0.4203426776182195,0.3656098838887574,0.4023857167764068,0.814484126984127,0.8388888888888889
ddisco_wiki_162,2,reddit,da,0.4640123184217521,0.41130173333984427,0.3888960877105214,0.3292678263959128,0.716325649658983,0.652910052910053
ddisco_wiki_163,3,wikipedia,da,0.47511384707094534,0.43063219815137976,0.355400335902057,0.3986604944378535,0.7653061224489796,0.6476190476190476
ddisco_wiki_164,3,wikipedia,da,0.46834702758637403,0.5110775110775111,0.3599002579245211,0.37820236653682865,1.0,1.0
ddisco_wiki_165,2,reddit,da,0.43249094486164613,0.4220401388606328,0.3722953523023396,0.37146154719773194,0.6618659118659118,0.5458874458874459
ddisco_wiki_166,3,reddit,da,0.4905863380596663,0.369959847297376,0.3565824238834395,0.4105272780195382,0.9199999999999999,0.9
ddisco_wiki_167,2,wikipedia,da,0.43550633389043036,0.4762393815334991,0.34700290827851793,0.3854603350753354,0.8065476190476191,0.8222222222222223
ddisco_wiki_168,3,wikipedia,da,0.4868790631136031,0.364597941740799,0.3639071969385654,0.40606249621589247,0.8095238095238096,0.8666666666666666
ddisco_wiki_169,3,wikipedia,da,0.4840560922285945,0.4609477417169725,0.3471616800825686,0.40520109525776965,0.7795918367346939,0.8238095238095238
ddisco_wiki_170,3,reddit,da,0.46477932374710523,0.4180944652791892,0.3729015971625391,0.39675701794576995,0.63998729856315,0.5964590964590966
ddisco_wiki_171,3,wikipedia,da,0.47910698084703984,0.3732569899236565,0.36202294659765333,0.39719035591400537,0.8015873015873017,0.7111111111111111
ddisco_wiki_172,3,wikipedia,da,0.4324630753498243,0.4431104761251817,0.3545146793403181,0.38393117803717086,0.7568027210884353,0.6571428571428571
ddisco_wiki_173,3,wikipedia,da,0.4256405149354173,0.4854986595349995,0.3482724366583179,0.3939494196938129,0.6870329670329671,0.5133333333333334
ddisco_wiki_174,2,reddit,da,0.3776214208497735,0.41350956024010344,0.31085404496394986,0.32416009897874154,0.5582919322684184,0.6125220458553792
ddisco_wiki_175,2,reddit,da,0.425173805520823,0.44345300152950673,0.3063856501457537,0.3559020956028192,0.6161045042106712,0.6329931972789115
ddisco_wiki_176,2,reddit,da,0.4162944213890246,0.44752481455509374,0.39273918734611396,0.34735476909436463,0.7212121212121212,0.4958333333333333
ddisco_wiki_177,3,reddit,da,0.49505033885169375,0.441933027862926,0.4188445080346194,0.35270180048268074,1.0,1.0
ddisco_wiki_178,3,reddit,da,0.5076686090187457,0.45683340228794783,0.35420155676770654,0.39973676568381405,0.8015873015873015,0.7111111111111111
ddisco_wiki_179,3,wikipedia,da,0.43571343115772004,0.40419395419395393,0.3544859471993228,0.42349420173617996,0.727840909090909,0.6041666666666666
ddisco_wiki_180,1,reddit,da,0.5446315563516511,0.5392090652535687,0.3683599995649823,0.3429967278484153,0.564644353547271,0.46840966051492366
ddisco_wiki_181,3,wikipedia,da,0.4418279118751362,0.4003387638003022,0.36315718965534394,0.4043866094462916,0.7386047979797981,0.7136904761904762
ddisco_wiki_182,3,wikipedia,da,0.44106760541234696,0.45797930237881196,0.3041012628442591,0.34112582850579165,0.716325649658983,0.6253968253968254
ddisco_wiki_183,2,reddit,da,0.535466282814931,0.5227309812328195,0.4273768298139769,0.36908988633280393,1.0,1.0
ddisco_wiki_184,3,reddit,da,0.44957020232302525,0.45918168506991813,0.3578741509039138,0.35755422994690417,0.6561017929438981,0.5806526806526807
ddisco_wiki_185,2,reddit,da,0.4356091285689481,0.40286326241505527,0.3776283417761874,0.3581340462110868,0.6590194337969106,0.4932539682539682
ddisco_wiki_186,3,wikipedia,da,0.43409669882928775,0.47336507936507916,0.35424793801059834,0.3937256400097311,0.9199999999999999,0.9
ddisco_wiki_187,3,wikipedia,da,0.47750661622251367,0.4182908822443705,0.3560756480191176,0.4262081721648704,0.727840909090909,0.6166666666666667
ddisco_wiki_188,3,reddit,da,0.45425951241255347,0.386727957011306,0.36947887430926313,0.3615190972224736,0.7653061224489796,0.8285714285714285
ddisco_wiki_189,2,wikipedia,da,0.3867961119822171,0.5089506793086513,0.2688859046727609,0.43393716268328675,0.5262928442635729,0.5323414133758962
ddisco_wiki_190,3,reddit,da,0.4137184181107257,0.4838860959292695,0.37810308531027514,0.37142897205748643,0.716325649658983,0.5767195767195767
ddisco_wiki_191,3,wikipedia,da,0.4495671990427361,0.34917005985117433,0.3750772638565003,0.3829200725026358,0.636821977802979,0.5582972582972583
ddisco_wiki_192,3,wikipedia,da,0.42531398450847085,0.3836377981738755,0.3093664978327934,0.39533194855490855,0.6426607018712281,0.5623376623376625
ddisco_wiki_193,3,wikipedia,da,0.4819779343299277,0.41883439442230036,0.3573953644107271,0.4264596222549842,0.7236426767676767,0.6208333333333333
ddisco_wiki_194,3,wikipedia,da,0.3683516633099872,0.41251335142049317,0.3014179247494955,0.3777730516931861,0.6456860082636481,0.6582251082251082
ddisco_wiki_195,3,wikipedia,da,0.45262364769663455,0.4770235366874021,0.34591726680093005,0.41436086872575023,0.9199999999999999,0.9
ddisco_wiki_196,3,wikipedia,da,0.3671560452616173,0.40437313432713173,0.3079165673693414,0.3599665983983908,0.6275905709466655,0.6214904143475571
ddisco_wiki_197,2,reddit,da,0.5008796332869717,0.33783531672187145,0.3722736696110912,0.33520297945902866,0.7687074829931972,0.5714285714285714
ddisco_wiki_198,3,wikipedia,da,0.4496610697647227,0.429655557200014,0.3645626282917078,0.4152712806676188,0.6541571453142659,0.5154761904761905
ddisco_wiki_199,2,wikipedia,da,0.4339536391316342,0.5803832657805826,0.33605348959222603,0.4715503214130473,0.8015873015873015,0.7111111111111111
ddisco_wiki_200,2,wikipedia,da,0.41335849948308523,0.3691876488881943,0.34545071358628787,0.37860011835081653,0.6324455906057569,0.534035409035409
ddisco_wiki_201,3,wikipedia,da,0.42490219771307847,0.39206166122987557,0.36054508921525286,0.43481249017811774,0.7075393742060408,0.6851851851851853
ddisco_wiki_202,1,wikipedia,da,0.46970900961722534,0.444378231587534,0.3435347308934688,0.4155128187057745,0.8065476190476191,0.8222222222222224
ddisco_wiki_203,2,reddit,da,0.48799657390763057,0.4676885629146797,0.3697124175983087,0.37711974565374234,0.673961038961039,0.6757142857142857
ddisco_wiki_204,2,wikipedia,da,0.40472721987820987,0.39670183494818595,0.29565140937497414,0.3772732078415366,0.5565251580266556,0.4808012093726381
ddisco_wiki_205,3,reddit,da,0.45830295560667317,0.41924108450897185,0.39182239917000217,0.3387407871732823,0.8095238095238094,0.8666666666666667
ddisco_wiki_206,3,reddit,da,0.4684206257532942,0.34489986308595333,0.36671929904121053,0.3543426004980056,0.7344065656565657,0.7011904761904763
ddisco_wiki_207,3,reddit,da,0.4361227613762336,0.4599692558903084,0.36717318261150383,0.3573339070626658,0.6518890158402542,0.4668650793650794
ddisco_wiki_208,2,reddit,da,0.4822437082237017,0.42925578095415057,0.3700499339931766,0.3678123039033424,0.6500096394833238,0.5188034188034188
ddisco_wiki_209,3,reddit,da,0.40286059641918187,0.51199357895309,0.3867551715906421,0.34882531982000203,0.7121471121471122,0.5666666666666667
ddisco_wiki_210,2,wikipedia,da,0.47905181412588294,0.39256926293371314,0.3453647373329403,0.4185497913170148,0.6318612093960391,0.6194444444444445
ddisco_wiki_211,3,reddit,da,0.4940695004189038,0.4545426218161873,0.35900729390793185,0.40035832842113256,0.7056043956043957,0.6411111111111112
ddisco_wiki_212,3,reddit,da,0.46770850895243604,0.46832784661731997,0.34263533509884747,0.3983839827105714,0.733080808080808,0.7511904761904762
ddisco_wiki_213,3,wikipedia,da,0.44791524224266366,0.39538404971097274,0.334247839818475,0.4169253762150977,0.7070879120879121,0.6644444444444446
ddisco_wiki_214,2,reddit,da,0.4989913712318025,0.4330988455988455,0.36409305041883827,0.3955268339768104,0.7000099900099901,0.5533333333333333
ddisco_wiki_215,3,reddit,da,0.45337794708157914,0.4498055468171435,0.35609928996851664,0.41277552363180064,0.6172349219408043,0.657081807081807
ddisco_wiki_216,3,wikipedia,da,0.4601649928821162,0.4274207134584491,0.3424070925343806,0.4370061536771653,0.7047802197802199,0.6511111111111112
ddisco_wiki_217,2,wikipedia,da,0.42387503829951023,0.49022520386899454,0.3604304864128805,0.4475878581147845,0.7271780303030303,0.6458333333333333
ddisco_wiki_218,2,wikipedia,da,0.43887998675809264,0.4530641872747132,0.3815249463347607,0.36766809687994056,0.6195495355412811,0.5846938775510203
ddisco_wiki_219,3,wikipedia,da,0.4545002811772444,0.5126250443323612,0.3379398816992166,0.43950941270131916,0.7121471121471121,0.6444444444444444
ddisco_wiki_220,3,wikipedia,da,0.48240934826197607,0.4666847041847042,0.34276889177698855,0.4075589514251627,0.7710884353741496,0.8
ddisco_wiki_221,2,reddit,da,0.4932142063819205,0.41088419516990954,0.3577838449814835,0.3955192853466512,0.7296085858585859,0.6291666666666667
ddisco_wiki_222,3,wikipedia,da,0.44027966514215505,0.43331191097265476,0.30589274725865756,0.4002536779603829,0.6584307505360136,0.5207792207792208
ddisco_wiki_223,2,wikipedia,da,0.41177218008287664,0.4450806054134224,0.3004430431386106,0.39692162697362443,0.653528660881602,0.6956709956709957
ddisco_wiki_224,1,wikipedia,da,0.48811655892107486,0.3498186337472052,0.376951980282556,0.36304376558036366,0.7936507936507936,0.611111111111111
ddisco_wiki_225,3,wikipedia,da,0.4626968746963892,0.4163872997773928,0.3527930178877114,0.38380525687469697,0.7710884353741496,0.8095238095238094
ddisco_wiki_226,3,wikipedia,da,0.5033235432640918,0.45796909184005974,0.35832006422720414,0.3990666355261841,1.0,1.0
ddisco_wiki_227,3,wikipedia,da,0.4302518935486299,0.53437466925839,0.3303730856092801,0.46124203515621875,0.814484126984127,0.8388888888888889
ddisco_wiki_228,3,wikipedia,da,0.41168297395110487,0.4863531594359383,0.37897096431457855,0.3482547670414896,0.9199999999999999,0.9
ddisco_wiki_229,3,wikipedia,da,0.4436118160151461,0.4702259063400366,0.3537625204592782,0.40550950952575904,0.6799083269671505,0.7704906204906206
ddisco_wiki_230,3,wikipedia,da,0.532149542250172,0.5715949120845952,0.37379421161215615,0.3640277987402407,0.679447186800128,0.7062049062049062
ddisco_wiki_231,2,wikipedia,da,0.40896204446462187,0.4370487952305103,0.3041712367134312,0.36963611835963983,0.6180573813211113,0.7324263038548754
ddisco_wiki_232,3,reddit,da,0.4753698422702419,0.4957429065842199,0.3550966101959743,0.3690415784992272,0.7152896486229819,0.6767195767195768
ddisco_wiki_233,3,reddit,da,0.4595083793096642,0.39916125118998635,0.37460027185615996,0.36879166587337414,0.7139428472761805,0.5751322751322752
ddisco_wiki_234,3,wikipedia,da,0.4738159846980753,0.5161210394543727,0.3695110511870057,0.3974379856726637,0.7279658612991946,0.7468253968253968
ddisco_wiki_235,2,wikipedia,da,0.4310323641853934,0.544089863717715,0.3552272337278918,0.44127690749991294,0.7254103535353535,0.5583333333333332
ddisco_wiki_236,3,reddit,da,0.4873221094762569,0.4387448026375934,0.3829772253959633,0.3544557732758257,0.7182077182077182,0.6367724867724868
ddisco_wiki_237,3,reddit,da,0.422640841433138,0.380783394013149,0.29836149073531393,0.3599249863840648,0.6335480824644912,0.3659340659340659
ddisco_wiki_238,2,reddit,da,0.42311420812538025,0.4097492592430208,0.3783774622264073,0.37829237589406006,0.7296085858585858,0.7333333333333334
ddisco_wiki_239,3,wikipedia,da,0.44690376980873336,0.4619390588403193,0.3537470591471806,0.4200774012380501,0.7084175084175084,0.5814814814814815
ddisco_wiki_240,2,reddit,da,0.5122162480958893,0.4254734954920665,0.3585035579569507,0.4180657046110217,0.7309343434343434,0.6791666666666667
ddisco_wiki_241,3,wikipedia,da,0.43585226319737885,0.5059125152405781,0.34858979563596915,0.40927344775755287,0.7761904761904761,0.819047619047619
ddisco_wiki_242,2,wikipedia,da,0.41568347806811107,0.3899939949793583,0.29868746538364016,0.37748356858188614,0.6213348399106913,0.4917582417582418
ddisco_wiki_243,3,wikipedia,da,0.44106545560659427,0.43635901135901123,0.3340660145918547,0.45690580489448906,0.7139428472761806,0.6232804232804233
ddisco_wiki_244,3,wikipedia,da,0.4167981604157954,0.412699210718744,0.29340390208052813,0.3868441349249323,0.5613808130339181,0.44386724386724385
ddisco_wiki_245,3,reddit,da,0.4651485377438613,0.34006639438992387,0.36321764859154887,0.384451039693642,0.8065476190476191,0.8222222222222223
ddisco_wiki_246,2,wikipedia,da,0.5329297998750542,0.41234281591424454,0.3999638059658555,0.4082399469589247,0.9199999999999999,0.9
ddisco_wiki_247,3,reddit,da,0.4582594666654096,0.34809033603291967,0.3680029063244442,0.3654816896775842,0.7139428472761806,0.5825396825396826
ddisco_wiki_248,2,wikipedia,da,0.4561152415039263,0.3502621386549958,0.3638038620085326,0.36528070300592774,0.7254103535353535,0.6333333333333333
ddisco_wiki_249,3,reddit,da,0.4448555467478951,0.40433538971601246,0.351403891614986,0.3986199238324388,0.727840909090909,0.6666666666666667
ddisco_wiki_250,2,reddit,da,0.43628173888552957,0.5186765182430603,0.360983613428248,0.39805049227895206,0.604213501640788,0.5961375661375662
ddisco_wiki_251,3,wikipedia,da,0.544572974531875,0.5257803273177605,0.36385464920408117,0.38035318742309293,0.814484126984127,0.8388888888888889
ddisco_wiki_252,3,reddit,da,0.4806610442695593,0.36554289936642875,0.36964721571938525,0.36387156719460445,0.7602040816326531,0.7095238095238094
ddisco_wiki_253,3,wikipedia,da,0.4170159047628842,0.4247434961290384,0.29393238083223444,0.4234592456112068,0.580133390449893,0.5701807995925643
ddisco_wiki_254,2,wikipedia,da,0.40864910463340165,0.40886009863090333,0.29595431528053684,0.36208015578530744,0.55650657413366,0.481453634085213
ddisco_wiki_255,3,wikipedia,da,0.4020351794140175,0.4490797235052236,0.35259496466097945,0.42437823329775276,0.7023280396074514,0.7740476190476191
ddisco_wiki_256,3,wikipedia,da,0.42433280502522575,0.4822800215657358,0.35458086334144884,0.4168874171836821,0.8015873015873017,0.7111111111111109
ddisco_wiki_257,2,reddit,da,0.4827211443324765,0.48731529908000504,0.3419166097999024,0.4230351684432049,0.8065476190476191,0.8222222222222224
ddisco_wiki_258,3,wikipedia,da,0.4171037425891515,0.5872064529673223,0.3590974357916045,0.42757835141288186,0.9199999999999999,0.9
ddisco_wiki_259,3,reddit,da,0.45624532658403777,0.5471346482974387,0.3622244032263372,0.3811725072155306,0.7653061224489796,0.6476190476190476
ddisco_wiki_260,1,reddit,da,0.48216002382617273,0.4674028938725534,0.3621526896823208,0.4172614916902843,0.9199999999999999,0.9
ddisco_wiki_261,3,wikipedia,da,0.469278709009835,0.5329116057760558,0.3463297883711242,0.43127239275154927,0.710854577521244,0.6920634920634919
ddisco_wiki_262,2,reddit,da,0.4596740179421451,0.527843669333031,0.36448853611491516,0.4030120774884967,0.7271780303030303,0.6124999999999999
ddisco_wiki_263,2,wikipedia,da,0.387814980783646,0.4677103124471546,0.28200506536636644,0.41205392759615267,0.6290110011135721,0.6141636141636142
ddisco_wiki_264,3,wikipedia,da,0.4391895587982698,0.50236528614455,0.34462393535159314,0.398438831361781,0.7568027210884354,0.6571428571428571
ddisco_wiki_265,3,wikipedia,da,0.4205035556041062,0.3556953889455895,0.3650205208540476,0.3990766594092127,0.7296085858585859,0.6458333333333333
ddisco_wiki_266,3,wikipedia,da,0.5303233426462206,0.4708929958929958,0.34206306174919027,0.4109981640650371,0.7710884353741496,0.8095238095238094
ddisco_wiki_267,2,wikipedia,da,0.43606593467668203,0.4723888790947612,0.34611566041588987,0.40763866494721646,0.7057436390769725,0.5582010582010581
ddisco_wiki_268,2,reddit,da,0.4416489465711446,0.4509753204025649,0.37270927368243933,0.36699381430185857,0.8144841269841271,0.8388888888888889
ddisco_wiki_269,3,wikipedia,da,0.4141665775818433,0.42711195803832064,0.30627515579415665,0.35752326345579244,0.5913341998789599,0.504697771364438
ddisco_wiki_270,3,wikipedia,da,0.4372223861971671,0.3612021312021312,0.3457794727811353,0.43229343182656177,0.70336083669417,0.6026455026455025
ddisco_wiki_271,2,wikipedia,da,0.5151791114734525,0.41376085787850503,0.3573069044791524,0.380065843397063,0.9199999999999999,0.9
ddisco_wiki_272,2,reddit,da,0.46970865397391054,0.3927585084402224,0.35219384588404495,0.3769063119636912,0.7181213847880515,0.6243386243386243
ddisco_wiki_273,3,reddit,da,0.41551241586469134,0.4106386335025067,0.3618063788211776,0.37713012843051297,0.5651580235704385,0.46463675213675215
ddisco_wiki_274,1,reddit,da,0.5343227567411841,0.569385250271677,0.3786664955904809,0.37385336335543307,0.6020874491576791,0.5518518518518519
ddisco_wiki_275,3,wikipedia,da,0.4462507123490804,0.4237887204870478,0.3708468168681428,0.3860834694644191,0.6672820106450139,0.6396825396825397
ddisco_wiki_276,2,wikipedia,da,0.45485138571925243,0.39950279421433277,0.35585601740000955,0.3696090433047161,0.7254103535353535,0.47083333333333327
ddisco_wiki_277,1,reddit,da,0.42187389655876006,0.4181269294254176,0.3736405662557725,0.3715622341447863,0.6382944712666075,0.605921855921856
ddisco_wiki_278,2,reddit,da,0.4670388698271538,0.3195978006337237,0.36878115251806315,0.3563673033588198,0.6295415212868775,0.6549603174603175
ddisco_wiki_279,3,wikipedia,da,0.4378667834270871,0.42380086461263966,0.34974053138633343,0.4058975232526693,0.6907604895104895,0.7038095238095238
ddisco_wiki_280,3,reddit,da,0.4569979355404089,0.44442074494044603,0.35263945255951734,0.3928038428231679,0.6594719421731806,0.5310185185185184
ddisco_wiki_281,3,reddit,da,0.4924602468366244,0.427135630587283,0.35662916295695185,0.43594995787760316,0.8144841269841271,0.8388888888888889
ddisco_wiki_282,3,wikipedia,da,0.47470041619435777,0.441406714200832,0.35935036092741884,0.40389585219960233,0.7271780303030303,0.6833333333333332
ddisco_wiki_283,2,reddit,da,0.5228213976597301,0.4320204260155242,0.3979559734293389,0.40502450511850807,1.0,1.0
ddisco_wiki_284,3,wikipedia,da,0.4523000112176001,0.4215249463346727,0.35626784619650526,0.42660821445107183,0.6973126873126874,0.6442857142857142
ddisco_wiki_285,2,reddit,da,0.4663219888372378,0.4459639993898307,0.36794475623264494,0.36020106371992805,0.7568027210884354,0.6238095238095237
ddisco_wiki_286,2,reddit,da,0.4920115532294221,0.43406616347792826,0.3618400170506861,0.41124430937286893,0.7891156462585034,0.7095238095238096
ddisco_wiki_287,3,reddit,da,0.4540549590482848,0.44081926363442353,0.37157787225339567,0.36690225913150054,0.7568027210884353,0.5380952380952381
ddisco_wiki_288,3,wikipedia,da,0.46800570843943506,0.44939494279230163,0.343525804485055,0.41213816517710317,0.7125686813186813,0.778015873015873
ddisco_wiki_289,2,reddit,da,0.4862715905850109,0.4647081088214933,0.3580065260180845,0.3732430773318486,0.7602040816326531,0.5904761904761905
ddisco_wiki_290,3,wikipedia,da,0.40460977077713417,0.45834452138557147,0.36473667714220026,0.41839138240447626,0.6523620223548777,0.6038572538572539
ddisco_wiki_291,3,wikipedia,da,0.42760621506706226,0.3687434582515421,0.3727475305888475,0.3925725816847743,0.6613696760755584,0.5341991341991343
ddisco_wiki_292,3,wikipedia,da,0.44890147571783773,0.4305522446901756,0.3444811305200143,0.46360483987070966,0.69989010989011,0.622857142857143
ddisco_wiki_293,2,reddit,da,0.4516640320478575,0.3671292429958622,0.3707207484310524,0.3654768902454209,0.7121471121471122,0.4925925925925925
ddisco_wiki_294,3,reddit,da,0.44678136069012625,0.40928765126002103,0.34484827062235923,0.42263060196493485,0.660382917735859,0.4800865800865802
ddisco_wiki_295,2,wikipedia,da,0.5499049368895337,0.6689895838199007,0.35954261404002474,0.4273482374023198,0.7121471121471122,0.6037037037037037
ddisco_wiki_296,3,reddit,da,0.4924744289450663,0.3608889772078625,0.36574372110030534,0.38479079750563727,0.9199999999999999,0.9
ddisco_wiki_297,2,wikipedia,da,0.4250227374161683,0.615964226289633,0.3506473254228768,0.4347846199136703,0.7002183002183002,0.6925925925925925
ddisco_wiki_298,3,wikipedia,da,0.4099451637526951,0.46911350703244664,0.37649479955175497,0.3765398911881729,0.7024225774225774,0.5952380952380952
ddisco_wiki_299,3,wikipedia,da,0.40146553683560604,0.5043088452314685,0.3549920523377355,0.4112183733199238,0.667317437230187,0.6907647907647907
ddisco_wiki_300,2,reddit,da,0.46114842287055596,0.36888251635118796,0.38251359900975446,0.3881893236956128,0.6661549235078646,0.5601731601731603
ddisco_wiki_301,3,reddit,da,0.4914387908293954,0.4391876090121703,0.37309871940516226,0.3639255600289694,1.0,1.0
ddisco_wiki_302,3,reddit,da,0.43285510284485745,0.4806520711289778,0.3622522558752288,0.3960975337021021,0.733080808080808,0.7011904761904761
ddisco_wiki_303,3,wikipedia,da,0.41489368881688593,0.3571302431355243,0.3038091675211237,0.36992965059285243,0.6276621878902037,0.5289115646258503
ddisco_wiki_304,2,wikipedia,da,0.4712987865105983,0.4435741026650117,0.3504995575068402,0.42675359251223205,0.6864583492034473,0.7783068783068782
ddisco_wiki_305,2,reddit,da,0.460587425229889,0.382319743921051,0.3748134388511979,0.36787899520660183,0.6602319249378072,0.41168831168831177
ddisco_wiki_306,3,reddit,da,0.41876862216795296,0.42594763974585,0.2976104701337092,0.33256237496721824,0.5781356529219308,0.48046251993620426
ddisco_wiki_307,3,wikipedia,da,0.40430427627975163,0.4475500626638852,0.3644695926435839,0.38168711030277575,0.6384229805282436,0.5435897435897437
ddisco_wiki_308,2,reddit,da,0.4541846125327919,0.4626143820305696,0.37414334986132086,0.3579699957768837,0.6606009390935862,0.49662698412698414
ddisco_wiki_309,2,wikipedia,da,0.4203705249096168,0.4133872587168169,0.36724753077419375,0.3969094903491189,0.6958703796203796,0.6942857142857143
ddisco_wiki_310,3,wikipedia,da,0.4684850867230239,0.5473032417223387,0.35497070214200743,0.40145347138458093,0.8015873015873015,0.7111111111111111
ddisco_wiki_311,3,wikipedia,da,0.4461047209538185,0.49892546429161067,0.34526104817120873,0.4487679052151523,0.7313131313131314,0.6428571428571429
ddisco_wiki_312,2,wikipedia,da,0.48454906477809323,0.45777454868363965,0.34871977551968086,0.3956385026900188,0.7676870748299319,0.7952380952380953
ddisco_wiki_313,3,wikipedia,da,0.48422204160188514,0.38904969001639245,0.366472886621503,0.38624178558778033,0.6838511488511488,0.6271428571428571
ddisco_wiki_314,2,reddit,da,0.4546848832203945,0.4355775496310658,0.35626227689557727,0.3830617294252607,0.6676828073886898,0.5134199134199134
ddisco_wiki_315,3,wikipedia,da,0.4315069551323104,0.3365936106930189,0.29138484396533193,0.4132029373452879,0.631076317971425,0.6266439909297052
ddisco_wiki_316,2,wikipedia,da,0.4200914746184717,0.3587815705669608,0.2920161364923538,0.4008155561135926,0.616655114209462,0.5148313492063493
ddisco_wiki_317,3,wikipedia,da,0.4670331106864381,0.39298279318522233,0.35334931113041884,0.424476926523933,0.6991858141858142,0.6266666666666667
ddisco_wiki_318,2,wikipedia,da,0.4665913574810263,0.4372175278425277,0.34114538257599,0.41857560327663623,0.7738095238095238,0.8428571428571429
ddisco_wiki_319,3,wikipedia,da,0.4523091895241871,0.3625235935797778,0.3400471664680566,0.4407499659260819,0.6479183870824738,0.5701298701298702
ddisco_wiki_320,3,wikipedia,da,0.4381022317799298,0.4355657330188552,0.36075982969099424,0.39509870610200204,0.7094535094535095,0.5814814814814814
ddisco_wiki_321,2,reddit,da,0.4563291419433267,0.39736333012345926,0.380379472490157,0.34104512318409175,0.814484126984127,0.8388888888888889
ddisco_wiki_322,3,wikipedia,da,0.4257981371857724,0.40060837246402253,0.35962209363980174,0.3862824506115171,0.6476056623115446,0.6168831168831169
ddisco_wiki_323,3,wikipedia,da,0.40849369879805225,0.45469896633190776,0.359949321520697,0.38875355621023566,0.7030819180819181,0.6804761904761906
ddisco_wiki_324,2,reddit,da,0.4666697131186447,0.43002364511798463,0.3825551414658473,0.35943872369612295,0.7568027210884353,0.48095238095238096
ddisco_wiki_325,3,wikipedia,da,0.4158738058934348,0.40893861952440075,0.3715890891001494,0.38455118774310815,0.7139428472761806,0.6492063492063492
ddisco_wiki_326,3,wikipedia,da,0.41822352567791604,0.38626256510706725,0.3060332287778339,0.37707403711789506,0.6737375124875126,0.770952380952381
ddisco_wiki_327,1,wikipedia,da,0.41891526045844996,0.6051452410080759,0.33503428290483334,0.46083884002599523,0.7036176323676324,0.664047619047619
ddisco_wiki_328,2,reddit,da,0.4674686409652981,0.4308775922994089,0.3503775287867649,0.40939915704153257,0.6625740090233124,0.7094576719576721
ddisco_wiki_329,3,wikipedia,da,0.4582629436409467,0.5070724944130515,0.3424078663234532,0.438128288312538,0.9199999999999999,0.9
ddisco_wiki_330,3,reddit,da,0.4950988845120682,0.44671741302176077,0.35703895873316416,0.35598536113009815,0.7710884353741496,0.8095238095238094
ddisco_wiki_331,3,reddit,da,0.4641649668523428,0.37085785135445587,0.36474496768599907,0.376564775870963,0.7761904761904762,0.819047619047619
ddisco_wiki_332,3,reddit,da,0.4615625974719393,0.3848364390036074,0.3510878307145213,0.3987494219583545,0.716325649658983,0.643915343915344
ddisco_wiki_333,3,wikipedia,da,0.4395221991457107,0.47168043411696664,0.3605113984805968,0.4037661917224936,0.7619047619047619,0.7428571428571429
ddisco_wiki_334,3,wikipedia,da,0.4594030560048467,0.39039672014563126,0.361924101777636,0.4033856684646492,0.7653061224489796,0.6476190476190476
ddisco_wiki_335,3,reddit,da,0.4842259168938911,0.4674198828431253,0.3526601757917678,0.39432205677297066,0.7676870748299319,0.7952380952380953
ddisco_wiki_336,2,wikipedia,da,0.42314573974303205,0.3872498885642396,0.3779014527126425,0.38772499678981553,0.6512093653250774,0.5738095238095238
ddisco_wiki_337,3,wikipedia,da,0.42030086534928685,0.46072904415060756,0.29547677745284173,0.40611347188340746,0.5719783137962621,0.5636109504530556
ddisco_wiki_338,3,reddit,da,0.4582195617678419,0.4504960688437253,0.36272314123419486,0.39149146048153166,0.6406210748316011,0.6476190476190476
ddisco_wiki_339,2,reddit,da,0.4305666986193643,0.3992815087494001,0.3062303329346565,0.3699380419841903,0.6125587285958067,0.658080808080808
ddisco_wiki_340,2,wikipedia,da,0.40846014736692,0.4575693314598044,0.366806472091343,0.4432782952617714,0.6319353213753536,0.5902930402930404
ddisco_wiki_341,3,reddit,da,0.486060584090419,0.40278527618953147,0.36512451012991803,0.3824540122741927,0.7710884353741496,0.8095238095238094
ddisco_wiki_342,2,wikipedia,da,0.41142112048615315,0.4205998322018296,0.278746598858839,0.3881049941932225,0.5621151961053109,0.4619872191300763
ddisco_wiki_343,2,reddit,da,0.4238210721866331,0.4067967820552126,0.3941544549297792,0.34601734211202484,0.637681315216145,0.5071428571428572
ddisco_wiki_344,1,reddit,da,0.5109439278017027,0.42334538568397956,0.36613236156960804,0.36237406066509786,0.7163510101010101,0.7000000000000001
ddisco_wiki_345,3,reddit,da,0.43454411183483865,0.5066590180422555,0.3539996525791885,0.3968983426139215,0.6442101466532749,0.4891941391941392
ddisco_wiki_346,2,wikipedia,da,0.40131190439707193,0.5124238311683438,0.3487149770062728,0.4262964314586865,0.7761904761904762,0.819047619047619
ddisco_wiki_347,3,wikipedia,da,0.4944513321368357,0.3928359470878653,0.3610981206817925,0.3761010376216777,0.814484126984127,0.8388888888888889
ddisco_wiki_348,2,reddit,da,0.5036664702506779,0.4376476833890349,0.3631556396534809,0.38947431095397306,0.6615900439429852,0.5367965367965367
ddisco_wiki_349,3,wikipedia,da,0.47655244255875084,0.44643522000501396,0.35853811491894766,0.41543636358026165,0.7761904761904761,0.819047619047619
ddisco_wiki_350,3,wikipedia,da,0.4440590682063701,0.4258644647533536,0.3646176292740151,0.3894613503555458,0.7568027210884355,0.6571428571428571
ddisco_wiki_351,1,reddit,da,0.41019597325703167,0.40920228111146584,0.36925321493152674,0.3862671825162614,0.6260505782462306,0.6949450549450549
ddisco_wiki_352,3,reddit,da,0.44219584908272574,0.4311256391541851,0.37124211468537727,0.39348134472346574,0.7170853837520503,0.5798941798941799
ddisco_wiki_353,3,reddit,da,0.4836562643906753,0.43560149667592635,0.3638567544732496,0.3834672557152818,0.8015873015873017,0.7111111111111109
ddisco_wiki_354,3,wikipedia,da,0.40939934451364507,0.42639716514995174,0.3625416377047998,0.40868100413203295,0.6682861107994797,0.6283549783549783
ddisco_wiki_355,2,reddit,da,0.47365935800199516,0.3790194093938591,0.36444667154536403,0.3579328586680026,0.9199999999999999,0.9
ddisco_wiki_356,3,reddit,da,0.4658613811882266,0.4599085906431812,0.36077029296947055,0.39521586380147433,,
ddisco_wiki_357,1,reddit,da,0.496915686908973,0.40817634157715127,0.3730866336171435,0.3606277580048392,1.0,1.0
ddisco_wiki_358,2,reddit,da,0.4775832918577803,0.3090330637241392,0.35807340032666557,0.4071935072470596,0.6648295999900278,0.6259018759018758
ddisco_wiki_359,3,wikipedia,da,0.3751042791534347,0.6057742257742257,0.3440197905110365,0.4155361186339215,0.9199999999999999,0.9
ddisco_wiki_360,2,wikipedia,da,0.43771532768994537,0.44913371964017423,0.3464297713508968,0.3917514653200293,0.7223541890208556,0.7957671957671957
ddisco_wiki_361,2,reddit,da,0.44241000977367356,0.40309171185283216,0.3130403817489068,0.327664889724852,0.5603848543330704,0.6396570749511926
ddisco_wiki_362,2,wikipedia,da,0.432430247821088,0.4482379723451153,0.3491623982067857,0.4113176653512035,0.7254103535353535,0.6124999999999999
ddisco_wiki_363,2,reddit,da,0.4284274334375619,0.41316990058545566,0.3083315805735034,0.3535809670886484,0.5771601021279676,0.4999999999999999
ddisco_wiki_364,2,wikipedia,da,0.42115677269869223,0.3424980111615818,0.30893157170097035,0.3666676544018399,0.6139250266248467,0.5691609977324265
ddisco_wiki_365,2,wikipedia,da,0.4617899743656178,0.491611234294161,0.34873568427638374,0.40921109198217875,0.7355113636363636,0.8136904761904762
ddisco_wiki_366,2,wikipedia,da,0.44991679944153135,0.39522347630623816,0.3648759011395122,0.4185665560077088,0.6301633575290864,0.5572039072039072
ddisco_wiki_367,3,wikipedia,da,0.49016665802169845,0.40090284715284713,0.3500486635144888,0.4287209535944699,0.7254103535353535,0.6624999999999999
ddisco_wiki_368,3,wikipedia,da,0.4365302613011987,0.4232516387676541,0.3714512700386024,0.3749174397767536,0.8065476190476191,0.8222222222222223
ddisco_wiki_369,3,wikipedia,da,0.47331107409461515,0.3739720927220928,0.32410432803779826,0.43341973332631645,0.9199999999999999,0.9
ddisco_wiki_370,2,wikipedia,da,0.418203856986191,0.4069915546401908,0.3721272384482487,0.3815660629043677,0.6640597964127376,0.5372294372294372
ddisco_wiki_371,2,wikipedia,da,0.40062188608472266,0.4658362279416167,0.29220843187672024,0.39175538803924953,0.5815566917821738,0.3562169312169312
ddisco_wiki_372,3,wikipedia,da,0.47192284447514843,0.4506726365422016,0.35210561408756225,0.41415804714384197,0.7936507936507936,0.611111111111111
ddisco_wiki_373,3,wikipedia,da,0.4100452702061451,0.40522398885570216,0.3563965612294445,0.3876217611169651,0.6685691759221171,0.5186147186147186
ddisco_wiki_374,2,reddit,da,0.42643468613782204,0.46575091575091554,0.35776114001115106,0.39908446658371766,0.7568027210884353,0.6571428571428571
ddisco_wiki_375,3,reddit,da,0.4865769915972057,0.4163084882597079,0.4099918484289014,0.3902520970146773,0.9199999999999999,0.9
ddisco_wiki_376,2,reddit,da,0.44995874695916843,0.3930743879592985,0.38863511166217285,0.35450759119850633,0.7041208791208792,0.7144444444444444
ddisco_wiki_377,3,reddit,da,0.49074545493090327,0.3831415715729441,0.3475871608289279,0.4181969476601184,0.7936507936507936,0.611111111111111
ddisco_wiki_378,3,wikipedia,da,0.5322682551514393,0.3745837803693841,0.34183682942251864,0.44510837665710634,0.9199999999999999,0.9
ddisco_wiki_379,2,reddit,da,0.40502607295724086,0.4155020004700911,0.3701539258741661,0.3729941333000453,0.5883705974198334,0.5140616693248273
ddisco_wiki_380,3,wikipedia,da,0.4090493353261645,0.39435637817022196,0.29993654712607903,0.3500165499941652,0.627984605693584,0.6103785103785104
ddisco_wiki_381,3,reddit,da,0.4507265181215411,0.401967598857111,0.35408988998175384,0.4105047009378175,0.602716000766094,0.67005291005291
ddisco_wiki_382,2,reddit,da,0.5137492379764945,0.45651414557664566,0.3813790024197852,0.3704288990273146,0.7084175084175084,0.5851851851851851
ddisco_wiki_383,2,wikipedia,da,0.5002481031300952,0.4863474364550919,0.3534838008880027,0.38172501491035055,0.6985264735264736,0.5985714285714285
ddisco_wiki_384,2,reddit,da,0.44648353177336925,0.4239309232672844,0.2992481108780882,0.3871922772286272,0.5876680420068169,0.5028980278980278
ddisco_wiki_385,3,wikipedia,da,0.37975765374075304,0.5253477241712535,0.34931887988558746,0.41305248160953256,0.684641487448974,0.7747474747474747
ddisco_wiki_386,3,wikipedia,da,0.4594918353907935,0.35393048383479003,0.35992722996778426,0.40916519351906444,0.6973126873126874,0.6442857142857144
ddisco_wiki_387,3,reddit,da,0.48303213501567455,0.45947681947681945,0.3568355756299361,0.3940182670685917,0.8065476190476191,0.8222222222222223
ddisco_wiki_388,3,reddit,da,0.49283407409873864,0.37965890318831497,0.4181602656047997,0.38063563157657937,0.7761904761904762,0.819047619047619
ddisco_wiki_389,2,wikipedia,da,0.43713517489624,0.3979468387363124,0.351707146935276,0.42299336047257874,0.7195224528557862,0.6460317460317461
ddisco_wiki_390,2,wikipedia,da,0.4115248202206772,0.42782487482596404,0.351483973957108,0.40481216417559884,0.6382392633166627,0.5201465201465202
ddisco_wiki_391,2,reddit,da,0.48144689067144464,0.4698252741028797,0.3759024420620644,0.3487814098013769,1.0,1.0
ddisco_wiki_392,3,wikipedia,da,0.43578402919449094,0.5076379760590285,0.2812261045714954,0.4561208900060852,0.646104514680366,0.5131868131868133
ddisco_wiki_393,3,reddit,da,0.4206513007737195,0.44571826358446287,0.3722803176986995,0.386884577681634,0.6340843845686114,0.4581065759637188
ddisco_wiki_394,2,reddit,da,0.4443784034064118,0.446024477592888,0.3679588662229354,0.3826431066012975,0.6305085638998682,0.3625396825396825
ddisco_wiki_395,2,reddit,da,0.5015989765773556,0.412247488043596,0.40672610528481945,0.39020948556612794,0.8015873015873017,0.7111111111111109
ddisco_wiki_396,3,reddit,da,0.42330360341683154,0.43662639085214067,0.36698101923116516,0.3765374112854174,0.552111935573802,0.5582106782106784
ddisco_wiki_397,2,reddit,da,0.4227555630676741,0.40942118313643916,0.3927699746587409,0.32824905775352675,0.7296085858585858,0.6541666666666667
ddisco_wiki_398,3,wikipedia,da,0.41553574158007595,0.4167389816479117,0.3551888103874444,0.4194274383587016,0.6676534250063662,0.6205627705627705
ddisco_wiki_399,3,reddit,da,0.5301371122589482,0.42281853067567354,0.4114703926192999,0.38650743058943565,0.9199999999999999,0.9
ddisco_wiki_400,1,reddit,da,0.43628173888552957,0.5186765182430603,0.360983613428248,0.39805049227895206,0.604213501640788,0.5961375661375662
ddisco_wiki_401,3,wikipedia,da,0.4820607157659746,0.42858614253963095,0.3567250671170438,0.38189497555947616,0.9199999999999999,0.9
ddisco_wiki_402,3,wikipedia,da,0.512930929957951,0.5753186813186812,0.3396167581405835,0.4277347113004318,0.9199999999999999,0.9
ddisco_wiki_403,2,reddit,da,0.46401218401985556,0.43253595068145007,0.35934184270091624,0.40560693747347304,0.6301913055978926,0.5374716553287981
ddisco_wiki_404,3,reddit,da,0.45902423994679975,0.3952704083597293,0.35859962100469017,0.37107991722216915,0.7271780303030303,0.6291666666666667
ddisco_wiki_405,2,reddit,da,0.4251784173604976,0.4560379813207471,0.3582126902508237,0.3817291291566643,0.6132502572716149,0.40883597883597894
ddisco_wiki_406,3,reddit,da,0.4505305876187748,0.39852669489666404,0.371832256902775,0.3411905018660133,0.6673620497149909,0.5688311688311689
ddisco_wiki_407,3,wikipedia,da,0.39017672364955175,0.42485676671601025,0.3013221758674285,0.40446817518072237,0.7015984015984017,0.6271428571428571
ddisco_wiki_408,2,reddit,da,0.46740373756832393,0.36071247007779506,0.3744120844741475,0.3503861675092309,0.9199999999999999,0.9
ddisco_wiki_409,3,wikipedia,da,0.3705138236413543,0.3803057419814257,0.3600967957733921,0.39030352381034955,0.6293816075421222,0.6003401360544219
ddisco_wiki_410,3,wikipedia,da,0.4764591834488544,0.4053919168312293,0.35474737802226697,0.4325916137425469,0.7568027210884354,0.6571428571428571
ddisco_wiki_411,3,wikipedia,da,0.4536542189588205,0.4085312667010689,0.3536421015036515,0.4020479660658759,0.7084175084175084,0.49259259259259264
ddisco_wiki_412,3,reddit,da,0.5037790302760204,0.5862707444968641,0.3519731067098965,0.3690735731828262,0.8015873015873015,0.7111111111111111
ddisco_wiki_413,3,reddit,da,0.5311205462245322,0.4696300376922387,0.3534678232481168,0.3917828789361829,0.7625850340136054,0.7095238095238096
ddisco_wiki_414,2,wikipedia,da,0.4803993863412444,0.5034393968604496,0.33340373471641327,0.4289664370208379,0.7602040816326531,0.7095238095238096
ddisco_wiki_415,2,reddit,da,0.4512968656980161,0.4545362945079216,0.36974546181022716,0.4105789722873534,0.6473473603168044,0.6823565323565324
ddisco_wiki_416,3,wikipedia,da,0.456802641667307,0.49448235587941464,0.34224668742428294,0.4526070508099188,0.71635101010101,0.7
ddisco_wiki_417,3,reddit,da,0.45020216754040976,0.5231675521448248,0.35592834163834475,0.42813521037045116,0.6880819180819181,0.560952380952381
ddisco_wiki_418,2,wikipedia,da,0.369371309219469,0.3904234911661737,0.2852445964304237,0.4203680058141907,0.550284444904764,0.4600485373212646
ddisco_wiki_419,2,reddit,da,0.4803547565828912,0.40558649516034323,0.3566683198700409,0.4044928707087819,0.7936507936507936,0.5555555555555555
ddisco_wiki_420,3,reddit,da,0.46139115180515855,0.3929297703160077,0.37305375520287665,0.3861894005569,0.814484126984127,0.8388888888888889
ddisco_wiki_421,2,reddit,da,0.48749005102012544,0.4682957474624141,0.36131216779174213,0.37944887686207324,0.6991858141858143,0.5719047619047618
ddisco_wiki_422,3,wikipedia,da,0.43464991270295567,0.4616585061029504,0.3494722611303112,0.38319991815604143,0.7653061224489796,0.7095238095238096
ddisco_wiki_423,3,reddit,da,0.48554213965703286,0.4414446624119965,0.36890580914657206,0.3892159051082096,0.8095238095238096,0.8666666666666666
ddisco_wiki_424,2,reddit,da,0.43151689977758456,0.38487609930555494,0.37983208672132845,0.3490366361045624,0.6911500999000999,0.611904761904762
ddisco_wiki_425,1,reddit,da,0.48586821337183467,0.38334770378114036,0.372411206057281,0.40685369453602466,0.6671416818475643,0.5056277056277056
ddisco_wiki_426,2,reddit,da,0.48229982076910544,0.4924679727632232,0.3546169517799161,0.3764274357250365,0.7271780303030303,0.6458333333333333
ddisco_wiki_427,2,wikipedia,da,0.4046225461939135,0.4692483495218902,0.29035530901311885,0.4326108843611139,0.642696747771455,0.5885225885225885
ddisco_wiki_428,3,wikipedia,da,0.40930651184889183,0.42665727267180026,0.3011496727787183,0.3688201982919704,0.6111463262948607,0.6450549450549451
ddisco_wiki_429,2,wikipedia,da,0.4249243335746466,0.3398818725134513,0.38459704556960533,0.36364190865865836,0.7296085858585859,0.7083333333333334
ddisco_wiki_430,2,reddit,da,0.45403598987318083,0.37148867088313453,0.3550949363626777,0.3859622266013136,0.6359693146264355,0.5964285714285715
ddisco_wiki_431,3,reddit,da,0.43642396218613777,0.4397826058323013,0.35958741788976345,0.4052560346585479,0.7361742424242423,0.780357142857143
ddisco_wiki_432,2,reddit,da,0.5038027847720427,0.17566666031822065,0.3774460238499233,0.39428216384813924,0.7205905205905205,0.7108465608465608
ddisco_wiki_433,2,reddit,da,0.44042298689414267,0.39562710240299165,0.3799082793719849,0.3670951150206124,0.7372790404040404,0.7136904761904762
ddisco_wiki_434,2,reddit,da,0.4826830305635232,0.43249657119626145,0.34967233950490656,0.39330777157477786,0.7000099900099901,0.65
ddisco_wiki_435,2,reddit,da,0.47578106344774274,0.5086902647436162,0.3553638345891416,0.38271593587061936,0.8065476190476191,0.8222222222222221
ddisco_wiki_436,3,reddit,da,0.4949243890373546,0.49286793352664543,0.36257944768074163,0.3988889196538871,0.7261158594491927,0.7875661375661376
ddisco_wiki_437,3,wikipedia,da,0.4209744031873102,0.37696797028602635,0.36216975958410413,0.3838421857986238,0.6368424260994819,0.7002116402116402
ddisco_wiki_438,3,wikipedia,da,0.47677873722187475,0.4289760773170385,0.36353264538921587,0.39918601383337204,0.8015873015873017,0.7111111111111109
ddisco_wiki_439,2,reddit,da,0.501289338629976,0.4890109890109889,0.3553201683570524,0.3716776668794823,0.7058620391953725,0.6634920634920634
ddisco_wiki_440,3,wikipedia,da,0.45180178280642935,0.40924974172523193,0.3489570290293999,0.4133953970980101,0.635199293641595,0.37636054421768705
ddisco_wiki_441,2,reddit,da,0.47156156716980335,0.37802881507632635,0.36604538015229393,0.37470262389617653,0.7936507936507936,0.5555555555555555
ddisco_wiki_442,2,reddit,da,0.45406264836731997,0.373124098124098,0.3446443053117971,0.4013724779631652,0.7125960459293794,0.7031746031746031
ddisco_wiki_443,2,reddit,da,0.47257824874358056,0.48981612628693255,0.3773895465368883,0.3550353924039,0.7936507936507936,0.611111111111111
ddisco_wiki_444,3,reddit,da,0.4849515401777061,0.4677107803721864,0.3685733615417482,0.39232179400872746,0.7139204545454545,0.6999999999999998
ddisco_wiki_445,3,wikipedia,da,0.4498344855308967,0.40726291220186867,0.34785493130208983,0.4260946041431919,0.7936507936507936,0.5555555555555555
ddisco_wiki_446,3,reddit,da,0.4904586816769337,0.3703225549379397,0.3532403789973232,0.4020379900445613,0.7271780303030303,0.6458333333333333
ddisco_wiki_447,2,reddit,da,0.5076065698782406,0.45500330213386153,0.3675433190514193,0.3828648290802071,0.7271780303030303,0.6833333333333332
ddisco_wiki_448,3,wikipedia,da,0.432319207712219,0.44541532145810203,0.34509873834265836,0.4131225705072602,0.70000999000999,0.6447619047619048
ddisco_wiki_449,2,wikipedia,da,0.35755194063712514,0.4612960152349707,0.307141918936683,0.355491481568064,0.6398215743067002,0.6551851851851852
ddisco_wiki_450,2,wikipedia,da,0.47810748565822503,0.44779858807265227,0.40540463829267165,0.42958564939633104,0.7625850340136054,0.7095238095238096
ddisco_wiki_451,2,reddit,da,0.44705926375910177,0.4698172863669673,0.35633001984185503,0.4078389434208733,0.7181756515089848,0.6952380952380951
ddisco_wiki_452,3,reddit,da,0.44965907729792437,0.4301307530660927,0.3649091407049251,0.3658582320387612,0.7229797979797981,0.6166666666666666
ddisco_wiki_453,2,reddit,da,0.4683717195136036,0.33176329842996505,0.37263763911207237,0.3568036822893609,0.7936507936507936,0.611111111111111
ddisco_wiki_454,3,reddit,da,0.4512968656980161,0.4545362945079216,0.36974546181022716,0.4105789722873534,0.6473473603168044,0.6823565323565324
ddisco_wiki_455,2,wikipedia,da,0.4317304379228415,0.5092961239302702,0.3507159754442865,0.41704688413697494,0.7676870748299319,0.7952380952380953
ddisco_wiki_456,2,wikipedia,da,0.49060864938115917,0.3748907219156832,0.3689287812755064,0.3793674829722927,0.7602040816326531,0.7095238095238096
ddisco_wiki_457,3,reddit,da,0.5039385293486444,0.44409427318416905,0.3669559563166173,0.36604392917325285,0.9199999999999999,0.9
ddisco_wiki_458,3,reddit,da,0.4455258350249334,0.383761006685966,0.369688567799314,0.38685123595307314,0.7372790404040404,0.8178571428571428
ddisco_wiki_459,2,reddit,da,0.4129069230750706,0.4515027320686198,0.3800038911114893,0.3614594318712991,0.6229768580459307,0.530952380952381
ddisco_wiki_460,2,wikipedia,da,0.40448040659356976,0.48614879807260414,0.30338727038411045,0.40552793705278245,0.5680418838270209,0.6149669044405887
ddisco_wiki_461,3,reddit,da,0.4070711319911968,0.4385731280224987,0.36346865776498166,0.3749574600104833,0.6959756293089626,0.726984126984127
ddisco_wiki_462,3,reddit,da,0.48952834327496364,0.47267327267327286,0.36384721563259054,0.3608563546428526,0.9199999999999999,0.9
ddisco_wiki_463,3,reddit,da,0.49339401251413917,0.356051218850262,0.35331246437052144,0.39275016879994595,0.6579051323633366,0.6932900432900433
ddisco_wiki_464,2,reddit,da,0.4286211688498266,0.3772050109393058,0.37261160685877304,0.3751297435315861,0.6026092887336094,0.5739087301587302
ddisco_wiki_465,1,reddit,da,0.4478229211617001,0.4512373453646072,0.36415262052192676,0.4000519393671759,0.7355113636363637,0.7303571428571428
ddisco_wiki_466,2,wikipedia,da,0.3960176329560051,0.46352205136404884,0.3667820311107166,0.39604221080002683,0.6570881388992844,0.5506493506493507
ddisco_wiki_467,3,wikipedia,da,0.466571379432272,0.38804250054601863,0.3554602836701981,0.3844432436296432,0.7761904761904761,0.819047619047619
ddisco_wiki_468,3,reddit,da,0.4896483680413139,0.47697545995865326,0.4009286248458075,0.43674516087944176,0.7568027210884353,0.6238095238095237
ddisco_wiki_469,2,reddit,da,0.5476817298330592,0.5535938389266337,0.3758459872245473,0.38383623945517964,0.6973126873126874,0.5642857142857143
ddisco_wiki_470,2,reddit,da,0.4440189362185337,0.5090492624898838,0.35847788392399943,0.38397847919172623,0.7247690581023915,0.7468253968253968
ddisco_wiki_471,2,wikipedia,da,0.41132062428728955,0.4233460763692389,0.313612146832637,0.41763249228190163,0.8065476190476191,0.8222222222222223
ddisco_wiki_472,1,reddit,da,0.4607019032187271,0.4048974370857294,0.3673694610850279,0.3765967073116621,0.6212640092395527,0.4022321428571428
ddisco_wiki_473,2,wikipedia,da,0.4789084322777718,0.43759740259740265,0.3532495260330218,0.42172972370583556,0.9199999999999999,0.9
ddisco_wiki_474,3,reddit,da,0.41433172924389133,0.45893121711930734,0.36790406115021324,0.3741871712472461,0.6212394418507526,0.6005256648113791
ddisco_wiki_475,2,wikipedia,da,0.4608159894768899,0.42443509773055227,0.3591579979218795,0.4336180567435475,0.7710884353741496,0.8095238095238094
ddisco_wiki_476,3,reddit,da,0.5274684023507807,0.4688814453520335,0.40837927281006514,0.3877554966457998,1.0,1.0
ddisco_wiki_477,2,reddit,da,0.4901307012990305,0.4013311293449633,0.35063048904213284,0.4052191684157958,0.8015873015873015,0.6
ddisco_wiki_478,2,reddit,da,0.42235736790384754,0.37522598736308305,0.32040789024232996,0.41203891934062276,0.635482241142071,0.5384920634920635
ddisco_wiki_479,3,reddit,da,0.4149648116891321,0.4324892671512952,0.37523730417966056,0.38934884334407943,0.676046176046176,0.6282828282828283
ddisco_wiki_480,3,wikipedia,da,0.47246721729667196,0.39767968438181206,0.349630598954904,0.4377956592929382,0.6914385614385614,0.6880952380952381
ddisco_wiki_481,3,wikipedia,da,0.45378403427679237,0.39499168800544215,0.3602035191614254,0.39324665813248005,0.7653061224489796,0.7095238095238096
ddisco_wiki_482,3,wikipedia,da,0.48655147772268914,0.3480717034288463,0.3765114171316856,0.3795875523947256,0.8065476190476191,0.8222222222222223
ddisco_wiki_483,3,wikipedia,da,0.41483818671862854,0.37737676267088005,0.34121723288407263,0.4131734666227369,0.6425308146333856,0.6522588522588524
ddisco_wiki_484,3,wikipedia,da,0.5049487538696502,0.5014255105164196,0.3607069226140413,0.4195745076949732,0.7653061224489796,0.7333333333333333
ddisco_wiki_485,3,reddit,da,0.49532329966516375,0.4041081871345029,0.3435887423222738,0.41849411938239406,0.7084175084175084,0.5148148148148147
ddisco_wiki_486,3,wikipedia,da,0.5188684927959096,0.45867720922867994,0.36374734743025444,0.4204427154005499,0.7619047619047619,0.6238095238095237
ddisco_wiki_487,3,reddit,da,0.5061883332013789,0.36132977705506586,0.36228662786618476,0.3843494140363938,0.711111111111111,0.5555555555555556
ddisco_wiki_488,3,wikipedia,da,0.4535898549403834,0.3759702005147349,0.35429951724631886,0.41731372043673864,0.7653061224489796,0.7095238095238096
ddisco_wiki_489,3,reddit,da,0.46428961091597887,0.44763838581110177,0.3471213858649358,0.3874657524566255,0.6404967487653824,0.6746804782519068
ddisco_wiki_490,3,reddit,da,0.49174401462896666,0.4239618488867551,0.36744892446047,0.3586498275887774,0.7180337024087023,0.7125
ddisco_wiki_491,1,reddit,da,0.4262388987904213,0.5796996355057832,0.35967495711816416,0.4062151814704729,0.5857495503562135,0.5532722179781002
ddisco_wiki_492,3,wikipedia,da,0.415382534237296,0.48414238813950283,0.3295952034299578,0.41957635319674136,0.6606915811461266,0.5608946608946609
ddisco_wiki_493,2,wikipedia,da,0.4505534569796869,0.36449335920489767,0.3416401367139551,0.41037415848771314,0.8065476190476191,0.8222222222222223
ddisco_wiki_494,2,reddit,da,0.529665484273699,0.4671015259250554,0.35586994647484493,0.3975388063754425,0.6931918081918083,0.6654761904761906
ddisco_wiki_495,2,reddit,da,0.5036924647093395,0.39337015641363454,0.36276617103036424,0.35801495001119477,0.695280028613362,0.6582010582010581
ddisco_wiki_496,2,reddit,da,0.43393752532852975,0.3862715221290191,0.35759947608033954,0.3618580829950243,0.5786898767547733,0.44875574161288434
ddisco_wiki_497,2,reddit,da,0.5039365391934352,0.3744000319630572,0.36822448630438526,0.3667383611634739,0.814484126984127,0.8388888888888889
ddisco_wiki_498,2,reddit,da,0.4729928952122334,0.37675015948147483,0.37658577548084177,0.36908752552492946,0.7568027210884353,0.4523809523809524
ddisco_wiki_499,1,reddit,da,0.4961409511956911,0.4097631836762272,0.352721653102061,0.3837441511672202,0.645801441921798,0.5845238095238096
ddisco_wiki_500,3,wikipedia,da,0.47573537911846564,0.42478685695905244,0.34991532476307974,0.41661847266546087,0.6460452602093469,0.503030303030303
ddisco_wiki_501,2,reddit,da,0.40365015103878443,0.4346557259011299,0.2969024408477667,0.37606399876906016,0.5754147302659236,0.4572681704260651
ddisco_wiki_502,3,wikipedia,da,0.35882344402447647,0.45509196713991695,0.2967706822631947,0.38683367138563207,0.6146053210253253,0.6459802102659246
ddisco_wiki_503,3,wikipedia,da,0.42615036045777854,0.4422758354833653,0.2989902177417586,0.381996756384643,0.627037987389821,0.6080884393384393
ddisco_wiki_504,2,reddit,da,0.4988293508843036,0.40336162519957,0.3702607196964772,0.3766561060373479,0.8015873015873017,0.7111111111111109
ddisco_wiki_505,2,wikipedia,da,0.41300962004271136,0.412426876450525,0.3537615590334803,0.42226056243655025,0.6689701962358872,0.6578643578643579
ddisco_wiki_506,3,wikipedia,da,0.442265218252051,0.3720345652676479,0.33634704356623246,0.4147404304368908,0.6540585714198479,0.6411588411588411
ddisco_wiki_507,2,wikipedia,da,0.3768830729093635,0.35763788808717484,0.31510881102327265,0.34394034237093307,0.5824200255203155,0.4794827979038506
ddisco_wiki_508,2,reddit,da,0.4649388085779452,0.42829727924067534,0.37007363566605445,0.35280224301780433,0.9199999999999999,0.9
ddisco_wiki_509,3,wikipedia,da,0.4950618437385415,0.37743236295867877,0.3520630669558808,0.37721903087357184,0.9199999999999999,0.9
ddisco_wiki_510,2,wikipedia,da,0.4624680415010862,0.35991893036576295,0.3323126785853949,0.4062774398285434,0.6921203796203796,0.6076190476190476
ddisco_wiki_511,2,wikipedia,da,0.4781137754314698,0.454907848920454,0.35587206356099516,0.3919478903701888,0.9199999999999999,0.9
ddisco_wiki_512,3,wikipedia,da,0.44394402542269723,0.4157480956436063,0.35854023046675465,0.3989203855109717,0.733080808080808,0.7011904761904763
ddisco_wiki_513,3,reddit,da,0.471162304912079,0.4044447418168645,0.3695319215188604,0.3931722776639024,0.9199999999999999,0.9
ddisco_wiki_514,3,wikipedia,da,0.43574478076686396,0.4695080464964476,0.3486353437021105,0.4216113837960427,0.650530277900634,0.5583333333333332
ddisco_wiki_515,3,wikipedia,da,0.4161222066092622,0.4388750109284499,0.28991527974964915,0.3661471652447633,0.6205147505526509,0.6110569985569986
ddisco_wiki_516,2,reddit,da,0.4424182670918905,0.44122019798126144,0.3696255744373685,0.40000597691978784,,
ddisco_wiki_517,2,reddit,da,0.4102798392048944,0.4431798560075316,0.37966857617972505,0.3602074731560048,0.687666083916084,0.6761904761904762
ddisco_wiki_518,2,wikipedia,da,0.42496904393546614,0.4481153597614696,0.2933942173721722,0.439230343253314,0.7309343434343434,0.7291666666666666
ddisco_wiki_519,3,reddit,da,0.43729306524755324,0.47750187581369297,0.3774744803693739,0.3789184453831152,0.7568027210884354,0.6571428571428571
ddisco_wiki_520,2,reddit,da,0.4178888202477746,0.3999417061036407,0.37233041849127135,0.37884220332586616,0.6511049769660451,0.4935185185185185
ddisco_wiki_521,2,wikipedia,da,0.415828110845645,0.39626787677029646,0.3740447768216935,0.38685515816680793,0.6354810699538119,0.49255411255411263
ddisco_wiki_522,3,wikipedia,da,0.4401717702191933,0.4030050533269787,0.3414465570171901,0.4227462400819162,0.7139428472761806,0.6804232804232804
ddisco_wiki_523,2,reddit,da,0.4746752219298315,0.38239265720687343,0.3449931461739499,0.40461164682475736,0.6368744998439438,0.4742368742368743
ddisco_wiki_524,3,reddit,da,0.49950066388821274,0.4245583120583121,0.3571797715593147,0.4075718801324685,0.7254103535353535,0.6625
ddisco_wiki_525,3,wikipedia,da,0.42540795620851285,0.38848657875164333,0.3557644727457684,0.38394341731857234,0.8015873015873015,0.7111111111111111
ddisco_wiki_526,3,reddit,da,0.4781961583389501,0.4849022571315837,0.33641626494985444,0.40897161929943027,0.8015873015873017,0.7111111111111109
ddisco_wiki_527,2,reddit,da,0.498751251741133,0.3681488512821046,0.37003860868724175,0.3599603299071402,0.6989060939060939,0.7178571428571429
ddisco_wiki_528,2,wikipedia,da,0.415478825730068,0.41129775297517623,0.29347044453912147,0.3861738841716999,0.5921688016896429,0.45207231040564355
ddisco_wiki_529,2,wikipedia,da,0.38867740062031714,0.3723998909939532,0.30172958173259695,0.3697195020256227,0.5654376246205046,0.47981765709038426
ddisco_wiki_530,3,wikipedia,da,0.48269659042309904,0.4452178911403511,0.3392301784181595,0.4089487259205771,0.8065476190476191,0.8222222222222223
ddisco_wiki_531,2,wikipedia,da,0.4603864764083039,0.4257108632108631,0.3515128210479262,0.3922442801972596,0.7602040816326531,0.6476190476190476
ddisco_wiki_532,3,wikipedia,da,0.4981755069129368,0.3749492679383241,0.36877910070850345,0.37950874028644216,0.7313762626262625,0.7125
ddisco_wiki_533,3,reddit,da,0.480895882701525,0.49305737726790344,0.34891456934637494,0.3844210101818297,0.7653061224489796,0.7095238095238096
ddisco_wiki_534,2,wikipedia,da,0.4885573901861058,0.4275442903349879,0.34640709145732823,0.4039227171892477,0.716325649658983,0.6026455026455027
ddisco_wiki_535,3,reddit,da,0.4528469116590574,0.41756269186609735,0.3710421336044567,0.3877978725091612,0.7254103535353535,0.6208333333333333
ddisco_wiki_536,2,reddit,da,0.4772635538006448,0.38980672105672115,0.36140518690284434,0.40403838884310345,0.7296085858585859,0.7083333333333334
ddisco_wiki_537,2,reddit,da,0.4890535133339631,0.49034335728866174,0.3711245441406511,0.37585562558994645,0.9199999999999999,0.9
ddisco_wiki_538,3,wikipedia,da,0.39397527324660864,0.5082212072264817,0.344765090559523,0.41269339446614534,0.6168498924536076,0.6568376068376067
ddisco_wiki_539,3,reddit,da,0.5012420603933585,0.4509560700737172,0.42422639409963453,0.35507721292653455,0.9199999999999999,0.9
ddisco_wiki_540,3,wikipedia,da,0.40200977362304074,0.44285322824218815,0.27862367989955505,0.37967664293975095,0.6132137570032309,0.5694708994708993
ddisco_wiki_541,3,reddit,da,0.43829309663800137,0.4970406865861408,0.3633108384080332,0.3944431548824641,0.7237873237873238,0.7515873015873016
ddisco_wiki_542,3,reddit,da,0.4861323443405165,0.5218318718318719,0.41563376503796373,0.38092404175350886,0.8015873015873017,0.7111111111111109
ddisco_wiki_543,3,wikipedia,da,0.49471716883214367,0.5285887879872841,0.34720730997840454,0.44510421065695843,0.7687074829931972,0.7238095238095238
ddisco_wiki_544,2,wikipedia,da,0.40054001315662674,0.4857820176106481,0.3131998603072818,0.339752315652444,0.6315725554115647,0.5885836385836385
ddisco_wiki_545,3,wikipedia,da,0.44608597981823495,0.4381662128720951,0.35876384071207723,0.3936400940357807,0.6431741117499631,0.5324175824175824
ddisco_wiki_546,3,wikipedia,da,0.41532233829355675,0.3832202172964291,0.308219286189301,0.3547496069757821,0.6376706164922109,0.6404761904761904
ddisco_wiki_547,2,wikipedia,da,0.453968383275172,0.4192798880355441,0.36870428443150355,0.37585059669048126,0.6549218225301817,0.5928571428571429
ddisco_wiki_548,2,wikipedia,da,0.4208860407233292,0.3675409841165138,0.38183095255842436,0.3654927242620172,0.6533762684110981,0.6217592592592593
ddisco_wiki_549,3,reddit,da,0.46922422277582154,0.353524892984288,0.3668611452504871,0.4014241554454547,0.693173076923077,0.7266666666666667
ddisco_wiki_550,2,reddit,da,0.45198391782794073,0.38927950877600537,0.360762930883217,0.4031818891068418,0.6501477227193171,0.5570105820105821
ddisco_wiki_551,3,wikipedia,da,0.41560721526549066,0.4260618442717417,0.36492053581413164,0.3810828622484494,0.6569451790040026,0.5774891774891775
ddisco_wiki_552,3,wikipedia,da,0.41926509055098,0.3575159153815636,0.29597238550785826,0.38702458533741146,0.629331340157427,0.6308513708513708
ddisco_wiki_553,3,wikipedia,da,0.5093496003411297,0.37969578533304016,0.3512378137726308,0.41799516726457475,0.7139204545454545,0.6166666666666667
ddisco_wiki_554,3,reddit,da,0.5655153539813573,0.6339949447792584,0.3663530504146253,0.36727939552476135,,
ddisco_wiki_555,2,reddit,da,0.417608454676448,0.5392936348526629,0.35458949975105836,0.3873404380984544,0.8015873015873015,0.7111111111111111
ddisco_wiki_556,3,wikipedia,da,0.4697889738960749,0.3798905818231476,0.35171820638275697,0.4092508127313149,0.7098901098901099,0.6842063492063494
ddisco_wiki_557,3,wikipedia,da,0.43274673287162013,0.3986007043599874,0.35801515157989344,0.3930501054335574,0.6209171826625387,0.7003968253968255
ddisco_wiki_558,2,wikipedia,da,0.4011225204538379,0.4318192790864855,0.35498623960740494,0.3878287058334436,0.6474270848690354,0.518452380952381
ddisco_wiki_559,3,reddit,da,0.4634037212760681,0.38570660109121646,0.378912729434341,0.3225145194164696,0.9199999999999999,0.9
ddisco_wiki_560,3,reddit,da,0.489161537014111,0.42320858746428963,0.4070846305589469,0.40225798748786046,0.9199999999999999,0.9
ddisco_wiki_561,2,reddit,da,0.49602954567635194,0.38855029880605335,0.3705691532119295,0.3649138031563115,0.7602040816326531,0.5904761904761905
ddisco_wiki_562,2,reddit,da,0.463492318748066,0.4364149874513624,0.3656724053840173,0.37137344300310293,0.7568027210884354,0.5761904761904761
ddisco_wiki_563,2,wikipedia,da,0.4442996666160868,0.45983117358989717,0.3509634095055767,0.46588695092012306,0.7687074829931974,0.7238095238095239
ddisco_wiki_564,1,reddit,da,0.5051124637976673,0.4926030958289023,0.402678699847513,0.434363688528711,0.9199999999999999,0.9
ddisco_wiki_565,3,reddit,da,0.49208274586286777,0.46140433640433626,0.3978366948927274,0.41463314687520175,0.7355113636363636,0.7095238095238096
ddisco_wiki_566,3,wikipedia,da,0.4533170247841293,0.3632880721116015,0.38522922598119475,0.34967256241747086,0.8015873015873015,0.7111111111111111
ddisco_wiki_567,2,reddit,da,0.4560238629609655,0.4067748716947405,0.3464751227327088,0.39220993612844485,0.6518946739534974,0.5086580086580087
ddisco_wiki_568,3,wikipedia,da,0.47241990796943767,0.5158812842451179,0.35132331392064514,0.42286918571856047,0.7090588423921758,0.6248677248677249
ddisco_wiki_569,2,wikipedia,da,0.450444251133752,0.4052166880910566,0.37080773215271595,0.4051510645410924,0.727840909090909,0.6666666666666667
ddisco_wiki_570,1,wikipedia,da,0.44310456812489013,0.4462357032835121,0.35427708528208907,0.377810387345003,0.6625740090233124,0.656547619047619
ddisco_wiki_571,1,reddit,da,0.4718463282870978,0.4462456622325043,0.3497673712332329,0.38986551966482064,0.6494365680362347,0.6015318015318015
ddisco_wiki_572,2,wikipedia,da,0.47293428620040673,0.4115811095222858,0.34654562278854417,0.4057440138855874,0.7568027210884354,0.6571428571428571
ddisco_wiki_573,3,wikipedia,da,0.44383163896636435,0.44406275567791015,0.3505236669230436,0.4233197391042096,0.6991858141858142,0.6357142857142857
ddisco_wiki_574,2,reddit,da,0.48290044895916795,0.49311598041060956,0.3564826352440058,0.38479305835645344,0.6343752447131098,0.5487179487179487
ddisco_wiki_575,2,wikipedia,da,0.4591201504483593,0.37785459910459895,0.3492256664499089,0.39331035550062393,0.6450525312464167,0.4753968253968253
ddisco_wiki_576,2,reddit,da,0.4796282068072175,0.3879048256707831,0.41116136492047367,0.3793875641782783,0.9199999999999999,0.9
ddisco_wiki_577,2,reddit,da,0.48921253865775444,0.42248907821147247,0.367674848851709,0.38781068852162576,0.8095238095238094,0.8666666666666667
ddisco_wiki_578,1,reddit,da,0.48457284716481797,0.4432081518935738,0.37314600577404405,0.357498129335616,0.7335775335775335,0.8253968253968254
ddisco_wiki_579,2,wikipedia,da,0.44993299523541735,0.415318297054712,0.35708740292618785,0.3887308729848526,0.7068543956043957,0.69
ddisco_wiki_580,2,wikipedia,da,0.4137789285675952,0.40076878496610713,0.30464501203313754,0.38132093143101825,0.5089619435543712,0.6755731922398589
ddisco_wiki_581,3,reddit,da,0.4600063029322188,0.4694752594534041,0.36988475266696424,0.36531211305685873,0.7761904761904761,0.819047619047619
ddisco_wiki_582,3,wikipedia,da,0.4713461365142226,0.41978056399411906,0.40053474470280453,0.39774168938001425,0.9199999999999999,0.9
ddisco_wiki_583,3,wikipedia,da,0.3900967085970858,0.4525799864173371,0.2899307181486162,0.42157744906789957,0.738604797979798,0.7970238095238095
ddisco_wiki_584,2,wikipedia,da,0.4080411538490956,0.37949183920579765,0.30142778289079203,0.3765195258459621,0.6625633102993784,0.687962962962963
ddisco_wiki_585,2,wikipedia,da,0.5086689160437535,0.4712507119946566,0.3515259613274756,0.42064858080802375,0.7205041871708538,0.6137566137566137
ddisco_wiki_586,3,wikipedia,da,0.4440676096156625,0.440724992075736,0.35264848708486746,0.4711153817771228,0.7170853837520504,0.6592592592592593
ddisco_wiki_587,2,wikipedia,da,0.4178131897358186,0.4447473584422113,0.34973410412405065,0.4471284772147919,0.7568027210884354,0.5380952380952381
ddisco_wiki_588,3,reddit,da,0.42927389884946976,0.43943518355283073,0.3385814288326804,0.4220922082335056,0.6425749320195915,0.6089285714285715
ddisco_wiki_589,3,wikipedia,da,0.4197494833179395,0.3785558164778942,0.294856187128009,0.38688093284129177,0.6196802962642494,0.5659767316017317
ddisco_wiki_590,2,reddit,da,0.4795130195991232,0.4422112279255136,0.3491691680190672,0.4062047600206816,0.8015873015873015,0.7111111111111111
ddisco_wiki_591,3,wikipedia,da,0.37733704452278033,0.537115104229009,0.31186803816119757,0.3734211726904648,0.6597636506543387,0.7512321012321013
ddisco_wiki_592,2,reddit,da,0.4499389454865318,0.39675075377054086,0.370126920063751,0.39468699863450774,0.7115600448933783,0.575132275132275
ddisco_wiki_593,2,wikipedia,da,0.4184045564053412,0.4118981771468584,0.29287090006218114,0.3862675369182,0.5489983016746088,0.5413167388167388
ddisco_wiki_594,2,wikipedia,da,0.41835728317880555,0.4930352579122334,0.3513947209028039,0.46072320073948647,0.7653061224489796,0.6476190476190476
ddisco_wiki_595,3,reddit,da,0.4868163739638891,0.5221572963654412,0.369656075800257,0.3677360966452955,0.9199999999999999,0.9
ddisco_wiki_596,2,wikipedia,da,0.44885503623142736,0.45950670951545514,0.35677194629867676,0.42859606513436477,0.6691858141858142,0.7128571428571429
ddisco_wiki_597,3,reddit,da,0.44195812999206285,0.3033447665328438,0.36456903676900354,0.37694716780776816,0.6258438156137568,0.4523242630385487
ddisco_wiki_598,3,wikipedia,da,0.48133915383643655,0.4329352453913857,0.35693243047954754,0.379386638605578,0.8015873015873015,0.7111111111111111
ddisco_wiki_599,2,wikipedia,da,0.3814316429416462,0.36481775467963884,0.302858888213781,0.34786022504783326,0.6176365686001187,0.5062925170068028
ddisco_wiki_600,3,reddit,da,0.4747789962447042,0.4318862085618489,0.36885171320049037,0.3752488370281467,0.9199999999999999,0.9
ddisco_wiki_601,3,reddit,da,0.497438670837089,0.38447650540673806,0.35869132341708193,0.39374070473057565,0.8015873015873015,0.7111111111111111
ddisco_wiki_602,2,reddit,da,0.4134448418979184,0.47736768024200904,0.37344930483959876,0.35783643448446434,0.5780202969812338,0.4628384687208216
ddisco_wiki_603,2,wikipedia,da,0.43587714188420057,0.42294139626368266,0.34212063293946915,0.4093610732703619,0.6863836163836164,0.6961904761904761
ddisco_wiki_604,3,wikipedia,da,0.44232226706826977,0.46159841316091305,0.3450073157973517,0.4098908039167826,0.7261158594491928,0.7690476190476191
ddisco_wiki_605,2,wikipedia,da,0.4826847216545384,0.47604013633425396,0.3500207499825308,0.4086560527711213,0.7058620391953725,0.7042328042328043
ddisco_wiki_606,2,reddit,da,0.4529594666187826,0.40962871129076106,0.37465311385352845,0.36487171874500673,0.7568027210884355,0.5380952380952381
ddisco_wiki_607,2,reddit,da,0.4567241828542479,0.3934798107448662,0.3566184491961869,0.3745717272688188,0.6673620497149909,0.4216450216450216
ddisco_wiki_608,3,reddit,da,0.5091330640504281,0.431532764621,0.3559278076325106,0.39059907395381566,0.7568027210884353,0.6571428571428571
ddisco_wiki_609,2,reddit,da,0.49506158636490527,0.42765503025312135,0.36137563630506864,0.38109463582902187,0.9199999999999999,0.9
ddisco_wiki_610,3,reddit,da,0.4546857131843771,0.3729235298087094,0.34883670149709306,0.3951685623942593,0.6262680628731625,0.6794372294372295
ddisco_wiki_611,2,reddit,da,0.4459651566383052,0.37453963030894394,0.3846825722307574,0.37095986479610926,0.6473068211458304,0.49230769230769234
ddisco_wiki_612,3,wikipedia,da,0.4090142686852664,0.4660036571233681,0.3651790412656096,0.3999027482545462,0.6630730380730381,0.5199134199134199
ddisco_wiki_613,1,reddit,da,0.4672004082297923,0.3681417522043262,0.36326894169445834,0.3706494809707525,0.6446510475535244,0.5696428571428572
ddisco_wiki_614,3,wikipedia,da,0.44172999781381106,0.44056269472816756,0.29136549643252485,0.4054575621993465,0.6730974759049625,0.6626262626262627
ddisco_wiki_615,2,reddit,da,0.4429205465568314,0.4594482470532889,0.365694115954682,0.37539235743205845,0.7121527777777777,0.5791666666666666
ddisco_wiki_616,3,wikipedia,da,0.4276375047164706,0.43305061959537394,0.3585714914110928,0.38643694547076235,0.647020265596117,0.5102564102564103
ddisco_wiki_617,2,wikipedia,da,0.46663023808983445,0.4641566426492895,0.37217066277229577,0.3958363635979793,0.7653061224489796,0.7095238095238094
ddisco_wiki_618,1,wikipedia,da,0.4169043891423784,0.49772055546247107,0.27239432468160335,0.44071904389996347,0.5221260993486418,0.4402410346854792
ddisco_wiki_619,2,wikipedia,da,0.42022915632355445,0.5103516042472755,0.36577971655199953,0.3961295771473417,0.7006693306693308,0.5957142857142858
ddisco_wiki_620,2,wikipedia,da,0.4294389294316049,0.3398048436160637,0.39130762223016646,0.323939055940361,0.814484126984127,0.8388888888888889
ddisco_wiki_621,3,reddit,da,0.4384495618697495,0.39518809117030473,0.36052643945250473,0.36770801527039954,0.7254103535353535,0.6041666666666667
ddisco_wiki_622,3,reddit,da,0.47877802045804385,0.4545017301636484,0.3537442363663907,0.38680582702321825,0.7254103535353535,0.5458333333333333
ddisco_wiki_623,2,reddit,da,0.4164875116109888,0.4202103807525545,0.37950561460822546,0.3804333740491353,0.6181827663455647,0.5678571428571428
ddisco_wiki_624,3,wikipedia,da,0.4787634493543335,0.46020938393487415,0.35271301289454166,0.39595892020174217,0.7428030303030304,0.8053571428571429
ddisco_wiki_625,2,wikipedia,da,0.4062633482170333,0.4217560541205522,0.37229144561383676,0.3744056628348916,0.6549223856209151,0.3444444444444445
ddisco_wiki_626,2,wikipedia,da,0.4274817651134753,0.366868339539908,0.29408831401385743,0.4064674330415472,0.6049710009089695,0.5556051587301588
ddisco_wiki_627,2,reddit,da,0.5009746928004366,0.3465439259556908,0.41826783618401,0.3630839414720944,0.9199999999999999,0.9
ddisco_wiki_628,2,reddit,da,0.47990479203606845,0.4652805554601055,0.34959458737547483,0.4170232383061104,0.7568027210884354,0.6571428571428571
ddisco_wiki_629,3,wikipedia,da,0.4771601388436458,0.4276180169037312,0.34678875042891244,0.41794766330667715,0.8015873015873015,0.7111111111111111
ddisco_wiki_630,2,reddit,da,0.5014327467872818,0.46264226145226817,0.37681322393313166,0.33666218870136116,0.8015873015873017,0.7111111111111109
ddisco_wiki_631,3,reddit,da,0.45702848550689107,0.3985357724407085,0.3644326005357722,0.40654195225211975,0.6774558626162904,0.6405483405483405
ddisco_wiki_632,2,wikipedia,da,0.516372888026681,0.43984545920029794,0.37234868454607095,0.40045119318977584,0.6645209365797601,0.5777056277056278
ddisco_wiki_633,2,wikipedia,da,0.5285415627336221,0.5953137568027277,0.28246310015562137,0.39001991002138525,0.5707886220752681,0.46599206349206346
ddisco_wiki_634,3,wikipedia,da,0.4000778161021493,0.5096601654754939,0.361897750862357,0.3895161685756634,0.6578350374112757,0.6194444444444445
ddisco_wiki_635,3,wikipedia,da,0.5307678358048734,0.5515816822903431,0.30677337058349186,0.37936656898127397,0.624038681660862,0.5685374149659864
ddisco_wiki_636,2,reddit,da,0.49045241953364205,0.42770847770847775,0.3611668602516717,0.42310387010846234,0.9199999999999999,0.9
ddisco_wiki_637,2,reddit,da,0.45835429213192763,0.390794201182013,0.3503632289172374,0.43558496648154216,0.7254103535353535,0.4666666666666667
ddisco_wiki_638,3,wikipedia,da,0.5523130750998632,0.5841765275228301,0.3609817022549453,0.392741843563143,0.7131831131831132,0.6777777777777778
ddisco_wiki_639,2,reddit,da,0.4615687970734096,0.3789012501086805,0.36264345100007267,0.3657078331259311,0.7361742424242425,0.7886904761904762
ddisco_wiki_640,3,wikipedia,da,0.4623289960957095,0.508484390006129,0.3433402634488986,0.41868645185195297,0.7534013605442176,0.5380952380952381
ddisco_wiki_641,2,wikipedia,da,0.4571639859583034,0.35618502509084227,0.36555156118414345,0.38848409494197916,0.7355113636363636,0.7095238095238096
ddisco_wiki_642,1,reddit,da,0.42098012744917335,0.38742288523801116,0.29982881746060236,0.39450210201683145,0.5552963130838445,0.6160516731945305
ddisco_wiki_643,3,reddit,da,0.44351207658499536,0.4648755611589835,0.35915634052893214,0.3978634059039414,0.7936507936507936,0.611111111111111
ddisco_wiki_644,3,reddit,da,0.46821267489549157,0.36357815024481693,0.3771471349731011,0.3681717397586162,0.7139428472761806,0.5915343915343916
ddisco_wiki_645,3,wikipedia,da,0.44811679841649826,0.4255213740507856,0.35196877847633684,0.4148995165065028,0.8015873015873015,0.7111111111111111
ddisco_wiki_646,3,wikipedia,da,0.46858893947786817,0.4061087958053591,0.3533164246364988,0.4067242145404063,0.6714413037942449,0.5348484848484848
ddisco_wiki_647,2,wikipedia,da,0.43279429558245225,0.4675429317844175,0.3588801919315528,0.39847756947153107,0.7355113636363636,0.7095238095238096
ddisco_wiki_648,3,reddit,da,0.4873032792995427,0.4382312803510558,0.36858812766080196,0.387765933829844,0.6914402442477309,0.638023088023088
ddisco_wiki_649,2,reddit,da,0.46788905520562624,0.34014117915332753,0.3677884606576469,0.37131011869234404,0.7386047979797981,0.7136904761904761
ddisco_wiki_650,3,wikipedia,da,0.4188901362765214,0.4243184401178138,0.36253350876355667,0.4118553642372355,0.8015873015873015,0.7111111111111111
ddisco_wiki_651,3,reddit,da,0.43798378155023715,0.3963272828891488,0.36602671504979234,0.3841005917257386,0.6075030047286358,0.4980654761904762
ddisco_wiki_652,3,wikipedia,da,0.3791199611190743,0.405826264506024,0.29141586244605516,0.39223677773289356,0.63196261564207,0.5773737373737374
ddisco_wiki_653,2,reddit,da,0.49888496065648963,0.446322645958995,0.36130654980928273,0.4040546074523804,0.9199999999999999,0.9
ddisco_wiki_654,3,wikipedia,da,0.4281634445550941,0.48218873364806386,0.3612215853439297,0.4116836978228642,0.8095238095238096,0.8666666666666666
ddisco_wiki_655,2,wikipedia,da,0.5018333161731662,0.39302549185454877,0.3765106733202583,0.3607655761055481,0.7653061224489796,0.7333333333333333
ddisco_wiki_656,2,reddit,da,0.4890223787510308,0.45842949769454006,0.3663500363914559,0.39522858808773736,0.6918543956043957,0.7028571428571428
ddisco_wiki_657,3,reddit,da,0.49140009691642517,0.42712763079304444,0.3731899785471581,0.3633754670901348,1.0,1.0
ddisco_wiki_658,3,wikipedia,da,0.43744422224421986,0.4549294256350081,0.3569752365648798,0.40562960364359524,0.7081918081918083,0.6552380952380953
ddisco_wiki_659,3,reddit,da,0.4252493771043732,0.409707702313336,0.36864006897114965,0.380191435599125,0.6401909494014757,0.6246753246753247
ddisco_wiki_660,3,wikipedia,da,0.4259532426065491,0.4716558136646925,0.3300359110068409,0.4533377090275017,0.7936507936507936,0.611111111111111
ddisco_wiki_661,2,wikipedia,da,0.46249825538172856,0.4911230304087444,0.3306688061631143,0.4454666437585005,0.8015873015873015,0.7111111111111111
ddisco_wiki_662,3,reddit,da,0.49893914569141806,0.40657463653778037,0.36123120380511486,0.38679598089804823,0.8015873015873015,0.7111111111111111
ddisco_wiki_663,3,reddit,da,0.41657082100291476,0.4156195423848004,0.3126520953407895,0.3405108232865647,0.6414965006470424,0.7548280423280423
ddisco_wiki_664,2,reddit,da,0.4283906734984062,0.36403359159882803,0.37600158154660857,0.3980794805041729,0.6242343536471519,0.498015873015873
ddisco_wiki_665,3,wikipedia,da,0.3958236500118134,0.4446188829084927,0.3484845849618523,0.42915888773907424,0.6231136428220828,0.4892207792207792
ddisco_wiki_666,2,reddit,da,0.4498440260911664,0.38747171938772845,0.36961780155389495,0.36162346508840765,0.814484126984127,0.8388888888888889
ddisco_wiki_667,3,wikipedia,da,0.4507783390974551,0.6174888016993281,0.3362481594450652,0.4710982153326106,0.7568027210884354,0.6095238095238095
ddisco_wiki_668,2,reddit,da,0.49482975180011335,0.4313075371898901,0.3648268425791661,0.3742748879415771,0.7097222222222221,0.6916666666666665
ddisco_wiki_669,3,reddit,da,0.4554355976300054,0.3834409025830962,0.3810140832378079,0.34131594267657467,0.7761904761904762,0.819047619047619
ddisco_wiki_670,2,reddit,da,0.4056331063206741,0.4451118423547601,0.3050321899995029,0.3568133032856656,0.665189514647719,0.5207792207792208
ddisco_wiki_671,3,reddit,da,0.4836959216428039,0.5466610914338185,0.3458318318975674,0.4032864437581579,0.7056043956043957,0.7477777777777777
ddisco_wiki_672,3,wikipedia,da,0.4890036379110158,0.5551057627065674,0.360876732761503,0.4579422927310169,0.7386047979797981,0.7220238095238095
ddisco_wiki_673,2,wikipedia,da,0.4401047440794007,0.41468592902661694,0.3556183484492179,0.43106967224644865,0.6926336163836163,0.5933333333333334
ddisco_wiki_674,2,reddit,da,0.42989422453312304,0.4531951543209467,0.3671439627687854,0.37952234757417075,0.6554353798935844,0.5084415584415585
ddisco_wiki_675,2,reddit,da,0.48689582895853956,0.4194901389839831,0.35728917532724885,0.3619131719673517,1.0,1.0
ddisco_wiki_676,1,reddit,da,0.4740939705735374,0.37149685097511176,0.35476875258303686,0.3938852962324445,0.6569521111413527,0.5591269841269842
ddisco_wiki_677,3,wikipedia,da,0.4586678883388609,0.4034676610468465,0.3360334724779282,0.43654292960852065,0.6887412587412587,0.5376190476190476
ddisco_wiki_678,2,wikipedia,da,0.5073559715392191,0.48974451474451475,0.3654360529513627,0.37941760871099073,0.9199999999999999,0.9
ddisco_wiki_679,3,wikipedia,da,0.42857550921532556,0.34987292474939075,0.306423959673262,0.38514796501627013,0.6210231768126534,0.6488743894993896
ddisco_wiki_680,2,reddit,da,0.41699338480899767,0.4844127639209605,0.32258845326803787,0.3438853355208491,0.6494553376906319,0.5440476190476191
ddisco_wiki_681,2,wikipedia,da,0.45484916230854605,0.4194196154722469,0.3652051722447656,0.40455252851255463,0.7653061224489796,0.7095238095238096
ddisco_wiki_682,2,wikipedia,da,0.4428445631203234,0.39229111937445255,0.36212511068634096,0.40700159699458105,0.6323683988645625,0.6456043956043958
ddisco_wiki_683,3,reddit,da,0.4233988203013805,0.38125038012476586,0.3645962812030336,0.37677764463598873,0.6229078737338176,0.4429788961038962
ddisco_wiki_684,3,wikipedia,da,0.44380523898939345,0.43467962297749513,0.33307285845587314,0.43399496523726405,0.7386047979797981,0.7970238095238096
ddisco_wiki_685,2,reddit,da,0.45692203867327025,0.3623339244684272,0.36363642514401073,0.4014913667086421,1.0,1.0
ddisco_wiki_686,2,wikipedia,da,0.4029008335342169,0.4406582943970841,0.29943144387352794,0.36647729586407934,0.6155960492878876,0.5507407407407408
ddisco_wiki_687,3,reddit,da,0.4403259705505566,0.5534925392068247,0.3687666892290085,0.37803612894572175,0.9199999999999999,0.9
ddisco_wiki_688,2,wikipedia,da,0.4100909231445264,0.4182916334067993,0.2981000642006767,0.37766351527729325,0.5457209659604854,0.5486721611721612
ddisco_wiki_689,3,wikipedia,da,0.4744684879034091,0.39190734190734194,0.34916417405413586,0.39920906974031556,0.7602040816326531,0.7095238095238096
ddisco_wiki_690,2,reddit,da,0.4906463914073081,0.4303683319057649,0.40843330292743335,0.4090869372102796,0.8015873015873017,0.6
ddisco_wiki_691,3,wikipedia,da,0.49317936242336136,0.359883584883585,0.36105819011316426,0.398294012996975,0.8015873015873015,0.7111111111111111
ddisco_wiki_692,3,wikipedia,da,0.4493445282465761,0.38466701105052487,0.3415877467634036,0.42408960101610516,0.7710884353741496,0.8095238095238094
ddisco_wiki_693,3,reddit,da,0.4149094688296601,0.4035121188400626,0.3775848053157361,0.37728187982587363,0.7121471121471121,0.5962962962962963
ddisco_wiki_694,3,wikipedia,da,0.4334829937299508,0.4746811782988253,0.3424547027293219,0.41061522078577956,0.8015873015873015,0.7111111111111111
ddisco_wiki_695,3,wikipedia,da,0.4914226051956122,0.3927353767983044,0.3572720801298773,0.3970984084594087,0.7653061224489796,0.7333333333333333
ddisco_wiki_696,2,reddit,da,0.4660849472522238,0.43537347186037567,0.35460235821137664,0.3955580962785497,0.6348450274061688,0.6175633394383395
ddisco_wiki_697,3,wikipedia,da,0.46613323657317857,0.43333179166512487,0.34760993389152295,0.39278050911075335,0.7602040816326531,0.7095238095238096
ddisco_wiki_698,3,reddit,da,0.44280816396921047,0.4351724316756146,0.3768832364941835,0.35697871375586665,0.7271780303030303,0.6083333333333333
ddisco_wiki_699,3,reddit,da,0.44616395065048425,0.43752174549588335,0.3504280440473155,0.41153777558099297,0.6378966647387702,0.5641025641025641
ddisco_wiki_700,2,wikipedia,da,0.5158797010577211,0.5389727131106443,0.3462874745780768,0.39425783967192624,0.814484126984127,0.8388888888888889
ddisco_wiki_701,3,reddit,da,0.5203839916514899,0.4486277214848644,0.35246536122228544,0.4154799113067851,0.7687074829931972,0.7238095238095238
ddisco_wiki_702,3,wikipedia,da,0.5473979076756782,0.6129821989098719,0.3465740726052267,0.4235045613558351,0.7186965811965812,0.7708333333333334
ddisco_wiki_703,3,wikipedia,da,0.444378705597427,0.5021508622096855,0.3521425893299959,0.4317154504692005,0.7936507936507936,0.611111111111111
ddisco_wiki_704,3,reddit,da,0.47238928354441917,0.3418505524647765,0.36376383331692036,0.3714500262749215,0.6313860125563295,0.47261904761904766
ddisco_wiki_705,3,wikipedia,da,0.44974986602638495,0.49499077664993807,0.35849354854144866,0.4242201713976496,0.7131831131831132,0.5555555555555556
ddisco_wiki_706,3,reddit,da,0.4414525401032833,0.4058976263048258,0.3527613813684683,0.40004193467104815,0.6499174186093691,0.5065476190476191
ddisco_wiki_707,2,reddit,da,0.4596405333404006,0.3768211000017724,0.3645233054362501,0.36649681662385203,0.6169858598527077,0.5427579365079365
ddisco_wiki_708,3,wikipedia,da,0.42767081331779994,0.5517141438667343,0.3494546744837754,0.4248595780964019,0.7653061224489796,0.8285714285714285
ddisco_wiki_709,3,reddit,da,0.4478894304033028,0.4310271477803685,0.346772230346044,0.39940513185963045,0.720464257964258,0.7791666666666666
ddisco_wiki_710,3,wikipedia,da,0.41137738547133845,0.4257607891876416,0.3033173888959921,0.3745398804953818,0.6306937914892744,0.41825396825396827
ddisco_wiki_711,3,reddit,da,0.4519194353511997,0.4198310706191369,0.3662646478244306,0.3831684557676005,0.5903997902709485,0.4896329365079365
ddisco_wiki_712,3,reddit,da,0.4777115242608594,0.42856753812636167,0.3636278468960153,0.37703974781465643,0.722973322973323,0.6997354497354498
ddisco_wiki_713,3,wikipedia,da,0.43756877381381876,0.4993685880682783,0.359031632246927,0.39257607670145006,0.7129068462401795,0.5677248677248676
ddisco_wiki_714,2,wikipedia,da,0.4654406419764106,0.39553807870134394,0.3569755927199778,0.43092214714521343,0.7047076380409715,0.5396825396825397
ddisco_wiki_715,3,reddit,da,0.46140605008101804,0.36422255495174993,0.3668101902011809,0.39004435843444435,0.7002183002183002,0.5851851851851851
ddisco_wiki_716,3,wikipedia,da,0.4138924472522765,0.4521658667141461,0.3097036526154209,0.3688704024632884,0.5930515980634454,0.6302028218694885
ddisco_wiki_717,2,reddit,da,0.4734660493505061,0.36912541462136617,0.3795037285136816,0.337289382596412,0.9199999999999999,0.9
ddisco_wiki_718,3,reddit,da,0.4615687970734096,0.3789012501086805,0.36264345100007267,0.3657078331259311,0.7361742424242425,0.7886904761904762
ddisco_wiki_719,3,reddit,da,0.4452994416010158,0.4433021533360173,0.36235592195570926,0.3660983057073123,0.6553692695333563,0.6116883116883117
ddisco_wiki_720,2,reddit,da,0.4680160735711584,0.4698138697089388,0.35701069034006455,0.3884621056193075,0.7015984015984016,0.5788095238095238
ddisco_wiki_721,2,reddit,da,0.45459801121931753,0.5081443533124205,0.35580291072482495,0.43977647408636317,0.9199999999999999,0.9
ddisco_wiki_722,3,reddit,da,0.4801840021302328,0.4680693330262912,0.3982078938998267,0.4379660772072069,0.814484126984127,0.8388888888888889
ddisco_wiki_723,3,wikipedia,da,0.44562961951085367,0.42950748325748317,0.3689587408228683,0.398091985361776,0.7653061224489796,0.8285714285714285
ddisco_wiki_724,2,reddit,da,0.42872807425157833,0.36496389006160657,0.3686820996014599,0.38655153327748126,0.6710544357603181,0.5707792207792208
ddisco_wiki_725,2,reddit,da,0.49061410549841034,0.44314927198864135,0.3756554560951819,0.3227678026428324,,
ddisco_wiki_726,2,reddit,da,0.4749891128175907,0.44224973451754845,0.37240085171202786,0.3686766379491376,0.7653061224489796,0.7095238095238096
ddisco_wiki_727,3,reddit,da,0.47468565596166556,0.4327701702620373,0.36154674851516116,0.38417895812716635,0.8065476190476191,0.8222222222222223
ddisco_wiki_728,2,reddit,da,0.45127475184492566,0.4243445925601479,0.3681896289645375,0.408846148498481,0.7194681861348529,0.6703703703703704
ddisco_wiki_729,3,reddit,da,0.4487177169427478,0.5020866953559259,0.35694939617122556,0.4040222041895018,0.7676870748299319,0.7952380952380952
ddisco_wiki_730,3,reddit,da,0.533946988468469,0.37165291305916315,0.4222431141417253,0.3864621235472006,0.9199999999999999,0.9
ddisco_wiki_731,3,wikipedia,da,0.4987507600500322,0.38070642807484917,0.3253875000404326,0.4232473822571729,0.7097643097643098,0.4592592592592592
ddisco_wiki_732,3,wikipedia,da,0.41431450522343627,0.3827180778820153,0.29784861332098206,0.4106959609628086,0.703906093906094,0.6238095238095238
ddisco_wiki_733,1,reddit,da,0.4793185977220829,0.5174068750307141,0.3731956604581857,0.36232729830626415,0.806547619047619,0.8222222222222223
ddisco_wiki_734,1,reddit,da,0.44423866504703785,0.44331339255353247,0.37144616200036507,0.3690963111734821,0.6270510752066817,0.5276719576719576
ddisco_wiki_735,3,reddit,da,0.48232307042416556,0.40296030340787375,0.36259014762264474,0.35216250020597195,0.6925137362637364,0.6164285714285714
ddisco_wiki_736,3,wikipedia,da,0.40590595122995765,0.5099942470630973,0.358677619395502,0.4138939382587987,0.6176093250674285,0.7027777777777776
ddisco_wiki_737,2,wikipedia,da,0.44549036109715234,0.417116195708288,0.358340023606079,0.4032518445529889,0.6527991272573316,0.6378787878787879
ddisco_wiki_738,2,wikipedia,da,0.4277888654002226,0.44958580731072084,0.28875631119561423,0.3905956095058443,0.7066533466533467,0.7187301587301588
ddisco_wiki_739,2,reddit,da,0.43158380121371775,0.34193859975593716,0.3455279189877648,0.3862583235915644,0.6171433439890067,0.574092970521542
ddisco_wiki_740,3,wikipedia,da,0.441789815863978,0.4696061214651669,0.3596532999621339,0.41881251618647164,0.6988431321764655,0.7968253968253968
ddisco_wiki_741,2,wikipedia,da,0.4904553384950056,0.3823634360219726,0.363023662828442,0.3888861432005212,0.7311947311947312,0.8216931216931216
ddisco_wiki_742,3,wikipedia,da,0.40325643358479774,0.42954115226791717,0.3609351466605118,0.4199784791818743,0.7139428472761806,0.5973544973544974
ddisco_wiki_743,2,wikipedia,da,0.452804777631648,0.4434667928022637,0.36627573777610783,0.3961330333474921,0.6856282457886735,0.8080808080808081
ddisco_wiki_744,2,reddit,da,0.5244702659129563,0.42215050362625184,0.3710904442312235,0.36398405096661246,0.7212121212121212,0.5499999999999999
ddisco_wiki_745,3,wikipedia,da,0.4012533578245981,0.43030028695283057,0.3658730682675943,0.4310936654803439,0.6570881388992844,0.5666666666666667
ddisco_wiki_746,2,reddit,da,0.48070307971736076,0.39683215335389255,0.3545471199624547,0.404652637681305,0.814484126984127,0.8388888888888889
ddisco_wiki_747,2,reddit,da,0.46562395814304725,0.4183593492650448,0.37278210222264974,0.37214424274188124,0.7139428472761806,0.6026455026455025
ddisco_wiki_748,3,reddit,da,0.4628738673105823,0.39192200773083113,0.36285428044230206,0.37145915582074307,0.9199999999999999,0.9
ddisco_wiki_749,3,reddit,da,0.45657703228843916,0.464824207127894,0.36236008407053116,0.4124318965016091,0.7139204545454545,0.7000000000000001
ddisco_wiki_750,2,reddit,da,0.4651138091430855,0.472087522406671,0.3588530451677261,0.4019555169639991,0.9199999999999999,0.9
ddisco_wiki_751,3,reddit,da,0.4908763767326322,0.3933120323276386,0.36502908800918454,0.37946786248026443,1.0,1.0
ddisco_wiki_752,3,wikipedia,da,0.4529364948152715,0.36910215947649094,0.3618014925590617,0.4254552932534935,0.7097643097643097,0.5814814814814815
ddisco_wiki_753,2,wikipedia,da,0.48117747198426425,0.3802974038893938,0.33756179093082184,0.4382781388468911,0.6447221733262923,0.6564102564102564
ddisco_wiki_754,3,wikipedia,da,0.38970956128410117,0.5041207072940819,0.333495486876023,0.45373303163131445,0.6476675132923515,0.6437229437229437
ddisco_wiki_755,3,wikipedia,da,0.4525895871043689,0.4632164337150485,0.34719198598014595,0.40160319866308714,0.9199999999999999,0.9
ddisco_wiki_756,3,wikipedia,da,0.3785527943127692,0.6116727522509989,0.2816471123631273,0.4641026457480785,0.6357587068790629,0.7001322751322752
ddisco_wiki_757,3,wikipedia,da,0.41389763465684065,0.4085184634671259,0.31350076186326126,0.35443143025734725,0.6671416818475642,0.4753246753246754
ddisco_wiki_758,2,reddit,da,0.4995234518390545,0.42592588020505623,0.361335959795996,0.3769782844247782,0.7936507936507936,0.611111111111111
ddisco_wiki_759,2,reddit,da,0.4641116591185689,0.4014698314786114,0.34898548819113406,0.40921530676286366,0.6981368631368632,0.4976190476190475
ddisco_wiki_760,2,wikipedia,da,0.4242065261431057,0.3532899225971311,0.3091828118630806,0.35049601437640804,0.7445075757575758,0.8065476190476191
ddisco_wiki_761,3,reddit,da,0.4043384823794786,0.4196932563270152,0.3107137799470043,0.3490799543256032,0.6471718683792987,0.50989010989011
ddisco_wiki_762,3,wikipedia,da,0.4775340925407138,0.40946861308626015,0.3599349667106547,0.4062341215198396,0.7279658612991946,0.7785714285714286
ddisco_wiki_763,3,wikipedia,da,0.4012466452374629,0.4098138543000885,0.3691742142442316,0.3974298655975381,0.6682203363801662,0.7964947089947091
ddisco_wiki_764,3,wikipedia,da,0.48229788013817637,0.5799015355129905,0.3534994681860144,0.39037860481220743,0.722979797979798,0.5208333333333334
ddisco_wiki_765,2,reddit,da,0.45518578375778235,0.37476009828950996,0.37990196862249676,0.3546486039193008,0.7163256496589829,0.6455026455026455
ddisco_wiki_766,3,reddit,da,0.45469282626425067,0.42309926232949213,0.36775853394898883,0.38676827529920915,0.5712476157608999,0.5470121381886089
ddisco_wiki_767,3,reddit,da,0.42813326803296514,0.49752071196909253,0.36612002823095874,0.3865794217138579,0.8015873015873017,0.7111111111111109
ddisco_wiki_768,3,wikipedia,da,0.4937251370664658,0.38665737667105665,0.3484865974874125,0.4305276358457377,0.7653061224489796,0.8285714285714285
ddisco_wiki_769,3,wikipedia,da,0.48429006584596834,0.43940351976066255,0.36508609090811445,0.40348336186736544,0.8065476190476191,0.8222222222222221
ddisco_wiki_770,2,reddit,da,0.4820431604140567,0.3991232851355971,0.3518077200236079,0.4178884648013154,0.7568027210884354,0.6571428571428571
ddisco_wiki_771,3,wikipedia,da,0.4109713859397456,0.431758411819695,0.36545553637789946,0.38507911180938736,0.6985264735264736,0.5471428571428572
ddisco_wiki_772,3,wikipedia,da,0.4157597235097774,0.36230789919914397,0.30060474885590743,0.37162723145941257,0.6336713942493993,0.5023953823953825
ddisco_wiki_773,3,reddit,da,0.49868695470452257,0.4966940077466393,0.3586602344472524,0.40302341421619897,0.7795918367346939,0.8238095238095238
ddisco_wiki_774,2,wikipedia,da,0.42440408505967536,0.3672930890870104,0.3714978963244188,0.3997883243177002,0.727840909090909,0.5833333333333334
ddisco_wiki_775,2,wikipedia,da,0.4361543426894556,0.5437814960727553,0.3703332784558735,0.42829116923548305,0.7302714646464646,0.7125
ddisco_wiki_776,3,reddit,da,0.44572713439966655,0.40357840259156025,0.36235897565250935,0.407805751358717,0.7000099900099901,0.5771428571428572
ddisco_wiki_777,3,reddit,da,0.4668623965557398,0.38419297342742303,0.3671155160756785,0.3805304904247785,0.7653061224489796,0.7095238095238096
ddisco_wiki_778,3,reddit,da,0.4613879813537887,0.3402320259397465,0.3755268689422524,0.3808208013295277,0.8065476190476191,0.8222222222222221
ddisco_wiki_779,2,wikipedia,da,0.5259680356977231,0.4513202075702077,0.3404770806178328,0.4174961544588461,0.7195545195545195,0.647883597883598
ddisco_wiki_780,3,reddit,da,0.44900756266403036,0.4023676643339006,0.35756180252122066,0.40625192986924297,0.8065476190476191,0.8222222222222223
ddisco_wiki_781,2,reddit,da,0.4228158310788943,0.4415720425607005,0.3805382543960008,0.35775829651149976,0.6097528083259676,0.654945054945055
ddisco_wiki_782,2,reddit,da,0.47400569031651274,0.35243331333861916,0.3661398112735016,0.3639112449336014,0.7330808080808081,0.6553571428571429
ddisco_wiki_783,1,reddit,da,0.46551640876693823,0.37085606608902544,0.3674060846802764,0.41245555190783123,0.9199999999999999,0.9
ddisco_wiki_784,3,reddit,da,0.43392137134239167,0.43732628854328953,0.3681930921899643,0.3533290571078356,0.9199999999999999,0.9
ddisco_wiki_785,3,wikipedia,da,0.4414672985600389,0.45011657066105837,0.3268319331569026,0.4335877970156941,0.6712937241012107,0.6080808080808082
ddisco_wiki_786,2,reddit,da,0.4537293088919623,0.4353868615045085,0.3689433207513967,0.40486427669076797,0.6199014293613836,0.49015873015873007
ddisco_wiki_787,3,reddit,da,0.471093076921374,0.46732639227010164,0.36330283296340093,0.3829655487077583,0.7296085858585859,0.6583333333333333
ddisco_wiki_788,3,wikipedia,da,0.4857220682758667,0.4270750888397949,0.3595895581432428,0.3669155471806006,1.0,1.0
ddisco_wiki_789,1,reddit,da,0.4508107570841825,0.3868778526936129,0.3681729130813102,0.37427799772104225,0.6464011135063766,0.5731601731601733
ddisco_wiki_790,2,reddit,da,0.5303517995395794,0.559059644059644,0.3726979663939175,0.35690499678147386,0.7568027210884353,0.6238095238095237
ddisco_wiki_791,3,wikipedia,da,0.4369904097028416,0.45264824630879885,0.3456328192058432,0.4623965605423005,0.9199999999999999,0.9
ddisco_wiki_792,2,reddit,da,0.4121975378814088,0.42712134532328133,0.36715214689038245,0.3783423926245179,0.6244073508676753,0.5586167800453514
ddisco_wiki_793,3,reddit,da,0.4589497136710035,0.42869032785912575,0.3684697012479692,0.39742045937813253,0.9199999999999999,0.9
ddisco_wiki_794,2,wikipedia,da,0.40676400828976633,0.4984920757299648,0.3002582661213201,0.3737396140153057,0.6472901711291803,0.5542124542124542
ddisco_wiki_795,3,wikipedia,da,0.4740478271857734,0.48080338973196096,0.35877525237422186,0.38646261026167167,0.9199999999999999,0.9
ddisco_wiki_796,2,reddit,da,0.498741110826789,0.4887772256193308,0.4235005538522981,0.3697390263145645,0.727840909090909,0.6333333333333333
ddisco_wiki_797,2,wikipedia,da,0.4787025063744738,0.45798421155564,0.34849494671485637,0.4033433494084467,0.7279658612991946,0.8150793650793651
ddisco_wiki_798,3,reddit,da,0.4684172174331272,0.33836605079089177,0.3741629114561607,0.39078946319022134,0.6097905326913471,0.5508465608465609
ddisco_wiki_799,2,wikipedia,da,0.40195720179403055,0.4427475059760913,0.36725970683963466,0.40363516373933445,0.6943868631368633,0.6480952380952382
ddisco_wiki_800,3,wikipedia,da,0.3748437393721731,0.40398944293806843,0.3105521218654847,0.379688542670234,0.627651962109301,0.4683673469387756
ddisco_wiki_801,2,reddit,da,0.4635201373390622,0.33439507279622266,0.3738971378430097,0.36640650824397886,0.7653061224489796,0.7333333333333333
ddisco_wiki_802,2,wikipedia,da,0.4234949854107005,0.4031554885751771,0.3027920141377698,0.38971747478302554,0.6236068330757452,0.61747557997558
ddisco_wiki_803,3,reddit,da,0.459954574633465,0.38032462364446157,0.36974119432427327,0.36177674264101894,0.7033608366941702,0.6693121693121693
ddisco_wiki_804,3,wikipedia,da,0.4816097627404684,0.36451574272429893,0.3617358223760254,0.4173926369384486,0.7368371212121212,0.780357142857143
ddisco_wiki_805,2,reddit,da,0.45917383896461117,0.42051897205777666,0.3753971132516316,0.3861658863505637,0.7131831131831131,0.5222222222222223
ddisco_wiki_806,3,wikipedia,da,0.4255913333817346,0.5261136140434712,0.36346550141101647,0.40864630613445607,0.7035037878787879,0.7625
ddisco_wiki_807,3,wikipedia,da,0.420173947771863,0.39612430657127234,0.37211580426975593,0.39620453100471553,0.6901011488511488,0.4538095238095239
ddisco_wiki_808,2,reddit,da,0.4351695782248828,0.37624504100998457,0.38092710994930884,0.35226227089023743,0.67643630878925,0.7001443001443002
ddisco_wiki_809,2,reddit,da,0.441470376632825,0.3532753080399582,0.3664304149310467,0.36075222523982403,0.6666960490489903,0.4515151515151514
ddisco_wiki_810,2,reddit,da,0.4674213508432848,0.5051120068561928,0.37108703259695003,0.354112212047769,0.9199999999999999,0.9
ddisco_wiki_811,2,reddit,da,0.5039889366827074,0.3244662534435262,0.3676264107110393,0.3821966815888432,0.9199999999999999,0.9
ddisco_wiki_812,2,reddit,da,0.4239561919119466,0.38970061286355173,0.3051018628725889,0.360693054944194,0.6446919366037013,0.5740740740740741
ddisco_wiki_813,3,wikipedia,da,0.39426923717947626,0.4313406898112779,0.3603760831965435,0.3947026437756532,0.7653061224489796,0.8285714285714285
ddisco_wiki_814,3,reddit,da,0.4989024930179445,0.4888393027257611,0.36103923989758596,0.39248882300352894,0.7653061224489796,0.7333333333333333
ddisco_wiki_815,3,reddit,da,0.4694823175844703,0.4664909164909164,0.3672225938734913,0.34201571428346267,0.9199999999999999,0.9
ddisco_wiki_816,2,reddit,da,0.4840881120056776,0.4575975694603146,0.3739246168333296,0.357465191914266,0.7602040816326529,0.7095238095238094
ddisco_wiki_817,3,reddit,da,0.4450117401546004,0.4369664872221381,0.3777176451600456,0.33935189859717296,0.9199999999999999,0.9
ddisco_wiki_818,3,reddit,da,0.5004295706004249,0.4545106649037482,0.36341870469565823,0.3753808219969385,0.9199999999999999,0.9
ddisco_wiki_819,2,wikipedia,da,0.4856731072049245,0.5285109381748038,0.3424920502942791,0.4163911429556638,0.7369002525252526,0.7916666666666666
ddisco_wiki_820,3,reddit,da,0.47878266289560706,0.42979445068596506,0.37253271550449685,0.3864055211567546,0.8015873015873015,0.7111111111111111
ddisco_wiki_821,2,reddit,da,0.49690644686419766,0.38955093034580407,0.3590798777293111,0.3688012386862561,0.7152896486229819,0.5396825396825398
ddisco_wiki_822,3,wikipedia,da,0.44496991259607677,0.5160551907243082,0.36220064744579167,0.43512133158925637,0.7100099900099901,0.6958730158730158
ddisco_wiki_823,2,wikipedia,da,0.4543566417865774,0.5322822822822821,0.3558559040045191,0.3931669625532131,0.8065476190476191,0.8222222222222223
ddisco_wiki_824,3,wikipedia,da,0.46313733229391457,0.4999420024420026,0.37243017331637074,0.3951518035637083,,
ddisco_wiki_825,3,reddit,da,0.4907788159932963,0.42985092581996587,0.36285952879980443,0.37533121664005376,0.7182077182077182,0.658994708994709
ddisco_wiki_826,3,wikipedia,da,0.4203317627273808,0.3800029178946205,0.3075949140682474,0.3606267754980253,0.6388277211238146,0.6182642754071326
ddisco_wiki_827,3,wikipedia,da,0.49144864704912783,0.4423839717957366,0.3558124361611888,0.406033843344114,0.9199999999999999,0.9
ddisco_wiki_828,3,wikipedia,da,0.4114626067338453,0.38965518608375727,0.37162540674428873,0.396813036524783,0.6678076825135648,0.5281385281385282
ddisco_wiki_829,2,reddit,da,0.439734529476742,0.51247127334352,0.3635262138182628,0.39094905460571383,0.7452690166975883,0.7857142857142857
ddisco_wiki_830,2,reddit,da,0.4435672629996536,0.4450013185724068,0.3716676154095349,0.37729939573330556,0.7372790404040404,0.7220238095238095
ddisco_wiki_831,2,wikipedia,da,0.44309922041732236,0.4144872749146916,0.2920827756070493,0.4423529514778246,0.722979797979798,0.6166666666666667
ddisco_wiki_832,3,wikipedia,da,0.48299605750192026,0.4473050961542009,0.34963164127523394,0.4099488945497396,0.7030819180819181,0.6442857142857144
ddisco_wiki_833,3,reddit,da,0.45249632011510316,0.40058738510094954,0.3600469131580389,0.40269716092609315,0.7121471121471122,0.6407407407407407
ddisco_wiki_834,3,wikipedia,da,0.43774668488030083,0.39671153165067957,0.3667167500142742,0.39154281939540075,0.7386047979797981,0.7261904761904762
ddisco_wiki_835,3,reddit,da,0.45835429213192763,0.390794201182013,0.3503632289172374,0.43558496648154216,0.7254103535353535,0.4666666666666667
ddisco_wiki_836,3,reddit,da,0.4862068356656153,0.44283418051068885,0.34268077397664093,0.4173981173794843,0.7016826923076924,0.7958333333333333
ddisco_wiki_837,3,wikipedia,da,0.4176103089652586,0.4739723399206157,0.357709261800383,0.4354854620945875,0.720464257964258,0.775
ddisco_wiki_838,2,reddit,da,0.4246933784143959,0.3412231813853371,0.36344815837013117,0.37786807423606866,0.5590656054220666,0.44826152683295556
ddisco_wiki_839,3,wikipedia,da,0.44567550385942684,0.4464793343073886,0.3607938788779886,0.3846630757092005,0.70336083669417,0.6507936507936507
ddisco_wiki_840,3,reddit,da,0.4555947394198995,0.5012225404770912,0.36248011739893937,0.38416823969733527,0.9199999999999999,0.9
ddisco_wiki_841,2,wikipedia,da,0.5028836350038116,0.29757734329162894,0.3572938377316205,0.3961758065614822,0.8065476190476191,0.8222222222222224
ddisco_wiki_842,3,reddit,da,0.4888583574999196,0.4106809613388562,0.34977152732840555,0.3717085563037049,0.7024225774225774,0.6473809523809523
ddisco_wiki_843,3,wikipedia,da,0.414124395511445,0.3882258249470524,0.34945698247718243,0.3970713787438924,0.7710884353741496,0.8095238095238094
ddisco_wiki_844,2,wikipedia,da,0.4268536723719799,0.373451387363926,0.36940704115380135,0.39792295591218757,0.6262714066119639,0.5326007326007327
ddisco_wiki_845,2,reddit,da,0.39696008016327466,0.4616785992246849,0.3714564992856,0.3933655861072347,0.7163256496589829,0.6804232804232805
ddisco_wiki_846,3,wikipedia,da,0.34952533038261774,0.4864259658440863,0.3064816801135892,0.365511488026674,0.5799006984211996,0.46137566137566133
ddisco_wiki_847,2,wikipedia,da,0.4203090418027731,0.3971500163623437,0.31340706720552286,0.3697372637885419,0.606434974652223,0.5938988095238096
ddisco_wiki_848,3,wikipedia,da,0.5064744910702473,0.4746731383095021,0.34302904068513834,0.38451375311038644,0.7212121212121212,0.5041666666666667
ddisco_wiki_849,3,wikipedia,da,0.4014699816878294,0.5291147876911285,0.3454904238106863,0.40710870780327435,0.6586346659876072,0.4151515151515151
ddisco_wiki_850,3,wikipedia,da,0.5154415600594809,0.4506267925622765,0.3456024088856159,0.42023686486406964,0.7568027210884354,0.6571428571428571
ddisco_wiki_851,2,wikipedia,da,0.4136821276036806,0.41769224422480233,0.2992938716274906,0.3712941197694934,0.6165413522041504,0.5525510204081633
ddisco_wiki_852,3,reddit,da,0.4914027716390924,0.4292972670604249,0.3685645564249651,0.3440470280583773,0.7602040816326531,0.5809523809523809
ddisco_wiki_853,3,wikipedia,da,0.42285624259272314,0.3611656589597764,0.30088499173185934,0.37792209427365686,0.5869294421439553,0.5013532763532764
ddisco_wiki_854,3,wikipedia,da,0.4866951203820564,0.4055377955377956,0.3929510158476071,0.389898591975876,,
ddisco_wiki_855,2,reddit,da,0.4858322181561248,0.4559663632127401,0.3606349388870198,0.3972008772686423,0.9199999999999999,0.9
ddisco_wiki_856,2,reddit,da,0.4905002070379688,0.4495590828924162,0.34893914771358087,0.37354525048023507,0.716325649658983,0.6179894179894179
ddisco_wiki_857,2,reddit,da,0.48711334766763253,0.3981330309240195,0.4037076715651526,0.3792071564704229,0.6834356819650937,0.635952380952381
ddisco_wiki_858,3,wikipedia,da,0.4474367136596917,0.4100804621783928,0.3546755026978127,0.4448522230488472,0.6385984724657493,0.6884615384615385
ddisco_wiki_859,2,reddit,da,0.45198391782794073,0.38927950877600537,0.360762930883217,0.4031818891068418,0.6501477227193171,0.5570105820105821
ddisco_wiki_860,3,reddit,da,0.5192764757959184,0.5290031647550442,0.41329933537706204,0.3627365191497558,1.0,1.0
ddisco_wiki_861,3,reddit,da,0.4940223103588467,0.41896209225930575,0.3623290152491253,0.389520374220971,0.9199999999999999,0.9
ddisco_wiki_862,2,wikipedia,da,0.42319741979296477,0.3950613260690969,0.29509349548906494,0.3714052255883561,0.6907604895104895,0.6442857142857144
ddisco_wiki_863,3,reddit,da,0.4705145213943345,0.571528308293014,0.35673433413477224,0.4463445240567959,0.738604797979798,0.7970238095238095
ddisco_wiki_864,3,wikipedia,da,0.4309942360010253,0.4097970073728587,0.3678016641069738,0.3822934915882144,0.7186965811965812,0.7708333333333334
ddisco_wiki_865,1,wikipedia,da,0.47901676048245545,0.5668365217513823,0.34825074675262685,0.43215992848345786,0.745269016697588,0.7
ddisco_wiki_866,3,wikipedia,da,0.46507501306699495,0.4254094063556979,0.34823631936782173,0.41403536420880244,0.7131831131831131,0.6222222222222222
ddisco_wiki_867,3,reddit,da,0.46756463369540285,0.4094794054206843,0.3605400383459999,0.3843676477881614,0.6880819180819182,0.6057142857142856
ddisco_wiki_868,2,wikipedia,da,0.48771850134293077,0.37989907989907995,0.35395881503214954,0.38314638782460503,0.6968472703766821,0.675
ddisco_wiki_869,2,reddit,da,0.41684664846538916,0.4042974496806053,0.36275563392838894,0.39449700574832924,0.7051011488511489,0.6907142857142856
ddisco_wiki_870,3,reddit,da,0.49422087378999796,0.39866986103617125,0.3476076178676029,0.42435161412580374,0.6581263359338225,0.6383838383838385
ddisco_wiki_871,2,reddit,da,0.4757417797430129,0.4250934238290716,0.37029741724955106,0.36946497296307923,0.7115600448933782,0.5417989417989417
ddisco_wiki_872,3,reddit,da,0.4569952344750361,0.4088340699166864,0.3663241654338709,0.38093560478357935,0.7181213847880514,0.6460317460317461
ddisco_wiki_873,2,reddit,da,0.5351102761618486,0.6296736544201047,0.2916700832877997,0.3905684424223917,0.5399116800215658,0.4536273911273911
ddisco_wiki_874,3,reddit,da,0.49327949893203543,0.44625006134922224,0.3562978254703088,0.3895740930025626,0.7042957042957043,0.7347619047619048
ddisco_wiki_875,3,wikipedia,da,0.4957364231552631,0.3974846726622358,0.3540765056209101,0.39593440512847544,0.745269016697588,0.7000000000000001
ddisco_wiki_876,3,reddit,da,0.41911692863078226,0.47662093023274255,0.37017667104671614,0.3846518356942761,0.6396486091196011,0.5901098901098902
ddisco_wiki_877,3,wikipedia,da,0.4398020500957574,0.43975568378553437,0.37921862719599436,0.40066022298320847,0.7710884353741497,0.8095238095238094
ddisco_wiki_878,3,wikipedia,da,0.4782314959072371,0.40447987129972424,0.35954297327446577,0.41645582288547,0.6941798941798942,0.7666666666666666
ddisco_wiki_879,2,reddit,da,0.44372621201102874,0.411436984126809,0.29305574615819596,0.4115424752941248,0.7009390609390611,0.5552380952380953
ddisco_wiki_880,2,wikipedia,da,0.4944276964930873,0.4037938669517617,0.3479074460827019,0.4381499770704819,0.8095238095238096,0.8666666666666666
ddisco_wiki_881,2,reddit,da,0.4896891022798017,0.3796809011094726,0.35746635590654385,0.391432285766048,0.727840909090909,0.6166666666666667
ddisco_wiki_882,2,reddit,da,0.5387925086044669,0.6406760092686391,0.37206278022613887,0.38414043084144744,0.6877934565434566,0.4795238095238095
ddisco_wiki_883,3,reddit,da,0.45016076327452675,0.4671070901954716,0.357078416819412,0.4292070745810592,0.8065476190476191,0.8222222222222223
ddisco_wiki_884,3,wikipedia,da,0.41092257708490987,0.515869582905782,0.35388515384029307,0.40308267471990994,0.7355113636363636,0.7095238095238096
ddisco_wiki_885,3,wikipedia,da,0.44058638203744105,0.3838139975069575,0.36574712000600057,0.371842407001977,0.7653061224489797,0.7095238095238096
ddisco_wiki_886,2,wikipedia,da,0.4066209572217431,0.43868889995666926,0.314046127657797,0.3513620352912269,0.6188421632715111,0.6013979076479076
ddisco_wiki_887,3,reddit,da,0.4171792110349164,0.40142403177327607,0.36365946320870174,0.3629304911227105,0.6367348562058482,0.5658730158730159
ddisco_wiki_888,3,wikipedia,da,0.4549583704751578,0.38884155100243134,0.37716216096275124,0.34858472763206577,0.7710884353741496,0.8095238095238094
ddisco_wiki_889,3,reddit,da,0.500616457462535,0.40513404723931035,0.41850271599401917,0.3442290085923835,1.0,1.0
ddisco_wiki_890,3,reddit,da,0.47411107177784184,0.3185519078062937,0.37215760943375886,0.36246370158908875,0.9199999999999999,0.9
ddisco_wiki_891,3,wikipedia,da,0.4210285526303781,0.38691337188620883,0.2884151747890197,0.3560298949095863,0.6243743638343181,0.5929629629629628
ddisco_wiki_892,3,wikipedia,da,0.4222112216963276,0.44016052101696157,0.3599738506656211,0.38765037975835137,0.6673620497149909,0.5190476190476191
ddisco_wiki_893,3,wikipedia,da,0.4564469310194477,0.36582709802524044,0.35614703899986766,0.40945613542162207,0.7676870748299319,0.7952380952380953
ddisco_wiki_894,3,wikipedia,da,0.4250650517867137,0.32535687434472843,0.37975648080338564,0.361038891588717,0.6288735000809305,0.49926739926739927
ddisco_wiki_895,2,wikipedia,da,0.4331684748863109,0.5061047816164775,0.36413084375916865,0.39956527647609175,0.716325649658983,0.6201058201058202
ddisco_wiki_896,3,wikipedia,da,0.4726032845824149,0.40606615606615604,0.36731154672690075,0.38871588192815476,0.7121527777777779,0.6083333333333333
ddisco_wiki_897,3,reddit,da,0.4533955322552907,0.4808448244541441,0.3716161857320402,0.37292229830815027,0.7125960459293793,0.49947089947089945
ddisco_wiki_898,2,reddit,da,0.4347286096434056,0.3738217592366873,0.3088505679713082,0.3281167777584425,0.6966533466533467,0.5442857142857143
ddisco_wiki_899,3,reddit,da,0.5096600395383544,0.43111516640928405,0.42112533702340654,0.34913319781617036,1.0,1.0
ddisco_wiki_900,3,reddit,da,0.45889464257894386,0.44777217583039225,0.3621160594753133,0.3910535521805343,0.65244585136226,0.6660173160173161
ddisco_wiki_901,3,wikipedia,da,0.4587347837653747,0.3520023595255792,0.36600985778711564,0.38973648780402087,0.6939560439560439,0.58
ddisco_wiki_902,3,wikipedia,da,0.48596456127775184,0.35488823345966225,0.3363376515276356,0.44266794018539224,0.6618814192343604,0.5145021645021646
ddisco_wiki_903,2,wikipedia,da,0.4548445113233372,0.47189569573799856,0.3525721616684243,0.4299944212837219,0.7653061224489796,0.6476190476190476
ddisco_wiki_904,2,wikipedia,da,0.4080522599963903,0.39868258297063724,0.3601996984367978,0.3863847015131476,0.658074897238984,0.6751082251082251
ddisco_wiki_905,2,reddit,da,0.4344885012279085,0.3502444627761063,0.3243869112366408,0.33178472851956187,0.6221196730955421,0.5420770202020203
ddisco_wiki_906,2,reddit,da,0.42375767519922286,0.46556136171520773,0.3615372796667628,0.40673499417561204,0.733080808080808,0.7303571428571428
ddisco_wiki_907,2,wikipedia,da,0.40673137888316785,0.49169380843096444,0.35363987514545864,0.42316722092284675,0.6500125691302162,0.6716931216931217
ddisco_wiki_908,3,wikipedia,da,0.4335040202051339,0.4509410495478606,0.3630458575549167,0.42176311475262035,0.7254103535353535,0.5916666666666666
ddisco_wiki_909,2,reddit,da,0.4649462172153077,0.43979456851310395,0.35195552213236525,0.37526986016777714,0.641661892029539,0.5238095238095238
ddisco_wiki_910,2,wikipedia,da,0.4196105547813032,0.3780506082124364,0.35463480316726576,0.41199858223296026,0.5771036449326299,0.47909174159174156
ddisco_wiki_911,3,wikipedia,da,0.3652608339039498,0.48005351661893686,0.30667382567448204,0.3793033133321335,0.6561955337690633,0.599074074074074
ddisco_wiki_912,2,reddit,da,0.41434180002718685,0.4280682441703711,0.37392732386783994,0.3717189089761528,0.6135759523692399,0.5335449735449735
ddisco_wiki_913,3,wikipedia,da,0.456737099923793,0.4429364514842456,0.3546340483977369,0.43838407982219585,0.765986394557823,0.7999999999999999
ddisco_wiki_914,2,reddit,da,0.4535865705438771,0.4211790557982052,0.3041615639258365,0.3970174255671357,0.6311784706521549,0.5893162393162392
ddisco_wiki_915,2,wikipedia,da,0.3821512175492008,0.3498759287015367,0.30913785608208855,0.3537176771936802,0.6071924550545239,0.5582539682539682
ddisco_wiki_916,3,reddit,da,0.4997511606908623,0.39304564142950865,0.3719948317852217,0.3836431336042562,0.6990659340659342,0.5328571428571429
ddisco_wiki_917,3,wikipedia,da,0.43667877389974674,0.42674574385804337,0.35313932621627125,0.41386715684038866,0.7653061224489796,0.7333333333333334
ddisco_wiki_918,2,wikipedia,da,0.4190425521770402,0.36861125240428644,0.2973291097254696,0.36243835566785526,0.6593837535014005,0.5238095238095238
ddisco_wiki_919,3,reddit,da,0.49035791435751436,0.4833761024550499,0.3609323947666205,0.3870744137423224,0.9199999999999999,0.9
ddisco_wiki_920,3,wikipedia,da,0.4458404283231326,0.4622703974791089,0.37485019811421155,0.3956761960941974,0.7033608366941699,0.6433862433862435
ddisco_wiki_921,2,wikipedia,da,0.40182862585665746,0.4376022903192755,0.30486707302090754,0.37636290912508585,0.6931693306693307,0.6399999999999999
ddisco_wiki_922,3,wikipedia,da,0.45019609593360993,0.42685166970557165,0.350693262584548,0.40226826176012037,0.6553398871510326,0.632900432900433
ddisco_wiki_923,2,reddit,da,0.4760750560622515,0.43591102524926034,0.3572912003308392,0.40419648765404526,0.6441491515020927,0.6242424242424244
ddisco_wiki_924,3,reddit,da,0.46538677855865596,0.5251610572106606,0.37763781274253777,0.3432606265844595,0.6553554023948761,0.5117063492063492
ddisco_wiki_925,3,wikipedia,da,0.498980305029871,0.39242395031868715,0.3522313689461449,0.44547394241888816,0.7619047619047619,0.7428571428571429
ddisco_wiki_926,3,wikipedia,da,0.41812474976504777,0.5805586602665617,0.34828324841338293,0.4147666755097454,0.6445579210091594,0.6570105820105822
ddisco_wiki_927,2,reddit,da,0.49219312679620747,0.4090582619994384,0.3723307981422204,0.36802264434708726,0.7149788483121815,0.5656084656084657
ddisco_wiki_928,2,reddit,da,0.4627549671657535,0.41366674991675,0.35167075988546614,0.3925821437129258,0.7327020202020202,0.7833333333333333
ddisco_wiki_929,2,reddit,da,0.49054307390108987,0.4751685920663589,0.37091781438740234,0.40130356013356927,0.7313762626262627,0.7124999999999999
ddisco_wiki_930,2,wikipedia,da,0.4187598594447208,0.384634803657667,0.28968939874490757,0.3668624710597564,0.5705331923284237,0.5584500466853408
ddisco_wiki_931,3,wikipedia,da,0.5087386983177268,0.45792297979797986,0.3296175885350558,0.43023557256972944,0.7005494505494506,0.5459523809523809
ddisco_wiki_932,2,reddit,da,0.4561247293665087,0.46377017272373317,0.36356690740612213,0.3951805724235889,0.6585329234032794,0.5333333333333333
ddisco_wiki_933,2,reddit,da,0.4105543719722975,0.4542425975260137,0.377361214607632,0.3722438097765743,0.71635101010101,0.7
ddisco_wiki_934,2,wikipedia,da,0.46258164333708324,0.48438928221536903,0.3541939834472293,0.40834424550862514,0.8095238095238096,0.8666666666666666
ddisco_wiki_935,3,reddit,da,0.4603809849130453,0.39676658963322703,0.3833273083441281,0.38145848169050456,0.6962637362637363,0.5433333333333332
ddisco_wiki_936,3,wikipedia,da,0.5128089804512939,0.5213215902871075,0.34458131886075544,0.4239225668018237,0.9199999999999999,0.9
ddisco_wiki_937,3,reddit,da,0.534230237568051,0.610312784411456,0.37717903456134955,0.3598960372292616,0.6343752447131099,0.513919413919414
ddisco_wiki_938,3,wikipedia,da,0.42933157579188486,0.350709778829569,0.3683862401443373,0.4080704112397799,0.7568027210884353,0.6571428571428571
ddisco_wiki_939,2,wikipedia,da,0.470205392939233,0.4900300603788975,0.35716787136583805,0.4530432290066286,0.7237330570663905,0.785978835978836
ddisco_wiki_940,3,wikipedia,da,0.4060453256201947,0.42408175188258906,0.310394509116503,0.3823509469837862,0.6509292650933518,0.47792207792207786
ddisco_wiki_941,2,wikipedia,da,0.40947304876087764,0.414727897614129,0.29803046101114805,0.3781383187655247,0.6127235637487354,0.5593121693121694
ddisco_wiki_942,3,wikipedia,da,0.5160344806571548,0.5043846893846895,0.34567636234093957,0.38826143309502453,0.8065476190476191,0.8222222222222223
ddisco_wiki_943,3,reddit,da,0.4701931836189443,0.4742922913911104,0.3601356151930665,0.4102832435663289,0.7687074829931972,0.7238095238095239
ddisco_wiki_944,2,wikipedia,da,0.45877489781036035,0.3996103773536485,0.360004874477323,0.4111726642164112,0.7568027210884354,0.5714285714285714
ddisco_wiki_945,3,wikipedia,da,0.4797856748434927,0.40454412208858176,0.3520096805964821,0.3691956808555819,0.9199999999999999,0.9
ddisco_wiki_946,3,reddit,da,0.47895077985190904,0.4629906643064538,0.3632451094397903,0.35916111173841614,0.7330808080808081,0.6553571428571429
ddisco_wiki_947,2,reddit,da,0.40548207343361503,0.45775092122873057,0.36948397388276955,0.36490557854226313,0.6233925709525195,0.5011904761904762
ddisco_wiki_948,3,wikipedia,da,0.4547685775951915,0.41830864165074666,0.3743575896751511,0.3836124016221629,0.7568027210884354,0.6238095238095239
ddisco_wiki_949,3,wikipedia,da,0.4032179618884185,0.41640116751667594,0.29909613862698753,0.3929768666723071,0.6658956812594584,0.771494708994709
ddisco_wiki_950,3,reddit,da,0.4738563778293471,0.5019334151687093,0.34908489387138397,0.3775956591520318,0.7687074829931972,0.7238095238095239
ddisco_wiki_951,3,wikipedia,da,0.4608623662761662,0.37004389885276306,0.3576712253242754,0.39675034938562975,0.6729464831069109,0.5526695526695528
ddisco_wiki_952,3,wikipedia,da,0.41187720177194453,0.38736672929913224,0.3597236639794746,0.4050919187227365,0.7237873237873237,0.7367724867724867
ddisco_wiki_953,2,reddit,da,0.4320490909951105,0.44561536061196455,0.38478722161992407,0.3571977520533253,0.6812412587412587,0.5938095238095238
ddisco_wiki_954,3,reddit,da,0.47657434563011924,0.45392542277721976,0.3694012523874818,0.3768930876595913,1.0,1.0
ddisco_wiki_955,3,reddit,da,0.4530490297220178,0.4230601885935871,0.3618452529312595,0.3935450339476233,0.6925137362637364,0.6
ddisco_wiki_956,2,reddit,da,0.4728230361731532,0.42074825025192664,0.36424346209541836,0.39746033226083044,0.7653061224489796,0.7333333333333334
ddisco_wiki_957,3,wikipedia,da,0.41042753858265835,0.4148960714372077,0.3740309516827908,0.37506908074806045,0.6579934279061777,0.5348484848484848
ddisco_wiki_958,3,reddit,da,0.47538276378219857,0.44573466158024966,0.40800515553052646,0.378058603090671,,
ddisco_wiki_959,3,reddit,da,0.49100922652484896,0.43441641094653716,0.35396447077517085,0.39692067690417493,0.8015873015873017,0.7111111111111109
ddisco_wiki_960,3,reddit,da,0.4639741964845812,0.37552126716040946,0.37500785961935595,0.39173254048425454,0.727840909090909,0.5625
ddisco_wiki_961,3,reddit,da,0.47419924487068965,0.5569556701909644,0.3633178249271082,0.4263528046443497,0.7619047619047619,0.7428571428571428
ddisco_wiki_962,3,wikipedia,da,0.5234080504556878,0.4656204011042722,0.35599840762521134,0.4099517280391187,0.7936507936507936,0.611111111111111
ddisco_wiki_963,3,wikipedia,da,0.4582357503412569,0.3733167790064342,0.3630612864551727,0.4068772364136191,0.7602040816326531,0.6476190476190476
ddisco_wiki_964,2,reddit,da,0.46966951940689206,0.4034254144957946,0.3113080665033577,0.3495092474007622,0.645924758792406,0.5898148148148148
ddisco_wiki_965,3,wikipedia,da,0.48191256188254394,0.5654075091575091,0.379241963170258,0.4618307153427892,0.8065476190476191,0.8222222222222223
ddisco_wiki_966,3,wikipedia,da,0.4967129991474593,0.5888732040905954,0.38633977475314774,0.46544477697839043,0.9199999999999999,0.9
ddisco_wiki_967,3,wikipedia,da,0.4946517256810232,0.41654194570861247,0.346591257088301,0.4093480458963604,0.8065476190476191,0.8222222222222223
ddisco_wiki_968,3,reddit,da,0.4537665517966291,0.3805107590821874,0.3697678892224916,0.39645839591174115,0.7313131313131314,0.6636904761904762
ddisco_wiki_969,3,wikipedia,da,0.4876887360148849,0.42239980850744296,0.3324719815468731,0.4686618873324628,0.6832829670329671,0.713095238095238
ddisco_wiki_970,1,reddit,da,0.4594591020180049,0.33673077535556295,0.3845968703164118,0.35579201942904204,0.6305704557170518,0.5334911616161616
ddisco_wiki_971,2,reddit,da,0.4816070503385304,0.4220451555843605,0.35531733203088117,0.3969822850298595,0.6884527972027972,0.6023809523809524
ddisco_wiki_972,3,reddit,da,0.41760634558452037,0.41746718101106745,0.3719826654363441,0.3683389916464137,0.7625850340136054,0.7095238095238094
ddisco_wiki_973,2,reddit,da,0.42997193994859706,0.5138881679322854,0.362241733726048,0.4010505156973656,0.7327020202020202,0.7083333333333333
ddisco_wiki_974,3,wikipedia,da,0.45899723046274005,0.34010854524462947,0.35753919730714695,0.4040252868209376,0.738604797979798,0.7970238095238095
ddisco_wiki_975,2,reddit,da,0.48685067353886335,0.43467262402669105,0.36181550531191337,0.42827643987030806,0.6455550641309156,0.5296703296703297
ddisco_wiki_976,3,wikipedia,da,0.4499154600792579,0.44084247453350645,0.3574029163935455,0.42425812892071907,0.7139428472761806,0.638095238095238
ddisco_wiki_977,3,wikipedia,da,0.46889619547040295,0.4057594910536087,0.341882398580844,0.4048099895319692,0.6533434792045473,0.576388888888889
ddisco_wiki_978,3,wikipedia,da,0.4573720255789967,0.4093442495887791,0.35797307389634436,0.40111922787848553,0.7602040816326529,0.7095238095238094
ddisco_wiki_979,3,wikipedia,da,0.3848918960144339,0.4680536906073484,0.3653360535459728,0.40556249284421725,0.660894660894661,0.5056277056277056
ddisco_wiki_980,2,reddit,da,0.4791395478389343,0.45670378504386594,0.3718680733176636,0.3788833928324141,1.0,1.0
ddisco_wiki_981,2,wikipedia,da,0.4774221257752736,0.3960412775630166,0.3522592523683472,0.4421606911923377,0.6679914707989574,0.6352813852813853
ddisco_wiki_982,2,reddit,da,0.44907641419950795,0.3979660886377302,0.3745898782868278,0.3434835446942954,0.7139428472761806,0.5343915343915344
ddisco_wiki_983,1,reddit,da,0.48464214075301776,0.46730221354739976,0.3684878142485887,0.3928497128543152,1.0,1.0
ddisco_wiki_984,2,wikipedia,da,0.47284300633116055,0.43456649221420973,0.3731965716693681,0.3863093747174678,0.7936507936507936,0.611111111111111
ddisco_wiki_985,3,wikipedia,da,0.5206020934466108,0.5093846482735371,0.3360768616250096,0.4244309889804259,0.9199999999999999,0.9
ddisco_wiki_986,3,reddit,da,0.4182738203189934,0.3981257586823682,0.30762028590198665,0.3477930561120405,0.588934636942227,0.5389907478142772
ddisco_wiki_987,3,reddit,da,0.4782807308154708,0.38656086460964506,0.33935122115518523,0.4068526149530113,0.8015873015873017,0.6
ddisco_wiki_988,3,reddit,da,0.4933702279794753,0.4299591782486519,0.37164130518100963,0.3657642143258705,0.6966533466533468,0.560952380952381
ddisco_wiki_989,3,wikipedia,da,0.45358951888578747,0.388913996691256,0.35086912025678096,0.4233557779345897,0.6872577422577423,0.5076190476190476
ddisco_wiki_990,3,reddit,da,0.46047050018673813,0.3514953952503359,0.3671437857128387,0.3865366200094068,0.7254103535353535,0.5791666666666667
ddisco_wiki_991,3,reddit,da,0.4091602104004762,0.5529599806398994,0.3605564436368722,0.3834396861250863,0.7121471121471122,0.548148148148148
ddisco_wiki_992,3,wikipedia,da,0.4105070587528283,0.395957567096011,0.3007734162832032,0.3757715557608963,0.6182435333424218,0.5357142857142857
ddisco_wiki_993,3,wikipedia,da,0.43228313944181485,0.5366797204302732,0.34715035273829487,0.4196270265456471,0.7081368631368632,0.6634920634920635
ddisco_wiki_994,3,reddit,da,0.503364379895918,0.4395797038284252,0.4306092346826326,0.34085470555023534,,
ddisco_wiki_995,3,wikipedia,da,0.4541566685045489,0.39413286985269486,0.37392218597293264,0.3674422638309279,0.6977022977022977,0.5338095238095238
ddisco_wiki_996,2,reddit,da,0.4638828835305944,0.33348548072009265,0.3635189021224857,0.3846013782331846,0.7279658612991946,0.8113756613756613
ddisco_wiki_997,3,wikipedia,da,0.4844162511475363,0.35602372618050115,0.3550569530959396,0.4108663663741578,0.8065476190476191,0.8222222222222223
ddisco_wiki_998,2,reddit,da,0.45428633726513556,0.39315516919323146,0.3520022386861806,0.42272224765744226,0.9199999999999999,0.9
ddisco_wiki_999,2,wikipedia,da,0.41594216067115963,0.36969345346894184,0.3739591349911605,0.37161572594054815,0.6904945054945055,0.6230952380952381
ddisco_wiki_1000,3,reddit,da,0.4993905420508366,0.455579873226932,0.3631096924231445,0.40676512924473107,0.765986394557823,0.7999999999999999
ddisco_wiki_1001,3,reddit,da,0.4554437693508724,0.3995511203497343,0.3540328941503471,0.4511292219874459,0.6438751650825955,0.4860805860805861
ddisco_wiki_1002,2,wikipedia,da,0.4545322109166346,0.4411287174154821,0.360322222089428,0.39727641940471237,0.720464257964258,0.7124999999999999
