Index,coherence,source,lang,Prompt_MeanK1,Prompt_MeanK2,Prompt_Global,Prompt_MCR,Prompt_SSC,Prompt_WL,Prompt_Var,Prompt_Peak,Prompt_Valley,Prompt_Amp,Prompt_Skew,Prompt_Kurt,Prompt_ApEn,Prompt_Acf,Prompt_AcfZcr
ddisco_wiki_1,2,wikipedia,da,0.6165232174098492,,0.7455756068229675,0.5714285714285714,0.8333333333333334,0.10145573956625802,0.0051526164642363564,0.7533987164497375,0.488235205411911,0.26516351103782654,0.14534064882345,-3.0096432381500406,-0.15415067982725872,-0.19980561758364726,0.5714285714285714
ddisco_wiki_2,3,wikipedia,da,0.5584251011411349,,0.6885125041007996,0.45454545454545453,0.5,0.06376149437644264,0.004236471527021773,0.6790814995765686,0.4774816632270813,0.2015998363494873,0.37448411571530926,-4.239579725769509,-0.09531017980432521,0.2104246836206885,0.2727272727272727
ddisco_wiki_3,3,wikipedia,da,0.5087355321103876,,0.7423267364501953,0.5,0.4444444444444444,0.10908521711826324,0.015202269930302947,0.8319587707519531,0.3609192967414856,0.47103947401046753,1.418207249518718,-1.408504371338939,-0.10536051565782634,-0.05289406819684079,0.5
ddisco_wiki_4,1,reddit,da,,,,,,,,,,,,,,,
ddisco_wiki_5,3,wikipedia,da,0.6210951663945851,,0.8462334871292114,0.6111111111111112,0.7058823529411765,0.1295454568333096,0.013105596827443495,0.9242026209831238,0.42195382714271545,0.5022487938404083,0.7734921989507337,-2.316862670039223,0.015327565826450229,-0.040988455014859954,0.5
ddisco_wiki_6,2,wikipedia,da,0.6929330110549927,,0.8818849921226501,0.1111111111111111,0.875,0.0689169234699673,0.011675647418741022,0.8844478130340576,0.5181871056556702,0.36626070737838745,-0.22347978403787114,-3.611412556820908,0.03624967113471511,0.4205250023076494,0.1111111111111111
ddisco_wiki_7,3,wikipedia,da,0.7495628529124789,,0.9072679281234741,0.75,0.7142857142857143,0.09924750030040741,0.007258215563952038,0.9034578204154968,0.634718656539917,0.26873916387557983,0.4107643196738619,-3.86679224465467,0.039755402515464056,0.06484447986345077,0.25
ddisco_wiki_8,3,wikipedia,da,0.6245057384173075,,0.8036360740661621,0.75,0.7142857142857143,0.16853832453489304,0.013291423966974135,0.8394601941108704,0.4677749574184418,0.3716852366924286,0.35476285721884526,-3.9739193086607356,-0.1335313926245223,-0.5427046883880906,1.0
ddisco_wiki_9,3,wikipedia,da,0.6760107398033142,,0.8748897910118103,0.25,0.3333333333333333,0.11839058995246887,0.013792471682587005,0.895241379737854,0.5471134185791016,0.34812796115875244,1.008263135629958,-3.267640109612415,-0.2876820724517808,0.07755601846525917,0.25
ddisco_wiki_10,2,reddit,da,,,,,,,,,,,,,,,
ddisco_wiki_11,3,reddit,da,,,,,,,,,,,,,,,
ddisco_wiki_12,2,reddit,da,,,,,,,,,,,,,,,
ddisco_wiki_13,3,reddit,da,,,,,,,,,,,,,,,
ddisco_wiki_14,3,wikipedia,da,0.6342467239924839,,0.8251821994781494,0.46153846153846156,0.4166666666666667,0.06277940364984366,0.00627145453448688,0.8631167411804199,0.5547605752944946,0.3083561658859253,1.7723457044245772,-0.49674030953125303,0.13323334788337027,-0.02690507403028033,0.6153846153846154
ddisco_wiki_15,2,wikipedia,da,0.6892458332909478,,0.9084495306015015,0.375,0.7142857142857143,0.11091937124729156,0.019803247354264863,0.9390671849250793,0.5247188806533813,0.414348304271698,0.5029350964614236,-4.215762734216969,-0.1335313926245223,0.36782933668585727,0.375
ddisco_wiki_16,3,wikipedia,da,0.6279546876748403,,0.8408781886100769,0.35714285714285715,0.6923076923076923,0.16597884893417358,0.01690451608998639,0.870746374130249,0.46525853872299194,0.4054878354072571,0.6884634777845481,-3.78114252888637,0.024913053640555738,-0.15548430694974183,0.6428571428571429
ddisco_wiki_17,2,reddit,da,,,,,,,,,,,,,,,
ddisco_wiki_18,3,wikipedia,da,0.6694716885685921,,0.8311465382575989,0.45454545454545453,0.6,0.12599837238138373,0.012878260472836226,0.8177918791770935,0.4909673035144806,0.3268245756626129,-0.1580997020249444,-4.459968546707871,0.030716580297483365,0.07493547601129028,0.45454545454545453
ddisco_wiki_19,3,wikipedia,da,0.6290873289108276,,0.818146288394928,0.3,0.6666666666666666,0.0868650197982788,0.009153700351993942,0.8433298468589783,0.5267879962921143,0.316541850566864,0.9491437202987035,-3.0624332951954147,0.03326892045416274,0.2716826823270549,0.1
ddisco_wiki_20,1,reddit,da,,,,,,,,,,,,,,,
ddisco_wiki_21,2,reddit,da,,,,,,,,,,,,,,,
ddisco_wiki_22,1,reddit,da,,,,,,,,,,,,,,,
ddisco_wiki_23,3,wikipedia,da,0.7105005582173666,,0.8762479424476624,0.8,0.75,0.1259473443031311,0.006734216084851931,0.8454124927520752,0.5934131741523743,0.2519993185997009,0.18458103816275417,-3.9840842749819667,-0.2231435513142097,-0.3372147666068054,0.8
ddisco_wiki_24,2,reddit,da,,,,,,,,,,,,,,,
ddisco_wiki_25,3,wikipedia,da,0.6559170285860697,,0.8249750733375549,0.6,1.0,0.17799098491668702,0.018376131272468007,0.8724068999290466,0.5340121388435364,0.33839476108551025,0.7013996505125408,-4.378467149146939,-0.2231435513142097,-0.36994925755242675,0.6
ddisco_wiki_26,3,reddit,da,,,,,,,,,,,,,,,
ddisco_wiki_27,3,reddit,da,,,,,,,,,,,,,,,
ddisco_wiki_28,3,wikipedia,da,0.7277780175209045,,0.8331395983695984,0.3333333333333333,0.5,0.10510033369064331,0.010083542599582884,0.8646121025085449,0.6059492826461792,0.2586628198623657,0.14891933049339784,-4.536386836769417,-0.4054651081081645,0.21557724239094583,0.3333333333333333
ddisco_wiki_29,2,wikipedia,da,0.6226099669933319,,0.8876601457595825,0.5555555555555556,0.625,0.11363842089970906,0.009742055908639066,0.8628420233726501,0.4938558340072632,0.36898618936538696,1.2056165677145176,-2.090681646573372,0.03624967113471511,-0.23730714971640823,0.5555555555555556
ddisco_wiki_30,3,wikipedia,da,0.6536120447245511,,0.8426790833473206,0.4,0.5555555555555556,0.15814167857170106,0.017069843695557915,0.8848137855529785,0.42630207538604736,0.45851171016693115,0.3137346322610947,-3.6841751919035595,-0.10536051565782634,-0.2093850979784626,0.6
ddisco_wiki_31,2,reddit,da,,,,,,,,,,,,,,,
ddisco_wiki_32,3,wikipedia,da,0.6813206821680069,,0.9228265881538391,0.7142857142857143,0.8333333333333334,0.19345111506325857,0.018596277980940767,0.9338587522506714,0.5365548133850098,0.3973039388656616,0.594242896080808,-4.05295656933506,0.043891371761297204,-0.39808351653030183,0.7142857142857143
ddisco_wiki_33,3,reddit,da,,,,,,,,,,,,,,,
ddisco_wiki_34,3,wikipedia,da,0.598224822963987,,0.8387726545333862,0.3076923076923077,0.4166666666666667,0.050549791409419134,0.007007582754520445,0.855303943157196,0.5169382095336914,0.33836573362350464,1.9096961119647142,0.5828144119496681,0.12434684556849929,0.35239182392249474,0.15384615384615385
ddisco_wiki_35,3,reddit,da,,,,,,,,,,,,,,,
ddisco_wiki_36,3,wikipedia,da,0.555799275636673,,0.6713399887084961,0.5,0.4,0.11102170745531718,0.018473491261821757,0.8573973774909973,0.395347535610199,0.46204984188079834,1.2942369179211564,-2.240539580774888,-0.18232155679395445,0.05707910411895579,0.5
ddisco_wiki_37,3,wikipedia,da,0.7006108590534755,,0.8191249370574951,0.5,0.8,0.14462325970331827,0.013131956147417273,0.8951542377471924,0.5616450309753418,0.3335092067718506,0.39758328421934414,-4.088953021597441,-0.18232155679395445,-0.10773276753364455,0.5
ddisco_wiki_38,3,reddit,da,,,,,,,,,,,,,,,
ddisco_wiki_39,3,reddit,da,,,,,,,,,,,,,,,
ddisco_wiki_40,3,reddit,da,,,,,,,,,,,,,,,
ddisco_wiki_41,3,wikipedia,da,0.7263527989387513,,0.8589339256286621,0.25,0.6666666666666666,0.09491455554962158,0.012699201920295024,0.8333740830421448,0.5487576723098755,0.2846164107322693,-0.5096087162210374,-4.379410709692744,-0.2876820724517808,0.3591772256162418,0.25
ddisco_wiki_42,3,wikipedia,da,0.6384204947031461,,0.8440636396408081,0.16666666666666666,0.7272727272727273,0.07596283654371898,0.008553031286670239,0.8555082082748413,0.5158172249794006,0.3396909832954407,0.7139980151928406,-3.015598208053162,-0.08701137698962969,0.3597810186967664,0.3333333333333333
ddisco_wiki_43,2,reddit,da,,,,,,,,,,,,,,,
ddisco_wiki_44,3,wikipedia,da,0.6986467374695672,,0.8842588663101196,0.625,0.5714285714285714,0.09989840537309647,0.010275292361533163,0.889157772064209,0.557217538356781,0.331940233707428,0.20490190661078939,-3.794868811961218,-0.1335313926245223,0.14658818024947412,0.375
ddisco_wiki_45,3,wikipedia,da,0.6207670410474141,,0.7788892388343811,0.42857142857142855,0.5384615384615384,0.11147617016519819,0.010427000605212185,0.7859016060829163,0.40754541754722595,0.3783561885356903,-0.22804027230441037,-3.6255886624480063,-0.07410797215372167,0.08228884122511572,0.5714285714285714
ddisco_wiki_46,3,reddit,da,,,,,,,,,,,,,,,
ddisco_wiki_47,2,reddit,da,,,,,,,,,,,,,,,
ddisco_wiki_48,2,wikipedia,da,0.6033987743513924,,0.8151704668998718,0.3076923076923077,0.6666666666666666,0.08784675598144531,0.011132745446775066,0.8939578533172607,0.4907451272010803,0.4032127261161804,1.3803534373084916,-1.5653104081884788,0.1332333478833707,0.04429439453791266,0.15384615384615385
ddisco_wiki_49,2,wikipedia,da,0.5734797306358814,,0.6426646709442139,0.2857142857142857,0.8333333333333334,0.08715741974966866,0.011004431947221546,0.8265119194984436,0.4817311465740204,0.3447807729244232,1.6179945816388825,-1.635801584543933,-0.15415067982725872,-0.07953700592433272,0.5714285714285714
ddisco_wiki_50,3,wikipedia,da,0.6152499583032396,,0.7949702739715576,0.375,0.5714285714285714,0.06454796344041824,0.006438071311816657,0.8124843835830688,0.5261736512184143,0.28631073236465454,1.4062073996264701,-1.682578687004118,-0.1335313926245223,0.180601370374909,0.375
ddisco_wiki_51,2,reddit,da,,,,,,,,,,,,,,,
ddisco_wiki_52,2,wikipedia,da,0.5164056079728263,,0.6160690784454346,0.3333333333333333,0.6,0.034153143564860024,0.001360096106238279,0.5978415012359619,0.46776849031448364,0.13007301092147827,1.1873750213856755,-2.1614686459212216,0.048727503392693716,0.11262376634323068,0.3333333333333333
ddisco_wiki_53,2,reddit,da,,,,,,,,,,,,,,,
ddisco_wiki_54,3,reddit,da,,,,,,,,,,,,,,,
ddisco_wiki_55,1,reddit,da,,,,,,,,,,,,,,,
ddisco_wiki_56,2,reddit,da,,,,,,,,,,,,,,,
ddisco_wiki_57,3,reddit,da,,,,,,,,,,,,,,,
ddisco_wiki_58,2,reddit,da,,,,,,,,,,,,,,,
ddisco_wiki_59,2,wikipedia,da,0.6500999672072274,,0.8031730651855469,0.46153846153846156,0.75,0.08412478520320012,0.009758716217997747,0.9346120953559875,0.49974197149276733,0.4348701238632202,1.4469056934722024,-0.47590785994363305,0.17348320509602821,0.08831528322354718,0.15384615384615385
ddisco_wiki_60,2,reddit,da,,,,,,,,,,,,,,,
ddisco_wiki_61,3,wikipedia,da,0.6293705728921023,,0.840718686580658,0.6,0.7777777777777778,0.17177989482879638,0.01297432616485001,0.7446810007095337,0.41394713521003723,0.33073386549949646,-0.8522276148551668,-3.911803610450915,0.03326892045416274,-0.43009383644718713,0.6
ddisco_wiki_62,2,reddit,da,,,,,,,,,,,,,,,
ddisco_wiki_63,2,reddit,da,,,,,,,,,,,,,,,
ddisco_wiki_64,3,wikipedia,da,0.6308702396021949,,0.7083858251571655,0.375,0.42857142857142855,0.06561817228794098,0.00484672703305539,0.7617175579071045,0.49893680214881897,0.2627807557582855,-0.06615578806107081,-3.09623245726785,-0.1335313926245223,0.261882499616591,0.375
ddisco_wiki_65,3,reddit,da,,,,,,,,,,,,,,,
ddisco_wiki_66,2,reddit,da,,,,,,,,,,,,,,,
ddisco_wiki_67,2,wikipedia,da,0.6779508723153008,,0.8626394271850586,0.625,0.7142857142857143,0.15541501343250275,0.013674730770790828,0.8853703737258911,0.5269492268562317,0.3584211468696594,0.46547258255240076,-4.115193994242907,0.039755402515464056,-0.30790660044957746,0.625
ddisco_wiki_68,3,wikipedia,da,0.595347136259079,,0.7075006365776062,0.6,0.5,0.12607675790786743,0.017493968546551386,0.852204442024231,0.46325135231018066,0.3889530897140503,0.9307588911062503,-3.364170632585874,-0.2231435513142097,0.1097056472714128,0.2
ddisco_wiki_69,2,wikipedia,da,0.6774223471681277,,0.8885672688484192,0.391304347826087,0.5909090909090909,0.13466108622758285,0.015155728579408312,0.8772145509719849,0.4644089937210083,0.41280555725097656,-0.4225981551608819,-4.061223222579224,0.32231124622811036,0.20209185852645384,0.30434782608695654
ddisco_wiki_70,3,wikipedia,da,0.6426083981990814,,0.7871565818786621,0.4444444444444444,0.375,0.0914185576968723,0.008003661827524731,0.7884694337844849,0.5026530027389526,0.2858164310455322,0.44409328111932406,-3.8840130769395826,-0.11778303565638382,0.23821423850687332,0.4444444444444444
ddisco_wiki_71,2,reddit,da,,,,,,,,,,,,,,,
ddisco_wiki_72,1,reddit,da,,,,,,,,,,,,,,,
ddisco_wiki_73,3,wikipedia,da,0.5726470781697167,,0.8594982624053955,0.25,0.42857142857142855,0.12259355932474136,0.022481492625133673,0.9010282158851624,0.37974321842193604,0.5212849974632263,1.0628108492781645,-2.870108521913464,0.039755402515464056,0.18391998120250513,0.25
ddisco_wiki_74,1,wikipedia,da,0.6454029679298401,,0.7272382974624634,0.2,0.25,0.08221114873886108,0.012155684293073676,0.8728196620941162,0.5350193381309509,0.3378003239631653,1.2419618953013445,-2.782292377336618,-0.2231435513142097,0.2604202446030369,0.2
ddisco_wiki_75,2,reddit,da,,,,,,,,,,,,,,,
ddisco_wiki_76,3,reddit,da,,,,,,,,,,,,,,,
ddisco_wiki_77,3,reddit,da,,,,,,,,,,,,,,,
ddisco_wiki_78,3,reddit,da,,,,,,,,,,,,,,,
ddisco_wiki_79,3,reddit,da,,,,,,,,,,,,,,,
ddisco_wiki_80,3,wikipedia,da,0.6624709904193878,,0.814417839050293,0.4444444444444444,0.375,0.08339790503184001,0.007017732167082222,0.8171280026435852,0.5711817741394043,0.2459462285041809,0.8296377240216286,-3.922331142964176,0.03624967113471511,0.01155422603446452,0.6666666666666666
ddisco_wiki_81,2,wikipedia,da,0.6633005857467651,,0.8117707371711731,0.6666666666666666,0.625,0.12116781870524089,0.00867970581183556,0.8399470448493958,0.5302872061729431,0.30965983867645264,0.4445825052049571,-3.9603298088031775,-0.11778303565638382,-0.19262790893444687,0.4444444444444444
ddisco_wiki_82,3,wikipedia,da,0.6927699067375876,,0.9096837043762207,0.3,0.5555555555555556,0.07409552335739136,0.007034660067121525,0.8773067593574524,0.5792809724807739,0.29802578687667847,0.7824881568187564,-3.1120321374667648,0.17189835656615227,0.17502986590125771,0.1
ddisco_wiki_83,2,reddit,da,,,,,,,,,,,,,,,
ddisco_wiki_84,3,reddit,da,,,,,,,,,,,,,,,
ddisco_wiki_85,2,wikipedia,da,0.626365446127378,,0.9030875563621521,0.5,0.8181818181818182,0.09247972071170807,0.007962156509214046,0.8334024548530579,0.5134903192520142,0.3199121356010437,0.9956727517255342,-2.8089650132256723,0.0285131531036944,-0.06177567351803513,0.6666666666666666
ddisco_wiki_86,2,reddit,da,,,,,,,,,,,,,,,
ddisco_wiki_87,3,reddit,da,,,,,,,,,,,,,,,
ddisco_wiki_88,2,wikipedia,da,0.7190835475921631,,0.8652597069740295,0.3333333333333333,0.75,0.10612497727076213,0.011701786405600956,0.9088289737701416,0.5144508481025696,0.394378125667572,-0.17830046436118824,-3.462330666679508,-0.11778303565638382,0.3935591924523579,0.1111111111111111
ddisco_wiki_89,2,wikipedia,da,0.6695035348335902,,0.8349402546882629,0.36363636363636365,0.5,0.08095512606880882,0.008244702288354033,0.8552550673484802,0.5173569917678833,0.3378980755805969,0.5125294996876743,-3.425112067039359,0.030716580297483365,0.290009076768933,0.5454545454545454
ddisco_wiki_90,3,reddit,da,,,,,,,,,,,,,,,
ddisco_wiki_91,3,wikipedia,da,0.6500404519694192,,0.8301944136619568,0.38461538461538464,0.6666666666666666,0.06724894963777982,0.004376093224442083,0.7378835678100586,0.5058205127716064,0.23206305503845215,-0.6496035024159252,-3.1354717993294887,0.13323334788336982,-0.04023714017423246,0.5384615384615384
ddisco_wiki_92,3,wikipedia,da,0.6996639900737338,,0.8497498035430908,0.5,0.42857142857142855,0.1009085401892662,0.008710482812645989,0.8563387393951416,0.59402996301651,0.2623087763786316,0.3554740595405707,-4.175868495388612,-0.1335313926245223,-0.21584489559890968,0.5
ddisco_wiki_93,2,reddit,da,,,,,,,,,,,,,,,
ddisco_wiki_94,2,reddit,da,,,,,,,,,,,,,,,
ddisco_wiki_95,3,reddit,da,,,,,,,,,,,,,,,
ddisco_wiki_96,3,reddit,da,,,,,,,,,,,,,,,
ddisco_wiki_97,2,reddit,da,,,,,,,,,,,,,,,
ddisco_wiki_98,3,wikipedia,da,0.6414674073457718,,0.8521156907081604,0.2857142857142857,0.5,0.11419681991849627,0.016442450045951906,0.9040154218673706,0.5151972770690918,0.3888181447982788,1.0661841705800725,-3.3359148148480617,-0.15415067982725872,0.04789338640775773,0.2857142857142857
ddisco_wiki_99,2,wikipedia,da,0.5809792361476205,,0.8295828104019165,0.4,0.6666666666666666,0.11800302267074585,0.021754981927408178,0.8495689630508423,0.41452768445014954,0.43504127860069275,0.8262133172821585,-3.8434774758770702,0.03326892045416274,0.23771969720387862,0.6
ddisco_wiki_100,3,wikipedia,da,0.7515591581662496,,0.8506073951721191,0.5,0.42857142857142855,0.09014710783958435,0.006968802118661206,0.8461607694625854,0.5429143309593201,0.3032464385032654,-1.5120987834436386,-1.4360032387253572,0.039755402515464056,-0.3861900263779672,0.5
ddisco_wiki_101,2,reddit,da,,,,,,,,,,,,,,,
ddisco_wiki_102,3,reddit,da,,,,,,,,,,,,,,,
ddisco_wiki_103,3,wikipedia,da,0.6203107856787168,,0.8740411996841431,0.5833333333333334,0.7272727272727273,0.08004299799601237,0.008976950567465617,0.8755485415458679,0.49444159865379333,0.3811069428920746,1.1286123160979342,-1.4671050987728549,0.12006417715937046,0.2151474582758642,0.4166666666666667
ddisco_wiki_104,2,wikipedia,da,0.597057021326489,,0.7116749286651611,0.5,0.42857142857142855,0.12059903889894485,0.012935627909559952,0.7600871324539185,0.4404677450656891,0.31961938738822937,0.14794797975369775,-4.61790547338277,-0.1335313926245223,0.044032797789134555,0.5
ddisco_wiki_105,2,reddit,da,,,,,,,,,,,,,,,
ddisco_wiki_106,2,reddit,da,,,,,,,,,,,,,,,
ddisco_wiki_107,3,reddit,da,,,,,,,,,,,,,,,
ddisco_wiki_108,3,wikipedia,da,0.6367411315441132,,0.7605917453765869,0.42857142857142855,0.3333333333333333,0.06204171691622053,0.005789110631970296,0.7760332226753235,0.5437521934509277,0.23228102922439575,0.5060522253694761,-3.8767640656158284,-0.15415067982725872,0.32056228103968065,0.42857142857142855
ddisco_wiki_109,2,reddit,da,,,,,,,,,,,,,,,
ddisco_wiki_110,2,reddit,da,,,,,,,,,,,,,,,
ddisco_wiki_111,3,wikipedia,da,0.6538634419441223,,0.85318523645401,0.25,0.6666666666666666,0.08829997479915619,0.012952145102763383,0.8785614371299744,0.577718198299408,0.3008432388305664,1.4072322322511042,-2.87865223372423,0.05889151782819191,0.052171260728980304,0.25
ddisco_wiki_112,3,wikipedia,da,0.7325505614280701,,0.90847247838974,0.5,0.8,0.12640724579493204,0.008841815326022129,0.8973724842071533,0.6495401859283447,0.2478322982788086,0.856330000966277,-4.040607854423257,-0.18232155679395445,-0.43958013971038873,0.8333333333333334
ddisco_wiki_113,2,wikipedia,da,0.6530511421816689,,0.8218831419944763,0.3076923076923077,0.8333333333333334,0.11473324665656456,0.013259328406423885,0.8266160488128662,0.4703778326511383,0.3562382161617279,-0.3509341515784662,-4.261015016385642,0.026595320104917164,0.16878453586082007,0.3076923076923077
ddisco_wiki_114,3,wikipedia,da,0.6751287579536438,,0.8596480488777161,0.5454545454545454,0.8,0.10109304298054088,0.010056837173504954,0.8545986413955688,0.498332142829895,0.35626649856567383,-0.10876850844356198,-3.9268394941131244,-0.09531017980432521,0.20774258570515247,0.18181818181818182
ddisco_wiki_115,2,reddit,da,,,,,,,,,,,,,,,
ddisco_wiki_116,3,wikipedia,da,0.6838024045739856,,0.7519139051437378,0.5,0.8,0.11222004393736522,0.012260479143794028,0.8125545382499695,0.4865141808986664,0.3260403573513031,-0.3609130457510328,-4.02843824560385,0.04872750339269394,-0.20964106357099577,0.5
ddisco_wiki_117,3,reddit,da,,,,,,,,,,,,,,,
ddisco_wiki_118,3,wikipedia,da,0.6224163860082627,,0.8654141426086426,0.3333333333333333,0.5,0.10985619492001003,0.014341967355552408,0.8843504190444946,0.4446513056755066,0.43969911336898804,0.5329773002040774,-2.908167183711743,0.03624967113471511,0.1640420919476564,0.3333333333333333
ddisco_wiki_119,3,wikipedia,da,0.6505006419287788,,0.8370497226715088,0.35294117647058826,0.625,0.0765481941840228,0.00695718642021112,0.8912779092788696,0.5436212420463562,0.3476566672325134,1.175829750430657,-1.5720782667147493,0.16709308470755868,0.19769281903217278,0.35294117647058826
ddisco_wiki_120,2,wikipedia,da,0.682751633904197,,0.8429689407348633,0.6,0.5555555555555556,0.12250114679336548,0.010677002617488973,0.866722822189331,0.5260017514228821,0.340721070766449,0.09598620500623525,-4.129245864854632,-0.10536051565782634,0.013498494489146539,0.4
ddisco_wiki_121,3,reddit,da,,,,,,,,,,,,,,,
ddisco_wiki_122,3,wikipedia,da,0.6022003203630447,,0.8997480869293213,0.3333333333333333,0.625,0.11195595396889581,0.01856367214916227,0.9376639723777771,0.48504510521888733,0.45261886715888977,1.5115972140345506,-1.9530930604111472,0.19028237792581426,-0.010892708376579446,0.3333333333333333
ddisco_wiki_123,2,reddit,da,,,,,,,,,,,,,,,
ddisco_wiki_124,2,reddit,da,,,,,,,,,,,,,,,
ddisco_wiki_125,2,wikipedia,da,0.609070211648941,,0.7968759536743164,0.5,0.4,0.11527637143929799,0.015917045595617654,0.8594037890434265,0.4765673577785492,0.3828364312648773,0.7864993980627575,-3.404067087264671,-0.18232155679395445,0.23258029352669657,0.5
ddisco_wiki_126,3,wikipedia,da,0.5622723954064506,,0.7342959046363831,0.5,0.8,0.10945217311382294,0.01802027646701947,0.7843906879425049,0.4136461317539215,0.3707445561885834,0.5259200630530112,-4.227935346250917,-0.18232155679395445,0.3470595421344655,0.16666666666666666
ddisco_wiki_127,3,reddit,da,,,,,,,,,,,,,,,
ddisco_wiki_128,2,reddit,da,,,,,,,,,,,,,,,
ddisco_wiki_129,2,reddit,da,,,,,,,,,,,,,,,
ddisco_wiki_130,3,wikipedia,da,0.7255539670586586,,0.8811306357383728,0.42857142857142855,0.8333333333333334,0.0781928300857544,0.00566333590421747,0.8429161310195923,0.645713210105896,0.1972029209136963,0.568812602290489,-4.292773439340305,-0.15415067982725872,0.0698289040369175,0.14285714285714285
ddisco_wiki_131,3,reddit,da,,,,,,,,,,,,,,,
ddisco_wiki_132,3,reddit,da,,,,,,,,,,,,,,,
ddisco_wiki_133,3,reddit,da,,,,,,,,,,,,,,,
ddisco_wiki_134,2,reddit,da,,,,,,,,,,,,,,,
ddisco_wiki_135,2,wikipedia,da,0.6896083525248936,,0.8181594610214233,0.5,0.4,0.11259543895721436,0.008462329698502623,0.8368785977363586,0.5754033923149109,0.26147520542144775,0.5225459858764998,-4.250274536547022,-0.18232155679395445,-0.08996257861933922,0.5
ddisco_wiki_136,3,reddit,da,,,,,,,,,,,,,,,
ddisco_wiki_137,3,wikipedia,da,0.7556557884583106,,0.856184184551239,0.5833333333333334,0.5454545454545454,0.08356207609176636,0.00538303095186523,0.8380013704299927,0.5816993713378906,0.25630199909210205,-0.8623103755252213,-3.089626178879792,0.028513153103694844,-0.2662640969012317,0.5833333333333334
ddisco_wiki_138,1,reddit,da,,,,,,,,,,,,,,,
ddisco_wiki_139,2,reddit,da,,,,,,,,,,,,,,,
ddisco_wiki_140,1,reddit,da,,,,,,,,,,,,,,,
ddisco_wiki_141,2,reddit,da,,,,,,,,,,,,,,,
ddisco_wiki_142,2,reddit,da,,,,,,,,,,,,,,,
ddisco_wiki_143,2,reddit,da,,,,,,,,,,,,,,,
ddisco_wiki_144,3,reddit,da,,,,,,,,,,,,,,,
ddisco_wiki_145,3,reddit,da,,,,,,,,,,,,,,,
ddisco_wiki_146,3,wikipedia,da,0.666547417640686,,0.8667539954185486,0.5,0.3333333333333333,0.15569250285625458,0.02218063693361927,0.9036082029342651,0.5083910822868347,0.3952171206474304,0.3510058044026962,-4.202481501142961,-0.2876820724517808,-0.12079194569676112,0.5
ddisco_wiki_147,3,wikipedia,da,0.71858016649882,,0.8507366180419922,0.375,0.5714285714285714,0.059863656759262085,0.005003444363284062,0.8343390822410583,0.648632824420929,0.1857062578201294,0.5074350889331141,-4.417377935974781,-0.1335313926245223,0.26311091633797024,0.375
ddisco_wiki_148,2,reddit,da,,,,,,,,,,,,,,,
ddisco_wiki_149,1,reddit,da,,,,,,,,,,,,,,,
ddisco_wiki_150,3,wikipedia,da,0.628322238723437,,0.8039038777351379,0.2727272727272727,0.8,0.08896094018762762,0.008411619677950727,0.8238476514816284,0.5211666822433472,0.30268096923828125,0.9848744275465946,-3.158668008024413,-0.09531017980432521,0.19734788948555196,0.2727272727272727
ddisco_wiki_151,2,wikipedia,da,0.6476119756698608,,0.8378180861473083,0.38461538461538464,0.75,0.09381251610242404,0.010601201920210255,0.884253203868866,0.5382795333862305,0.3459736704826355,1.1556633419702027,-2.841291275741173,0.34650940344027603,0.1518544121993212,0.38461538461538464
ddisco_wiki_152,3,reddit,da,,,,,,,,,,,,,,,
ddisco_wiki_153,2,reddit,da,,,,,,,,,,,,,,,
ddisco_wiki_154,3,wikipedia,da,0.6591019196943804,,0.8733618259429932,0.6,0.8888888888888888,0.11837596893310547,0.0073100956700081045,0.7977831959724426,0.5347352027893066,0.263047993183136,0.3192290442481107,-4.223448456244692,-0.10536051565782634,-0.14546025418088737,0.6
ddisco_wiki_155,2,wikipedia,da,0.6887718478838603,,0.8261733651161194,0.5714285714285714,0.5384615384615384,0.08783867103712899,0.006227309781362306,0.851574718952179,0.5781915783882141,0.27338314056396484,0.7066288440630538,-3.6546937273384037,0.024913053640555738,-0.052008644911078886,0.7142857142857143
ddisco_wiki_156,2,reddit,da,,,,,,,,,,,,,,,
ddisco_wiki_157,3,reddit,da,,,,,,,,,,,,,,,
ddisco_wiki_158,3,reddit,da,,,,,,,,,,,,,,,
ddisco_wiki_159,3,wikipedia,da,0.7375080330031258,,0.8728472590446472,0.5,0.8,0.10581541061401367,0.011103673855024258,0.8233230710029602,0.5133184194564819,0.31000465154647827,-1.2548060716245337,-2.8925254315575244,-0.18232155679395445,-0.15725662978110497,0.5
ddisco_wiki_160,3,wikipedia,da,0.6639695962270101,,0.7712458372116089,0.8,0.75,0.14838520288467408,0.009366274576383738,0.8146842122077942,0.529944896697998,0.28473931550979614,-0.011371253611745439,-4.133382745632021,-0.2231435513142097,-0.45101250455377623,0.8
ddisco_wiki_161,2,wikipedia,da,0.6947428087393442,,0.7811539769172668,0.4,0.75,0.10281050205230713,0.008105529307232493,0.8695840239524841,0.5806600451469421,0.288923978805542,0.8313630951006229,-3.161120583588086,-0.2231435513142097,-0.009973601986760991,0.4
ddisco_wiki_162,2,reddit,da,,,,,,,,,,,,,,,
ddisco_wiki_163,3,wikipedia,da,0.5835730007716587,,0.7512885928153992,0.16666666666666666,1.0,0.0906195342540741,0.00904485010821073,0.7394192218780518,0.46136555075645447,0.2780536711215973,0.20907686587113183,-4.309272590165696,-0.18232155679395445,0.07764348856297927,0.16666666666666666
ddisco_wiki_164,3,wikipedia,da,0.6130487322807312,,0.7906165719032288,0.3333333333333333,0.0,0.12087819973627727,0.020227366743826636,0.8558931946754456,0.49325859546661377,0.3626345992088318,1.0544533606816269,-3.7313832510731246,-0.4054651081081645,-0.03453650959840686,0.3333333333333333
ddisco_wiki_165,2,reddit,da,,,,,,,,,,,,,,,
ddisco_wiki_166,3,reddit,da,,,,,,,,,,,,,,,
ddisco_wiki_167,2,wikipedia,da,0.6675434311230978,,0.8245769143104553,0.6,0.5,0.09126565456390381,0.010780354636551298,0.8606862425804138,0.5378419756889343,0.3228442668914795,0.6525121197054551,-3.4993470775100866,-0.2231435513142097,0.11019572551964313,0.6
ddisco_wiki_168,3,wikipedia,da,0.7129440307617188,,0.8215745687484741,0.4,0.75,0.1134728193283081,0.011059461710392071,0.8687224984169006,0.5754646062850952,0.2932578921318054,-0.12426787856086206,-4.26356897023531,-0.2231435513142097,-0.14322448428892073,0.8
ddisco_wiki_169,3,wikipedia,da,0.7396988357816424,,0.7697470784187317,0.6666666666666666,0.6,0.09423131744066875,0.006676280202240828,0.8717976212501526,0.574935793876648,0.29686182737350464,-0.5550746469020611,-2.655020446713233,0.048727503392693716,-0.07490226779490859,0.6666666666666666
ddisco_wiki_170,3,reddit,da,,,,,,,,,,,,,,,
ddisco_wiki_171,3,wikipedia,da,0.6753935019175211,,0.8280951380729675,0.4,0.25,0.0993260383605957,0.010618414694370021,0.8662150502204895,0.5314962267875671,0.33471882343292236,0.5399006337668927,-3.3567477189100465,-0.2231435513142097,0.19991997862217598,0.4
ddisco_wiki_172,3,wikipedia,da,0.6374986256871905,,0.8200764060020447,0.3333333333333333,0.6,0.07667109370231628,0.011654200342776764,0.8813770413398743,0.5685659646987915,0.31281107664108276,1.5413128718330633,-2.1914256275806614,0.08270731075177307,-0.040543890292286576,0.3333333333333333
ddisco_wiki_173,3,wikipedia,da,0.5812126517295837,,0.8273791670799255,0.4444444444444444,0.625,0.04777527517742581,0.0024319988327596324,0.6914076209068298,0.509678065776825,0.18172955513000488,0.8480857204222071,-2.870589819382053,0.19028237792581426,-0.010316188244963572,0.4444444444444444
ddisco_wiki_174,2,reddit,da,,,,,,,,,,,,,,,
ddisco_wiki_175,2,reddit,da,,,,,,,,,,,,,,,
ddisco_wiki_176,2,reddit,da,,,,,,,,,,,,,,,
ddisco_wiki_177,3,reddit,da,,,,,,,,,,,,,,,
ddisco_wiki_178,3,reddit,da,,,,,,,,,,,,,,,
ddisco_wiki_179,3,wikipedia,da,0.6810657382011414,,0.8219743967056274,0.14285714285714285,0.6666666666666666,0.050066496644701274,0.008491524033914288,0.8275822401046753,0.5471617579460144,0.2804204821586609,0.5039631560170863,-3.8576676566940784,0.043891371761297204,0.4448683038231695,0.14285714285714285
ddisco_wiki_180,1,reddit,da,,,,,,,,,,,,,,,
ddisco_wiki_181,3,wikipedia,da,0.6269209459424019,,0.8210185170173645,0.42857142857142855,0.8333333333333334,0.11241706780024938,0.010461090872583012,0.8426902294158936,0.5004604458808899,0.34222978353500366,0.9853665104626013,-3.0350507434025604,-0.15415067982725872,0.05323029328260481,0.14285714285714285
ddisco_wiki_182,3,wikipedia,da,0.585161050160726,,0.7891435027122498,0.25,0.42857142857142855,0.06866620481014252,0.010925675203490451,0.8285692930221558,0.49086689949035645,0.3377023935317993,1.3294584053910083,-2.4246715411525033,0.039755402515464056,0.35873039700883236,0.5
ddisco_wiki_183,2,reddit,da,,,,,,,,,,,,,,,
ddisco_wiki_184,3,reddit,da,,,,,,,,,,,,,,,
ddisco_wiki_185,2,reddit,da,,,,,,,,,,,,,,,
ddisco_wiki_186,3,wikipedia,da,0.5532366633415222,,0.6971060037612915,0.5,0.3333333333333333,0.049005404114723206,0.0017549703878628974,0.6000825762748718,0.4912559986114502,0.10882657766342163,-0.4095567345615965,-4.545560333400877,-0.2876820724517808,0.10877458984394987,0.5
ddisco_wiki_187,3,wikipedia,da,0.7025413885712624,,0.8816359043121338,0.42857142857142855,0.3333333333333333,0.0883109484400068,0.010514397781070828,0.8864384889602661,0.5187836289405823,0.36765486001968384,0.011797743461081301,-3.342577806425595,0.043891371761297204,0.20244438820822344,0.42857142857142855
ddisco_wiki_188,3,reddit,da,,,,,,,,,,,,,,,
ddisco_wiki_189,2,wikipedia,da,0.6080900821192511,,0.8684725165367126,0.25,0.7037037037037037,0.079958404813494,0.011935180366009495,0.9107263088226318,0.42089155316352844,0.4898347556591034,1.397002032659237,-1.5642937007834448,0.31137844853959695,0.23224630682928404,0.25
ddisco_wiki_190,3,reddit,da,,,,,,,,,,,,,,,
ddisco_wiki_191,3,wikipedia,da,0.6531262908663068,,0.7976296544075012,0.38461538461538464,0.6666666666666666,0.09949114689460167,0.009195192401984876,0.8337489366531372,0.5035004615783691,0.33024847507476807,0.39369307896015243,-3.714860035752694,0.026595320104917164,0.040092759698110554,0.5384615384615384
ddisco_wiki_192,3,wikipedia,da,0.6354995153167031,,0.8077893853187561,0.1,0.5555555555555556,0.10805735588073731,0.021681990223869928,0.8477118611335754,0.36022523045539856,0.4874866306781769,-0.24886875903869143,-3.80126872123162,-0.10536051565782634,0.4557097727841953,0.3
ddisco_wiki_193,3,wikipedia,da,0.6590512916445732,,0.8438609838485718,0.2857142857142857,0.5,0.093248222555433,0.012356886503106457,0.8885165452957153,0.5436693429946899,0.3448472023010254,0.8972827716113798,-3.4039600005182806,-0.15415067982725872,0.25977946235662386,0.2857142857142857
ddisco_wiki_194,3,wikipedia,da,0.7271951990468162,,0.8781337141990662,0.5384615384615384,0.5833333333333334,0.09077051052680382,0.005190046630534522,0.8669381737709045,0.640364408493042,0.22657376527786255,0.5747303431446159,-4.1051325447691465,0.11110395769477188,-0.35940570643290487,0.6923076923076923
ddisco_wiki_195,3,wikipedia,da,0.7108404636383057,,0.714710533618927,0.75,0.6666666666666666,0.11407843232154846,0.004582034112927147,0.7919061779975891,0.6178434491157532,0.17406272888183594,-0.2917957653898978,-4.632243904417574,-0.2876820724517808,-0.4716726674913863,0.75
ddisco_wiki_196,3,wikipedia,da,0.5840118186814445,,0.8118993639945984,0.46153846153846156,0.75,0.08408479965650119,0.003972447241616382,0.6854442954063416,0.48762568831443787,0.1978186070919037,-0.14798179855782692,-4.1644468851974334,-0.08004270767353594,-0.23385747882393382,0.7692307692307693
ddisco_wiki_197,2,reddit,da,,,,,,,,,,,,,,,
ddisco_wiki_198,3,wikipedia,da,0.665247177084287,,0.8314573168754578,0.2727272727272727,0.4,0.049451876770366325,0.005223289011920127,0.8099236488342285,0.5431843996047974,0.26673924922943115,0.8116966137956725,-2.7555314764592347,0.20431135346879614,0.3588142861230112,0.09090909090909091
ddisco_wiki_199,2,wikipedia,da,0.684955229361852,,0.8822470903396606,0.2,0.5,0.05758832693099976,0.005797288211593137,0.8498769402503967,0.623024046421051,0.2268528938293457,1.5394679205731914,-2.2155060748821924,0.05411532090976845,-0.16514556931835558,0.6
ddisco_wiki_200,2,wikipedia,da,0.6081130914390087,,0.8558924794197083,0.2,0.5714285714285714,0.075546133518219,0.010351001434131799,0.886594831943512,0.488613486289978,0.39798134565353394,1.3260160590335528,-1.6844545861586129,0.16330698935717125,0.1083752299126997,0.2
ddisco_wiki_201,3,wikipedia,da,0.5266283849875132,,0.6626709699630737,0.625,0.5714285714285714,0.09158847853541374,0.004441069989824026,0.6380660533905029,0.46306607127189636,0.17499998211860657,0.6946957361118742,-4.325520179566725,0.039755402515464056,-0.43190823589449867,0.625
ddisco_wiki_202,1,wikipedia,da,0.7591707607110342,,0.9105749726295471,0.6,0.75,0.13983745574951173,0.01597342774102067,0.9321854114532471,0.57487952709198,0.3573058843612671,-0.19821243739135927,-4.364108546323846,-0.2231435513142097,0.22609811766306206,0.2
ddisco_wiki_203,2,reddit,da,,,,,,,,,,,,,,,
ddisco_wiki_204,2,wikipedia,da,0.6008797756263188,,0.8555629253387451,0.55,0.7368421052631579,0.1099812462925911,0.010337098768828665,0.8421177268028259,0.4778619706630707,0.36425575613975525,0.9635331973524021,-3.138425049714782,0.014373280612866246,0.03733200905604929,0.25
ddisco_wiki_205,3,reddit,da,,,,,,,,,,,,,,,
ddisco_wiki_206,3,reddit,da,,,,,,,,,,,,,,,
ddisco_wiki_207,3,reddit,da,,,,,,,,,,,,,,,
ddisco_wiki_208,2,reddit,da,,,,,,,,,,,,,,,
ddisco_wiki_209,3,reddit,da,,,,,,,,,,,,,,,
ddisco_wiki_210,2,wikipedia,da,0.711349293589592,,0.8451500535011292,0.45454545454545453,0.5,0.09343308210372925,0.009206827030537287,0.9115613102912903,0.5325543880462646,0.37900692224502563,0.1283655186544227,-2.9864522010775953,-0.09531017980432521,0.19913589330862544,0.45454545454545453
ddisco_wiki_211,3,reddit,da,,,,,,,,,,,,,,,
ddisco_wiki_212,3,reddit,da,,,,,,,,,,,,,,,
ddisco_wiki_213,3,wikipedia,da,0.5375958144664764,,0.7968313694000244,0.3333333333333333,0.5,0.04010712438159519,0.0038772711528050154,0.7046653628349304,0.4848494529724121,0.2198159098625183,1.8504728962940746,-0.6727947561324301,0.10709894014319765,0.24800599347865168,0.1111111111111111
ddisco_wiki_214,2,reddit,da,,,,,,,,,,,,,,,
ddisco_wiki_215,3,reddit,da,,,,,,,,,,,,,,,
ddisco_wiki_216,3,wikipedia,da,0.6739632546901703,,0.8650614619255066,0.4444444444444444,0.625,0.09839038054148357,0.010278491598776505,0.8648316860198975,0.5147755146026611,0.35005617141723633,0.2748345557993851,-3.7494412464740523,-0.11778303565638382,0.16381857630313099,0.2222222222222222
ddisco_wiki_217,2,wikipedia,da,0.674788624048233,,0.8797612190246582,0.5714285714285714,0.8333333333333334,0.09594787870134626,0.008656133510410058,0.878085732460022,0.5274059176445007,0.35067981481552124,0.7680458912406946,-2.334745037563777,-0.15415067982725872,-0.010948108293888717,0.5714285714285714
ddisco_wiki_218,2,wikipedia,da,0.6447819301060268,,0.8502713441848755,0.6923076923076923,0.8333333333333334,0.09612157253118661,0.008162196215112633,0.8863168954849243,0.5076852440834045,0.3786316514015198,0.8618862352820778,-1.5057503160120538,0.026595320104917164,-0.062034826167353466,0.8461538461538461
ddisco_wiki_219,3,wikipedia,da,0.6846021016438802,,0.9052490592002869,0.375,0.5714285714285714,0.09704404324293137,0.011148879489981469,0.9109374284744263,0.5149099230766296,0.39602750539779663,0.6237550217242814,-2.81354813642927,-0.1335313926245223,0.09696699490147294,0.625
ddisco_wiki_220,3,wikipedia,da,0.7673671075275966,,0.8458700776100159,0.6666666666666666,0.8,0.09899701674779256,0.00622352643156452,0.8776635527610779,0.6090673208236694,0.26859623193740845,-0.7343600978132239,-3.0934419152242034,-0.18232155679395445,-0.01786439061334462,0.3333333333333333
ddisco_wiki_221,2,reddit,da,,,,,,,,,,,,,,,
ddisco_wiki_222,3,wikipedia,da,0.5923759666356173,,0.784609317779541,0.5,0.5555555555555556,0.0810677707195282,0.007149126393888632,0.7737739086151123,0.5101206302642822,0.2636532783508301,0.8771273862119948,-3.5014259353020525,0.03326892045416274,0.11688912331625038,0.5
ddisco_wiki_223,2,wikipedia,da,0.6335881135680459,,0.7379336357116699,0.5,0.6666666666666666,0.08192015290260315,0.00623329383584433,0.7533896565437317,0.49516791105270386,0.25822174549102783,-0.31111402875430816,-3.8519809047271774,-0.10536051565782634,0.11335123322891792,0.5
ddisco_wiki_224,1,wikipedia,da,0.6682673891385397,,0.8851056694984436,0.4,0.25,0.11185137033462525,0.01837846085399598,0.9213118553161621,0.51943039894104,0.40188145637512207,0.7128589393381949,-3.5629330821881307,-0.2231435513142097,0.3443075223170301,0.4
ddisco_wiki_225,3,wikipedia,da,0.5926395952701569,,0.762408435344696,0.8333333333333334,0.8,0.11412611107031505,0.0062458145927189535,0.6996601819992065,0.45423564314842224,0.2454245388507843,-0.3914262477099977,-3.9922162253182174,-0.18232155679395445,-0.46313598051338384,0.8333333333333334
ddisco_wiki_226,3,wikipedia,da,0.6689630895853043,,0.8507920503616333,0.3333333333333333,0.5,0.1204883058865865,0.013577375233183586,0.8563632369041443,0.548093318939209,0.3082699179649353,0.7119634350034242,-4.009516088167468,-0.4054651081081645,0.15201706670155524,0.3333333333333333
ddisco_wiki_227,3,wikipedia,da,0.6801530023415884,,0.850959300994873,0.6,0.5,0.15272514820098876,0.01595399262085737,0.8886454701423645,0.4938107132911682,0.3948347568511963,0.21774518738942578,-3.878323401291928,-0.2231435513142097,-0.1762767668426733,0.6
ddisco_wiki_228,3,wikipedia,da,0.5963094890117645,,0.7417997717857361,0.5,0.3333333333333333,0.10168023407459259,0.007826368544377403,0.6982523202896118,0.47978660464286804,0.21846571564674377,-0.2654412624060906,-4.705758315018066,-0.2876820724517808,0.09333799260146908,0.5
ddisco_wiki_229,3,wikipedia,da,0.7492131157354875,,0.9290403127670288,0.3,0.4444444444444444,0.07999812364578247,0.007307612085381582,0.9027305841445923,0.5727502703666687,0.3299803137779236,-0.38158874283910893,-3.0451043604058845,-0.10536051565782634,0.10576770558988963,0.3
ddisco_wiki_230,3,wikipedia,da,0.5739186704158783,,0.7590516209602356,0.2,0.6666666666666666,0.09099904894828796,0.011865443154478522,0.7939573526382446,0.4828421175479889,0.31111523509025574,1.1877790955971885,-3.1589221211402956,0.25299137818778483,0.12832525277880716,0.4
ddisco_wiki_231,2,wikipedia,da,0.5997396664960044,,0.7358617186546326,0.3076923076923077,0.6666666666666666,0.05353793731102577,0.003544817024811494,0.7716385722160339,0.5423570275306702,0.22928154468536377,1.5222506005467864,-0.7551674415489149,0.1332333478833707,0.13355840867986352,0.46153846153846156
ddisco_wiki_232,3,reddit,da,,,,,,,,,,,,,,,
ddisco_wiki_233,3,reddit,da,,,,,,,,,,,,,,,
ddisco_wiki_234,3,wikipedia,da,0.7010196447372437,,0.8274411559104919,0.75,0.7142857142857143,0.0756787657737732,0.005814659758045416,0.8773114681243896,0.6001553535461426,0.27715611457824707,0.9913538648391915,-2.3214683521010833,-0.1335313926245223,-0.016171592303482744,0.75
ddisco_wiki_235,2,wikipedia,da,0.6437125205993652,,0.8298585414886475,0.42857142857142855,0.6666666666666666,0.09896296262741089,0.015430000504745855,0.9074294567108154,0.5182433128356934,0.38918614387512207,0.9522776514441116,-3.148574467578697,0.043891371761297204,0.1813342146210215,0.14285714285714285
ddisco_wiki_236,3,reddit,da,,,,,,,,,,,,,,,
ddisco_wiki_237,3,reddit,da,,,,,,,,,,,,,,,
ddisco_wiki_238,2,reddit,da,,,,,,,,,,,,,,,
ddisco_wiki_239,3,wikipedia,da,0.7536700897746615,,0.8656588196754456,0.375,0.8571428571428571,0.08417248725891113,0.005603393659070237,0.8907514810562134,0.6488540172576904,0.24189746379852295,0.27185936482834094,-3.7723972985832046,0.039755402515464056,0.14001517566975555,0.375
ddisco_wiki_240,2,reddit,da,,,,,,,,,,,,,,,
ddisco_wiki_241,3,wikipedia,da,0.6729263918740409,,0.8078541159629822,0.5,0.4,0.08913115660349528,0.008171493935359318,0.8519585132598877,0.548708975315094,0.3032495379447937,0.6609342372834092,-3.2045466098702526,-0.18232155679395445,0.10785899781806543,0.5
ddisco_wiki_242,2,wikipedia,da,0.6018215807584616,,0.7319813370704651,0.3333333333333333,0.6363636363636364,0.05233931541442871,0.0034959023292939605,0.7102292776107788,0.4993461072444916,0.21088317036628723,0.27569866665393766,-3.6233219080830428,-0.08701137698962969,0.3279541931442303,0.16666666666666666
ddisco_wiki_243,3,wikipedia,da,0.5178296599123213,,0.8598415851593018,0.125,0.42857142857142855,0.07658557593822479,0.024195424828767256,0.9517224431037903,0.4308682382106781,0.5208542048931122,2.3481927098133446,0.7577013180678094,0.2553122621935151,0.09200174148392168,0.125
ddisco_wiki_244,3,wikipedia,da,0.6422311606861296,,0.8681713342666626,0.35,0.631578947368421,0.07984742820262909,0.0071448474099252346,0.8609909415245056,0.5174715518951416,0.343519389629364,0.9470310757110175,-2.5492953687769453,0.018021423668444392,0.23464432295263504,0.35
ddisco_wiki_245,3,reddit,da,,,,,,,,,,,,,,,
ddisco_wiki_246,2,wikipedia,da,0.6746492803096771,,0.8197901248931885,0.75,0.6666666666666666,0.1651747152209282,0.02314987178686522,0.8772437572479248,0.4251619875431061,0.4520817697048187,-0.3961667923888041,-3.9008692089063093,-0.2876820724517808,-0.004567874021477306,0.75
ddisco_wiki_247,3,reddit,da,,,,,,,,,,,,,,,
ddisco_wiki_248,2,wikipedia,da,0.6827758401632309,,0.7553984522819519,0.42857142857142855,0.5,0.0788061363356454,0.004933710168326,0.8031761646270752,0.5891163349151611,0.21405982971191406,0.22719696884642743,-4.1951988774821505,-0.15415067982725872,0.07274814866188306,0.42857142857142855
ddisco_wiki_249,3,reddit,da,,,,,,,,,,,,,,,
ddisco_wiki_250,2,reddit,da,,,,,,,,,,,,,,,
ddisco_wiki_251,3,wikipedia,da,0.6589279025793076,,0.7912762761116028,0.4,0.25,0.11018581390380859,0.010841834674668075,0.7775579690933228,0.4640543758869171,0.31350359320640564,-0.7125770110705075,-3.5459309324501898,-0.2231435513142097,-0.021681993641005686,0.4
ddisco_wiki_252,3,reddit,da,,,,,,,,,,,,,,,
ddisco_wiki_253,3,wikipedia,da,0.585197413668913,,0.7799042463302612,0.4375,0.5333333333333333,0.06270157918334007,0.010182532169290664,0.8580594658851624,0.48040997982025146,0.3776494860649109,1.5400877434362579,-1.4631846107333395,0.10874827400241527,0.4417431976161611,0.1875
ddisco_wiki_254,2,wikipedia,da,0.5905641505592748,,0.804416298866272,0.3333333333333333,0.6470588235294118,0.09972353114022149,0.015332964864179259,0.8348342180252075,0.4169333279132843,0.4179008901119232,0.42162166620368374,-3.793909070664485,-0.05715841383994835,0.41727628465458916,0.2222222222222222
ddisco_wiki_255,3,wikipedia,da,0.7591941118240356,,0.8880825042724609,0.6666666666666666,0.625,0.1031637257999844,0.007002727400486605,0.9157956838607788,0.6061862707138062,0.30960941314697266,0.09885406890557855,-3.4153584444844483,-0.11778303565638382,-0.13156340628655924,0.4444444444444444
ddisco_wiki_256,3,wikipedia,da,0.7160922189553579,,0.770977795124054,0.8,0.75,0.1591148257255554,0.009847168903622854,0.829075038433075,0.5459783673286438,0.28309667110443115,-0.6615052469679321,-4.0881168902684735,-0.2231435513142097,-0.5298170664109044,0.8
ddisco_wiki_257,2,reddit,da,,,,,,,,,,,,,,,
ddisco_wiki_258,3,wikipedia,da,0.7410003900527954,,0.8899155259132385,0.25,0.3333333333333333,0.08136901259422302,0.014739838925937365,0.9381732940673828,0.6132650971412659,0.32490819692611694,0.40578087312956634,-4.118294027596944,-0.2876820724517808,0.33493491719934654,0.25
ddisco_wiki_259,3,reddit,da,,,,,,,,,,,,,,,
ddisco_wiki_260,1,reddit,da,,,,,,,,,,,,,,,
ddisco_wiki_261,3,wikipedia,da,0.7007631129688687,,0.779022753238678,0.375,0.2857142857142857,0.0751304104924202,0.0050783283957798984,0.8059436082839966,0.5426568388938904,0.2632867693901062,-0.6796549037316781,-2.5493525507903696,-0.1335313926245223,0.16700525495230595,0.375
ddisco_wiki_262,2,reddit,da,,,,,,,,,,,,,,,
ddisco_wiki_263,2,wikipedia,da,0.6636219070507929,,0.8844423294067383,0.4166666666666667,0.7272727272727273,0.08519938588142395,0.008167837554677064,0.8839307427406311,0.49053990840911865,0.39339083433151245,0.5325468984478353,-2.0976310479981044,-0.08701137698962969,0.07751676150454147,0.5833333333333334
ddisco_wiki_264,3,wikipedia,da,0.5230966423239026,,0.5680351257324219,0.16666666666666666,0.0,0.039606903990109764,0.007314914329381574,0.6952951550483704,0.4576537311077118,0.23764142394065857,1.1244500644231035,-3.3790090454575554,-0.0820497303422032,0.46218785455105943,0.16666666666666666
ddisco_wiki_265,3,wikipedia,da,0.6656950488686562,,0.7878287434577942,0.42857142857142855,0.3333333333333333,0.08874411242348808,0.006704558822492268,0.7971569299697876,0.5349111557006836,0.262245774269104,-0.29138364411505807,-3.7935400739276903,0.043891371761297204,0.007674652241008702,0.42857142857142855
ddisco_wiki_266,3,wikipedia,da,0.7187062246458871,,0.8027642965316772,0.5,0.8,0.11849452058474223,0.009455858965262574,0.8871037364006042,0.6030467748641968,0.28405696153640747,0.3984917391551556,-4.116220097568142,-0.18232155679395445,-0.21189252698536437,0.5
ddisco_wiki_267,2,wikipedia,da,0.6744855907228258,,0.788945198059082,0.625,0.5714285714285714,0.08471880108118057,0.004616027326730994,0.7897653579711914,0.5703415274620056,0.2194238305091858,0.1918507354758071,-4.133118310672617,-0.1335313926245223,-0.2897493502347487,0.875
ddisco_wiki_268,2,reddit,da,,,,,,,,,,,,,,,
ddisco_wiki_269,3,wikipedia,da,0.6070133182737563,,0.8887906074523926,0.35294117647058826,0.6875,0.0992352892370785,0.010048670933637706,0.8169872164726257,0.46411895751953125,0.3528682589530945,0.31663365621725875,-3.8167228740484407,-0.06062462181643502,0.1871942282797457,0.35294117647058826
ddisco_wiki_270,3,wikipedia,da,0.6041467984517416,,0.832030177116394,0.75,0.7142857142857143,0.17913908511400223,0.015703645170363205,0.7765312194824219,0.4076205790042877,0.36891064047813416,-0.053525113524715645,-4.3112863938431225,-0.1335313926245223,-0.28331214700425866,0.75
ddisco_wiki_271,2,wikipedia,da,0.7022573947906494,,0.7571613788604736,0.25,0.0,0.03951364755630493,0.0030149742965875246,0.7749925255775452,0.6169379353523254,0.15805459022521973,-0.30384287981405256,-4.163539211922428,-0.2876820724517808,0.3311248643157935,0.25
ddisco_wiki_272,2,reddit,da,,,,,,,,,,,,,,,
ddisco_wiki_273,3,reddit,da,,,,,,,,,,,,,,,
ddisco_wiki_274,1,reddit,da,,,,,,,,,,,,,,,
ddisco_wiki_275,3,wikipedia,da,0.6341814870635668,,0.8260868191719055,0.18181818181818182,0.4,0.06883502548391168,0.017966679620217283,1.0,0.48916730284690857,0.5108326971530914,1.3993927915217728,-1.0713958394650582,0.19170867745861497,0.3859670691645767,0.18181818181818182
ddisco_wiki_276,2,wikipedia,da,0.5551043674349785,,0.7847326993942261,0.42857142857142855,1.0,0.10789382883480617,0.013359593589073071,0.8422664999961853,0.47005119919776917,0.37221530079841614,1.7963643026962421,-1.1489027530702929,0.043891371761297204,-0.21877420071380757,0.7142857142857143
ddisco_wiki_277,1,reddit,da,,,,,,,,,,,,,,,
ddisco_wiki_278,2,reddit,da,,,,,,,,,,,,,,,
ddisco_wiki_279,3,wikipedia,da,0.6207168936729431,,0.7003510594367981,0.3333333333333333,0.75,0.05005231830808851,0.008062477157572943,0.8258993029594421,0.5596835613250732,0.2662157416343689,1.3654446838584415,-2.707326524040515,0.18817826457682152,0.4101373477402282,0.3333333333333333
ddisco_wiki_280,3,reddit,da,,,,,,,,,,,,,,,
ddisco_wiki_281,3,reddit,da,,,,,,,,,,,,,,,
ddisco_wiki_282,3,wikipedia,da,0.6764154955744743,,0.7977995276451111,0.2857142857142857,0.8333333333333334,0.08417489698954991,0.006089963158434519,0.8139836192131042,0.546987771987915,0.2669958472251892,0.17463677819078677,-3.6927692108172625,-0.15415067982725872,-0.24729181723632634,0.5714285714285714
ddisco_wiki_283,2,reddit,da,,,,,,,,,,,,,,,
ddisco_wiki_284,3,wikipedia,da,0.6455192625522613,,0.8740343451499939,0.3333333333333333,0.875,0.10730342732535468,0.012643793929311508,0.8926980495452881,0.5166124105453491,0.37608563899993896,0.9533262874155833,-3.1929657208500517,0.03624967113471511,0.1384503886062435,0.3333333333333333
ddisco_wiki_285,2,reddit,da,,,,,,,,,,,,,,,
ddisco_wiki_286,2,reddit,da,,,,,,,,,,,,,,,
ddisco_wiki_287,3,reddit,da,,,,,,,,,,,,,,,
ddisco_wiki_288,3,wikipedia,da,0.5772886216640473,,0.7111284136772156,0.5555555555555556,0.5,0.06610068347718981,0.004719372363338046,0.7143989205360413,0.4870176911354065,0.22738122940063477,0.5090698792651103,-3.653113285540171,-0.11778303565638382,0.2538842621319815,0.3333333333333333
ddisco_wiki_289,2,reddit,da,,,,,,,,,,,,,,,
ddisco_wiki_290,3,wikipedia,da,0.7038755783667932,,0.7871575355529785,0.6666666666666666,0.8181818181818182,0.12537268797556558,0.008990400487653628,0.8609955310821533,0.539735734462738,0.3212597966194153,-0.28721947672735654,-3.9568699612008595,-0.08701137698962969,-0.2156406346513989,0.5
ddisco_wiki_291,3,wikipedia,da,0.5626000382683494,,0.802066445350647,0.5,0.5555555555555556,0.11503373384475708,0.013821200227628836,0.8121733069419861,0.43407005071640015,0.37810325622558594,0.6961279607731131,-3.6418015389642613,0.03326892045416274,0.09517012101984607,0.1
ddisco_wiki_292,3,wikipedia,da,0.6807903230190278,,0.8420530557632446,0.4444444444444444,0.875,0.09362260500590007,0.012190692029712158,0.9387692809104919,0.5349270105361938,0.4038422703742981,0.9876189881319206,-2.4782382582883407,-0.11778303565638382,0.13538251600207762,0.2222222222222222
ddisco_wiki_293,2,reddit,da,,,,,,,,,,,,,,,
ddisco_wiki_294,3,reddit,da,,,,,,,,,,,,,,,
ddisco_wiki_295,2,wikipedia,da,0.7687849733564589,,0.8612048029899597,0.375,0.5714285714285714,0.07024428248405457,0.004618454548880486,0.8958741426467896,0.6871131062507629,0.2087610363960266,0.5556497774846508,-3.852981901667628,-0.1335313926245223,0.053136909717489085,0.625
ddisco_wiki_296,3,reddit,da,,,,,,,,,,,,,,,
ddisco_wiki_297,2,wikipedia,da,0.6883277363247342,,0.8610590696334839,0.375,0.5714285714285714,0.11801648885011673,0.011305106971098525,0.858212411403656,0.5470572710037231,0.31115514039993286,0.17078589472120373,-4.351275082205554,-0.1335313926245223,0.003342620314257304,0.375
ddisco_wiki_298,3,wikipedia,da,0.6449103891849518,,0.869461715221405,0.7777777777777778,0.875,0.1500480572382609,0.009528412157737486,0.8178265690803528,0.5175022482872009,0.30032432079315186,0.5420094139215647,-3.8848483203088002,-0.11778303565638382,-0.5178393260837741,0.7777777777777778
ddisco_wiki_299,3,wikipedia,da,0.6447088718414307,,0.8539925217628479,0.3,0.2222222222222222,0.07021966576576233,0.009344496421083452,0.8952931761741638,0.5020776987075806,0.39321547746658325,1.3442710770886537,-1.348231238797486,0.16827338945268044,0.12976742503887265,0.3
ddisco_wiki_300,2,reddit,da,,,,,,,,,,,,,,,
ddisco_wiki_301,3,reddit,da,,,,,,,,,,,,,,,
ddisco_wiki_302,3,reddit,da,,,,,,,,,,,,,,,
ddisco_wiki_303,3,wikipedia,da,0.687139847448894,,0.8091250658035278,0.38461538461538464,0.5,0.07860048917623666,0.006602596015309411,0.8870448470115662,0.6020663380622864,0.2849785089492798,1.0158667781756139,-2.757852169157089,0.16459670278115723,0.06695068918607126,0.5384615384615384
ddisco_wiki_304,2,wikipedia,da,0.6498432490560744,,0.8373219966888428,0.125,0.2857142857142857,0.05267113447189331,0.01705664609775374,0.8443962931632996,0.5149590969085693,0.3294371962547302,0.5563788680548679,-4.471667931658064,0.08040616403746292,0.68198793744897,0.125
ddisco_wiki_305,2,reddit,da,,,,,,,,,,,,,,,
ddisco_wiki_306,3,reddit,da,,,,,,,,,,,,,,,
ddisco_wiki_307,3,wikipedia,da,0.5959738355416518,,0.8329814672470093,0.4166666666666667,0.5454545454545454,0.10429959495862325,0.009676739840579995,0.8288241028785706,0.4687238335609436,0.36010026931762695,0.9813600253846512,-2.7505801074191343,-0.08701137698962969,0.12332922434121987,0.25
ddisco_wiki_308,2,reddit,da,,,,,,,,,,,,,,,
ddisco_wiki_309,2,wikipedia,da,0.6484844207763671,,0.8178678154945374,0.2222222222222222,0.5,0.09352166122860378,0.011306151199256077,0.833403468132019,0.42414307594299316,0.4092603921890259,-0.5048779638574385,-2.8453139616035834,0.03624967113471511,0.3678630384462686,0.2222222222222222
ddisco_wiki_310,3,wikipedia,da,0.5817443827788035,,0.7254050374031067,0.4,0.25,0.07971936464309692,0.00678464888779641,0.7237014770507812,0.49141019582748413,0.23229128122329712,0.6546153605869905,-4.092921252660277,-0.2231435513142097,0.008898360529503085,0.4
ddisco_wiki_311,3,wikipedia,da,0.6166617423295975,,0.7929971814155579,0.42857142857142855,0.3333333333333333,0.09741951738085065,0.013554536223814528,0.815829873085022,0.5028259754180908,0.31300389766693115,0.5143570340668839,-4.374888935621132,-0.03021307575847798,0.27790139431903105,0.42857142857142855
ddisco_wiki_312,2,wikipedia,da,0.6966751558440072,,0.8405235409736633,0.5,0.6,0.09604894121487935,0.012049801706901937,0.868013322353363,0.532770574092865,0.33524274826049805,-0.04304837814175233,-4.127880316056258,0.048727503392693716,0.37005650819917807,0.5
ddisco_wiki_313,3,wikipedia,da,0.6365972995758057,,0.8136070370674133,0.5555555555555556,0.75,0.13002579079733956,0.012640853383563097,0.8891861438751221,0.5197028517723083,0.3694832921028137,0.9441556264214018,-3.07792993270782,-0.11778303565638382,-0.051835318194808466,0.7777777777777778
ddisco_wiki_314,2,reddit,da,,,,,,,,,,,,,,,
ddisco_wiki_315,3,wikipedia,da,0.6561619681971413,,0.761404275894165,0.6153846153846154,0.5833333333333334,0.1033968971325801,0.006121852416105441,0.7775914072990417,0.5045478343963623,0.27304357290267944,-0.5290956846676823,-3.4044291272099727,-0.08004270767353594,-0.2438113290852948,0.6153846153846154
ddisco_wiki_316,2,wikipedia,da,0.6004150751978159,,0.7869941592216492,0.4666666666666667,0.6428571428571429,0.12532745997111003,0.012036275787051489,0.831346333026886,0.4730095863342285,0.35833674669265747,0.6975666439066601,-3.789738052278615,0.26232801515144866,-0.023443138228935418,0.4666666666666667
ddisco_wiki_317,3,wikipedia,da,0.6268978863954544,,0.8294711112976074,0.5555555555555556,0.5,0.1048008832666609,0.010170461243882522,0.8484293222427368,0.49132922291755676,0.35710009932518005,0.8832042668543378,-3.068135715460445,-0.11778303565638382,-0.1786621871512479,0.5555555555555556
ddisco_wiki_318,2,wikipedia,da,0.6628481660570417,,0.8693307042121887,0.5,0.4,0.09465470910072327,0.013703561601381283,0.909224271774292,0.5258857607841492,0.3833385109901428,1.0287259267058224,-2.8563421828237,-0.18232155679395445,0.16520865661970294,0.5
ddisco_wiki_319,3,wikipedia,da,0.6052267009561713,,0.8417071104049683,0.2,0.4444444444444444,0.08591932654380799,0.01631127692773482,0.8830050230026245,0.47301456332206726,0.40999045968055725,1.0306872872137152,-3.3255542020055495,0.26635631475385324,0.2766876684442669,0.2
ddisco_wiki_320,3,wikipedia,da,0.6185229818026224,,0.8187836408615112,0.125,0.14285714285714285,0.07763500511646271,0.02291073333173818,0.8915995955467224,0.4163292348384857,0.4752703607082367,0.6962599092569346,-3.7713898243740838,0.039755402515464056,0.646352416540242,0.125
ddisco_wiki_321,2,reddit,da,,,,,,,,,,,,,,,
ddisco_wiki_322,3,wikipedia,da,0.5606905845078555,,0.8313883543014526,0.5,0.6666666666666666,0.08380034565925598,0.008927786933237744,0.776431679725647,0.4512437880039215,0.32518789172172546,1.0863373387397572,-2.8095426396013776,0.03326892045416274,0.08745035928773112,0.3
ddisco_wiki_323,3,wikipedia,da,0.7378715395927429,,0.8647860884666443,0.3333333333333333,0.5,0.08598948849572076,0.007457307644236124,0.8668428659439087,0.5968748331069946,0.26996803283691406,0.060060200730789305,-4.259229548590519,0.03624967113471511,0.15338102058995165,0.3333333333333333
ddisco_wiki_324,2,reddit,da,,,,,,,,,,,,,,,
ddisco_wiki_325,3,wikipedia,da,0.5814712941646576,,0.7030063271522522,0.625,0.5714285714285714,0.10915402323007584,0.005406522416790615,0.6742690801620483,0.46722206473350525,0.2070470154285431,-0.12571396833361057,-4.426241019654353,-0.1335313926245223,-0.31083102641783245,0.625
ddisco_wiki_326,3,wikipedia,da,0.662665843963623,,0.8322271704673767,0.3333333333333333,0.375,0.08594192398919,0.010263544735295938,0.8203980922698975,0.47212791442871094,0.3482701778411865,-0.22836257769165966,-3.7682302322946684,-0.11778303565638382,0.36395268059740743,0.5555555555555556
ddisco_wiki_327,1,wikipedia,da,0.6699911892414093,,0.8621456623077393,0.7777777777777778,1.0,0.0838787489467197,0.007734897297167328,0.901589572429657,0.575263500213623,0.32632607221603394,1.580870674996839,-0.9193985703135379,-0.11778303565638382,-0.01395719323471367,1.0
ddisco_wiki_328,2,reddit,da,,,,,,,,,,,,,,,
ddisco_wiki_329,3,wikipedia,da,0.7041087031364441,,0.7559344172477722,0.75,0.6666666666666666,0.08437156677246094,0.0035940740625269993,0.7816481590270996,0.6151962876319885,0.16645187139511108,-0.19939413340014664,-4.348482370822723,-0.2876820724517808,-0.3126042107808738,0.75
ddisco_wiki_330,3,reddit,da,,,,,,,,,,,,,,,
ddisco_wiki_331,3,reddit,da,,,,,,,,,,,,,,,
ddisco_wiki_332,3,reddit,da,,,,,,,,,,,,,,,
ddisco_wiki_333,3,wikipedia,da,0.6174312063625881,,0.8042572140693665,0.6666666666666666,0.6,0.1162474552790324,0.00673234186304808,0.7540573477745056,0.5268945693969727,0.22716277837753296,0.5211086870184733,-4.259218688790268,0.048727503392693716,-0.27552886336457805,0.6666666666666666
ddisco_wiki_334,3,wikipedia,da,0.6469065206391471,,0.8064429759979248,0.5,0.4,0.11304352680842082,0.012295562284902629,0.864717423915863,0.4778762459754944,0.38684117794036865,0.5564829621237868,-3.065027385463622,-0.18232155679395445,0.059930658917758464,0.5
ddisco_wiki_335,3,reddit,da,,,,,,,,,,,,,,,
ddisco_wiki_336,2,wikipedia,da,0.5669035861889521,,0.6989765167236328,0.6363636363636364,0.7,0.0948667201128873,0.005951846607740963,0.7276194095611572,0.46042609214782715,0.2671933174133301,0.3695253007937935,-3.65810021490398,0.030716580297483365,0.009694173716086862,0.45454545454545453
ddisco_wiki_337,3,wikipedia,da,0.6339930641023737,,0.799580454826355,0.16666666666666666,0.6470588235294118,0.07037631670633952,0.009758038284831603,0.8599684834480286,0.44084298610687256,0.419125497341156,0.04805992719939646,-3.196264919755202,0.08089195559271811,0.5087947479319836,0.05555555555555555
ddisco_wiki_338,3,reddit,da,,,,,,,,,,,,,,,
ddisco_wiki_339,2,reddit,da,,,,,,,,,,,,,,,
ddisco_wiki_340,2,wikipedia,da,0.6762039569708017,,0.8877132534980774,0.4166666666666667,0.8181818181818182,0.15111287931601206,0.017621352868123667,0.8754915595054626,0.5218894481658936,0.3536021113395691,0.31992945152161095,-4.576900980240524,0.028513153103694844,-0.051252873407861214,0.75
ddisco_wiki_341,3,reddit,da,,,,,,,,,,,,,,,
ddisco_wiki_342,2,wikipedia,da,0.5884534021218618,,0.805337131023407,0.4,0.631578947368421,0.09275424480438232,0.008192762064204771,0.8283582925796509,0.4949352741241455,0.33342301845550537,1.1231153521785193,-2.632413076817517,0.4195256283818223,0.002335466447747888,0.3
ddisco_wiki_343,2,reddit,da,,,,,,,,,,,,,,,
ddisco_wiki_344,1,reddit,da,,,,,,,,,,,,,,,
ddisco_wiki_345,3,reddit,da,,,,,,,,,,,,,,,
ddisco_wiki_346,2,wikipedia,da,0.5769386717251369,,0.7272284030914307,0.6666666666666666,0.6,0.1102507213751475,0.009721938889377632,0.756568968296051,0.4826209843158722,0.27394798398017883,0.733467761106144,-3.9457807013982453,-0.18232155679395445,-0.09805730814518253,0.3333333333333333
ddisco_wiki_347,3,wikipedia,da,0.6684771080811819,,0.7594789862632751,0.2,0.5,0.1348412036895752,0.022651550553064722,0.9056783318519592,0.48838114738464355,0.4172971844673157,0.46674313692815217,-4.325154148039928,-0.2231435513142097,0.17759645518543288,0.6
ddisco_wiki_348,2,reddit,da,,,,,,,,,,,,,,,
ddisco_wiki_349,3,wikipedia,da,0.6689323740346091,,0.817770779132843,0.6666666666666666,0.6,0.18002725640932718,0.014654081781999858,0.8370878100395203,0.4816143214702606,0.35547348856925964,-0.45566330361260277,-4.10476203323228,0.048727503392693716,-0.2191128296432386,0.6666666666666666
ddisco_wiki_350,3,wikipedia,da,0.6642993518284389,,0.8566048741340637,0.5,0.6,0.13995635509490967,0.012359258698638355,0.8800095319747925,0.5224801301956177,0.3575294017791748,0.633199495663099,-3.409930928931698,-0.18232155679395445,-0.046033149930674803,0.5
ddisco_wiki_351,1,reddit,da,,,,,,,,,,,,,,,
ddisco_wiki_352,3,reddit,da,,,,,,,,,,,,,,,
ddisco_wiki_353,3,reddit,da,,,,,,,,,,,,,,,
ddisco_wiki_354,3,wikipedia,da,0.6728913892399181,,0.8733664155006409,0.6,0.5555555555555556,0.12307938337326049,0.011845744970440315,0.8800970315933228,0.5240086317062378,0.35608839988708496,0.20862463174321444,-3.962744088391604,-0.10536051565782634,-0.047045836652307084,0.6
ddisco_wiki_355,2,reddit,da,,,,,,,,,,,,,,,
ddisco_wiki_356,3,reddit,da,,,,,,,,,,,,,,,
ddisco_wiki_357,1,reddit,da,,,,,,,,,,,,,,,
ddisco_wiki_358,2,reddit,da,,,,,,,,,,,,,,,
ddisco_wiki_359,3,wikipedia,da,0.7802894353866577,,0.8561248779296875,0.25,0.3333333333333333,0.05506616830825806,0.006449630179958775,0.8931512832641602,0.69036465883255,0.2027866244316101,0.28114900296369283,-4.623050559616031,-0.2876820724517808,0.4747168875680905,0.25
ddisco_wiki_360,2,wikipedia,da,0.676003721025255,,0.8178080916404724,0.875,0.8571428571428571,0.19083164632320404,0.016620827012565016,0.8609660267829895,0.48714298009872437,0.37382304668426514,-0.232838136344142,-4.371459799127042,-0.1335313926245223,-0.39507437133280127,0.875
ddisco_wiki_361,2,reddit,da,,,,,,,,,,,,,,,
ddisco_wiki_362,2,wikipedia,da,0.7224835827946663,,0.864342451095581,0.5714285714285714,0.5,0.12215985570635114,0.007470812389417991,0.8580513000488281,0.6063843369483948,0.25166696310043335,0.0341738751965589,-4.3278646839541715,-0.15415067982725872,-0.20507547686969188,0.5714285714285714
ddisco_wiki_363,2,reddit,da,,,,,,,,,,,,,,,
ddisco_wiki_364,2,wikipedia,da,0.6083399248974664,,0.8230802416801453,0.5384615384615384,0.5,0.09527118618671711,0.008824837437043192,0.8268632292747498,0.45190268754959106,0.3749605417251587,0.5829052986384915,-2.8237342940591907,-0.08004270767353594,0.04061635487707496,0.38461538461538464
ddisco_wiki_365,2,wikipedia,da,0.6688187494874,,0.8070234060287476,0.42857142857142855,0.6666666666666666,0.09609565564564296,0.010473277120342794,0.8356207609176636,0.5328488945960999,0.3027718663215637,0.14248785646063497,-4.341204840662353,-0.15415067982725872,0.2796481518613194,0.42857142857142855
ddisco_wiki_366,2,wikipedia,da,0.6596972988202021,,0.8672860264778137,0.8333333333333334,0.9090909090909091,0.16606534024079642,0.020210048590222927,0.9179400205612183,0.4640842080116272,0.45385581254959106,0.45392380467810967,-3.8467897965287365,0.0285131531036944,-0.02905351358962855,0.3333333333333333
ddisco_wiki_367,3,wikipedia,da,0.6093152277171612,,0.7119131684303284,0.8571428571428571,0.8333333333333334,0.14467997210366385,0.009717928170410048,0.7789925932884216,0.47049954533576965,0.308493047952652,0.29953953510955794,-4.145110863300011,-0.15415067982725872,-0.4080176606920587,0.5714285714285714
ddisco_wiki_368,3,wikipedia,da,0.5563083589076996,,0.7116126418113708,0.4,0.25,0.06633694171905517,0.005207153872751687,0.6967312097549438,0.47171950340270996,0.2250117063522339,0.8794529265976259,-3.2321827855056644,-0.2231435513142097,0.2062399680963918,0.4
ddisco_wiki_369,3,wikipedia,da,0.5855230033397675,,0.8341909050941467,0.25,0.6666666666666666,0.11110208928585052,0.017669598251122808,0.8480767011642456,0.48151305317878723,0.3665636479854584,1.4047892363082068,-2.863799722059231,0.05889151782819191,-0.18237235738077678,0.25
ddisco_wiki_370,2,wikipedia,da,0.7622686895457181,,0.8932479619979858,0.5,0.7777777777777778,0.0881998896598816,0.004912513158902219,0.8618744015693665,0.6305974721908569,0.23127692937850952,-0.19626731940391123,-3.9053129414088783,-0.10536051565782634,-0.32227563482270005,0.5
ddisco_wiki_371,2,wikipedia,da,0.6451385021209717,,0.8921246528625488,0.29411764705882354,0.875,0.10226261265137616,0.010750008611142428,0.8889240026473999,0.4984927773475647,0.3904312252998352,0.5034607761359476,-3.2614249464321645,0.10246883243296434,0.1942892106585031,0.17647058823529413
ddisco_wiki_372,3,wikipedia,da,0.7258833150068918,,0.8204699754714966,0.4,0.25,0.06164090633392334,0.004938399545376645,0.8697980046272278,0.6534637212753296,0.2163342833518982,1.1877822877667596,-2.838907206685223,-0.2231435513142097,0.052524018941131415,0.4
ddisco_wiki_373,3,wikipedia,da,0.6264392218806527,,0.7990620136260986,0.3,0.6666666666666666,0.09281819462776184,0.009138329513267847,0.8112891316413879,0.46097496151924133,0.3503141701221466,0.2870596431230851,-3.4472634254712076,-0.10536051565782634,0.22541026620059149,0.3
ddisco_wiki_374,2,reddit,da,,,,,,,,,,,,,,,
ddisco_wiki_375,3,reddit,da,,,,,,,,,,,,,,,
ddisco_wiki_376,2,reddit,da,,,,,,,,,,,,,,,
ddisco_wiki_377,3,reddit,da,,,,,,,,,,,,,,,
ddisco_wiki_378,3,wikipedia,da,0.6813301563262939,,0.815341591835022,0.5,0.3333333333333333,0.14503055810928345,0.013974171424175664,0.8456732630729675,0.5214876532554626,0.3241856098175049,0.06442251036811457,-4.432283244430307,-0.2876820724517808,0.08059967342289474,0.5
ddisco_wiki_379,2,reddit,da,,,,,,,,,,,,,,,
ddisco_wiki_380,3,wikipedia,da,0.63785942701193,,0.7985832691192627,0.16666666666666666,0.6363636363636364,0.06615300973256429,0.006314691108360287,0.8155936002731323,0.5169975161552429,0.2985960841178894,0.5147855323717382,-3.135444616557662,-0.08701137698962969,0.40651231575840985,0.16666666666666666
ddisco_wiki_381,3,reddit,da,,,,,,,,,,,,,,,
ddisco_wiki_382,2,reddit,da,,,,,,,,,,,,,,,
ddisco_wiki_383,2,wikipedia,da,0.6502337098121643,,0.8797401189804077,0.3333333333333333,0.625,0.1241214010450575,0.016343594952957972,0.9129024744033813,0.5114600658416748,0.40144240856170654,0.6774638907757796,-3.653506205010334,0.03624967113471511,-0.05049117285428727,0.3333333333333333
ddisco_wiki_384,2,reddit,da,,,,,,,,,,,,,,,
ddisco_wiki_385,3,wikipedia,da,0.7278390960259871,,0.8362132906913757,0.5,0.6666666666666666,0.1250768184661865,0.009438998042313778,0.8853073120117188,0.5864725708961487,0.29883474111557007,0.0725374808492226,-4.101175777964152,-0.10536051565782634,7.136999941550664e-05,0.5
ddisco_wiki_386,3,wikipedia,da,0.6911345720291138,,0.8535347580909729,0.1111111111111111,0.625,0.07972267601225111,0.00972128031174151,0.8405792713165283,0.5101190805435181,0.33046019077301025,-0.15979503524807523,-3.9450510344642518,-0.11778303565638382,0.4759976657577132,0.1111111111111111
ddisco_wiki_387,3,reddit,da,,,,,,,,,,,,,,,
ddisco_wiki_388,3,reddit,da,,,,,,,,,,,,,,,
ddisco_wiki_389,2,wikipedia,da,0.7328315443462796,,0.8583677411079407,0.75,0.7142857142857143,0.11777763813734055,0.008788332030852268,0.8661257028579712,0.5307900309562683,0.3353356719017029,-0.6697465354778915,-2.905775562086318,-0.1335313926245223,-0.11493755917323138,0.75
ddisco_wiki_390,2,wikipedia,da,0.6024720783417041,,0.8148326873779297,0.5833333333333334,0.7272727272727273,0.10705560445785522,0.00734062586986888,0.7633070945739746,0.466620534658432,0.2966865599155426,0.21298811323575814,-3.7337199724221346,0.1876416951773976,-0.22872628938285447,0.9166666666666666
ddisco_wiki_391,2,reddit,da,,,,,,,,,,,,,,,
ddisco_wiki_392,3,wikipedia,da,0.65210399719385,,0.7925381660461426,0.5833333333333334,0.6363636363636364,0.0903203437725703,0.004440520193915707,0.7852272987365723,0.5654216408729553,0.21980565786361694,0.36066257741669033,-3.9592380467679127,0.0285131531036944,-0.30590950882369117,0.75
ddisco_wiki_393,3,reddit,da,,,,,,,,,,,,,,,
ddisco_wiki_394,2,reddit,da,,,,,,,,,,,,,,,
ddisco_wiki_395,2,reddit,da,,,,,,,,,,,,,,,
ddisco_wiki_396,3,reddit,da,,,,,,,,,,,,,,,
ddisco_wiki_397,2,reddit,da,,,,,,,,,,,,,,,
ddisco_wiki_398,3,wikipedia,da,0.6016672849655151,,0.9088245630264282,0.3,0.4444444444444444,0.07697415947914124,0.01251990561792385,0.887730598449707,0.4835084080696106,0.40422219038009644,1.3351047529265567,-1.8448486717251473,0.03326892045416274,0.3163684339763052,0.3
ddisco_wiki_399,3,reddit,da,,,,,,,,,,,,,,,
ddisco_wiki_400,1,reddit,da,,,,,,,,,,,,,,,
ddisco_wiki_401,3,wikipedia,da,0.6024706840515137,,0.7213486433029175,0.75,1.0,0.1597740203142166,0.017704196576067092,0.8290996551513672,0.4266265034675598,0.4024731516838074,0.5072040470928234,-3.6939712783037892,-0.2876820724517808,-0.02075115125963746,0.75
ddisco_wiki_402,3,wikipedia,da,0.7162691473960876,,0.8386958837509155,0.25,1.0,0.12292414903640747,0.009910258630266924,0.8955540060997009,0.5909698605537415,0.3045841455459595,0.7567877518189672,-3.389240669715498,-0.2876820724517808,-0.10305959986763077,0.75
ddisco_wiki_403,2,reddit,da,,,,,,,,,,,,,,,
ddisco_wiki_404,3,reddit,da,,,,,,,,,,,,,,,
ddisco_wiki_405,2,reddit,da,,,,,,,,,,,,,,,
ddisco_wiki_406,3,reddit,da,,,,,,,,,,,,,,,
ddisco_wiki_407,3,wikipedia,da,0.6165330231189727,,0.8031281232833862,0.4444444444444444,0.625,0.10032633940378825,0.008911249452307892,0.8000608086585999,0.5091462135314941,0.2909145951271057,0.7902127786196325,-3.658176292171014,-0.11778303565638382,-0.06092894460834193,0.2222222222222222
ddisco_wiki_408,2,reddit,da,,,,,,,,,,,,,,,
ddisco_wiki_409,3,wikipedia,da,0.6540643402508327,,0.7741345763206482,0.38461538461538464,0.3333333333333333,0.05742185849409837,0.004095571010866006,0.7657904028892517,0.5134615302085876,0.25232887268066406,-0.34131966008128783,-3.132195614271205,0.026595320104917164,0.3873110241726288,0.23076923076923078
ddisco_wiki_410,3,wikipedia,da,0.6304770708084106,,0.8223727345466614,0.5,0.6,0.07648334900538127,0.0074754453906606955,0.820431113243103,0.5404909253120422,0.2799401879310608,1.2388662212585828,-2.3993702592325974,-0.18232155679395445,0.10210961660378559,0.5
ddisco_wiki_411,3,wikipedia,da,0.655081397957272,,0.7921189665794373,0.625,0.8571428571428571,0.07849102467298508,0.010785521356879275,0.9285475611686707,0.5686554908752441,0.3598920702934265,1.8800239895397346,-0.5461350931204665,0.039755402515464056,-0.011025777310354212,0.625
ddisco_wiki_412,3,reddit,da,,,,,,,,,,,,,,,
ddisco_wiki_413,3,reddit,da,,,,,,,,,,,,,,,
ddisco_wiki_414,2,wikipedia,da,0.7013123716626849,,0.8604938983917236,0.16666666666666666,0.6,0.05362986524899801,0.013120729247839363,0.8879023194313049,0.5927046537399292,0.29519766569137573,0.4488925195651872,-4.525870000525722,0.04872750339269394,0.5301516493085332,0.16666666666666666
ddisco_wiki_415,2,reddit,da,,,,,,,,,,,,,,,
ddisco_wiki_416,3,wikipedia,da,0.6488327831029892,,0.8455622792243958,0.42857142857142855,0.3333333333333333,0.13028404542378016,0.0175651613185539,0.9042243957519531,0.48408272862434387,0.42014166712760925,0.618130005303266,-3.576075916959282,0.043891371761297204,0.08011270085272075,0.42857142857142855
ddisco_wiki_417,3,reddit,da,,,,,,,,,,,,,,,
ddisco_wiki_418,2,wikipedia,da,0.5855221856724132,,0.8502432107925415,0.38095238095238093,0.6,0.10323689097449892,0.009209673355962065,0.8057512640953064,0.4630742073059082,0.3426770567893982,0.8178100763264831,-3.5965762398161343,0.11648807851127785,-0.10801585803608527,0.5714285714285714
ddisco_wiki_419,2,reddit,da,,,,,,,,,,,,,,,
ddisco_wiki_420,3,reddit,da,,,,,,,,,,,,,,,
ddisco_wiki_421,2,reddit,da,,,,,,,,,,,,,,,
ddisco_wiki_422,3,wikipedia,da,0.6202193370887211,,0.8001949191093445,0.5,0.8,0.1393494208653768,0.012803566170059014,0.7885112166404724,0.49671849608421326,0.29179272055625916,0.5698042582259817,-4.275358444496032,-0.18232155679395445,-0.07498294077563991,0.5
ddisco_wiki_423,3,reddit,da,,,,,,,,,,,,,,,
ddisco_wiki_424,2,reddit,da,,,,,,,,,,,,,,,
ddisco_wiki_425,1,reddit,da,,,,,,,,,,,,,,,
ddisco_wiki_426,2,reddit,da,,,,,,,,,,,,,,,
ddisco_wiki_427,2,wikipedia,da,0.571984194792234,,0.8099430203437805,0.4166666666666667,0.6363636363636364,0.07837182283401489,0.00856199460562358,0.8630720376968384,0.48636868596076965,0.3767033517360687,2.2595891412945126,1.671294130374326,0.14403768319701893,0.004048062123963906,0.4166666666666667
ddisco_wiki_428,3,wikipedia,da,0.5825032064547906,,0.7868331074714661,0.25,0.7272727272727273,0.0696602612733841,0.00659473362967864,0.7005075812339783,0.48120373487472534,0.21930384635925293,0.006808475128858755,-4.641530888201681,0.10956194715088641,0.24322099641513084,0.08333333333333333
ddisco_wiki_429,2,wikipedia,da,0.7133998572826385,,0.8100487589836121,0.42857142857142855,0.3333333333333333,0.10259343045098442,0.008530073294510387,0.8603053092956543,0.5299463272094727,0.33035898208618164,-0.4664299158440719,-3.1740645696510286,-0.15415067982725872,0.11078659588109033,0.42857142857142855
ddisco_wiki_430,2,reddit,da,,,,,,,,,,,,,,,
ddisco_wiki_431,3,reddit,da,,,,,,,,,,,,,,,
ddisco_wiki_432,2,reddit,da,,,,,,,,,,,,,,,
ddisco_wiki_433,2,reddit,da,,,,,,,,,,,,,,,
ddisco_wiki_434,2,reddit,da,,,,,,,,,,,,,,,
ddisco_wiki_435,2,reddit,da,,,,,,,,,,,,,,,
ddisco_wiki_436,3,reddit,da,,,,,,,,,,,,,,,
ddisco_wiki_437,3,wikipedia,da,0.6100910524527232,,0.8689492344856262,0.42857142857142855,0.6923076923076923,0.1360651339803423,0.014086531967318485,0.8180037140846252,0.43928202986717224,0.378721684217453,0.47465070732582865,-4.174294553262183,0.024913053640555738,0.004204195556954788,0.42857142857142855
ddisco_wiki_438,3,wikipedia,da,0.6911258300145467,,0.8638941049575806,0.8,0.75,0.12739711999893188,0.009552746182164484,0.8231768012046814,0.5264741778373718,0.29670262336730957,-0.2345292920727856,-3.919055593480423,-0.2231435513142097,-0.23384070051158928,0.4
ddisco_wiki_439,2,reddit,da,,,,,,,,,,,,,,,
ddisco_wiki_440,3,wikipedia,da,0.6165850417954581,,0.7870368957519531,0.3076923076923077,0.75,0.06624558797249427,0.004758505720924747,0.8030275106430054,0.5372041463851929,0.2658233642578125,1.3343845798847758,-1.7662655497653539,0.1332333478833707,0.021070219130769393,0.3076923076923077
ddisco_wiki_441,2,reddit,da,,,,,,,,,,,,,,,
ddisco_wiki_442,2,reddit,da,,,,,,,,,,,,,,,
ddisco_wiki_443,2,reddit,da,,,,,,,,,,,,,,,
ddisco_wiki_444,3,reddit,da,,,,,,,,,,,,,,,
ddisco_wiki_445,3,wikipedia,da,0.5442662139733633,,0.7061749696731567,0.6,0.5,0.055953609943389895,0.0027378902360380365,0.6350418329238892,0.4847545027732849,0.15028733015060425,0.5287840056307126,-4.020345611250462,-0.2231435513142097,-0.07783108030412592,0.6
ddisco_wiki_446,3,reddit,da,,,,,,,,,,,,,,,
ddisco_wiki_447,2,reddit,da,,,,,,,,,,,,,,,
ddisco_wiki_448,3,wikipedia,da,0.6758771896362304,,0.846185028553009,0.4444444444444444,0.375,0.12320939037534925,0.0184413284838779,0.8295883536338806,0.4619273245334625,0.3676610291004181,-0.4003372670108567,-4.426664284230684,-0.11778303565638382,0.35724021724539873,0.2222222222222222
ddisco_wiki_449,2,wikipedia,da,0.702437428633372,,0.8411277532577515,0.5714285714285714,0.6153846153846154,0.11727010778018407,0.015333839115605897,0.9360185861587524,0.5246685147285461,0.4113500714302063,0.35429480991423085,-3.943643034069146,0.024913053640555738,0.20423702157430842,0.2857142857142857
ddisco_wiki_450,2,wikipedia,da,0.5373221167496273,,0.7981225848197937,0.5,0.6,0.022073303659756977,0.0005390272599368468,0.5610970258712769,0.49196091294288635,0.0691361129283905,-0.83407830171175,-3.558580140964731,-0.18232155679395445,0.25098666642592155,0.16666666666666666
ddisco_wiki_451,2,reddit,da,,,,,,,,,,,,,,,
ddisco_wiki_452,3,reddit,da,,,,,,,,,,,,,,,
ddisco_wiki_453,2,reddit,da,,,,,,,,,,,,,,,
ddisco_wiki_454,3,reddit,da,,,,,,,,,,,,,,,
ddisco_wiki_455,2,wikipedia,da,0.6838186212948391,,0.8707520961761475,0.16666666666666666,0.6,0.059429277976353966,0.010493673621202012,0.8620225191116333,0.58330899477005,0.27871352434158325,0.8150275011061845,-4.03677680497378,-0.18232155679395445,0.42668304430986514,0.16666666666666666
ddisco_wiki_456,2,wikipedia,da,0.5672012354646411,,0.8641153573989868,0.6666666666666666,0.6,0.14860933025678,0.013001633857636696,0.7424083352088928,0.4202154576778412,0.32219287753105164,0.227227205809768,-4.490270962225551,-0.18232155679395445,-0.29303121965774126,0.6666666666666666
ddisco_wiki_457,3,reddit,da,,,,,,,,,,,,,,,
ddisco_wiki_458,3,reddit,da,,,,,,,,,,,,,,,
ddisco_wiki_459,2,reddit,da,,,,,,,,,,,,,,,
ddisco_wiki_460,2,wikipedia,da,0.6545968683142411,,0.8527551293373108,0.5555555555555556,0.6470588235294118,0.11713898513052198,0.010298160836089162,0.8883259296417236,0.4876648783683777,0.40066105127334595,0.1364024315025973,-3.453237012985884,0.01985793955560089,0.005736758281975746,0.6666666666666666
ddisco_wiki_461,3,reddit,da,,,,,,,,,,,,,,,
ddisco_wiki_462,3,reddit,da,,,,,,,,,,,,,,,
ddisco_wiki_463,3,reddit,da,,,,,,,,,,,,,,,
ddisco_wiki_464,2,reddit,da,,,,,,,,,,,,,,,
ddisco_wiki_465,1,reddit,da,,,,,,,,,,,,,,,
ddisco_wiki_466,2,wikipedia,da,0.6598977121439847,,0.886064887046814,0.4,0.5555555555555556,0.08044800758361817,0.010714068221499583,0.9196553230285645,0.5291986465454102,0.3904566764831543,1.1229211322729833,-1.9502739351312544,-0.10536051565782634,0.1379751549958349,0.2
ddisco_wiki_467,3,wikipedia,da,0.5183449132101876,,0.7512814998626709,0.16666666666666666,0.4,0.06499090790748596,0.009311559725622188,0.7480687499046326,0.44846445322036743,0.29960429668426514,1.8106985134941953,-1.3365799882303468,-0.18232155679395445,0.10956080447416848,0.16666666666666666
ddisco_wiki_468,3,reddit,da,,,,,,,,,,,,,,,
ddisco_wiki_469,2,reddit,da,,,,,,,,,,,,,,,
ddisco_wiki_470,2,reddit,da,,,,,,,,,,,,,,,
ddisco_wiki_471,2,wikipedia,da,0.6815447608629862,,0.8742292523384094,0.6,0.5,0.1079640507698059,0.015316486120934848,0.9190871119499207,0.5059661865234375,0.41312092542648315,0.6861933549439512,-3.0564262717392876,-0.2231435513142097,-0.05156111760686266,0.6
ddisco_wiki_472,1,reddit,da,,,,,,,,,,,,,,,
ddisco_wiki_473,2,wikipedia,da,0.6852631568908691,,0.7707443237304688,0.75,0.6666666666666666,0.11702452600002289,0.008804399970635757,0.7987127304077148,0.5538291931152344,0.24488353729248047,-0.14170821398622932,-4.551863705129543,-0.2876820724517808,-0.0699244343600474,0.25
ddisco_wiki_474,3,reddit,da,,,,,,,,,,,,,,,
ddisco_wiki_475,2,wikipedia,da,0.7517628073692322,,0.8777185678482056,0.5,0.8,0.15204287568728128,0.018617072532645045,1.0,0.5415360331535339,0.45846396684646606,0.24881594934765405,-3.492691494039566,-0.18232155679395445,-0.08630252893817636,0.8333333333333334
ddisco_wiki_476,3,reddit,da,,,,,,,,,,,,,,,
ddisco_wiki_477,2,reddit,da,,,,,,,,,,,,,,,
ddisco_wiki_478,2,reddit,da,,,,,,,,,,,,,,,
ddisco_wiki_479,3,reddit,da,,,,,,,,,,,,,,,
ddisco_wiki_480,3,wikipedia,da,0.6293306589126587,,0.8492758870124817,0.3333333333333333,0.75,0.06729218032624987,0.0069887302155771614,0.8668400049209595,0.5503120422363281,0.31652796268463135,2.1404294874723844,0.6423845626182505,0.2099128838685449,-0.22889062834391283,0.5555555555555556
ddisco_wiki_481,3,wikipedia,da,0.6589300802775792,,0.8437839150428772,0.5,0.8,0.1018813153107961,0.010318603835591605,0.8705326318740845,0.5311195850372314,0.339413046836853,0.9852424636371266,-2.9069832364347907,-0.18232155679395445,-0.008528655876569494,0.5
ddisco_wiki_482,3,wikipedia,da,0.6100988586743673,,0.8744804859161377,0.2,1.0,0.12251741886138916,0.01730993941018571,0.8951942920684814,0.49943602085113525,0.3957582712173462,1.5438684457602263,-2.2117236458204825,-0.2231435513142097,-0.0725921869151274,0.6
ddisco_wiki_483,3,wikipedia,da,0.5442910033922929,,0.7415708303451538,0.3333333333333333,0.5454545454545454,0.07451225320498149,0.01099705160389086,0.7642412185668945,0.4304743707180023,0.3337668478488922,0.9188312224257693,-3.5244582697351614,0.23558870725269454,0.4606519010654982,0.16666666666666666
ddisco_wiki_484,3,wikipedia,da,0.6559415459632874,,0.8042387962341309,0.3333333333333333,0.2,0.08556202054023743,0.009077714383806779,0.7847362160682678,0.5247571468353271,0.2599790692329407,0.13368460052745157,-4.47769378317724,-0.18232155679395445,0.09208462865765933,0.3333333333333333
ddisco_wiki_485,3,reddit,da,,,,,,,,,,,,,,,
ddisco_wiki_486,3,wikipedia,da,0.6825496554374695,,0.8082287907600403,0.8333333333333334,0.8,0.1247507135073344,0.009180092014801744,0.8775632381439209,0.5982659459114075,0.2792972922325134,1.0104581741767444,-3.3090049379789312,-0.18232155679395445,-0.35300868767250787,0.8333333333333334
ddisco_wiki_487,3,reddit,da,,,,,,,,,,,,,,,
ddisco_wiki_488,3,wikipedia,da,0.6459574231079647,,0.8571574687957764,0.6666666666666666,1.0,0.1381537914276123,0.012455139010911928,0.850084125995636,0.4926083981990814,0.35747572779655457,0.5064017252178918,-3.7054064817015155,-0.18232155679395445,-0.17779755500334926,0.6666666666666666
ddisco_wiki_489,3,reddit,da,,,,,,,,,,,,,,,
ddisco_wiki_490,3,reddit,da,,,,,,,,,,,,,,,
ddisco_wiki_491,1,reddit,da,,,,,,,,,,,,,,,
ddisco_wiki_492,3,wikipedia,da,0.693223541433161,,0.8949872255325317,0.6,0.7777777777777778,0.06674723625183106,0.0060102253146871315,0.9183996915817261,0.619845449924469,0.2985542416572571,2.0538050107418404,0.6216365074164418,-0.10536051565782634,-0.0555657361323757,0.6
ddisco_wiki_493,2,wikipedia,da,0.5396610001722971,,0.7705315351486206,0.4,0.25,0.09256072044372558,0.017437465001467898,0.8273952603340149,0.4544583559036255,0.3729369044303894,1.60424132246577,-2.1726770055933593,0.08945023160668342,-0.009639959328877465,0.4
ddisco_wiki_494,2,reddit,da,,,,,,,,,,,,,,,
ddisco_wiki_495,2,reddit,da,,,,,,,,,,,,,,,
ddisco_wiki_496,2,reddit,da,,,,,,,,,,,,,,,
ddisco_wiki_497,2,reddit,da,,,,,,,,,,,,,,,
ddisco_wiki_498,2,reddit,da,,,,,,,,,,,,,,,
ddisco_wiki_499,1,reddit,da,,,,,,,,,,,,,,,
ddisco_wiki_500,3,wikipedia,da,0.5958715948191556,,0.8350052833557129,0.5,0.6666666666666666,0.09721243381500244,0.013101989590970585,0.840441882610321,0.4746249318122864,0.36581695079803467,0.9473668857431534,-3.4510702038971517,-0.10536051565782634,0.27560158907138926,0.3
ddisco_wiki_501,2,reddit,da,,,,,,,,,,,,,,,
ddisco_wiki_502,3,wikipedia,da,0.6194499135017395,,0.8610107898712158,0.23076923076923078,0.5833333333333334,0.09326702814835769,0.017311973662053375,0.8148199319839478,0.38546860218048096,0.4293513298034668,-0.08484179546787986,-4.255379306486351,0.017708817790046183,0.4280196433380917,0.07692307692307693
ddisco_wiki_503,3,wikipedia,da,0.5881047043949366,,0.8046582937240601,0.26666666666666666,0.6428571428571429,0.10215781927108765,0.008539190150175981,0.7919666171073914,0.4685501158237457,0.32341650128364563,0.8516615763235722,-3.1764405035213352,0.023426752587707433,0.036972842942201496,0.4
ddisco_wiki_504,2,reddit,da,,,,,,,,,,,,,,,
ddisco_wiki_505,2,wikipedia,da,0.6753608584403992,,0.8380988836288452,0.7,0.8888888888888888,0.15329024195671082,0.010373671007599228,0.8855689167976379,0.5282716155052185,0.35729730129241943,0.46184552200354106,-3.5880433846649558,-0.10536051565782634,-0.4793962607337283,0.9
ddisco_wiki_506,3,wikipedia,da,0.5890449354281793,,0.8270924687385559,0.5833333333333334,0.8181818181818182,0.10802915195624034,0.011944016981162486,0.891089916229248,0.46384742856025696,0.4272424876689911,1.4632881244495037,-1.1210585512803242,-0.08701137698962969,0.06946454355157983,0.25
ddisco_wiki_507,2,wikipedia,da,0.5774576036553634,,0.8391379117965698,0.3888888888888889,0.35294117647058826,0.08226868675814734,0.008647466976357305,0.8530052900314331,0.44746991991996765,0.40553537011146545,1.2090182016376403,-1.3536525318426476,0.202959987666953,0.08222708524148649,0.3888888888888889
ddisco_wiki_508,2,reddit,da,,,,,,,,,,,,,,,
ddisco_wiki_509,3,wikipedia,da,0.6730843305587768,,0.8789645433425903,0.25,0.6666666666666666,0.09273777902126312,0.015778009229548785,0.8688565492630005,0.5272355675697327,0.3416209816932678,0.4503398663670338,-4.347948111162183,-0.2876820724517808,0.32315697830002904,0.25
ddisco_wiki_510,2,wikipedia,da,0.5817962676286698,,0.7397201061248779,0.5555555555555556,0.5,0.09236526489257812,0.008041898084646714,0.772315263748169,0.40757545828819275,0.3647398054599762,0.2758308537245007,-2.4421162512438133,-0.11778303565638382,-0.14518354743651843,0.5555555555555556
ddisco_wiki_511,2,wikipedia,da,0.6737865209579468,,0.8315119743347168,0.5,0.3333333333333333,0.09581312537193298,0.00747897625713847,0.780499279499054,0.5431296229362488,0.23736965656280518,-0.277754398483413,-4.356314112250464,-0.2876820724517808,0.14479765991840474,0.5
ddisco_wiki_512,3,wikipedia,da,0.6118863895535469,,0.8218045830726624,0.42857142857142855,0.6666666666666666,0.1212070073400225,0.011606543059420493,0.7993454337120056,0.508583664894104,0.2907617688179016,0.6355277952014221,-4.140552361115048,0.043891371761297204,-0.10832425469209993,0.7142857142857143
ddisco_wiki_513,3,reddit,da,,,,,,,,,,,,,,,
ddisco_wiki_514,3,wikipedia,da,0.6255012998978297,,0.7543773055076599,0.2727272727272727,0.2,0.06146713820370761,0.007865358084797134,0.8411654829978943,0.5270206332206726,0.3141448497772217,1.1091314301521737,-2.595304544589432,-0.09531017980432521,0.22384890265216084,0.2727272727272727
ddisco_wiki_515,3,wikipedia,da,0.6575650349259377,,0.8199030160903931,0.4666666666666667,0.42857142857142855,0.06502648989359537,0.004770546034179313,0.842471182346344,0.5403096079826355,0.3021615743637085,0.6424812544769862,-1.7125657812964983,0.023426752587707433,0.05980796731626072,0.6
ddisco_wiki_516,2,reddit,da,,,,,,,,,,,,,,,
ddisco_wiki_517,2,reddit,da,,,,,,,,,,,,,,,
ddisco_wiki_518,2,wikipedia,da,0.6807973235845566,,0.8930042386054993,0.5714285714285714,0.5,0.15621650218963623,0.015326463155566072,0.8851431608200073,0.48930513858795166,0.39583802223205566,0.09375820473853481,-4.071086854087769,-0.15415067982725872,0.0789151906945249,0.5714285714285714
ddisco_wiki_519,3,reddit,da,,,,,,,,,,,,,,,
ddisco_wiki_520,2,reddit,da,,,,,,,,,,,,,,,
ddisco_wiki_521,2,wikipedia,da,0.623681785662969,,0.8904521465301514,0.5714285714285714,0.6923076923076923,0.08633602091244288,0.010999063039457543,0.9101083278656006,0.47842663526535034,0.43168169260025024,1.1536179684552943,-1.5145087921128884,0.024913053640555738,0.1522053970606793,0.14285714285714285
ddisco_wiki_522,3,wikipedia,da,0.6365241408348083,,0.8209899067878723,0.5,0.42857142857142855,0.0444025918841362,0.0025178543035756385,0.7289487719535828,0.528894305229187,0.20005446672439575,-0.39229636895126047,-2.3291768585836623,0.08040616403746292,0.19859234119633684,0.5
ddisco_wiki_523,2,reddit,da,,,,,,,,,,,,,,,
ddisco_wiki_524,3,reddit,da,,,,,,,,,,,,,,,
ddisco_wiki_525,3,wikipedia,da,0.6216703504323959,,0.7036951780319214,0.6,0.75,0.1307413697242737,0.009470726927149823,0.7908987402915955,0.4947899281978607,0.29610881209373474,0.34081867024737955,-3.801983783533769,-0.2231435513142097,-0.008871714485577664,0.2
ddisco_wiki_526,3,reddit,da,,,,,,,,,,,,,,,
ddisco_wiki_527,2,reddit,da,,,,,,,,,,,,,,,
ddisco_wiki_528,2,wikipedia,da,0.5837191376421187,,0.7598474025726318,0.29411764705882354,0.5625,0.08408985067816342,0.010005399148979235,0.7571828365325928,0.45368945598602295,0.3034933805465698,0.4782246303641145,-4.245181897504366,0.020922105308264438,0.2978828394972328,0.29411764705882354
ddisco_wiki_529,2,wikipedia,da,0.5756760320880197,,0.8285033702850342,0.5238095238095238,0.6,0.07435516232535952,0.007083923252227626,0.8451393246650696,0.47509801387786865,0.3700413107872009,1.4748860588699326,-0.508941023710828,0.1322520402520868,0.18325981904500946,0.3333333333333333
ddisco_wiki_530,3,wikipedia,da,0.6284962197144827,,0.7934896945953369,0.6,0.75,0.1094066858291626,0.00825739163677783,0.7978968024253845,0.4938012361526489,0.3040955662727356,0.5318975533342791,-3.1762933338761803,-0.2231435513142097,-0.06961432769346486,0.6
ddisco_wiki_531,2,wikipedia,da,0.7321398598807198,,0.9020752906799316,0.5,0.6,0.10273126761118571,0.005990647697489246,0.8309385776519775,0.6115444898605347,0.21939408779144287,-0.012795688628511737,-4.3633742976006165,-0.18232155679395445,-0.17676277571553142,0.5
ddisco_wiki_532,3,wikipedia,da,0.638826496899128,,0.7384987473487854,0.7142857142857143,0.8333333333333334,0.12601731504712785,0.012234162703487816,0.8856500387191772,0.5155361294746399,0.37011390924453735,1.1626335263961995,-2.5897596902959013,0.043891371761297204,-0.15956751481431536,0.7142857142857143
ddisco_wiki_533,3,reddit,da,,,,,,,,,,,,,,,
ddisco_wiki_534,2,wikipedia,da,0.6820611755053202,,0.8584818243980408,0.25,0.7142857142857143,0.09601619839668274,0.012200681367899965,0.8330519795417786,0.4602820873260498,0.37276989221572876,-0.8396490628472737,-3.333164728337247,-0.1335313926245223,0.36234281364760396,0.25
ddisco_wiki_535,3,reddit,da,,,,,,,,,,,,,,,
ddisco_wiki_536,2,reddit,da,,,,,,,,,,,,,,,
ddisco_wiki_537,2,reddit,da,,,,,,,,,,,,,,,
ddisco_wiki_538,3,wikipedia,da,0.6837691916869237,,0.9332244396209717,0.4166666666666667,0.5454545454545454,0.1293583040436109,0.01598706203451553,0.9106417298316956,0.48513978719711304,0.4255019426345825,-0.03629934711309276,-3.8703347516929796,-0.08701137698962969,0.05384959044685584,0.4166666666666667
ddisco_wiki_539,3,reddit,da,,,,,,,,,,,,,,,
ddisco_wiki_540,3,wikipedia,da,0.6428333083788554,,0.853151798248291,0.7857142857142857,0.7692307692307693,0.10054157887186323,0.006361631710599846,0.8341458439826965,0.520597517490387,0.31354832649230957,0.8581787062223766,-2.462910378593142,0.024913053640555738,-0.24526356881578695,0.7857142857142857
ddisco_wiki_541,3,reddit,da,,,,,,,,,,,,,,,
ddisco_wiki_542,3,reddit,da,,,,,,,,,,,,,,,
ddisco_wiki_543,3,wikipedia,da,0.7142510499273028,,0.8742049932479858,0.8333333333333334,0.8,0.13741044203440347,0.008181749742843412,0.8552647829055786,0.6165807247161865,0.2386840581893921,0.3838714485105475,-4.530907009086862,-0.18232155679395445,-0.4115582652455467,0.8333333333333334
ddisco_wiki_544,2,wikipedia,da,0.6116455976779644,,0.7594468593597412,0.6666666666666666,0.7272727272727273,0.08918507893880208,0.006189151871837094,0.6984502673149109,0.4761260151863098,0.22232425212860107,-0.4414161198171085,-4.275329001059467,0.028513153103694844,0.14772358247385073,0.5
ddisco_wiki_545,3,wikipedia,da,0.6527246007552514,,0.8031982779502869,0.25,0.7272727272727273,0.1408959279457728,0.018636816572586194,0.8704043030738831,0.4764494299888611,0.393954873085022,0.37880014376119553,-4.305184223458598,-0.08701137698962969,0.2094401433784018,0.25
ddisco_wiki_546,3,wikipedia,da,0.5426828513542811,,0.8132495880126953,0.2727272727272727,0.4,0.09753294695507396,0.012988343889098801,0.8292503952980042,0.44663557410240173,0.3826148211956024,1.668453663563663,-1.7264306985343403,0.2440145088134844,-0.09839786177938414,0.45454545454545453
ddisco_wiki_547,2,wikipedia,da,0.5745309516787529,,0.7382351160049438,0.36363636363636365,0.4,0.07503162730823863,0.012886610989148284,0.7691023945808411,0.4571194350719452,0.3119829595088959,0.4218645766819381,-4.331182129517747,0.20431135346879614,0.4936318341318738,0.18181818181818182
ddisco_wiki_548,2,wikipedia,da,0.6259640703598658,,0.8018805384635925,0.45454545454545453,0.5,0.10610264539718628,0.010700630539550256,0.8706888556480408,0.5099730491638184,0.3607158064842224,1.052777713195186,-2.8338483076506282,0.030716580297483365,-0.0436639964077325,0.45454545454545453
ddisco_wiki_549,3,reddit,da,,,,,,,,,,,,,,,
ddisco_wiki_550,2,reddit,da,,,,,,,,,,,,,,,
ddisco_wiki_551,3,wikipedia,da,0.6476904208009894,,0.8296108841896057,0.5,0.6666666666666666,0.16146336793899535,0.017407106822323312,0.850701630115509,0.4369162321090698,0.4137853980064392,0.23360773251262204,-4.2196163023800075,-0.10536051565782634,-0.03768626647996021,0.5
ddisco_wiki_552,3,wikipedia,da,0.6801259636878967,,0.8752048015594482,0.2857142857142857,0.5384615384615384,0.09334058846746172,0.010528167443591106,0.8862265348434448,0.5645958781242371,0.32163065671920776,0.6092700288356157,-3.9762212707875513,0.017296051656380484,0.17338067499385257,0.42857142857142855
ddisco_wiki_553,3,wikipedia,da,0.70015449821949,,0.8669872879981995,0.42857142857142855,0.8333333333333334,0.08343091181346349,0.007584503569674217,0.9171364307403564,0.6115397214889526,0.3055967092514038,1.7521897605150454,-1.0205118535796576,-0.15415067982725872,-0.02534793670997169,0.42857142857142855
ddisco_wiki_554,3,reddit,da,,,,,,,,,,,,,,,
ddisco_wiki_555,2,reddit,da,,,,,,,,,,,,,,,
ddisco_wiki_556,3,wikipedia,da,0.6684119820594787,,0.8677056431770325,0.5555555555555556,0.5,0.18525124258465236,0.020033972831226377,0.9135529398918152,0.5041782259941101,0.4093747138977051,0.6708590929361368,-4.186833132616463,0.03624967113471511,-0.3029354751203712,0.5555555555555556
ddisco_wiki_557,3,wikipedia,da,0.5983980769912401,,0.7850017547607422,0.7272727272727273,0.9,0.08908585526726463,0.0044449717194388,0.7206591367721558,0.4965488016605377,0.22411033511161804,0.3854647956061257,-3.740109684134459,0.030716580297483365,-0.16132453529386268,0.5454545454545454
ddisco_wiki_558,2,wikipedia,da,0.5959260215361913,,0.7173550128936768,0.2727272727272727,0.3,0.04209815913980657,0.004224802233850663,0.7117395997047424,0.5199553370475769,0.19178426265716553,0.46651430050646525,-4.289179940767082,-0.09531017980432521,0.43246874131893775,0.09090909090909091
ddisco_wiki_559,3,reddit,da,,,,,,,,,,,,,,,
ddisco_wiki_560,3,reddit,da,,,,,,,,,,,,,,,
ddisco_wiki_561,2,reddit,da,,,,,,,,,,,,,,,
ddisco_wiki_562,2,reddit,da,,,,,,,,,,,,,,,
ddisco_wiki_563,2,wikipedia,da,0.6469648395265851,,0.8080731630325317,0.8333333333333334,0.8,0.1308371126651764,0.010148792112882814,0.824687123298645,0.5012953877449036,0.32339173555374146,0.4022094760958925,-3.8027722615865067,-0.18232155679395445,-0.4467299798530385,0.8333333333333334
ddisco_wiki_564,1,reddit,da,,,,,,,,,,,,,,,
ddisco_wiki_565,3,reddit,da,,,,,,,,,,,,,,,
ddisco_wiki_566,3,wikipedia,da,0.6538878579934438,,0.8420566320419312,0.2,0.5,0.07753757238388062,0.011000522514520857,0.8810325860977173,0.5688211917877197,0.31221139430999756,1.5449913811093967,-2.22838817037831,-0.2231435513142097,-0.0350951413978734,0.2
ddisco_wiki_567,2,reddit,da,,,,,,,,,,,,,,,
ddisco_wiki_568,3,wikipedia,da,0.721118602487776,,0.8639428019523621,0.375,0.5714285714285714,0.08737410604953766,0.008600845876827723,0.8358743190765381,0.5280336141586304,0.3078407049179077,-0.8192374056351506,-3.4213767689329746,-0.1335313926245223,0.1251852609643509,0.375
ddisco_wiki_569,2,wikipedia,da,0.6697350367903709,,0.8341354131698608,0.42857142857142855,0.6666666666666666,0.10594844818115234,0.011064812578807037,0.8390812873840332,0.507815420627594,0.3312658667564392,-0.1308619316603294,-3.923297992869408,-0.15415067982725872,0.1934130894425703,0.14285714285714285
ddisco_wiki_570,1,wikipedia,da,0.6369121819734573,,0.7980400919914246,0.6363636363636364,0.6,0.14769684184681287,0.019444224907408342,0.9044855237007141,0.44166749715805054,0.4628180265426636,0.5791228336160604,-3.6495296301346882,0.030716580297483365,0.24822625431178566,0.09090909090909091
ddisco_wiki_571,1,reddit,da,,,,,,,,,,,,,,,
ddisco_wiki_572,2,wikipedia,da,0.6594153898102897,,0.8492739200592041,0.16666666666666666,0.8,0.08573222160339355,0.008493965535556779,0.8444093465805054,0.5690358281135559,0.27537351846694946,0.9913954287002368,-3.3805246045238246,-0.18232155679395445,0.1251027909169368,0.16666666666666666
ddisco_wiki_573,3,wikipedia,da,0.6109354496002197,,0.7451099157333374,0.3333333333333333,0.75,0.07395971483654445,0.012679717145238101,0.9061470031738281,0.4960312247276306,0.4101157784461975,1.6495311897961953,-1.083362254412827,-0.11778303565638382,0.34071479116323,0.3333333333333333
ddisco_wiki_574,2,reddit,da,,,,,,,,,,,,,,,
ddisco_wiki_575,2,wikipedia,da,0.6600798641641935,,0.8201872110366821,0.6363636363636364,0.6,0.10139866308732466,0.007811868814141081,0.8540399074554443,0.485985666513443,0.36805424094200134,0.23235710160809903,-2.6120760500413724,0.030716580297483365,-0.05850997088101159,0.6363636363636364
ddisco_wiki_576,2,reddit,da,,,,,,,,,,,,,,,
ddisco_wiki_577,2,reddit,da,,,,,,,,,,,,,,,
ddisco_wiki_578,1,reddit,da,,,,,,,,,,,,,,,
ddisco_wiki_579,2,wikipedia,da,0.6663372993469239,,0.8115245699882507,0.7777777777777778,0.75,0.12569341394636366,0.008271761034008165,0.8087943196296692,0.5112174153327942,0.297576904296875,-0.16280227406629363,-3.9648966450351932,0.016995582785827912,-0.30683266039070656,0.7777777777777778
ddisco_wiki_580,2,wikipedia,da,0.5693118340439267,,0.8060125112533569,0.5294117647058824,0.75,0.11404358288821052,0.012309918350950034,0.8790938854217529,0.4588814973831177,0.42021238803863525,1.3053662093682878,-2.043581115901584,0.23950412561980228,-0.10637088671066483,0.4117647058823529
ddisco_wiki_581,3,reddit,da,,,,,,,,,,,,,,,
ddisco_wiki_582,3,wikipedia,da,0.5889794290065765,,0.817113995552063,0.25,1.0,0.159378781914711,0.01934990603381067,0.846636176109314,0.4262421429157257,0.42039403319358826,0.9367350012647047,-3.2658674291620273,-0.2876820724517808,-0.072170974727794,0.75
ddisco_wiki_583,3,wikipedia,da,0.6938041225075722,,0.8875167965888977,0.42857142857142855,0.5,0.14597318853650773,0.01371083345297558,0.8710247874259949,0.5073946118354797,0.36363017559051514,-0.18845276855667556,-4.144408272123226,-0.15415067982725872,-0.023592261402407222,0.42857142857142855
ddisco_wiki_584,2,wikipedia,da,0.6765381768345833,,0.819349467754364,0.45454545454545453,0.6,0.12156239693815057,0.013138010370817946,0.8011649250984192,0.44669046998023987,0.3544744551181793,-0.7732841141961567,-3.8209281990252206,0.030716580297483365,-0.007553924649109872,0.45454545454545453
ddisco_wiki_585,2,wikipedia,da,0.573292440838284,,0.7501385807991028,0.5,0.8571428571428571,0.1346649006009102,0.008757845158453428,0.7921441793441772,0.43591880798339844,0.3562253713607788,1.0553588966701344,-2.0950775831093726,-0.1335313926245223,-0.32973393839351894,0.75
ddisco_wiki_586,3,wikipedia,da,0.6114305224683549,,0.7343623638153076,0.25,0.42857142857142855,0.09442286193370819,0.011499813977231581,0.7530144453048706,0.4221404790878296,0.330873966217041,-0.4931309164566846,-4.142134483232532,-0.1335313926245223,0.3913957989508827,0.5
ddisco_wiki_587,2,wikipedia,da,0.6704834018434797,,0.8333360552787781,0.5,0.6,0.09178049365679423,0.006879801493400989,0.8230736255645752,0.5957484841346741,0.22732514142990112,0.7514778902838897,-3.9397148561608204,-0.18232155679395445,-0.08344000313918594,0.5
ddisco_wiki_588,3,reddit,da,,,,,,,,,,,,,,,
ddisco_wiki_589,3,wikipedia,da,0.6610681414604187,,0.7975622415542603,0.4,0.5,0.07843356927235921,0.006948336506994668,0.7834844589233398,0.5096771121025085,0.2738073468208313,-0.14028751721819646,-4.034950457708275,0.023426752587707433,0.33328261095295747,0.13333333333333333
ddisco_wiki_590,2,reddit,da,,,,,,,,,,,,,,,
ddisco_wiki_591,3,wikipedia,da,0.7215462647951566,,0.8999720215797424,0.5,0.45454545454545453,0.1198511819044749,0.013777908619162825,0.8872127532958984,0.4828621745109558,0.4043505787849426,-0.23134168132942007,-3.783440043341534,-0.08701137698962969,0.20917698604905272,0.5
ddisco_wiki_592,2,reddit,da,,,,,,,,,,,,,,,
ddisco_wiki_593,2,wikipedia,da,0.56893130838871,,0.8480489253997803,0.42105263157894735,0.7222222222222222,0.09563288249467548,0.007323004118192413,0.7460220456123352,0.4721643626689911,0.2738576829433441,0.7998822938456561,-3.698124983174336,0.1415732157885019,-0.1278306833817943,0.631578947368421
ddisco_wiki_594,2,wikipedia,da,0.6883964538574219,,0.7873709797859192,0.5,0.6,0.09127889076868693,0.005736658825920163,0.810253381729126,0.5645534992218018,0.24569988250732422,-0.0768220967077274,-3.904822369856166,-0.18232155679395445,-0.08738860514679724,0.5
ddisco_wiki_595,3,reddit,da,,,,,,,,,,,,,,,
ddisco_wiki_596,2,wikipedia,da,0.6813307076692581,,0.806300699710846,0.4444444444444444,0.625,0.07948267459869385,0.010639161875080995,0.859742283821106,0.4818415343761444,0.37790074944496155,-0.22040830740886025,-3.354717332174444,-0.11778303565638382,0.5008159223078612,0.2222222222222222
ddisco_wiki_597,3,reddit,da,,,,,,,,,,,,,,,
ddisco_wiki_598,3,wikipedia,da,0.5930181394020716,,0.8319375514984131,0.6,1.0,0.11654375195503235,0.02125348829749001,0.8989121913909912,0.4489252269268036,0.4499869644641876,1.3329082068593232,-2.5873957812008928,-0.2231435513142097,0.006289722310577951,0.2
ddisco_wiki_599,2,wikipedia,da,0.6436731730188642,,0.8072614073753357,0.6153846153846154,0.75,0.15371534457573524,0.017196841260366646,1.0,0.45488929748535156,0.5451107025146484,1.0139797922568339,-1.4942625836574939,0.017708817790046627,-0.09269434313532826,0.6153846153846154
ddisco_wiki_600,3,reddit,da,,,,,,,,,,,,,,,
ddisco_wiki_601,3,reddit,da,,,,,,,,,,,,,,,
ddisco_wiki_602,2,reddit,da,,,,,,,,,,,,,,,
ddisco_wiki_603,2,wikipedia,da,0.6544529795646667,,0.7554784417152405,0.3333333333333333,0.5,0.09293126397662693,0.00872439277143613,0.8017018437385559,0.5129088163375854,0.28879302740097046,-0.01376216298590813,-4.233902540640956,-0.11778303565638382,0.16676647982099793,0.3333333333333333
ddisco_wiki_604,3,wikipedia,da,0.5912256605095334,,0.7592096328735352,0.375,0.5714285714285714,0.07748608663678169,0.006610798333935044,0.772121787071228,0.4935677945613861,0.2785539925098419,0.97055311197702,-2.877173315407848,-0.1335313926245223,0.13973349447190772,0.625
ddisco_wiki_605,2,wikipedia,da,0.6438846190770467,,0.8203604221343994,0.375,0.2857142857142857,0.0771273672580719,0.010746431550763368,0.8576731085777283,0.4699055552482605,0.3877675533294678,0.47313723690682086,-3.00880749046744,0.039755402515464056,0.27462120646393573,0.375
ddisco_wiki_606,2,reddit,da,,,,,,,,,,,,,,,
ddisco_wiki_607,2,reddit,da,,,,,,,,,,,,,,,
ddisco_wiki_608,3,reddit,da,,,,,,,,,,,,,,,
ddisco_wiki_609,2,reddit,da,,,,,,,,,,,,,,,
ddisco_wiki_610,3,reddit,da,,,,,,,,,,,,,,,
ddisco_wiki_611,2,reddit,da,,,,,,,,,,,,,,,
ddisco_wiki_612,3,wikipedia,da,0.6411643488840624,,0.7763049602508545,0.6,0.5555555555555556,0.13488150835037233,0.0138835575194668,0.8508241176605225,0.4884938895702362,0.36233022809028625,0.28692712552550154,-4.2593892763499595,-0.10536051565782634,-0.005113038252035601,0.6
ddisco_wiki_613,1,reddit,da,,,,,,,,,,,,,,,
ddisco_wiki_614,3,wikipedia,da,0.7056113237684424,,0.812427282333374,0.3,0.4444444444444444,0.05794051587581635,0.009798818534538355,0.8896947503089905,0.4942701756954193,0.39542457461357117,-0.1731330915600304,-2.8060045934176987,-0.10536051565782634,0.32130383476472874,0.3
ddisco_wiki_615,2,reddit,da,,,,,,,,,,,,,,,
ddisco_wiki_616,3,wikipedia,da,0.5657382813783792,,0.7605867385864258,0.5833333333333334,0.5454545454545454,0.08818321923414867,0.011476789551903748,0.8635497093200684,0.4287616014480591,0.4347881078720093,1.507990240762356,-0.8821235219271619,0.26937746626170833,0.11645341571867704,0.4166666666666667
ddisco_wiki_617,2,wikipedia,da,0.5960413132395063,,0.8138670325279236,0.5,0.4,0.12481794754664104,0.015476174010182303,0.8663610816001892,0.48172295093536377,0.38463813066482544,1.3252947262875832,-2.642365315132179,-0.18232155679395445,-0.052877291484189466,0.5
ddisco_wiki_618,1,wikipedia,da,0.6255286203490363,,0.8021865487098694,0.46153846153846156,0.6,0.04495504039984483,0.004606040019048232,0.9053085446357727,0.5349492430686951,0.37035930156707764,2.4844606672621503,5.124789299901469,0.3298751619334661,0.14846482417962859,0.38461538461538464
ddisco_wiki_619,2,wikipedia,da,0.5476807326078414,,0.8011411428451538,0.3333333333333333,0.25,0.05168939630190531,0.007579160233800844,0.7680404782295227,0.43621692061424255,0.33182355761528015,1.3090336230308408,-1.4802964969631178,-0.11778303565638382,0.2210067932262185,0.1111111111111111
ddisco_wiki_620,2,wikipedia,da,0.6555729707082113,,0.8355552554130554,0.8,0.75,0.2196746587753296,0.01568404424594632,0.7982004284858704,0.47950616478919983,0.31869426369667053,-0.4520495708087447,-4.50495608498639,0.05411532090976845,-0.5780367935686193,0.8
ddisco_wiki_621,3,reddit,da,,,,,,,,,,,,,,,
ddisco_wiki_622,3,reddit,da,,,,,,,,,,,,,,,
ddisco_wiki_623,2,reddit,da,,,,,,,,,,,,,,,
ddisco_wiki_624,3,wikipedia,da,0.6551940739154816,,0.7730094790458679,0.5714285714285714,0.8333333333333334,0.08236970220293317,0.005359030002248133,0.7830369472503662,0.5485076308250427,0.2345293164253235,0.24772231824698215,-4.010166380141489,-0.15415067982725872,0.0893009655779975,0.5714285714285714
ddisco_wiki_625,2,wikipedia,da,0.562551294763883,,0.8328801393508911,0.2727272727272727,0.6,0.07254171913320367,0.013866055079705375,0.9375328421592712,0.46910345554351807,0.4684293866157532,2.603578054812726,2.626032034100394,0.15674334039929105,-0.026176437623182086,0.45454545454545453
ddisco_wiki_626,2,wikipedia,da,0.6897266805171967,,0.8344937562942505,0.4666666666666667,0.7142857142857143,0.08481510877609252,0.00540844384742023,0.855547308921814,0.557124137878418,0.298423171043396,0.08808645630943694,-3.0212400387213063,0.11584637666236697,-0.17611661310636814,0.7333333333333333
ddisco_wiki_627,2,reddit,da,,,,,,,,,,,,,,,
ddisco_wiki_628,2,reddit,da,,,,,,,,,,,,,,,
ddisco_wiki_629,3,wikipedia,da,0.6705767412980398,,0.870863139629364,0.6,0.75,0.07089829444885254,0.007799326537942402,0.8466271758079529,0.5792436003684998,0.2673835754394531,1.0046106797817365,-3.0591179220386726,-0.2231435513142097,0.15903831569086668,0.6
ddisco_wiki_630,2,reddit,da,,,,,,,,,,,,,,,
ddisco_wiki_631,3,reddit,da,,,,,,,,,,,,,,,
ddisco_wiki_632,2,wikipedia,da,0.6512639685110613,,0.8230263590812683,0.5,0.6666666666666666,0.1269780933856964,0.01091474276819203,0.8197334408760071,0.5078946948051453,0.3118387460708618,0.27382605259409865,-4.428430669522581,0.03326892045416274,-0.003969449380707674,0.5
ddisco_wiki_633,2,wikipedia,da,0.6069405123591423,,0.778536319732666,0.2631578947368421,0.6666666666666666,0.11874730963456004,0.01879704658065598,0.9370021224021912,0.4299027919769287,0.5070993304252625,1.1584696858171075,-2.241992469154109,0.21858956918405203,0.3212512344641421,0.3684210526315789
ddisco_wiki_634,3,wikipedia,da,0.6786584903796514,,0.8520368337631226,0.18181818181818182,0.4,0.06852174347097223,0.014628565794488358,0.8245874047279358,0.4539707899093628,0.370616614818573,-0.8082516587295698,-3.6703156349680497,0.030716580297483365,0.6358517761639602,0.18181818181818182
ddisco_wiki_635,3,wikipedia,da,0.5595864674874714,,0.8103147149085999,0.46153846153846156,0.75,0.08665956900669979,0.009621013433202267,0.8371414542198181,0.4152905344963074,0.42185091972351074,1.2906481855798801,-0.9102658090790747,0.026595320104917164,0.0700877827828668,0.15384615384615385
ddisco_wiki_636,2,reddit,da,,,,,,,,,,,,,,,
ddisco_wiki_637,2,reddit,da,,,,,,,,,,,,,,,
ddisco_wiki_638,3,wikipedia,da,0.5872368878788419,,0.834458589553833,0.5,0.7142857142857143,0.11882191151380539,0.01545664410446371,0.7718379497528076,0.44215112924575806,0.32968682050704956,0.31917799021863,-4.470263426417693,-0.1335313926245223,0.10112463287731045,0.5
ddisco_wiki_639,2,reddit,da,,,,,,,,,,,,,,,
ddisco_wiki_640,3,wikipedia,da,0.6911373308726719,,0.8891688585281372,0.5,0.4,0.13422195116678873,0.01213779786125582,0.8711283206939697,0.49622952938079834,0.3748987913131714,-0.08183039106202775,-3.4800954516116103,-0.18232155679395445,0.03877087758615488,0.5
ddisco_wiki_641,2,wikipedia,da,0.6637367457151413,,0.8202052712440491,0.42857142857142855,0.3333333333333333,0.11373665503093175,0.010439820514594578,0.8066797256469727,0.5096213221549988,0.2970584034919739,-0.34152166268113904,-4.13509240556956,-0.15415067982725872,-0.010388185882558057,0.7142857142857143
ddisco_wiki_642,1,reddit,da,,,,,,,,,,,,,,,
ddisco_wiki_643,3,reddit,da,,,,,,,,,,,,,,,
ddisco_wiki_644,3,reddit,da,,,,,,,,,,,,,,,
ddisco_wiki_645,3,wikipedia,da,0.6346947252750397,,0.8043681383132935,0.6,0.75,0.1295527219772339,0.016301323823973906,0.8979367017745972,0.5223658084869385,0.3755708932876587,1.2474600096241046,-2.818578621807947,-0.2231435513142097,-0.1669105820565096,0.6
ddisco_wiki_646,3,wikipedia,da,0.65334552526474,,0.8010829091072083,0.5,0.6666666666666666,0.06983824372291565,0.004676617350052678,0.7911469340324402,0.5511459112167358,0.24000102281570435,0.3469966907488319,-3.4169243501071938,0.03326892045416274,0.18954213797460256,0.3
ddisco_wiki_647,2,wikipedia,da,0.642064057290554,,0.8966742753982544,0.14285714285714285,0.8333333333333334,0.09773659706115723,0.011345208193894452,0.8970509171485901,0.5031634569168091,0.393887460231781,1.4087822307586324,-1.517873843119319,0.043891371761297204,0.10996590629280688,0.14285714285714285
ddisco_wiki_648,3,reddit,da,,,,,,,,,,,,,,,
ddisco_wiki_649,2,reddit,da,,,,,,,,,,,,,,,
ddisco_wiki_650,3,wikipedia,da,0.6109813451766968,,0.7864221334457397,0.6,0.5,0.10046311616897582,0.009275816941195577,0.8034079670906067,0.5131314396858215,0.29027652740478516,1.0333509091091124,-3.0650306692838725,-0.2231435513142097,-0.29762190702356284,0.6
ddisco_wiki_651,3,reddit,da,,,,,,,,,,,,,,,
ddisco_wiki_652,3,wikipedia,da,0.7384058554967244,,0.8873894810676575,0.5714285714285714,0.7692307692307693,0.13112527557781764,0.010249064538241663,0.8737388253211975,0.5387747287750244,0.3349640965461731,-0.4505345230189676,-4.183679232593409,0.12393407943483359,-0.23357112673529773,0.5714285714285714
ddisco_wiki_653,2,reddit,da,,,,,,,,,,,,,,,
ddisco_wiki_654,3,wikipedia,da,0.6984859804312388,,0.8862796425819397,0.8,0.75,0.21798570156097413,0.017589163166459584,0.876071572303772,0.5024597644805908,0.37361180782318115,-0.20654560170148584,-4.397605734216083,-0.2231435513142097,-0.5845550661721934,0.8
ddisco_wiki_655,2,wikipedia,da,0.6826481563704354,,0.7733631730079651,0.6666666666666666,1.0,0.07211418946584065,0.0028949910353189487,0.7933064699172974,0.6261634826660156,0.16714298725128174,0.9944872965826665,-3.1714661301737292,-0.18232155679395445,-0.2776302372502033,0.6666666666666666
ddisco_wiki_656,2,reddit,da,,,,,,,,,,,,,,,
ddisco_wiki_657,3,reddit,da,,,,,,,,,,,,,,,
ddisco_wiki_658,3,wikipedia,da,0.6165516018867493,,0.7702369689941406,0.6666666666666666,0.625,0.14477015866173637,0.01199802826284074,0.8133569955825806,0.4897613823413849,0.3235956132411957,0.811760814125072,-3.6116191308743466,0.03624967113471511,-0.330143327132982,0.6666666666666666
ddisco_wiki_659,3,reddit,da,,,,,,,,,,,,,,,
ddisco_wiki_660,3,wikipedia,da,0.6321222980817159,,0.8127731084823608,0.6,0.75,0.0990456223487854,0.0051454952630598265,0.7557313442230225,0.5662420392036438,0.18948930501937866,0.7168155583233807,-4.143819659683231,-0.2231435513142097,-0.3378932988864061,0.6
ddisco_wiki_661,2,wikipedia,da,0.7317612071832021,,0.8281298875808716,0.2,1.0,0.050157225131988524,0.003323252346047924,0.8412745594978333,0.670966625213623,0.1703079342842102,0.7752260425459778,-3.4475542351816397,-0.2231435513142097,0.16487585035967225,0.2
ddisco_wiki_662,3,reddit,da,,,,,,,,,,,,,,,
ddisco_wiki_663,3,reddit,da,,,,,,,,,,,,,,,
ddisco_wiki_664,2,reddit,da,,,,,,,,,,,,,,,
ddisco_wiki_665,3,wikipedia,da,0.615525758266449,,0.8578841686248779,0.5,0.8461538461538461,0.06973212957382202,0.00761526649586358,0.8441810607910156,0.5294130444526672,0.3147680163383484,1.3136911926345416,-2.162981974586713,0.4172745853077382,0.32274998318040327,0.21428571428571427
ddisco_wiki_666,2,reddit,da,,,,,,,,,,,,,,,
ddisco_wiki_667,3,wikipedia,da,0.6216436965124947,,0.8775340914726257,0.5,0.6,0.103514830271403,0.014452876865582007,0.9059877395629883,0.5319387316703796,0.37404900789260864,1.758885441442192,-1.4371107507912368,0.048727503392693716,-0.023668285480629672,0.5
ddisco_wiki_668,2,reddit,da,,,,,,,,,,,,,,,
ddisco_wiki_669,3,reddit,da,,,,,,,,,,,,,,,
ddisco_wiki_670,2,reddit,da,,,,,,,,,,,,,,,
ddisco_wiki_671,3,reddit,da,,,,,,,,,,,,,,,
ddisco_wiki_672,3,wikipedia,da,0.6163064166903496,,0.817048966884613,0.8571428571428571,1.0,0.0923143710408892,0.003618703017470748,0.6861317753791809,0.5002567768096924,0.18587499856948853,-0.7256392109540079,-3.6786333527833017,-0.15415067982725872,-0.425178799612453,0.5714285714285714
ddisco_wiki_673,2,wikipedia,da,0.6443595230579376,,0.80699223279953,0.6666666666666666,0.625,0.1325128740734524,0.008712066294412643,0.8015499114990234,0.5130186080932617,0.2885313034057617,0.056995108651714144,-4.225273633677855,-0.11778303565638382,-0.23831954372670625,0.6666666666666666
ddisco_wiki_674,2,reddit,da,,,,,,,,,,,,,,,
ddisco_wiki_675,2,reddit,da,,,,,,,,,,,,,,,
ddisco_wiki_676,1,reddit,da,,,,,,,,,,,,,,,
ddisco_wiki_677,3,wikipedia,da,0.6221120238304139,,0.8057202696800232,0.3333333333333333,0.625,0.064726279841529,0.01357439369096397,0.8474069237709045,0.5001979470252991,0.34720897674560547,0.9074163568799049,-3.5652132256589266,-0.11778303565638382,0.4789850842820858,0.1111111111111111
ddisco_wiki_678,2,wikipedia,da,0.6550621509552002,,0.9118720889091492,0.25,0.6666666666666666,0.10567212104797363,0.01803031936238057,0.914577066898346,0.5497186183929443,0.3648584485054016,1.2716344787900273,-3.0891471511697097,-0.2876820724517808,0.136487172259243,0.25
ddisco_wiki_679,3,wikipedia,da,0.7286959849298,,0.8978015780448914,0.6666666666666666,0.7142857142857143,0.13638544877370198,0.010185135898081774,0.9143208265304565,0.5652260780334473,0.3490947484970093,-0.13614016031618295,-4.040937788002056,-0.06899287148695166,-0.1622434576589528,0.5333333333333333
ddisco_wiki_680,2,reddit,da,,,,,,,,,,,,,,,
ddisco_wiki_681,2,wikipedia,da,0.7221063545772007,,0.7660489678382874,0.8333333333333334,1.0,0.1012220283349355,0.003357769806738087,0.804877519607544,0.6351527571678162,0.16972476243972778,-0.16629166645626617,-4.441269729788271,-0.18232155679395445,-0.6593544672342866,0.8333333333333334
ddisco_wiki_682,2,wikipedia,da,0.6842023821977469,,0.8343629240989685,0.5833333333333334,0.5454545454545454,0.1262160986661911,0.01158726565109985,0.8459447026252747,0.4439176321029663,0.40202707052230835,-0.5581266942052079,-3.1583838606130685,0.028513153103694844,-0.01965293798141612,0.5833333333333334
ddisco_wiki_683,3,reddit,da,,,,,,,,,,,,,,,
ddisco_wiki_684,3,wikipedia,da,0.6845365762710571,,0.8626756072044373,0.42857142857142855,0.6666666666666666,0.10577335527965001,0.008426535280161573,0.8796229958534241,0.5772157907485962,0.3024072051048279,0.9085865658812833,-3.0132407635115714,-0.15415067982725872,-0.008485049621083028,0.7142857142857143
ddisco_wiki_685,2,reddit,da,,,,,,,,,,,,,,,
ddisco_wiki_686,2,wikipedia,da,0.6117146611213684,,0.8580458760261536,0.42857142857142855,0.6923076923076923,0.08335609521184649,0.007332571673498478,0.816340982913971,0.5177638530731201,0.29857712984085083,1.001205692659758,-3.0917759788863552,0.024913053640555738,-0.06887215459338909,0.5714285714285714
ddisco_wiki_687,3,reddit,da,,,,,,,,,,,,,,,
ddisco_wiki_688,2,wikipedia,da,0.6271901845932006,,0.8511500954627991,0.5789473684210527,0.7222222222222222,0.09563805555042468,0.009617413930029742,0.8517570495605469,0.5067038536071777,0.34505319595336914,0.7146033764916894,-3.6988545251884637,0.2034484074760634,0.1554546882971109,0.2631578947368421
ddisco_wiki_689,3,wikipedia,da,0.5635241184915815,,0.7440307140350342,0.5,0.8,0.12776093681653342,0.014295249162106853,0.7861980199813843,0.47443342208862305,0.31176459789276123,1.0234340846246692,-3.8142936291079885,0.08972571531612195,-0.21340404062053636,0.5
ddisco_wiki_690,2,reddit,da,,,,,,,,,,,,,,,
ddisco_wiki_691,3,wikipedia,da,0.669223407904307,,0.8899388909339905,0.6,0.75,0.12175067663192748,0.01420440089446097,0.916031002998352,0.56548672914505,0.350544273853302,1.268322773894643,-2.7675934983039765,-0.2231435513142097,0.004267795876204452,0.6
ddisco_wiki_692,3,wikipedia,da,0.6178720721176693,,0.8339071273803711,0.5,0.4,0.1220816324154536,0.021728642022053546,0.8744281530380249,0.44121232628822327,0.43321582674980164,0.48684156745110724,-4.075930523765535,-0.18232155679395445,0.3312620658288634,0.16666666666666666
ddisco_wiki_693,3,reddit,da,,,,,,,,,,,,,,,
ddisco_wiki_694,3,wikipedia,da,0.5655010392268499,,0.7689831852912903,0.2,0.5,0.08673242926597595,0.010217268766714705,0.7070642709732056,0.4162663519382477,0.2907979190349579,-0.1952254972646605,-4.293176017592009,-0.2231435513142097,0.3974085148464412,0.2
ddisco_wiki_695,3,wikipedia,da,0.6545574111597878,,0.8192763924598694,0.6666666666666666,0.6,0.17806210120519003,0.016125343812273086,0.8001212477684021,0.4749625623226166,0.3251586854457855,-0.2164340310542471,-4.672506485655026,-0.18232155679395445,-0.2827624664576343,0.6666666666666666
ddisco_wiki_696,2,reddit,da,,,,,,,,,,,,,,,
ddisco_wiki_697,3,wikipedia,da,0.5443536596638816,,0.8082410097122192,0.16666666666666666,0.2,0.05908969541390737,0.010934628983337807,0.698908805847168,0.4013046324253082,0.29760417342185974,0.1509595037207921,-4.5073021610102835,-0.18232155679395445,0.6342006807081713,0.16666666666666666
ddisco_wiki_698,3,reddit,da,,,,,,,,,,,,,,,
ddisco_wiki_699,3,reddit,da,,,,,,,,,,,,,,,
ddisco_wiki_700,2,wikipedia,da,0.7127504944801331,,0.7879084944725037,0.6,0.75,0.08908847570419312,0.007068202082166408,0.8725099563598633,0.5854660272598267,0.2870439291000366,0.5625648041156572,-2.9505443811960426,-0.2231435513142097,0.03618103930038574,0.2
ddisco_wiki_701,3,reddit,da,,,,,,,,,,,,,,,
ddisco_wiki_702,3,wikipedia,da,0.6678283587098122,,0.8388383984565735,0.14285714285714285,0.3333333333333333,0.05216450350625174,0.00464412298577338,0.7953200936317444,0.5657734274864197,0.2295466661453247,0.2650955963935409,-3.6493068774706536,-0.15415067982725872,0.2546710818335304,0.14285714285714285
ddisco_wiki_703,3,wikipedia,da,0.7212043305238088,,0.7684095501899719,0.6,0.75,0.030203640460968018,0.00042109587993907936,0.743411660194397,0.6939120292663574,0.04949963092803955,-0.2743712117742656,-4.640633007344177,-0.2231435513142097,-0.3439481832462661,0.6
ddisco_wiki_704,3,reddit,da,,,,,,,,,,,,,,,
ddisco_wiki_705,3,wikipedia,da,0.7376595636208853,,0.8359423875808716,0.5,0.7142857142857143,0.15390705317258835,0.01597887841260596,0.8765209913253784,0.4815721809864044,0.394948810338974,-0.8694247064359445,-3.5672919561794694,-0.1335313926245223,-0.11345671798580335,0.75
ddisco_wiki_706,3,reddit,da,,,,,,,,,,,,,,,
ddisco_wiki_707,2,reddit,da,,,,,,,,,,,,,,,
ddisco_wiki_708,3,wikipedia,da,0.6685485073498317,,0.7776292562484741,0.16666666666666666,0.4,0.0883370041847229,0.010013986605432951,0.8004862070083618,0.4859164357185364,0.31456977128982544,-0.4351358550359793,-3.813034910317498,-0.18232155679395445,0.5470877175357973,0.16666666666666666
ddisco_wiki_709,3,reddit,da,,,,,,,,,,,,,,,
ddisco_wiki_710,3,wikipedia,da,0.5835280737706593,,0.795147716999054,0.23076923076923078,0.5,0.05413199846561138,0.008668388178179812,0.8405714631080627,0.4987543821334839,0.34181708097457886,1.7764030307352345,-0.9304219231799529,0.1332333478833707,0.46002690091625625,0.23076923076923078
ddisco_wiki_711,3,reddit,da,,,,,,,,,,,,,,,
ddisco_wiki_712,3,reddit,da,,,,,,,,,,,,,,,
ddisco_wiki_713,3,wikipedia,da,0.682825525601705,,0.809023380279541,0.5,0.42857142857142855,0.08842078596353531,0.011253977916699872,0.8674780130386353,0.5728251338005066,0.29465287923812866,0.632338414401179,-4.059661419110052,-0.020960112989578228,0.21187434634998792,0.25
ddisco_wiki_714,2,wikipedia,da,0.6262803342607286,,0.84051513671875,0.5,0.7142857142857143,0.0985112264752388,0.012303420607836724,0.8440037965774536,0.47533661127090454,0.3686671853065491,0.4313603262093737,-3.6291557584843885,-0.1335313926245223,0.23611617284302497,0.25
ddisco_wiki_715,3,reddit,da,,,,,,,,,,,,,,,
ddisco_wiki_716,3,wikipedia,da,0.6009961681233512,,0.7998523712158203,0.47058823529411764,0.75,0.09436160326004028,0.012185468166569818,0.8731034398078918,0.43471843004226685,0.438385009765625,0.48096300435235256,-3.1173333761781348,0.09737216198766996,0.2123350650637289,0.23529411764705882
ddisco_wiki_717,2,reddit,da,,,,,,,,,,,,,,,
ddisco_wiki_718,3,reddit,da,,,,,,,,,,,,,,,
ddisco_wiki_719,3,reddit,da,,,,,,,,,,,,,,,
ddisco_wiki_720,2,reddit,da,,,,,,,,,,,,,,,
ddisco_wiki_721,2,reddit,da,,,,,,,,,,,,,,,
ddisco_wiki_722,3,reddit,da,,,,,,,,,,,,,,,
ddisco_wiki_723,3,wikipedia,da,0.6788512553487506,,0.854449450969696,0.6666666666666666,1.0,0.15497692426045737,0.010483194500236213,0.8189512491226196,0.5498387813568115,0.2691124677658081,0.26836893885274815,-4.512272310406379,-0.18232155679395445,-0.3148961345751005,1.0
ddisco_wiki_724,2,reddit,da,,,,,,,,,,,,,,,
ddisco_wiki_725,2,reddit,da,,,,,,,,,,,,,,,
ddisco_wiki_726,2,reddit,da,,,,,,,,,,,,,,,
ddisco_wiki_727,3,reddit,da,,,,,,,,,,,,,,,
ddisco_wiki_728,2,reddit,da,,,,,,,,,,,,,,,
ddisco_wiki_729,3,reddit,da,,,,,,,,,,,,,,,
ddisco_wiki_730,3,reddit,da,,,,,,,,,,,,,,,
ddisco_wiki_731,3,wikipedia,da,0.6629745761553446,,0.7370764017105103,0.5,0.7142857142857143,0.0949895903468132,0.009818604962564197,0.8690871000289917,0.5213597416877747,0.34772735834121704,0.48176061727398894,-3.0991422510538564,-0.1335313926245223,0.005695445665116607,0.75
ddisco_wiki_732,3,wikipedia,da,0.6982332944869996,,0.7976649403572083,0.5555555555555556,0.5,0.06287048922644721,0.003463590366577165,0.8204613924026489,0.5762709975242615,0.24419039487838745,0.012403238656355753,-2.2614756495264574,-0.11778303565638382,-0.02070109328828592,0.5555555555555556
ddisco_wiki_733,1,reddit,da,,,,,,,,,,,,,,,
ddisco_wiki_734,1,reddit,da,,,,,,,,,,,,,,,
ddisco_wiki_735,3,reddit,da,,,,,,,,,,,,,,,
ddisco_wiki_736,3,wikipedia,da,0.6497426703572273,,0.6416550874710083,0.2727272727272727,0.8,0.11326982487331737,0.015852454382200083,1.0,0.49610570073127747,0.5038942992687225,1.5802714697979374,-0.643268706124303,0.030716580297483365,0.04400159804776031,0.2727272727272727
ddisco_wiki_737,2,wikipedia,da,0.641958702694286,,0.8147993683815002,0.6,0.5555555555555556,0.10981714725494385,0.008861822582729618,0.8374121785163879,0.5129455924034119,0.3244665861129761,0.7171813012690489,-3.562709475155307,0.03326892045416274,-0.15544834969980628,0.6
ddisco_wiki_738,2,wikipedia,da,0.6408289968967438,,0.7802289724349976,0.5555555555555556,0.75,0.09685668018129137,0.008061104250477236,0.8414008021354675,0.5213809013366699,0.3200199007987976,0.8008788245523937,-2.8536385462578124,0.03624967113471511,-0.06566470755941153,0.3333333333333333
ddisco_wiki_739,2,reddit,da,,,,,,,,,,,,,,,
ddisco_wiki_740,3,wikipedia,da,0.7290970351960924,,0.8777818083763123,0.125,0.5714285714285714,0.0716928169131279,0.008697841974714756,0.8713259100914001,0.5892877578735352,0.282038152217865,-0.17120510764046776,-4.116785173287323,-0.1335313926245223,0.4027904684777588,0.125
ddisco_wiki_741,2,wikipedia,da,0.581935359372033,,0.8126451969146729,0.25,0.42857142857142855,0.06007456034421921,0.00898033804624259,0.83024001121521,0.49342870712280273,0.3368113040924072,1.8335951288734695,-0.6241845712696614,-0.1335313926245223,0.17485559900874462,0.25
ddisco_wiki_742,3,wikipedia,da,0.6589165859752231,,0.7823007106781006,0.375,0.7142857142857143,0.042201876640319824,0.002283351725864252,0.7560046315193176,0.574122965335846,0.18188166618347168,0.23127645400796576,-2.8938215844874633,0.039755402515464056,0.27799627958291245,0.125
ddisco_wiki_743,2,wikipedia,da,0.6636462645097212,,0.7842958569526672,0.9,0.8888888888888888,0.1995508849620819,0.0161336398774472,0.8569920063018799,0.4199209213256836,0.4370710849761963,-0.3575055899154184,-3.743348049910768,-0.10536051565782634,-0.5582866411470325,0.7
ddisco_wiki_744,2,reddit,da,,,,,,,,,,,,,,,
ddisco_wiki_745,3,wikipedia,da,0.7322584011337974,,0.9023127555847168,0.4,0.5555555555555556,0.09289923906326295,0.007752949959267446,0.893427848815918,0.5707255005836487,0.3227023482322693,-0.11737970024983421,-3.6040073843609433,-0.10536051565782634,0.1777436811647091,0.6
ddisco_wiki_746,2,reddit,da,,,,,,,,,,,,,,,
ddisco_wiki_747,2,reddit,da,,,,,,,,,,,,,,,
ddisco_wiki_748,3,reddit,da,,,,,,,,,,,,,,,
ddisco_wiki_749,3,reddit,da,,,,,,,,,,,,,,,
ddisco_wiki_750,2,reddit,da,,,,,,,,,,,,,,,
ddisco_wiki_751,3,reddit,da,,,,,,,,,,,,,,,
ddisco_wiki_752,3,wikipedia,da,0.7117907934718661,,0.920033872127533,0.375,0.42857142857142855,0.09905990213155746,0.013200377461914744,0.9169092178344727,0.5570149421691895,0.3598942756652832,0.47877112887649115,-4.0588816569741795,-0.1335313926245223,0.37899394329751035,0.375
ddisco_wiki_753,2,wikipedia,da,0.6407732986486875,,0.8000221848487854,0.5833333333333334,0.7272727272727273,0.14316386977831522,0.01506589103050594,0.835041880607605,0.46810382604599,0.366938054561615,0.02668904578317827,-4.33203696298565,0.14403768319701893,-0.07166551130677011,0.75
ddisco_wiki_754,3,wikipedia,da,0.6725888527356662,,0.752727210521698,0.6666666666666666,0.8181818181818182,0.13611057897408804,0.013151719899797444,0.9564963579177856,0.48890548944473267,0.467590868473053,0.6781136416403576,-2.1854690998520527,-0.08701137698962969,-0.2268005094387718,0.8333333333333334
ddisco_wiki_755,3,wikipedia,da,0.6472200870513916,,0.8885579109191895,0.25,0.0,0.08097334206104279,0.013886741612355138,0.7550909519195557,0.4311975836753845,0.32389336824417114,-0.9733077574064073,-3.5192872826695534,-0.2876820724517808,0.2677690918149289,0.25
ddisco_wiki_756,3,wikipedia,da,0.6476587305466334,,0.7937830686569214,0.6363636363636364,0.6,0.1423217383298007,0.011623159330778338,0.8239443302154541,0.4442285895347595,0.3797157406806946,-0.10800968111508961,-3.7859885451264073,-0.09531017980432521,-0.11405832863545338,0.6363636363636364
ddisco_wiki_757,3,wikipedia,da,0.5339855931021951,,0.7544653415679932,0.5,0.4444444444444444,0.07265328764915466,0.0076620941644063864,0.7754453420639038,0.4379503130912781,0.33749502897262573,1.713048575220109,-0.5354630439698722,0.03326892045416274,0.1003901160653128,0.5
ddisco_wiki_758,2,reddit,da,,,,,,,,,,,,,,,
ddisco_wiki_759,2,reddit,da,,,,,,,,,,,,,,,
ddisco_wiki_760,2,wikipedia,da,0.632089726626873,,0.8060290217399597,0.2857142857142857,0.16666666666666666,0.08704592500414167,0.016871705716658913,0.8472650051116943,0.43655622005462646,0.41070878505706787,0.32975196724807465,-3.852411633315578,-0.15415067982725872,0.4893007462608838,0.2857142857142857
ddisco_wiki_761,3,reddit,da,,,,,,,,,,,,,,,
ddisco_wiki_762,3,wikipedia,da,0.5410271849897172,,0.7704389095306396,0.625,0.7142857142857143,0.08208020776510239,0.011607031981908267,0.8272992968559265,0.42677295207977295,0.40052634477615356,1.905633235692466,-0.29451525382167354,0.039755402515464056,0.08480076394245738,0.625
ddisco_wiki_763,3,wikipedia,da,0.6625752449035645,,0.8750265836715698,0.7272727272727273,0.7,0.15238292650742966,0.015932434038987402,0.8676167130470276,0.40508970618247986,0.46252700686454773,-0.48160110649576043,-3.482598903512664,0.030716580297483365,0.05229507043857383,0.36363636363636365
ddisco_wiki_764,3,wikipedia,da,0.7023937031626701,,0.8978403806686401,0.42857142857142855,0.5,0.09601758207593646,0.0105963679411753,0.9119558930397034,0.5489168167114258,0.3630390763282776,0.6225695654952517,-3.1601727084048252,-0.15415067982725872,0.20281804495711855,0.42857142857142855
ddisco_wiki_765,2,reddit,da,,,,,,,,,,,,,,,
ddisco_wiki_766,3,reddit,da,,,,,,,,,,,,,,,
ddisco_wiki_767,3,reddit,da,,,,,,,,,,,,,,,
ddisco_wiki_768,3,wikipedia,da,0.5928958228656224,,0.7182810306549072,0.5,0.4,0.08362735311190288,0.004864486516495668,0.7099016904830933,0.5009871125221252,0.20891457796096802,0.5342667920587012,-4.033783280105851,-0.18232155679395445,-0.07803531634540797,0.5
ddisco_wiki_769,3,wikipedia,da,0.7017338971296946,,0.8209083676338196,0.4,0.25,0.13795195817947387,0.013370727563593967,0.8324407339096069,0.4770383834838867,0.3554023504257202,-0.8415473624942258,-3.2163725740166713,-0.2231435513142097,0.07137781257582698,0.4
ddisco_wiki_770,2,reddit,da,,,,,,,,,,,,,,,
ddisco_wiki_771,3,wikipedia,da,0.5972940593957901,,0.6680912971496582,0.5555555555555556,0.5,0.10195205609003703,0.007292377284207854,0.7547158002853394,0.46270719170570374,0.2920086085796356,0.46430091769489856,-3.7132234625831377,-0.11778303565638382,0.08945537692023901,0.1111111111111111
ddisco_wiki_772,3,wikipedia,da,0.5533551434675853,,0.7959116101264954,0.2857142857142857,0.5384615384615384,0.07734357033457075,0.009285475172316858,0.8279007077217102,0.429400771856308,0.3984999358654022,1.4396944438896013,-1.1811646653891117,0.12393407943483359,0.18168369824309408,0.2857142857142857
ddisco_wiki_773,3,reddit,da,,,,,,,,,,,,,,,
ddisco_wiki_774,2,wikipedia,da,0.6450585052371025,,0.803646445274353,0.5714285714285714,0.8333333333333334,0.1188338143484933,0.010371403508508015,0.8470624089241028,0.4997776746749878,0.347284734249115,0.5132453532482985,-3.384506506583859,-0.15415067982725872,0.034159725975447086,0.2857142857142857
ddisco_wiki_775,2,wikipedia,da,0.6173413693904877,,0.7405871152877808,0.5714285714285714,0.5,0.11277421031679426,0.009461611392862501,0.8067790269851685,0.5001640915870667,0.3066149353981018,0.5593019099948872,-3.6766333748396947,-0.15415067982725872,-0.2874736689494813,0.5714285714285714
ddisco_wiki_776,3,reddit,da,,,,,,,,,,,,,,,
ddisco_wiki_777,3,reddit,da,,,,,,,,,,,,,,,
ddisco_wiki_778,3,reddit,da,,,,,,,,,,,,,,,
ddisco_wiki_779,2,wikipedia,da,0.6826355225510068,,0.77191162109375,0.75,0.7142857142857143,0.17308754473924637,0.015199899191254806,0.8873558640480042,0.490116149187088,0.39723971486091614,-0.1704078044957802,-4.0611628016982415,-0.1335313926245223,-0.20601051320542102,0.5
ddisco_wiki_780,3,reddit,da,,,,,,,,,,,,,,,
ddisco_wiki_781,2,reddit,da,,,,,,,,,,,,,,,
ddisco_wiki_782,2,reddit,da,,,,,,,,,,,,,,,
ddisco_wiki_783,1,reddit,da,,,,,,,,,,,,,,,
ddisco_wiki_784,3,reddit,da,,,,,,,,,,,,,,,
ddisco_wiki_785,3,wikipedia,da,0.6282261176542803,,0.8207148909568787,0.5,0.6666666666666666,0.13463349342346193,0.013953990221110628,0.8342525362968445,0.48040395975112915,0.35384857654571533,0.537438521063485,-4.189078021949864,-0.10536051565782634,0.003930533147884246,0.7
ddisco_wiki_786,2,reddit,da,,,,,,,,,,,,,,,
ddisco_wiki_787,3,reddit,da,,,,,,,,,,,,,,,
ddisco_wiki_788,3,wikipedia,da,0.7041082978248596,,0.811028003692627,0.3333333333333333,0.5,0.08809930086135864,0.006903112319479376,0.8353752493858337,0.6140021681785583,0.2213730812072754,0.6213417600985391,-4.070505242602239,-0.4054651081081645,0.16293857894390476,0.3333333333333333
ddisco_wiki_789,1,reddit,da,,,,,,,,,,,,,,,
ddisco_wiki_790,2,reddit,da,,,,,,,,,,,,,,,
ddisco_wiki_791,3,wikipedia,da,0.6533223867416382,,0.7520634531974792,0.75,0.6666666666666666,0.12008264660835266,0.006728208249139414,0.7666240930557251,0.5626757740974426,0.20394831895828247,0.27957197831612446,-4.6602503937949145,-0.2876820724517808,-0.32796879430606124,0.75
ddisco_wiki_792,2,reddit,da,,,,,,,,,,,,,,,
ddisco_wiki_793,3,reddit,da,,,,,,,,,,,,,,,
ddisco_wiki_794,2,wikipedia,da,0.5627495119204888,,0.9378128051757812,0.5833333333333334,0.7272727272727273,0.1103678047657013,0.013894108020324437,0.9216891527175903,0.45753929018974304,0.4641498625278473,2.098422736100982,0.7717476469540427,0.0285131531036944,-0.13606777530084221,0.75
ddisco_wiki_795,3,wikipedia,da,0.7278744101524353,,0.8584767580032349,0.5,1.0,0.08077797293663025,0.004823375475674254,0.8443366885185242,0.6420304179191589,0.20230627059936523,0.548509902769722,-3.9225452289873015,-0.2876820724517808,-0.12043422446606619,0.5
ddisco_wiki_796,2,reddit,da,,,,,,,,,,,,,,,
ddisco_wiki_797,2,wikipedia,da,0.7079282469219632,,0.9130637645721436,0.625,0.5714285714285714,0.12783921509981155,0.012949682876192069,0.9328613877296448,0.5688368082046509,0.3640245795249939,0.5959787617345724,-3.715873719127101,-0.1335313926245223,-0.10170815358666481,0.375
ddisco_wiki_798,3,reddit,da,,,,,,,,,,,,,,,
ddisco_wiki_799,2,wikipedia,da,0.6145168095827103,,0.7777947783470154,0.6666666666666666,0.625,0.08415081765916613,0.005805578956202107,0.78017657995224,0.4663449823856354,0.3138315975666046,0.23168734165736157,-2.271780406265351,-0.11778303565638382,0.03274680927764945,0.4444444444444444
ddisco_wiki_800,3,wikipedia,da,0.7265779759202685,,0.8527353405952454,0.3076923076923077,0.5,0.0913314727636484,0.008157994622424732,0.8967663049697876,0.5866563320159912,0.3101099729537964,0.18797510532698278,-3.941538047239451,-0.08004270767353594,0.23402892257181568,0.3076923076923077
ddisco_wiki_801,2,reddit,da,,,,,,,,,,,,,,,
ddisco_wiki_802,2,wikipedia,da,0.5939213186502457,,0.8570874333381653,0.13333333333333333,0.5714285714285714,0.049028237660725914,0.007169443291102806,0.8355773687362671,0.4640602767467499,0.3715170919895172,1.1311909382471763,-1.1656939878305765,0.11584637666236697,0.38515580783959114,0.13333333333333333
ddisco_wiki_803,3,reddit,da,,,,,,,,,,,,,,,
ddisco_wiki_804,3,wikipedia,da,0.6998724415898323,,0.9052980542182922,0.7142857142857143,0.8333333333333334,0.19442135947091238,0.02979717116496733,0.9527173638343811,0.44308024644851685,0.5096371173858643,0.009078652103633083,-4.411671269015255,-0.15415067982725872,0.12956343168897186,0.14285714285714285
ddisco_wiki_805,2,reddit,da,,,,,,,,,,,,,,,
ddisco_wiki_806,3,wikipedia,da,0.5683407820761204,,0.6838250756263733,0.42857142857142855,0.6666666666666666,0.09431547777993339,0.013409642561071786,0.840822696685791,0.4486684501171112,0.3921542465686798,1.400906976438731,-1.94131892250602,0.043891371761297204,0.22666529390106713,0.14285714285714285
ddisco_wiki_807,3,wikipedia,da,0.6939801931381225,,0.8422478437423706,0.5555555555555556,0.75,0.0664214293162028,0.005226144728759293,0.8772045373916626,0.621534526348114,0.2556700110435486,1.4232837957353865,-1.6290483777733709,-0.11778303565638382,0.12496708108471255,0.3333333333333333
ddisco_wiki_808,2,reddit,da,,,,,,,,,,,,,,,
ddisco_wiki_809,2,reddit,da,,,,,,,,,,,,,,,
ddisco_wiki_810,2,reddit,da,,,,,,,,,,,,,,,
ddisco_wiki_811,2,reddit,da,,,,,,,,,,,,,,,
ddisco_wiki_812,2,reddit,da,,,,,,,,,,,,,,,
ddisco_wiki_813,3,wikipedia,da,0.5872289368084499,,0.7870849967002869,0.6666666666666666,0.6,0.11511903007825215,0.008754845844014435,0.7510430812835693,0.4792596697807312,0.27178341150283813,0.5908880368621182,-4.0425115150363276,0.048727503392693716,-0.17574147297874823,0.6666666666666666
ddisco_wiki_814,3,reddit,da,,,,,,,,,,,,,,,
ddisco_wiki_815,3,reddit,da,,,,,,,,,,,,,,,
ddisco_wiki_816,2,reddit,da,,,,,,,,,,,,,,,
ddisco_wiki_817,3,reddit,da,,,,,,,,,,,,,,,
ddisco_wiki_818,3,reddit,da,,,,,,,,,,,,,,,
ddisco_wiki_819,2,wikipedia,da,0.71489667147398,,0.843884289264679,0.42857142857142855,0.5,0.10890660115650722,0.008730268962930443,0.8744702935218811,0.6067544221878052,0.2677158713340759,0.29644414413899123,-4.302163037878135,-0.15415067982725872,0.11441196476721358,0.42857142857142855
ddisco_wiki_820,3,reddit,da,,,,,,,,,,,,,,,
ddisco_wiki_821,2,reddit,da,,,,,,,,,,,,,,,
ddisco_wiki_822,3,wikipedia,da,0.6109645307064057,,0.8732472062110901,0.4444444444444444,0.375,0.08219226863649157,0.015149629963826395,0.9231042265892029,0.492059588432312,0.43104463815689087,1.502300307493899,-1.6272444064203704,0.03624967113471511,0.3425080029069109,0.2222222222222222
ddisco_wiki_823,2,wikipedia,da,0.7015440116326014,,0.7811338901519775,0.4,0.25,0.12345460653305054,0.016760010055835065,0.8224640488624573,0.4853714406490326,0.3370926082134247,-0.7386878176806234,-4.260206768639536,-0.2231435513142097,0.23499550757182788,0.4
ddisco_wiki_824,3,wikipedia,da,,,,,,,,,,,,,,,
ddisco_wiki_825,3,reddit,da,,,,,,,,,,,,,,,
ddisco_wiki_826,3,wikipedia,da,0.549798248069627,,0.7446300387382507,0.46153846153846156,0.6666666666666666,0.09021158401782696,0.008498362486465242,0.6749966740608215,0.42465540766716003,0.2503412663936615,0.07046643568633158,-4.703839241231199,-0.08004270767353594,0.16006644041415366,0.3076923076923077
ddisco_wiki_827,3,wikipedia,da,0.6405506014823914,,0.8213174343109131,0.75,0.6666666666666666,0.117820605635643,0.01218849597964521,0.8468257188796997,0.5387697815895081,0.30805593729019165,1.078372487587612,-3.3784718212131675,-0.2876820724517808,-0.19711873158954746,0.75
ddisco_wiki_828,3,wikipedia,da,0.7192757617343556,,0.8137511610984802,0.3,0.6666666666666666,0.09336552023887634,0.01139362324705981,0.9566624164581299,0.5754787921905518,0.3811836242675781,0.8005035262742631,-3.0959624882418697,-0.10536051565782634,0.2666440260702707,0.5
ddisco_wiki_829,2,reddit,da,,,,,,,,,,,,,,,
ddisco_wiki_830,2,reddit,da,,,,,,,,,,,,,,,
ddisco_wiki_831,2,wikipedia,da,0.6653395518660545,,0.8555782437324524,0.2857142857142857,0.5,0.08622077533176967,0.009261406481951562,0.8800927996635437,0.5872657895088196,0.2928270101547241,1.2982569909862849,-2.6571078304023694,-0.15415067982725872,-0.17496154722248095,0.5714285714285714
ddisco_wiki_832,3,wikipedia,da,0.6604861855506897,,0.7853122353553772,0.5555555555555556,0.75,0.11903897258970472,0.007523588177267867,0.793049693107605,0.54868483543396,0.24436485767364502,0.15684363856857897,-4.424202211745167,0.03624967113471511,-0.4650994902695829,0.7777777777777778
ddisco_wiki_833,3,reddit,da,,,,,,,,,,,,,,,
ddisco_wiki_834,3,wikipedia,da,0.7167538180947304,,0.7831856608390808,0.2857142857142857,0.5,0.06672513484954834,0.005647438886076495,0.8192833065986633,0.582608163356781,0.23667514324188232,-0.5380200187345564,-3.799315162581655,0.043891371761297204,0.29037361444714266,0.2857142857142857
ddisco_wiki_835,3,reddit,da,,,,,,,,,,,,,,,
ddisco_wiki_836,3,reddit,da,,,,,,,,,,,,,,,
ddisco_wiki_837,3,wikipedia,da,0.7379441186785698,,0.9022218585014343,0.42857142857142855,0.5,0.09047942502158028,0.006841774537065637,0.8976342082023621,0.6216909289360046,0.2759432792663574,0.5875229123864132,-3.539070118874383,-0.15415067982725872,0.06226997048562301,0.14285714285714285
ddisco_wiki_838,2,reddit,da,,,,,,,,,,,,,,,
ddisco_wiki_839,3,wikipedia,da,0.6520965529812707,,0.802168607711792,0.5,0.5714285714285714,0.16718338429927826,0.0182767347876942,0.9104949831962585,0.4344389736652374,0.4760560095310211,0.2396202708068732,-3.548729142659293,-0.1335313926245223,-0.24081288229098335,0.75
ddisco_wiki_840,3,reddit,da,,,,,,,,,,,,,,,
ddisco_wiki_841,2,wikipedia,da,0.7336869637171427,,0.8479393720626831,0.2,0.5,0.09157648086547851,0.013042066107859381,0.8620485663414001,0.5366947054862976,0.32535386085510254,-0.6672820440307652,-4.06719564595587,-0.2231435513142097,0.40465374596734727,0.2
ddisco_wiki_842,3,reddit,da,,,,,,,,,,,,,,,
ddisco_wiki_843,3,wikipedia,da,0.6613997348717281,,0.8146530985832214,0.6666666666666666,0.6,0.1523898442586263,0.012631759886244015,0.8467375040054321,0.4701412618160248,0.37659624218940735,-0.2024515372197264,-3.5803651596368518,-0.18232155679395445,-0.1775274103578463,1.0
ddisco_wiki_844,2,wikipedia,da,0.5062590562380277,,0.7374485731124878,0.4166666666666667,0.5454545454545454,0.07147816568613052,0.008929567787681737,0.7926203608512878,0.3905048072338104,0.4021155536174774,2.0543813900810655,0.7764336720993725,0.5440305384287358,-0.058080727177086566,0.5833333333333334
ddisco_wiki_845,2,reddit,da,,,,,,,,,,,,,,,
ddisco_wiki_846,3,wikipedia,da,0.6218026926120123,,0.7617133259773254,0.35294117647058826,0.6875,0.107188038966235,0.009688835555203612,0.7781971096992493,0.4581511914730072,0.32004591822624207,-0.36858755098796514,-4.161841501063674,0.1024688324329639,0.14121648329862116,0.35294117647058826
ddisco_wiki_847,2,wikipedia,da,0.6652186699211597,,0.912287175655365,0.3333333333333333,0.7857142857142857,0.10104576349258423,0.018945574497750903,0.946702778339386,0.4459827244281769,0.5007200539112091,0.3471062287406789,-3.6578004296659876,0.023426752587707433,0.42033365242347,0.06666666666666667
ddisco_wiki_848,3,wikipedia,da,0.6189329326152802,,0.8187359571456909,0.42857142857142855,0.5,0.1093107887676784,0.013577973499611318,0.8435385823249817,0.5061037540435791,0.3374348282814026,0.751799114821536,-3.893802471114673,-0.15415067982725872,0.18781863528577583,0.42857142857142855
ddisco_wiki_849,3,wikipedia,da,0.6195185780525208,,0.8478947877883911,0.5,0.7777777777777778,0.11722268462181092,0.011289134911115313,0.8028298616409302,0.49667835235595703,0.30615150928497314,0.6624943637639111,-4.113358963527018,-0.10536051565782634,0.07209091928352476,0.1
ddisco_wiki_850,3,wikipedia,da,0.6949426361492702,,0.852716863155365,0.5,0.4,0.09170515338579814,0.010334930953095433,0.8638214468955994,0.5503154993057251,0.31350594758987427,0.29549509332167995,-3.9953460581444165,-0.18232155679395445,0.2049478379106149,0.16666666666666666
ddisco_wiki_851,2,wikipedia,da,0.6670771368912288,,0.8593330383300781,0.6153846153846154,0.75,0.11867069281064548,0.009864993715767097,0.9272403120994568,0.5203285217285156,0.40691179037094116,1.0072204384879775,-2.0868765226849386,0.1332333478833707,-0.2924936310017004,0.6153846153846154
ddisco_wiki_852,3,reddit,da,,,,,,,,,,,,,,,
ddisco_wiki_853,3,wikipedia,da,0.6099573589033551,,0.7523463368415833,0.5882352941176471,0.6875,0.12616084253086762,0.008805453860969948,0.771427571773529,0.4793229103088379,0.29210466146469116,0.020953179896631948,-4.382000288642779,0.020922105308264438,-0.16318570487980774,0.5882352941176471
ddisco_wiki_854,3,wikipedia,da,,,,,,,,,,,,,,,
ddisco_wiki_855,2,reddit,da,,,,,,,,,,,,,,,
ddisco_wiki_856,2,reddit,da,,,,,,,,,,,,,,,
ddisco_wiki_857,2,reddit,da,,,,,,,,,,,,,,,
ddisco_wiki_858,3,wikipedia,da,0.5298026272883782,,0.7729393243789673,0.4166666666666667,0.7272727272727273,0.06761364390452702,0.011256213841689573,0.8832771182060242,0.4581523537635803,0.42512476444244385,2.7690312123453533,3.5252576836329474,0.25956221329034346,-0.007190743873709385,0.5833333333333334
ddisco_wiki_859,2,reddit,da,,,,,,,,,,,,,,,
ddisco_wiki_860,3,reddit,da,,,,,,,,,,,,,,,
ddisco_wiki_861,3,reddit,da,,,,,,,,,,,,,,,
ddisco_wiki_862,2,wikipedia,da,0.6818945348262787,,0.8340853452682495,0.4444444444444444,0.625,0.08860188060336643,0.008248621588063863,0.7908703684806824,0.511539101600647,0.2793312668800354,-0.5654404152688657,-3.9088995979111716,-0.11778303565638382,0.34549133577284225,0.2222222222222222
ddisco_wiki_863,3,reddit,da,,,,,,,,,,,,,,,
ddisco_wiki_864,3,wikipedia,da,0.6775097027420998,,0.8363967537879944,0.14285714285714285,0.3333333333333333,0.05013906955718994,0.014778840322147546,0.8792117238044739,0.5343605875968933,0.34485113620758057,0.578305083073983,-4.14234269992293,0.043891371761297204,0.582590852372839,0.14285714285714285
ddisco_wiki_865,1,wikipedia,da,0.633089942591531,,0.8239924907684326,0.16666666666666666,0.8,0.0739772617816925,0.012776905709930947,0.8975540995597839,0.5423418283462524,0.3552122712135315,1.6777945441777142,-1.6075681044914987,-0.18232155679395445,0.15485971791194383,0.16666666666666666
ddisco_wiki_866,3,wikipedia,da,0.7004378371768527,,0.8162155747413635,0.5,0.7142857142857143,0.11284793168306351,0.009322237216928283,0.8970586657524109,0.5564838647842407,0.34057480096817017,0.48161690781000627,-3.3491118227964094,-0.1335313926245223,0.056250776561554465,0.75
ddisco_wiki_867,3,reddit,da,,,,,,,,,,,,,,,
ddisco_wiki_868,2,wikipedia,da,0.6847422301769257,,0.6696264743804932,0.5555555555555556,0.875,0.10800791449016994,0.006235930461775787,0.8425477147102356,0.5691846013069153,0.2733631134033203,0.37466587762304804,-3.636972988238356,0.03624967113471511,-0.301028841175682,0.7777777777777778
ddisco_wiki_869,2,reddit,da,,,,,,,,,,,,,,,
ddisco_wiki_870,3,reddit,da,,,,,,,,,,,,,,,
ddisco_wiki_871,2,reddit,da,,,,,,,,,,,,,,,
ddisco_wiki_872,3,reddit,da,,,,,,,,,,,,,,,
ddisco_wiki_873,2,reddit,da,,,,,,,,,,,,,,,
ddisco_wiki_874,3,reddit,da,,,,,,,,,,,,,,,
ddisco_wiki_875,3,wikipedia,da,0.6412598831312997,,0.8694117665290833,0.16666666666666666,0.6,0.08612356583277385,0.012741227620822729,0.8949808478355408,0.5007201433181763,0.3942607045173645,1.3258996476104652,-2.0021942124684426,0.04872750339269394,0.10806844565278774,0.16666666666666666
ddisco_wiki_876,3,reddit,da,,,,,,,,,,,,,,,
ddisco_wiki_877,3,wikipedia,da,0.6420120980058398,,0.8505681753158569,0.16666666666666666,0.6,0.09433230757713318,0.017052958269741205,0.8872566223144531,0.49988940358161926,0.38736721873283386,0.8245554700079243,-3.7537533598584574,-0.18232155679395445,0.4358227740307935,0.16666666666666666
ddisco_wiki_878,3,wikipedia,da,0.6631524099244012,,0.7717503309249878,0.75,0.7142857142857143,0.110783651471138,0.005953950817897794,0.7854467034339905,0.5026797652244568,0.2827669382095337,-0.5796302606294822,-3.07146809400086,-0.1335313926245223,-0.4835197990553982,0.75
ddisco_wiki_879,2,reddit,da,,,,,,,,,,,,,,,
ddisco_wiki_880,2,wikipedia,da,0.6770091454188029,,0.776353657245636,0.4,0.75,0.12505998611450195,0.00849011733943862,0.8140056133270264,0.5491340160369873,0.26487159729003906,0.21861319792743944,-4.2861422511623,-0.2231435513142097,-0.3555455694353058,0.8
ddisco_wiki_881,2,reddit,da,,,,,,,,,,,,,,,
ddisco_wiki_882,2,reddit,da,,,,,,,,,,,,,,,
ddisco_wiki_883,3,reddit,da,,,,,,,,,,,,,,,
ddisco_wiki_884,3,wikipedia,da,0.6773459166288376,,0.8898428678512573,0.14285714285714285,0.8333333333333334,0.06676911456244332,0.007956528050050649,0.8532204031944275,0.5826116800308228,0.27060872316360474,0.9449746006351221,-3.5461827045818057,0.043891371761297204,0.35742170434556375,0.14285714285714285
ddisco_wiki_885,3,wikipedia,da,0.6849071383476257,,0.8297813534736633,0.6666666666666666,0.6,0.16814194122950235,0.012063553394033835,0.8349342942237854,0.5241409540176392,0.31079334020614624,-0.40694324553000827,-4.19346617532239,-0.18232155679395445,-0.30252083850353606,0.6666666666666666
ddisco_wiki_886,2,wikipedia,da,0.6225484665483236,,0.863315761089325,0.6,0.7857142857142857,0.1644074559211731,0.017954829750342925,0.9574695229530334,0.44742488861083984,0.5100446343421936,1.1281906482054627,-2.482952963984293,0.023426752587707433,-0.26214023254999147,0.7333333333333333
ddisco_wiki_887,3,reddit,da,,,,,,,,,,,,,,,
ddisco_wiki_888,3,wikipedia,da,0.56008922627994,,0.7597415447235107,0.5,0.8,0.0937410295009613,0.008011919402378614,0.7581865191459656,0.47675493359565735,0.2814315855503082,1.3604751154008858,-2.3942753838608457,-0.18232155679395445,-0.20552697174248322,0.5
ddisco_wiki_889,3,reddit,da,,,,,,,,,,,,,,,
ddisco_wiki_890,3,reddit,da,,,,,,,,,,,,,,,
ddisco_wiki_891,3,wikipedia,da,0.5218165377775829,,0.7758417725563049,0.2857142857142857,0.5384615384615384,0.06593000037329537,0.00788788305117749,0.7455547451972961,0.4308951199054718,0.31465962529182434,1.5935556495004388,-1.575355406594415,0.12393407943483359,0.04869783519964928,0.42857142857142855
ddisco_wiki_892,3,wikipedia,da,0.6088254668495872,,0.7121520638465881,0.4,0.6666666666666666,0.07190343737602234,0.00639985074464037,0.7740592956542969,0.5172070264816284,0.25685226917266846,0.690539738871253,-3.7327366679379916,0.143130149320974,0.1503959095410426,0.4
ddisco_wiki_893,3,wikipedia,da,0.6237864579473223,,0.7717323899269104,0.6666666666666666,0.8,0.09463414549827576,0.0032825951392512756,0.7200488448143005,0.542809247970581,0.17723959684371948,0.257510213418152,-4.0800264245905336,-0.18232155679395445,-0.6604159680131537,0.6666666666666666
ddisco_wiki_894,3,wikipedia,da,0.5709675206587865,,0.8049531579017639,0.3333333333333333,0.5454545454545454,0.1050654153029124,0.01470511344933249,0.7529733180999756,0.43990859389305115,0.31306472420692444,0.404640802795047,-4.6445809051219715,0.25956221329034346,0.22320044584063517,0.5
ddisco_wiki_895,2,wikipedia,da,0.6445226338174608,,0.7545492649078369,0.25,0.42857142857142855,0.06496914476156235,0.007515567507079159,0.7986272573471069,0.5250757336616516,0.2735515236854553,0.42698539997419194,-3.9531140833048686,-0.1335313926245223,0.25121060359771813,0.25
ddisco_wiki_896,3,wikipedia,da,0.6934427097439766,,0.8748372197151184,0.5714285714285714,0.5,0.10174168007714408,0.007899394242907254,0.8825224041938782,0.5885334014892578,0.29398900270462036,0.9146289017131815,-3.0324930006036896,-0.15415067982725872,-0.15100979451177107,0.5714285714285714
ddisco_wiki_897,3,reddit,da,,,,,,,,,,,,,,,
ddisco_wiki_898,2,reddit,da,,,,,,,,,,,,,,,
ddisco_wiki_899,3,reddit,da,,,,,,,,,,,,,,,
ddisco_wiki_900,3,reddit,da,,,,,,,,,,,,,,,
ddisco_wiki_901,3,wikipedia,da,0.6702181458473205,,0.8489450812339783,0.5555555555555556,0.75,0.06809810135099623,0.009182129948359973,0.8872802257537842,0.56216961145401,0.32511061429977417,1.0637832335525996,-2.7843026109205966,-0.11778303565638382,0.3694387573915079,0.3333333333333333
ddisco_wiki_902,3,wikipedia,da,0.6572625095194037,,0.8678230047225952,0.4,0.7777777777777778,0.09134436249732972,0.010345351752045125,0.8778061866760254,0.544044017791748,0.33376216888427734,1.078769549504555,-3.0286152110720543,0.03326892045416274,0.1653203984302667,0.2
ddisco_wiki_903,2,wikipedia,da,0.6595839006560189,,0.7877325415611267,0.5,0.4,0.1203504204750061,0.011756460286712827,0.8345227241516113,0.5144832134246826,0.3200395107269287,0.13661022357664376,-4.268613515846823,-0.18232155679395445,0.06403981360823756,0.5
ddisco_wiki_904,2,wikipedia,da,0.7219036275690253,,0.7336291074752808,0.3,0.7777777777777778,0.07064588069915771,0.00266489056202569,0.8039067387580872,0.6454373002052307,0.15846943855285645,0.2539162344195944,-4.194908585604754,0.03326892045416274,-0.14077232411386767,0.7
ddisco_wiki_905,2,reddit,da,,,,,,,,,,,,,,,
ddisco_wiki_906,2,reddit,da,,,,,,,,,,,,,,,
ddisco_wiki_907,2,wikipedia,da,0.7470679978529612,,0.9295584559440613,0.5454545454545454,0.5,0.1521523974158547,0.014883968008054556,0.9443209767341614,0.48886966705322266,0.4554513096809387,-0.4620970430796352,-3.376038777559585,-0.09531017980432521,-0.2186179735544595,0.5454545454545454
ddisco_wiki_908,3,wikipedia,da,0.5923647284507751,,0.8048035502433777,0.42857142857142855,0.5,0.07394015789031982,0.008615424042304198,0.8283359408378601,0.5167416930198669,0.31159424781799316,1.9386823815605496,-0.6983771513790149,-0.15415067982725872,-0.04534100172410665,0.42857142857142855
ddisco_wiki_909,2,reddit,da,,,,,,,,,,,,,,,
ddisco_wiki_910,2,wikipedia,da,0.5715422481298447,,0.7548110485076904,0.5789473684210527,0.7222222222222222,0.10096427170853865,0.008701036363888059,0.8229220509529114,0.4310547411441803,0.3918673098087311,0.9290095337219694,-2.399191428914567,0.1648213620644432,-0.1350565908000384,0.6842105263157895
ddisco_wiki_911,3,wikipedia,da,0.6887120654185613,,0.8590536713600159,0.7272727272727273,0.7,0.08508570085872304,0.0031029990770443418,0.756601095199585,0.5809602737426758,0.17564082145690918,-0.3470326117430909,-4.143301971650017,-0.09531017980432521,-0.4292669348083381,0.7272727272727273
ddisco_wiki_912,2,reddit,da,,,,,,,,,,,,,,,
ddisco_wiki_913,3,wikipedia,da,0.5825160954679761,,0.7546491026878357,0.5,0.6,0.16964799165725708,0.01902234570917667,0.8435418009757996,0.4329744875431061,0.4105673134326935,0.8318182674642639,-3.725733043467803,-0.18232155679395445,-0.2626537019346182,0.5
ddisco_wiki_914,2,reddit,da,,,,,,,,,,,,,,,
ddisco_wiki_915,2,wikipedia,da,0.5995424568653107,,0.8288730382919312,0.35714285714285715,0.46153846153846156,0.05532046939645495,0.007230808745412745,0.8290569186210632,0.4274729788303375,0.4015839397907257,0.6466285045645518,-1.1709162427797004,0.017296051656380484,0.3049952048131558,0.07142857142857142
ddisco_wiki_916,3,reddit,da,,,,,,,,,,,,,,,
ddisco_wiki_917,3,wikipedia,da,0.6756336178098407,,0.7791262865066528,0.5,1.0,0.07844247420628865,0.006886964438955523,0.8598154187202454,0.6026396751403809,0.2571757435798645,1.3635646563739028,-2.36213284750805,-0.18232155679395445,-0.0029160928324039664,0.5
ddisco_wiki_918,2,wikipedia,da,0.5806332131226858,,0.8201605677604675,0.18181818181818182,0.5,0.09885152903470126,0.014968494679906514,0.8482897877693176,0.42724642157554626,0.42104336619377136,1.2013149376077406,-2.6945986811596585,0.018113904287301974,0.07296192757652635,0.36363636363636365
ddisco_wiki_919,3,reddit,da,,,,,,,,,,,,,,,
ddisco_wiki_920,3,wikipedia,da,0.6484810246361626,,0.7669957876205444,0.25,0.42857142857142855,0.050257936120033264,0.00591412177100461,0.7475094795227051,0.5364955067634583,0.21101397275924683,-0.06390652763504914,-4.4497723601669765,-0.1335313926245223,0.5213501102784767,0.25
ddisco_wiki_921,2,wikipedia,da,0.646866860985756,,0.7498701214790344,0.4444444444444444,0.625,0.13530155022939047,0.011296495473119787,0.8261305093765259,0.46971040964126587,0.35642009973526,-0.29407266401627624,-3.6930544281038116,-0.11778303565638382,-0.2684966645272654,0.6666666666666666
ddisco_wiki_922,3,wikipedia,da,0.7275356000119989,,0.8809000849723816,0.1,0.5555555555555556,0.05540447235107422,0.008122719215910255,0.906384289264679,0.6028072237968445,0.3035770654678345,0.550607986142898,-3.813600102228196,0.03326892045416319,0.48876299180759836,0.1
ddisco_wiki_923,2,reddit,da,,,,,,,,,,,,,,,
ddisco_wiki_924,3,reddit,da,,,,,,,,,,,,,,,
ddisco_wiki_925,3,wikipedia,da,0.6946908405848912,,0.8126100897789001,0.6666666666666666,0.6,0.08616000413894653,0.006588572633374782,0.8651381731033325,0.608128011226654,0.25701016187667847,1.0000771718031234,-2.909986904088879,0.048727503392693716,0.1128122781519887,0.3333333333333333
ddisco_wiki_926,3,wikipedia,da,0.6985867892702421,,0.88165682554245,0.5454545454545454,0.7,0.14673943411220203,0.012998436983733182,0.9197697043418884,0.46981343626976013,0.4499562680721283,0.08778611771520878,-3.0908109286491157,0.030716580297483365,-0.3700717574590238,0.9090909090909091
ddisco_wiki_927,2,reddit,da,,,,,,,,,,,,,,,
ddisco_wiki_928,2,reddit,da,,,,,,,,,,,,,,,
ddisco_wiki_929,2,reddit,da,,,,,,,,,,,,,,,
ddisco_wiki_930,2,wikipedia,da,0.5562128722667694,,0.8011496067047119,0.5625,0.6666666666666666,0.05617952346801758,0.003732714072187762,0.7459256052970886,0.4934469163417816,0.252478688955307,1.8386054991609526,0.045987206998463925,0.016328649927756178,-0.15715915752836945,0.5625
ddisco_wiki_931,3,wikipedia,da,0.5542010456323624,,0.6774129867553711,0.3333333333333333,0.25,0.07499692837397258,0.007429519142338146,0.7184893488883972,0.47335225343704224,0.24513709545135498,0.8624558459649749,-3.795991277424451,0.016995582785827912,0.17320275478756708,0.3333333333333333
ddisco_wiki_932,2,reddit,da,,,,,,,,,,,,,,,
ddisco_wiki_933,2,reddit,da,,,,,,,,,,,,,,,
ddisco_wiki_934,2,wikipedia,da,0.6158366004625956,,0.7211782336235046,0.6,0.75,0.1444249391555786,0.011589577828514863,0.7974884510040283,0.519628643989563,0.27785980701446533,0.6872909391869062,-4.224783927819969,-0.2231435513142097,-0.36003128585358124,0.6
ddisco_wiki_935,3,reddit,da,,,,,,,,,,,,,,,
ddisco_wiki_936,3,wikipedia,da,0.7108369469642639,,0.8445942401885986,1.0,1.0,0.18047241866588593,0.010660995613821455,0.8514242768287659,0.5504069328308105,0.3010173439979553,-0.26641485470676335,-4.10410369452611,-0.2876820724517808,-0.4816512386586725,1.0
ddisco_wiki_937,3,reddit,da,,,,,,,,,,,,,,,
ddisco_wiki_938,3,wikipedia,da,0.6969310981886727,,0.8417278528213501,0.5,0.6,0.03895416855812073,0.0009209774897260327,0.7347233891487122,0.6603723764419556,0.07435101270675659,0.016627881847916363,-4.707476598831175,0.048727503392693716,-0.12486291747824878,0.5
ddisco_wiki_939,2,wikipedia,da,0.6825904779964023,,0.8833025693893433,0.75,1.0,0.1334448605775833,0.008128386157014899,0.8361940383911133,0.5937209725379944,0.2424730658531189,0.5208846032127371,-4.3621799793594995,-0.1335313926245223,-0.4431520938959996,1.0
ddisco_wiki_940,3,wikipedia,da,0.6384375474669717,,0.8505635261535645,0.5,0.5555555555555556,0.07634603977203369,0.005706215953908658,0.763639509677887,0.5479009747505188,0.21573853492736816,0.3999085510121819,-4.3930713549274865,0.03326892045416274,0.24164324144831462,0.3
ddisco_wiki_941,2,wikipedia,da,0.6756547530492146,,0.8388605713844299,0.5714285714285714,0.6923076923076923,0.09142177019800458,0.004696358022404214,0.8160576820373535,0.5717175602912903,0.24434012174606323,0.4088381687198449,-3.676424093119894,-0.07410797215372167,-0.180742107367235,0.5714285714285714
ddisco_wiki_942,3,wikipedia,da,0.6590772271156311,,0.7352489233016968,0.6,0.5,0.07223314046859741,0.004127471755644763,0.7828154563903809,0.5973957180976868,0.1854197382926941,0.945746594648798,-3.45275015174522,-0.2231435513142097,-0.10371482308733496,0.6
ddisco_wiki_943,3,reddit,da,,,,,,,,,,,,,,,
ddisco_wiki_944,2,wikipedia,da,0.524225081716265,,0.693343997001648,0.5,0.6,0.0960709551970164,0.0100583952246841,0.7139084339141846,0.35337281227111816,0.3605356216430664,0.23616991491003586,-2.951694924118042,-0.18232155679395445,0.1025973936194545,0.5
ddisco_wiki_945,3,wikipedia,da,0.6524101674556733,,0.8335835933685303,0.25,0.6666666666666666,0.1372435912489891,0.029460757160785396,0.9089563488960266,0.4905955493450165,0.41836079955101013,0.4588677245724405,-4.572278685084518,-0.2876820724517808,0.29841122277336946,0.25
ddisco_wiki_946,3,reddit,da,,,,,,,,,,,,,,,
ddisco_wiki_947,2,reddit,da,,,,,,,,,,,,,,,
ddisco_wiki_948,3,wikipedia,da,0.6556710686002459,,0.8445675373077393,0.5,0.6,0.12032268444697063,0.012598944768335663,0.9025101661682129,0.5169743895530701,0.3855357766151428,1.2112653725844142,-2.3021394463422626,-0.18232155679395445,-0.08195109427099567,0.5
ddisco_wiki_949,3,wikipedia,da,0.6660460804899534,,0.8015285730361938,0.6363636363636364,0.8,0.17196002873507413,0.013209272195742557,0.8257799744606018,0.4671802818775177,0.3585996925830841,-0.2525520911486014,-4.239082354483408,-0.09531017980432521,-0.4665294139038442,0.8181818181818182
ddisco_wiki_950,3,reddit,da,,,,,,,,,,,,,,,
ddisco_wiki_951,3,wikipedia,da,0.6762020913037387,,0.868878960609436,0.4,0.6666666666666666,0.10555113554000854,0.012624558971540306,0.9010252356529236,0.5507643222808838,0.3502609133720398,0.5047605475653686,-3.972442771470748,0.07019046415150787,0.14324013907701005,0.4
ddisco_wiki_952,3,wikipedia,da,0.6115091277493371,,0.7432889342308044,0.375,0.2857142857142857,0.1350947581231594,0.02383975246552499,0.836132824420929,0.3847639858722687,0.4513688385486603,-0.13132148333470026,-4.555164155440901,0.039755402515464056,0.21699685999207596,0.375
ddisco_wiki_953,2,reddit,da,,,,,,,,,,,,,,,
ddisco_wiki_954,3,reddit,da,,,,,,,,,,,,,,,
ddisco_wiki_955,3,reddit,da,,,,,,,,,,,,,,,
ddisco_wiki_956,2,reddit,da,,,,,,,,,,,,,,,
ddisco_wiki_957,3,wikipedia,da,0.6680543368512933,,0.8739506602287292,0.5,0.8888888888888888,0.12409166693687439,0.013071507805687948,0.8743393421173096,0.5054073929786682,0.36893194913864136,0.29408478249428244,-4.158925203302154,-0.10536051565782634,0.06650849025239071,0.5
ddisco_wiki_958,3,reddit,da,,,,,,,,,,,,,,,
ddisco_wiki_959,3,reddit,da,,,,,,,,,,,,,,,
ddisco_wiki_960,3,reddit,da,,,,,,,,,,,,,,,
ddisco_wiki_961,3,reddit,da,,,,,,,,,,,,,,,
ddisco_wiki_962,3,wikipedia,da,0.699574609597524,,0.8353347778320312,0.2,0.25,0.08151931762695312,0.008758568256317132,0.8500440120697021,0.5598679184913635,0.2901760935783386,0.21880122464392787,-3.9409665384283183,-0.2231435513142097,0.4181637837721666,0.2
ddisco_wiki_963,3,wikipedia,da,0.6117899119853973,,0.7546477913856506,0.8333333333333334,1.0,0.1798716982205709,0.012707876886804621,0.8259146213531494,0.48384764790534973,0.3420669734477997,0.6537293538198266,-3.7119079892159967,-0.18232155679395445,-0.4822923597274852,0.8333333333333334
ddisco_wiki_964,2,reddit,da,,,,,,,,,,,,,,,
ddisco_wiki_965,3,wikipedia,da,0.6643637816111246,,0.8355837464332581,0.2,0.5,0.06118675470352173,0.010872334359290962,0.8698486089706421,0.582103431224823,0.2877451777458191,1.1240601304893971,-3.3276185144309007,0.2738377786433903,0.33998124566023613,0.2
ddisco_wiki_966,3,wikipedia,da,0.6729361176490783,,0.7743938565254211,0.75,0.6666666666666666,0.15354512631893158,0.01255652917586417,0.8657819032669067,0.5378758907318115,0.3279060125350952,0.6272001195503513,-3.7891038915329815,-0.2876820724517808,-0.15932931384472757,0.75
ddisco_wiki_967,3,wikipedia,da,0.7269712388515472,,0.7746098637580872,0.2,0.25,0.042095935344696044,0.0030861486460205256,0.8399479389190674,0.6664815545082092,0.17346638441085815,1.1532704711838162,-2.894919788584817,-0.2231435513142097,0.2866421218397278,0.2
ddisco_wiki_968,3,reddit,da,,,,,,,,,,,,,,,
ddisco_wiki_969,3,wikipedia,da,0.6762706398963928,,0.8308462500572205,0.6666666666666666,0.75,0.11088572608100043,0.006423319820233217,0.807288408279419,0.5704347491264343,0.23685365915298462,0.34988383923434085,-4.237476448883875,0.03624967113471511,-0.34535703342725776,0.6666666666666666
ddisco_wiki_970,1,reddit,da,,,,,,,,,,,,,,,
ddisco_wiki_971,2,reddit,da,,,,,,,,,,,,,,,
ddisco_wiki_972,3,reddit,da,,,,,,,,,,,,,,,
ddisco_wiki_973,2,reddit,da,,,,,,,,,,,,,,,
ddisco_wiki_974,3,wikipedia,da,0.6629028134047985,,0.8425962924957275,0.7142857142857143,0.6666666666666666,0.18038123420306615,0.01658524524031145,0.8708463907241821,0.4971255958080292,0.37372079491615295,0.40072583907709924,-4.409869889901898,-0.15415067982725872,-0.4144571196089309,0.7142857142857143
ddisco_wiki_975,2,reddit,da,,,,,,,,,,,,,,,
ddisco_wiki_976,3,wikipedia,da,0.7259005639288161,,0.8350128531455994,0.375,0.2857142857142857,0.07267585396766663,0.004625095796051848,0.8365848064422607,0.5952242016792297,0.241360604763031,-0.1708903288527154,-3.432731209871005,-0.1335313926245223,-0.2300256896913239,0.375
ddisco_wiki_977,3,wikipedia,da,0.6733335554599762,,0.7788031697273254,0.5454545454545454,0.7,0.07495763085105202,0.00444845920353476,0.7933009266853333,0.5787525177001953,0.21454840898513794,0.35056009305929425,-4.055661434222438,-0.09531017980432521,-0.11583264567592993,0.5454545454545454
ddisco_wiki_978,3,wikipedia,da,0.5858967644827706,,0.7789742350578308,0.5,0.4,0.08446661631266277,0.008958644007167503,0.7913321852684021,0.4672490954399109,0.3240830898284912,1.1089382520369337,-2.422056630389193,-0.045429320719933,-0.24433716615404388,0.5
ddisco_wiki_979,3,wikipedia,da,0.6256168755618009,,0.867925226688385,0.4,0.5555555555555556,0.08095933198928833,0.012050289649202973,0.8966888785362244,0.5265838503837585,0.3701050281524658,1.449467061218633,-2.1242437589096435,0.0989586713966859,0.03276189191812942,0.2
ddisco_wiki_980,2,reddit,da,,,,,,,,,,,,,,,
ddisco_wiki_981,2,wikipedia,da,0.5784151283177462,,0.722830593585968,0.5,0.5555555555555556,0.08048790693283081,0.007194279179751858,0.7994099259376526,0.4742417335510254,0.3251681923866272,1.4488023764024414,-1.4509100841229463,-0.10536051565782634,0.07287447802349033,0.3
ddisco_wiki_982,2,reddit,da,,,,,,,,,,,,,,,
ddisco_wiki_983,1,reddit,da,,,,,,,,,,,,,,,
ddisco_wiki_984,2,wikipedia,da,0.6527842382589976,,0.8646312952041626,0.8,0.75,0.10651233196258544,0.00796428811866839,0.8317416310310364,0.5486670732498169,0.2830745577812195,1.0106764200518725,-2.946655852010284,-0.2231435513142097,-0.08091291162750636,0.8
ddisco_wiki_985,3,wikipedia,da,0.729748272895813,,0.8559514880180359,0.75,0.6666666666666666,0.11166653037071228,0.007298086557620706,0.8387757539749146,0.6331189870834351,0.2056567668914795,0.22724031890358348,-4.732797017884487,-0.2876820724517808,-0.14587528418339105,0.75
ddisco_wiki_986,3,reddit,da,,,,,,,,,,,,,,,
ddisco_wiki_987,3,reddit,da,,,,,,,,,,,,,,,
ddisco_wiki_988,3,reddit,da,,,,,,,,,,,,,,,
ddisco_wiki_989,3,wikipedia,da,0.6160735249519348,,0.8604432940483093,0.2222222222222222,0.375,0.05358788702223036,0.008432652554110262,0.8673980236053467,0.5435839891433716,0.3238140344619751,1.9372516179588795,-0.29209918200817686,0.19028237792581426,0.26416530692205564,0.2222222222222222
ddisco_wiki_990,3,reddit,da,,,,,,,,,,,,,,,
ddisco_wiki_991,3,reddit,da,,,,,,,,,,,,,,,
ddisco_wiki_992,3,wikipedia,da,0.5774400745119367,,0.7490348219871521,0.5384615384615384,0.6666666666666666,0.08132282587198111,0.007795488822722955,0.8280400633811951,0.47321462631225586,0.3548254370689392,1.390344559050778,-0.9887222653582626,0.026595320104917164,0.11551159133002206,0.38461538461538464
ddisco_wiki_993,3,wikipedia,da,0.6183127045631409,,0.7829645872116089,0.3333333333333333,0.5,0.055809213055504694,0.009406141463369124,0.816693902015686,0.5075366497039795,0.30915725231170654,0.9007618129071928,-3.353009363318141,0.03624967113471511,0.5438317917157677,0.3333333333333333
ddisco_wiki_994,3,reddit,da,,,,,,,,,,,,,,,
ddisco_wiki_995,3,wikipedia,da,0.6406595587730408,,0.8986443877220154,0.2222222222222222,0.5,0.07545736100938585,0.010498460450850046,0.8378318548202515,0.5121633410453796,0.3256685137748718,0.6852564012782804,-3.814632888730883,-0.11778303565638382,0.44987120796454444,0.2222222222222222
ddisco_wiki_996,2,reddit,da,,,,,,,,,,,,,,,
ddisco_wiki_997,3,wikipedia,da,0.6227051864067713,,0.8304434418678284,0.6,1.0,0.15541653633117675,0.0217393879525338,0.9259880185127258,0.4833177626132965,0.4426702558994293,1.2050546902655972,-2.7955773049286474,-0.2231435513142097,-0.06106395999478621,0.6
ddisco_wiki_998,2,reddit,da,,,,,,,,,,,,,,,
ddisco_wiki_999,2,wikipedia,da,0.5530548185110092,,0.729033887386322,0.3333333333333333,0.625,0.08727318710751003,0.010892183780214292,0.7440585494041443,0.4120146930217743,0.33204385638237,0.5954146918796457,-3.851462707514419,-0.11778303565638382,0.3087974162142515,0.1111111111111111
ddisco_wiki_1000,3,reddit,da,,,,,,,,,,,,,,,
ddisco_wiki_1001,3,reddit,da,,,,,,,,,,,,,,,
ddisco_wiki_1002,2,wikipedia,da,0.6132848672568798,,0.8060411214828491,0.7142857142857143,0.8333333333333334,0.15404961790357316,0.01470644086734628,0.8598545789718628,0.4787124693393707,0.38114210963249207,0.9604651451556594,-3.4070308677744587,-0.15415067982725872,-0.3196066873756611,0.7142857142857143
