Index,coherence,source,lang,FT_CC,FT_Cluster,BERT_CC,BERT_Cluster,Sent_CC,Sent_Cluster
C05760125_1,3,Clinton,en,0.43260915760962154,0.31117593918130004,0.30099233165303596,0.4002549399883138,0.5606323457608996,0.48500000000000004
C05768263_2,3,Clinton,en,0.4904948716566013,0.4615983431772905,0.32567610679311865,0.42214847326061994,0.7149788483121815,0.6550264550264551
C05771873_1,3,Clinton,en,0.42683467990102886,0.351978409346949,0.3551080030510217,0.44976273990860555,0.7237873237873238,0.6886243386243387
C05768528_2,3,Clinton,en,0.421953679798811,0.35207397264429113,0.28244739276446285,0.38592976534230367,0.6473882197953406,0.6632936507936509
C05775052_1,2,Clinton,en,0.5470007858831251,0.539422007380841,0.3592268145125925,0.4501254741772398,0.6534026037315511,0.43888888888888894
C05791984_2,1,Clinton,en,0.435671639612813,0.28150290718811927,0.30254604054762835,0.3834474370300258,0.5863437987855387,0.3880485527544351
C05793399_3,3,Clinton,en,0.42718082271469043,0.36124016375993145,0.27282621190157014,0.43202212157893505,0.7271518604851939,0.7912698412698413
C05784310_25,2,Clinton,en,0.4370570912343529,0.43943808384597854,0.3493158289993529,0.43880963304707027,0.71635101010101,0.7000000000000001
C05789373_3,3,Clinton,en,0.5119967216827506,0.4486211319544654,0.32340383369007275,0.5037230996159068,0.9199999999999999,0.9
C05785437_0,3,Clinton,en,0.4828364662528621,0.3682386952796834,0.3792975499823264,0.4746774357134534,1.0,1.0
C05788787_2,2,Clinton,en,0.4274219746873407,0.3825219356953102,0.3627633594915427,0.4484307701054493,0.6873126873126874,0.7364285714285714
C05797177_1,3,Clinton,en,0.4950187854682151,0.3455078513218049,0.3384602320479065,0.4427685415496445,0.6501090069201524,0.5662337662337662
C05796320_1,3,Clinton,en,0.48021407593953563,0.36920067586734245,0.3349068047812638,0.4920946222842457,,
C05779017_3,3,Clinton,en,0.4247008909306801,0.34735190819950096,0.3493402105011698,0.4620902068002412,0.7173708236208236,0.7
C05764791_1,3,Clinton,en,0.4814298778699029,0.4381175157831504,0.3509955698222501,0.4421043451278504,0.7195545195545194,0.6701058201058201
C05770789_0,2,Clinton,en,0.4925065651016141,0.3809960851656353,0.35114003206376504,0.4367635270612878,0.7271780303030303,0.625
C05761828_2,2,Clinton,en,0.4003159776078805,0.45492696204259375,0.3534529922106187,0.4333318888251999,0.6264013129001686,0.6907814407814409
C05788187_0,2,Clinton,en,0.4956141327527743,0.39178456464170747,0.358325024793562,0.4423668877021805,0.722979797979798,0.39166666666666666
C05765091_1,1,Clinton,en,0.500240004683794,0.39143258151355326,0.34659519385441967,0.4650398756623107,0.7254103535353535,0.5833333333333333
C05760680_3,3,Clinton,en,0.42223950772179064,0.38227606324019037,0.2645661236137479,0.43501569665322803,0.6218339423916637,0.5325396825396826
C05770743_1,3,Clinton,en,0.42471617519782084,0.31848877332489994,0.3301729094751265,0.46854923763508716,0.7125686813186813,0.8108730158730157
C05779683_0,1,Clinton,en,0.4555799653637638,0.36770200449445734,0.3344145963499379,0.4626499978237763,0.7676870748299319,0.7952380952380953
C05789969_1,2,Clinton,en,0.4882182646478253,0.3337915645607954,0.3474073294220392,0.4416976410691338,1.0,1.0
C05784992_0,3,Clinton,en,0.4768122945320753,0.39580198712851766,0.30700560058350795,0.48718736028467674,0.7403724747474747,0.8011904761904762
C05793859_1,1,Clinton,en,0.4807989045914285,0.439436500318853,0.3334120061753364,0.46621913198641723,0.6964603297936631,0.756084656084656
C05759141_1,3,Clinton,en,0.5224150371535965,0.3849485391152058,0.34219197113289634,0.4123295320192724,0.9199999999999999,0.9
C05792998_2,1,Clinton,en,0.47981137893658254,0.44818653568653566,0.3840191124887158,0.4694167581255527,0.814484126984127,0.8388888888888889
C05760084_1,1,Clinton,en,0.4993675041237882,0.37766134312045363,0.344429966052976,0.42536932698727853,0.7254103535353535,0.4666666666666667
C05788797_0,3,Clinton,en,0.42314521001352,0.36016830466028316,0.342375849162193,0.4639087901646699,0.6491231141579439,0.5898148148148148
C05771323_0,2,Clinton,en,0.4642957206953272,0.39333009198756114,0.3383696257521531,0.42459722182202486,0.716325649658983,0.5656084656084656
C05789795_2,3,Clinton,en,0.43582450741784984,0.44014735059864835,0.35896999907598787,0.439199106192705,0.7452690166975883,0.7857142857142857
C05776954_2,1,Clinton,en,0.4214954340486619,0.3620060840575545,0.3653260307537488,0.42924461319277835,0.7195545195545195,0.7071428571428572
C05767779_0,1,Clinton,en,0.4912090920338878,0.3437430564151464,0.36731628899221935,0.448365998228226,0.7121527777777777,0.6541666666666667
C05784022_0,1,Clinton,en,0.48293848852058946,0.3930674774382025,0.377139796367483,0.4612436865591201,0.7710884353741496,0.8
C05784284_1,3,Clinton,en,0.5082852268021648,0.49406341140308396,0.33396207560094626,0.44630808433820185,1.0,1.0
C05770474_2,3,Clinton,en,0.4222723675211717,0.35259620001259895,0.34940508016064326,0.4578390341656543,0.6240044953681088,0.5523809523809524
C05789258_0,3,Clinton,en,0.41151712573021665,0.4426790541019005,0.35976716299438793,0.43015418090315577,0.6464329720622626,0.5835775335775335
C05760201_1,3,Clinton,en,0.4660446514769806,0.3612552652026336,0.3447233804778563,0.4262198182519461,0.8015873015873015,0.7111111111111111
C05793646_2,3,Clinton,en,0.429562332704145,0.3019799177376162,0.3412786288562183,0.4456149844186639,0.6054331414834847,0.5442857142857143
C05794835_2,3,Clinton,en,0.4431995038255319,0.4170306344219386,0.3208105237073696,0.5008311317387867,0.7452690166975883,0.7857142857142857
C05770075_0,2,Clinton,en,0.5124862411529268,0.4239606689606691,0.33829620007681005,0.48912117496051133,0.7149402680652681,0.6958333333333334
C05790009_0,3,Clinton,en,0.46742971766436175,0.36307615976579877,0.3239419792892782,0.4387806112166769,0.7676870748299319,0.7952380952380953
C05775182_0,3,Clinton,en,0.4922084423968057,0.34413780663780674,0.40373254112332924,0.5039794383548207,0.9199999999999999,0.9
C05769418_1,1,Clinton,en,0.46650199755885585,0.3084286228015417,0.3126391091010316,0.48524925117002965,0.6588846935033256,0.6166666666666667
C05796720_0,1,Clinton,en,0.4689875968654601,0.5000525220037415,0.3368802931603467,0.5055952709760262,0.7338068181818183,0.7208333333333333
C05767369_0,2,Clinton,en,0.5173704449550869,0.49242996061177885,0.410901828556534,0.4330397983658237,0.7625850340136054,0.7095238095238094
C05795876_6,3,Clinton,en,0.4395033571056357,0.4242376325930798,0.3352848568876088,0.4734870437772726,0.6464112691860371,0.49107142857142855
C05767443_2,3,Clinton,en,0.4285846013371999,0.31906017875393244,0.2905887057060838,0.3961951698544208,0.6278010891723819,0.6247186147186147
C05791019_1,2,Clinton,en,0.4938732620092681,0.34574062301335035,0.3298591059006559,0.47654334081201855,0.733080808080808,0.8053571428571428
C05760842_1,1,Clinton,en,0.42973660781135115,0.31873924643098933,0.2718212040085362,0.4146023238607746,0.618574571913983,0.6277922077922078
C05770678_1,1,Clinton,en,0.4571061833779874,0.3554456998581007,0.32969611550683176,0.4899952221651398,0.5978275733927908,0.645079365079365
C05775179_3,2,Clinton,en,0.498654010599088,0.3913068269879416,0.3265254086604647,0.4252883105000323,0.7619047619047619,0.6238095238095237
C05770753_0,3,Clinton,en,0.44835475853119555,0.41421464726786833,0.33980954348677017,0.44981998426578623,0.7139204545454545,0.7000000000000001
C05774027_1,3,Clinton,en,0.4120064767818256,0.45893266215225476,0.3235325256236858,0.5052201398893034,0.7075137362637363,0.7366666666666666
C05770352_1,2,Clinton,en,0.48860249224083985,0.4650400758594036,0.3228984863811442,0.43705786192276697,0.7205905205905205,0.6738095238095237
C05781933_0,1,Clinton,en,0.48433608532159395,0.34794122544122563,0.4037152749334453,0.4744708071028216,0.7313131313131314,0.6345238095238096
C05763057_2,3,Clinton,en,0.46373691155998115,0.34136720153669287,0.32901031527676905,0.45246424373232735,0.716325649658983,0.6380952380952382
C05783571_2,3,Clinton,en,0.42605857947383063,0.3568681843767238,0.28217433224661265,0.4018051949422424,0.5878090364554491,0.539458072791406
C05761833_1,3,Clinton,en,0.45685742436455523,0.35525950483018015,0.3556432054421132,0.43170509664156637,0.6366489651416122,0.5428571428571429
C05764999_1,3,Clinton,en,0.4895793041090282,0.3692294529278259,0.32595900902224023,0.45064461315834015,0.7710884353741496,0.8
C05788390_11,3,Clinton,en,0.44678999604956027,0.45083317066075657,0.33939801526673313,0.4346608068559777,0.6504916651975475,0.5593073593073593
C05790689_0,1,Clinton,en,0.4663931780596037,0.29903789714846113,0.36052579965966025,0.42320162787171917,0.6504258895416016,0.5343253968253969
C05785387_0,1,Clinton,en,0.48196327312068155,0.4196628822486945,0.3990382570161082,0.4973929011628243,0.9199999999999999,0.9
C05797133_1,1,Clinton,en,0.4293994987535544,0.387117789853417,0.35249490861344396,0.43753682043245434,0.6583296476485332,0.5067460317460318
C05787756_0,3,Clinton,en,0.42524612546809215,0.3402701587908213,0.33943377789592316,0.46933049234819785,0.7002183002183002,0.5851851851851851
C05783819_0,1,Clinton,en,0.4634742349881296,0.35444153639844767,0.3380620312202776,0.40210268151923995,0.7676870748299319,0.7952380952380953
C05760139_2,2,Clinton,en,0.460869360161101,0.3511248872584905,0.34337680633867945,0.45931018436260307,1.0,1.0
C05781934_0,3,Clinton,en,0.45803133120106404,0.39368734915349773,0.31235170047964356,0.48185902085533316,0.7653061224489796,0.7095238095238096
C05784295_3,3,Clinton,en,0.500145161440152,0.3942673339732164,0.3459040682507806,0.429982738087122,0.9199999999999999,0.9
C05788807_1,3,Clinton,en,0.4850817622987431,0.39634271944890476,0.35861078882487085,0.4154035948226376,0.7534013605442177,0.5714285714285714
C05776686_1,3,Clinton,en,0.4199585101400611,0.3269679947327994,0.34918227173115385,0.4416124060672368,0.6661549235078646,0.4623376623376624
C05796247_5,3,Clinton,en,0.5249822935812833,0.4053292193917195,0.3440180067347088,0.44970713392743994,0.7355113636363636,0.7095238095238096
C05761178_6,3,Clinton,en,0.46574649462256035,0.346386592249005,0.35667466176964563,0.43824790757611193,0.9199999999999999,0.9
C05789623_3,3,Clinton,en,0.4179205759372115,0.3590012822251169,0.3369077966725379,0.4511370904288189,0.7254103535353535,0.6125
C05764349_1,3,Clinton,en,0.4549881257868308,0.46769553204534237,0.34220142165548656,0.48667196033506294,0.7653061224489796,0.7095238095238096
C05780692_5,2,Clinton,en,0.4964860606622707,0.3462213416289784,0.33448807073037906,0.48730563916283687,0.7032017982017982,0.680952380952381
C05784441_1,1,Clinton,en,0.49605755669917856,0.4785946080063727,0.37526279265623586,0.44752406398772565,0.806547619047619,0.8222222222222223
C05767319_0,3,Clinton,en,0.4862863500885498,0.40436896165170333,0.3890747305143875,0.504704001773492,0.9199999999999999,0.9
C05794182_4,1,Clinton,en,0.46058792695668405,0.35341345485630815,0.35041341214364885,0.42897533997359877,0.6744449846054125,0.5798701298701299
C05764705_1,3,Clinton,en,0.4646502000520075,0.33870432972600145,0.3499735226402106,0.4327474001926232,0.6713458110516933,0.6170995670995671
C05776180_1,1,Clinton,en,0.5249502631407846,0.3825692825692827,0.351840802675674,0.44786019346539296,0.7386047979797981,0.7136904761904761
C05798216_0,3,Clinton,en,0.5407310319305346,0.39489337822671167,0.3414882871805149,0.4441371938330397,0.7761904761904761,0.819047619047619
C05797121_2,2,Clinton,en,0.47730149185525944,0.38959442338628936,0.33948769992537775,0.45811845157782216,0.8015873015873015,0.7111111111111111
C05792346_0,1,Clinton,en,0.4829592167005445,0.3816361409698745,0.31571028002690715,0.47617226273863195,0.727840909090909,0.6666666666666667
C05760038_1,3,Clinton,en,0.5039381875409851,0.41794329465022884,0.3429341012980807,0.4674881164272731,0.814484126984127,0.8388888888888889
C05766571_1,2,Clinton,en,0.4608812547046689,0.34377447626701274,0.35911867327680363,0.4259929483772834,0.6602319249378072,0.5142857142857143
C05789560_0,1,Clinton,en,0.4321201640928394,0.28316545636750606,0.2939779967005305,0.3722242656234055,0.6358639435745415,0.6430173992673991
C05767774_1,3,Clinton,en,0.48158916611585917,0.3590023120510926,0.3879394399251005,0.4543935366192437,0.7327020202020202,0.7833333333333333
C05777530_0,3,Clinton,en,0.48457359361013025,0.3821844396013195,0.35308963666850923,0.4266617439640322,0.7936507936507936,0.5555555555555555
C05767313_0,2,Clinton,en,0.45844262339433123,0.3420000194093966,0.35640883771622284,0.435271573919425,0.6299075924075924,0.44454365079365077
C05791749_3,1,Clinton,en,0.5703287411653717,0.4872574955908289,0.3383765456678177,0.4850267069065953,0.7121527777777777,0.6625
C05770408_0,3,Clinton,en,0.41836481801612585,0.34251677749576903,0.33227324928350715,0.4805010664174002,0.7710884353741496,0.8095238095238094
C05788510_3,1,Clinton,en,0.42696930433852076,0.3310213832124442,0.36342323448939984,0.4580174005692673,0.5796671986033622,0.472310405643739
C05767241_2,3,Clinton,en,0.454344632274594,0.336093015294696,0.34305414225623754,0.46595673443997715,0.7653061224489796,0.6476190476190476
C05788450_0,3,Clinton,en,0.4277518820893936,0.30889062326562317,0.34610267558654856,0.4491299741945463,0.69989010989011,0.6561904761904762
C05759784_1,1,Clinton,en,0.4799515857672105,0.3890853446599001,0.31763929693735693,0.428406954869018,0.7653061224489796,0.7095238095238096
C05790249_0,1,Clinton,en,0.522354437624963,0.40345289631003933,0.352810790857943,0.42212552034711864,0.7254103535353535,0.5583333333333333
C05796657_3,2,Clinton,en,0.4443956271290696,0.3996478933741829,0.33971591953788516,0.4797622983480171,0.6966533466533467,0.4909523809523809
C05797449_1,3,Clinton,en,0.4620114390946537,0.3848649163807534,0.2994905554886763,0.45857643013484056,0.6938336899121214,0.7862433862433862
C05770532_1,2,Clinton,en,0.4947742816658124,0.37050013091707795,0.3620929016507876,0.46346559234291007,0.6018173669162555,0.6020408163265306
C05772647_0,3,Clinton,en,0.4885681224511603,0.39525455544607385,0.3372772049770139,0.4499498362371278,0.7452690166975883,0.7857142857142857
C05758506_1,3,Clinton,en,0.49342481127191345,0.3850407579139574,0.3405431647304804,0.4347583598147551,0.7081368631368632,0.6768253968253968
C05763822_0,3,Clinton,en,0.4736198408867275,0.46585124168244363,0.3099435282968812,0.49905146093495184,0.7710884353741496,0.8095238095238094
C05795062_2,3,Clinton,en,0.4957397101529382,0.37431172646439687,0.314302673495521,0.4535885186354606,0.7327020202020202,0.7083333333333334
C05797377_1,3,Clinton,en,0.4433254441596034,0.4234220169935682,0.32946474483360305,0.4167783227396307,0.9199999999999999,0.9
C05782458_1,3,Clinton,en,0.4274310442285176,0.3588409204288095,0.26920188026479697,0.45969047192569845,0.6399171519914554,0.6302808302808304
C05785296_0,3,Clinton,en,0.41650924933045635,0.34440975690975684,0.3139133534679328,0.4415992767283757,0.7296085858585859,0.5750000000000001
C05789979_0,1,Clinton,en,0.5192136513087047,0.39566259137687715,0.3399828394843692,0.46645505043262475,0.7020140353473687,0.61005291005291
C05765689_1,3,Clinton,en,0.4080123457268584,0.4109561351205499,0.260106899920783,0.4521124001964258,0.627854910827047,0.48406593406593407
C05773031_1,3,Clinton,en,0.49694590929308247,0.413655148270533,0.2981670879137125,0.4729471703397259,0.7214045214045214,0.7923280423280423
C05792398_1,3,Clinton,en,0.44552893812576655,0.46417445571857324,0.3441302710545941,0.47217004004026214,0.6752291825821237,0.6101010101010101
C05788498_3,3,Clinton,en,0.42186351091504737,0.3730492294504199,0.33772736115682117,0.43096596648148955,0.6545709192768017,0.6452380952380953
C05791344_1,3,Clinton,en,0.41914419765101835,0.3701584176155262,0.3031950072015898,0.4020325816391641,0.623373048077674,0.6275132275132276
C05758700_5,3,Clinton,en,0.4545379796365153,0.3595145587024427,0.3467970383186467,0.4321064025384682,0.7032967032967034,0.6211111111111112
C05791003_0,3,Clinton,en,0.45048548598438265,0.41252209821814856,0.33903015291563676,0.4561192572331891,0.6259589308298035,0.5130952380952382
C05770378_3,1,Clinton,en,0.5192125709344712,0.41401998509841653,0.3580859650795191,0.40339114348208105,0.7738095238095237,0.8428571428571429
C05778805_1,3,Clinton,en,0.4683649387705787,0.2942077002936731,0.3359393558515702,0.49610420927682325,0.7002183002183001,0.6629629629629629
C05786233_2,3,Clinton,en,0.4868893919472533,0.35996699777187574,0.3208561797903805,0.5206101243849954,0.8015873015873015,0.7111111111111111
C05792818_4,3,Clinton,en,0.41743566964159423,0.3948608989050163,0.3334975629259586,0.45172987846520185,0.6698424472128033,0.7570887445887444
C05767739_3,1,Clinton,en,0.505150786155802,0.3235637983161202,0.41611765992330557,0.4296508331708828,0.7710884353741496,0.8095238095238094
C05762760_0,2,Clinton,en,0.4907249838395437,0.310374852420307,0.3487941511902398,0.4489610335843151,0.7568027210884355,0.6571428571428571
C05788449_0,1,Clinton,en,0.5312163505915761,0.40738376207126215,0.3533051254473921,0.4427350554457301,0.716325649658983,0.5973544973544973
C05781120_3,3,Clinton,en,0.5247220798235926,0.3783835212406642,0.33492809233445564,0.44672862986983425,0.7452690166975883,0.7857142857142858
C05771336_0,2,Clinton,en,0.4467233139184423,0.4333638497725184,0.3461184172829063,0.43719308968369897,0.7687074829931972,0.7238095238095238
C05793682_0,2,Clinton,en,0.4557408278190131,0.3151984379257104,0.3229501721269856,0.4314889213190033,0.617610630048374,0.6131868131868131
C05766570_0,2,Clinton,en,0.41667317440237917,0.3754654753993348,0.33690029005593414,0.44626455643225615,0.6303775389914651,0.48571428571428577
C05769679_0,3,Clinton,en,0.4037684308719299,0.415431066634502,0.3415959848862483,0.47788557298219975,0.710405643738977,0.7582010582010582
C05764412_1,3,Clinton,en,0.44991022895698385,0.3984661780444243,0.3284558626747717,0.44344949833434977,0.6872077922077923,0.6185714285714285
C05789144_2,2,Clinton,en,0.4955189721644837,0.30698293060425413,0.33412322559942786,0.44466819785331196,0.9199999999999999,0.9
C05779677_0,1,Clinton,en,0.45786313465713174,0.3238381509233133,0.3396342767404355,0.4192935877544844,0.7035037878787879,0.7625
C05782462_2,2,Clinton,en,0.5029158560202736,0.39900480471909056,0.3371513303396642,0.47784261530919775,0.9199999999999999,0.9
C05781812_0,3,Clinton,en,0.45914708071095484,0.33674109688041565,0.348389663445735,0.44238133691573367,1.0,1.0
C05770727_0,1,Clinton,en,0.5159408940751578,0.44762052762052773,0.3816553389206137,0.4891490076971375,0.7097643097643097,0.5111111111111111
C05774897_1,1,Clinton,en,0.43495749263317146,0.3034879659485652,0.2978958751314263,0.40838149167728216,0.5853657785817701,0.38095238095238093
C05783112_2,3,Clinton,en,0.4956314265100852,0.4209654542987877,0.32644422262152817,0.4651415770408752,0.806547619047619,0.8222222222222223
C05783747_0,1,Clinton,en,0.4535938925403021,0.4530906831458301,0.3351578845950379,0.4570678977854115,0.7355113636363637,0.7303571428571428
C05782128_22,3,Clinton,en,0.48046524735757246,0.4019134711442404,0.3240787910547068,0.47079347634616103,0.9199999999999999,0.9
C05769583_1,3,Clinton,en,0.5154337624844672,0.4140899840899841,0.3040387638678579,0.4870985853094931,0.7602040816326531,0.6476190476190476
C05760166_1,3,Clinton,en,0.42929322210895504,0.31604807756237346,0.3038900000290471,0.435037426348404,0.6294143347304944,0.5623015873015874
C05775884_1,2,Clinton,en,0.4649127427805327,0.34899706164047795,0.3513047482532015,0.4187402251262459,0.7676870748299319,0.7952380952380953
C05779382_1,3,Clinton,en,0.4128360740883138,0.41026389069080915,0.35277712209283685,0.40014126566345043,0.7602040816326529,0.7095238095238094
C05760232_2,1,Clinton,en,0.4958043120714358,0.36462460303923716,0.3464379372148611,0.4754244599441016,0.7653061224489796,0.7095238095238096
C05774083_1,3,Clinton,en,0.44792084034649227,0.3576063940209597,0.3513631710192123,0.48933514460786653,0.727840909090909,0.6666666666666667
C05768316_0,3,Clinton,en,0.42211595953097814,0.3782054279825488,0.34726935025231465,0.3998294816647162,0.6221500614095173,0.5673469387755102
C05793350_1,3,Clinton,en,0.4988640420505492,0.3298360960106788,0.3581553493522179,0.47011306220480253,0.8065476190476191,0.8222222222222223
C05766391_0,1,Clinton,en,0.4904757620493147,0.44168153783538416,0.3883981399722383,0.4787542255418913,0.8015873015873015,0.7111111111111111
C05795811_2,2,Clinton,en,0.494656736505582,0.4529501640228284,0.350075772034558,0.46414830808156227,0.6968472703766821,0.7659523809523809
C05771649_1,3,Clinton,en,0.4213539261051923,0.3856150956649677,0.3428714417719106,0.4262681006033798,0.7254103535353535,0.6000000000000001
C05790190_2,2,Clinton,en,0.432408445051406,0.3361536886918362,0.3434278999767911,0.4679991429060234,0.628678173647935,0.46717687074829933
C05770392_1,2,Clinton,en,0.48307285650764475,0.3770280262761466,0.38480053098197886,0.4530005797125822,0.7936507936507936,0.611111111111111
C05785898_1,3,Clinton,en,0.42217098692687627,0.3274806448879339,0.3638279964243805,0.4194065907087987,0.5832562801270857,0.4070494864612511
C05771447_5,1,Clinton,en,0.5312029949979074,0.36043841216255,0.340809706365368,0.48317143904089727,0.9199999999999999,0.9
C05796945_2,3,Clinton,en,0.4925341441558928,0.41204287104574056,0.320556012050833,0.4723025531530645,0.7296085858585859,0.625
C05781666_8,3,Clinton,en,0.4728931167877249,0.46378827890455787,0.31647141530565603,0.48822856079081395,0.9199999999999999,0.9
C05782213_1,2,Clinton,en,0.495553294169569,0.33637239953029424,0.355505295952544,0.44144030701636033,0.9199999999999999,0.9
C05790101_2,3,Clinton,en,0.4305408388016907,0.3416681253160427,0.3447935843588723,0.46924865132593335,0.7035037878787879,0.7625000000000001
C05770511_1,3,Clinton,en,0.49374330432132685,0.3009330738622455,0.3340685297771068,0.45922389519451295,0.7710884353741496,0.8095238095238095
C05760552_1,3,Clinton,en,0.4447136053727159,0.4010907414427403,0.3403016492362047,0.47782382856082295,0.8065476190476191,0.8222222222222223
C05772358_3,1,Clinton,en,0.4688763648307805,0.3780599531357688,0.35555147932365144,0.4316351640876816,0.7568027210884354,0.6238095238095239
C05767719_2,3,Clinton,en,0.4052647119426585,0.4882147497693715,0.34844879705022413,0.45718462243150765,0.71635101010101,0.7
C05780709_1,3,Clinton,en,0.4914007829754432,0.40480616197527963,0.33977716456054635,0.45749813077058615,0.7710884353741496,0.8
C05762714_2,3,Clinton,en,0.4917517851165466,0.40652211502660796,0.3482773311709141,0.41642907058954975,0.7013989686783805,0.7723809523809523
C05770453_3,1,Clinton,en,0.5325504623533626,0.40634127776984924,0.3488232125555696,0.44689628062244124,0.7710884353741496,0.8
C05780014_1,1,Clinton,en,0.41869277303853425,0.3273013923855641,0.35172395791350974,0.43339389299735015,0.7065033731700399,0.6518518518518519
C05789052_1,1,Clinton,en,0.42403248806685084,0.34189800043378826,0.24253894771013929,0.4719471144498039,0.6555349730483421,0.6607503607503609
C05769840_1,2,Clinton,en,0.49079823577514675,0.3907531881063536,0.3485397102755663,0.4388879354933473,0.6765873015873015,0.6585858585858585
C05762853_16,1,Clinton,en,0.48773230001978846,0.39750096787841344,0.3306404770731896,0.48767814274962323,0.9199999999999999,0.9
C05769437_4,2,Clinton,en,0.46428059112295506,0.3131619816964644,0.3391238199304315,0.44608606691229824,0.6864583492034472,0.7338624338624338
C05767724_1,1,Clinton,en,0.44972655630400565,0.3671719266058888,0.3546747741787245,0.41118360575824586,0.9199999999999999,0.9
C05761154_3,3,Clinton,en,0.4526006744720706,0.37349969479401735,0.3376354558272723,0.4424560646522485,0.7568027210884354,0.6571428571428571
C05758911_2,1,Clinton,en,0.48381971830812154,0.39582313821444254,0.3403169712391888,0.4592345881551622,0.7386047979797981,0.7970238095238096
C05795082_1,3,Clinton,en,0.459418824545632,0.34969860116058943,0.32905027776083806,0.42259282753613175,0.7195545195545195,0.6775132275132275
C05759525_2,3,Clinton,en,0.4829827207264822,0.41734062720904835,0.3322435132482499,0.4825427748738248,0.7936507936507936,0.611111111111111
C05771846_3,3,Clinton,en,0.4559442673619974,0.3775630069498463,0.34084631801312626,0.4655025398344841,0.6947802197802198,0.4633333333333334
C05789258_2,3,Clinton,en,0.44553530215169007,0.3516712882711211,0.3444148329115475,0.4510744397276483,0.6657811572672254,0.6500661375661375
C05790662_23,3,Clinton,en,0.3730201514751948,0.4963507123608422,0.2401390209433085,0.4838705649589821,0.6492609440470404,0.6816017316017317
C05759138_5,2,Clinton,en,0.3996597132067824,0.45386690182452566,0.34210264842364363,0.46070570906727193,0.6203455879959641,0.5776747062461348
C05784458_0,3,Clinton,en,0.4793253347969772,0.3910204529769749,0.3295795366088954,0.4746932372781993,1.0,1.0
C05774496_2,1,Clinton,en,0.4298710287089169,0.3239636036442713,0.35898056081933283,0.42978054280833644,0.6160121167077689,0.4946031746031746
C05739591_2,3,Clinton,en,0.44540475613309494,0.396777488514183,0.33451059584670173,0.4482676933824008,0.6494847250194844,0.7343434343434343
C05767591_0,3,Clinton,en,0.4284542910931256,0.4651312900289229,0.35693426361521824,0.4699199813763864,0.7355113636363637,0.6595238095238095
C05781651_1,3,Clinton,en,0.48392369967443777,0.3630971497638165,0.3219042933845545,0.48468406055650143,0.6864583492034473,0.7783068783068783
C05793151_1,3,Clinton,en,0.4947124106127433,0.39697195258692586,0.33668777045289966,0.45839344013302435,0.7625850340136054,0.7095238095238096
C05777311_8,3,Clinton,en,0.5043041628904611,0.49282081816683887,0.3823743662652674,0.5018456104748366,0.9199999999999999,0.9
C05774155_1,1,Clinton,en,0.4901216678667346,0.3592004842004843,0.384990084122377,0.4823041975302583,0.7568027210884354,0.6238095238095239
C05796202_2,1,Clinton,en,0.4941874073361878,0.42240365843307026,0.33689105484809206,0.48461799496933733,0.7212121212121212,0.5125
C05770294_0,1,Clinton,en,0.4247061649954406,0.37325024553094716,0.33824321971127436,0.45114671275460094,0.565842028209779,0.6524110392531445
C05780329_0,3,Clinton,en,0.45316163504128765,0.3632177209763415,0.32582086550375317,0.45163529922239987,0.7676870748299319,0.7095238095238096
C05771216_1,2,Clinton,en,0.46296753120549217,0.3257533549550355,0.3464423305333677,0.45647635778316786,0.6382686683488822,0.6303030303030301
C05773734_3,2,Clinton,en,0.4285598515212971,0.3276118842332032,0.2569627441833285,0.44410311426782,0.5679993028044632,0.5671196087862755
C05770612_0,2,Clinton,en,0.4253686813597378,0.35868478244602237,0.2759269321899362,0.4263513835276182,0.6077429212028754,0.5550264550264551
C05779003_0,1,Clinton,en,0.49594498523621644,0.3645866996305044,0.3468859530439823,0.42732225456149064,0.8015873015873015,0.7111111111111111
C05772446_2,1,Clinton,en,0.4305240610074689,0.35332151730165084,0.3747714818085445,0.43105341606669334,0.6250723859024971,0.5473755411255411
C05778486_4,2,Clinton,en,0.4803117067951589,0.3970761183261183,0.3422782671735625,0.4558434492667666,1.0,1.0
C05765915_0,3,Clinton,en,0.48144270218485885,0.3978521478521479,0.3516205723221398,0.441100579388993,0.7676870748299319,0.7952380952380953
C05782457_0,3,Clinton,en,0.4560103927144609,0.36282893493701257,0.32295216385130937,0.44953862839180264,1.0,1.0
C05739879_1,3,Clinton,en,0.41975405426392826,0.38931373256568674,0.35852260349238707,0.43357142359250006,0.6939560439560439,0.5066666666666666
C05765100_1,3,Clinton,en,0.43337888219462245,0.4564504215725079,0.33738511373160474,0.5328211741662717,1.0,1.0
C05773055_1,3,Clinton,en,0.4860460861895813,0.38965503517619104,0.3378377890901575,0.4384268569407889,0.647255905286091,0.5337301587301587
C05784364_6,3,Clinton,en,0.4533785209574453,0.4030469075551041,0.3352094262690019,0.4835085817291084,0.6185394984103711,0.5238095238095238
C05796441_2,2,Clinton,en,0.4622461298634621,0.38033376447898487,0.3611310510561697,0.4142875042420581,0.7090045756712422,0.746031746031746
C05786430_1,2,Clinton,en,0.41287499427060825,0.3780912008985689,0.3389895777195609,0.46551503187662396,0.6112159736127449,0.5783730158730158
C05780653_3,3,Clinton,en,0.5260104047821665,0.38337234194377046,0.3404163378555776,0.46506900570816534,0.7296085858585858,0.6041666666666667
C05782181_1,1,Clinton,en,0.48534391291511736,0.39825080068982505,0.3650767687259113,0.43766319770709833,0.7205905205905206,0.6108465608465609
C05785147_0,1,Clinton,en,0.5314077697134311,0.35845487845487845,0.4060090852190483,0.4270320935309767,0.7687074829931972,0.7238095238095238
C05759844_1,3,Clinton,en,0.4195952525437569,0.3934021964029108,0.32913293986659686,0.431336887214088,0.6398149219201851,0.5517094017094017
C05778292_0,1,Clinton,en,0.41504762428561404,0.361377234251728,0.3533052223361835,0.4190229413799119,0.7296085858585859,0.6583333333333333
C05772086_1,3,Clinton,en,0.5127258241649305,0.4449727691663176,0.3417666634536365,0.43273053449586507,0.8065476190476191,0.8222222222222223
C05780274_2,2,Clinton,en,0.4533789432461325,0.3612911301276952,0.31535941500065234,0.4435615128656608,0.7009390609390611,0.6604761904761905
C05767214_1,1,Clinton,en,0.4557230009599624,0.42520805486653,0.34551851641869,0.45228976189213127,0.7015984015984017,0.6073809523809524
C05792587_2,3,Clinton,en,0.49352460332952536,0.40406633641927764,0.3357740727334266,0.46561159466891316,0.7602040816326532,0.6476190476190476
C05770509_1,3,Clinton,en,0.45853529243130065,0.292928610060963,0.3484573170463558,0.4551520712833168,0.8065476190476191,0.8222222222222223
C05782720_1,1,Clinton,en,0.4662837292296654,0.30088190986668795,0.368021502521504,0.42461231844945646,0.6875786713286713,0.6509523809523808
C05784562_2,1,Clinton,en,0.4522597351668843,0.356289438238797,0.354857350965917,0.43143178886392247,0.720464257964258,0.775
C05794274_1,3,Clinton,en,0.4626930638623787,0.3480709852664738,0.35148925065316516,0.4625775914890295,0.6293049133482318,0.49980158730158725
C05765915_4,1,Clinton,en,0.48225853382853945,0.383173263051312,0.3231763638553896,0.46520822271726125,0.6272377350149546,0.6404761904761905
C05791312_1,1,Clinton,en,0.49120051241467955,0.3432948962360726,0.3662537798013789,0.47798198864032315,0.814484126984127,0.8388888888888889
C05774098_0,2,Clinton,en,0.494137882272772,0.3641794391794392,0.32946045746040264,0.4525355287348271,0.814484126984127,0.8388888888888889
C05758867_1,3,Clinton,en,0.42880885869574226,0.31750257092790696,0.3424286312032231,0.4268353110684657,0.6146653785870033,0.5538548752834468
C05771363_2,2,Clinton,en,0.45890909934439134,0.4033375115044806,0.3656509417972943,0.4185721214947268,0.6482891767818239,0.5462301587301588
C05789977_1,1,Clinton,en,0.4574603255945914,0.3666691020967335,0.34928618133659783,0.4436410788029371,0.6313026498785012,0.5047008547008547
C05771313_1,3,Clinton,en,0.42630461714801354,0.37096231066819285,0.33040763616838853,0.4390929691108181,0.7115600448933783,0.5677248677248676
C05783604_1,3,Clinton,en,0.45566589994501494,0.36478959765724467,0.3474323202018527,0.4542269062016225,0.6368409790816911,0.5986111111111111
C05791747_2,1,Clinton,en,0.45587512404716435,0.39241527626897815,0.31717304029504045,0.45982551463114324,0.8015873015873015,0.7111111111111111
C05778848_1,2,Clinton,en,0.48883273238549235,0.4199545468776238,0.33536445497548684,0.4519064774502247,0.7024225774225775,0.5440476190476191
C05781420_2,3,Clinton,en,0.4620487493165177,0.34742050899613913,0.33193975955584654,0.45569384713418776,0.7013736263736263,0.555952380952381
C05784402_0,3,Clinton,en,0.46536715627328745,0.4445058371422394,0.34671783940963913,0.42577533469595796,0.7653061224489796,0.7095238095238096
C05772332_2,2,Clinton,en,0.3969460592444827,0.3876336929389794,0.3492674300161783,0.43828884286478076,0.6429633747745203,0.5805194805194805
C05788405_0,2,Clinton,en,0.501860576880824,0.33556023556023556,0.35224371113431646,0.3943980967213407,0.7676870748299319,0.7952380952380952
C05793471_0,2,Clinton,en,0.42388227829437186,0.32896865849463425,0.33912845597802194,0.4613729778235307,0.7115600448933783,0.555026455026455
C05767891_0,3,Clinton,en,0.48286981549903607,0.4598068598068599,0.37689740578337977,0.4875452604892669,0.9199999999999999,0.9
C05767877_1,3,Clinton,en,0.4921482541054391,0.35229746099311315,0.3458751881714359,0.4861131425185365,0.7368371212121212,0.6595238095238095
C05764521_2,2,Clinton,en,0.42596660041855006,0.33094298520989784,0.28890343488706066,0.4215655356519506,0.7162660256410256,0.6916666666666667
C05769049_2,3,Clinton,en,0.42146995159333006,0.3659952273349044,0.2874545997074912,0.4214580173637729,0.6042514934894551,0.544021164021164
C05767224_0,1,Clinton,en,0.4936773229653216,0.3336934994829732,0.3388713534223637,0.459592844903632,0.6398871958570437,0.6578754578754578
C05786605_1,2,Clinton,en,0.5293317174703739,0.5553265309432293,0.40689302099941915,0.4264568206647393,,
C05771747_0,3,Clinton,en,0.41381275940277146,0.37879269498265733,0.25537146110479064,0.4597966882695843,0.641373932931932,0.5970238095238095
C05781516_2,1,Clinton,en,0.45711609173296397,0.38712930360618053,0.329450770853016,0.4941790798390615,0.6455685580017131,0.645021645021645
C05785131_1,3,Clinton,en,0.4307769543814552,0.32176120855682955,0.35812149281196326,0.4382006785743236,0.6947802197802199,0.5599999999999999
C05793223_0,2,Clinton,en,0.4891476014133264,0.38039221743169116,0.3462321052226263,0.4418395243786113,0.8015873015873015,0.7111111111111111
C05793188_1,1,Clinton,en,0.5024173947620119,0.3499540999541001,0.3441420984376145,0.44146970127057256,0.8015873015873015,0.7111111111111111
C05771391_1,1,Clinton,en,0.4590153659880578,0.379071043622127,0.3293311589020212,0.46494098757450486,0.6689560439560439,0.525974025974026
C05793835_6,3,Clinton,en,0.4118365843410781,0.41250768314680863,0.32729825946341184,0.4930082260949816,0.7445075757575758,0.8065476190476191
C05760594_1,3,Clinton,en,0.45036297472680137,0.4002313862607978,0.31594633335821165,0.4765724419449129,0.733080808080808,0.7011904761904761
C05777917_0,2,Clinton,en,0.44876707711565345,0.4019835328070623,0.3481787152578838,0.46336964657710217,0.6991858141858143,0.6399999999999999
C05760249_1,1,Clinton,en,0.40976651502357336,0.3684102675302079,0.3391764359109955,0.44007962352914637,0.8065476190476191,0.8222222222222221
C05739576_1,3,Clinton,en,0.5059842005387172,0.3485241308770721,0.40387716025644155,0.47162456417619253,0.7738095238095237,0.8428571428571429
C05774150_1,3,Clinton,en,0.498159680369619,0.32199736771165344,0.35324001161443386,0.4339854797942908,0.7625850340136054,0.7095238095238096
C05762765_1,3,Clinton,en,0.4660282770669588,0.31522104301456516,0.34814981171543763,0.4381502076065174,0.7653061224489796,0.7095238095238096
C05786716_0,3,Clinton,en,0.4242192548184053,0.3553850105862489,0.34994691093599456,0.43488449688786734,0.6681945505474917,0.5266233766233767
C05767426_3,3,Clinton,en,0.4474674496675364,0.4126637423464047,0.33467453583512535,0.45805247311564523,0.6599923811998115,0.7277222777222777
C05768939_1,3,Clinton,en,0.493746826229117,0.357825002934442,0.31556635991697224,0.4439887511761994,,
C05778563_1,1,Clinton,en,0.49154657403712293,0.4358921444363774,0.34869022590957965,0.42569444966138703,0.9199999999999999,0.9
C05772726_2,3,Clinton,en,0.5142093247366295,0.5511117967000319,0.3445397349321307,0.4417969907938209,0.814484126984127,0.8388888888888889
C05771269_0,3,Clinton,en,0.4936343589531792,0.37718584869845373,0.3937019519328198,0.45176821614105844,0.7676870748299319,0.7952380952380953
C05773297_0,3,Clinton,en,0.501232029936405,0.4140728444487845,0.3341271273874652,0.4681577474472436,0.9199999999999999,0.9
C05762562_2,3,Clinton,en,0.4505673912144256,0.36966099937798047,0.33859406721934154,0.43381684571258544,0.8065476190476191,0.8222222222222223
C05784778_2,3,Clinton,en,0.45634510288786134,0.3839638139638139,0.3431015478820439,0.4607909195773253,0.7269298602631935,0.7669312169312169
C05787414_2,1,Clinton,en,0.49627287889305144,0.45879876879876874,0.3080311081310371,0.4430006331505742,0.7687074829931972,0.7238095238095238
C05793893_3,3,Clinton,en,0.4609767519732157,0.29119309634015494,0.34368268877184205,0.41291375966062244,0.7625850340136054,0.7095238095238096
C05784400_0,1,Clinton,en,0.4913365099111998,0.3920831813688958,0.3283351193162731,0.4868221832133959,0.7653061224489796,0.7095238095238094
C05779674_4,2,Clinton,en,0.4976133915620129,0.4004649334481267,0.36025153484101885,0.4488706129971317,0.716325649658983,0.5529100529100529
C05793786_0,3,Clinton,en,0.4513043415013221,0.3780660142845015,0.3207414767704722,0.4959227481999431,1.0,1.0
C05792069_1,2,Clinton,en,0.4262265937738613,0.3332449866029289,0.3564250826807386,0.4348785568560522,0.6345209710198267,0.601892551892552
C05793390_3,3,Clinton,en,0.4270686222589907,0.3314348505524975,0.3386825725471848,0.4561689422031602,0.6588697816058496,0.6800925925925926
C05769980_0,1,Clinton,en,0.4599814677647368,0.41032807771938196,0.3472240259399574,0.4187493780501046,0.9199999999999999,0.9
C05778790_0,3,Clinton,en,0.45773697714052325,0.32339483736542546,0.32887902880326664,0.43981269262111805,0.6849000999000999,0.6714285714285715
C05760604_1,3,Clinton,en,0.4176947688912429,0.35179560580131103,0.2892766763711828,0.38470650490031344,0.6188344714720596,0.4710884353741497
C05797044_1,3,Clinton,en,0.4631440563248438,0.28963833437517644,0.32427268444394863,0.45124849665524686,0.7139428472761806,0.701058201058201
C05760202_1,1,Clinton,en,0.44724444722002843,0.40935998408687463,0.3692885400769192,0.4249445457767519,0.7296085858585859,0.7291666666666666
C05761319_2,3,Clinton,en,0.45834360419401265,0.3603959116098597,0.34138134861154174,0.4823903620561346,0.6703069657615113,0.48989898989899
C05767796_2,3,Clinton,en,0.40796169251881537,0.40118128525994573,0.31992696887610445,0.4939345246386875,0.6668254070634103,0.6719696969696969
C05780387_1,3,Clinton,en,0.43021359615147625,0.319864921471432,0.2620106237756659,0.4678772507766822,0.7090588423921758,0.6211640211640211
C05789960_2,3,Clinton,en,0.51779483766181,0.4655844155844156,0.362188845407635,0.5141606285294449,1.0,1.0
C05795886_0,1,Clinton,en,0.4485454990565608,0.38195459211853805,0.35961714553508095,0.4232444412993577,0.6266186299081036,0.563888888888889
C05771705_1,3,Clinton,en,0.48181225626550095,0.3686753902662994,0.32432428186396906,0.4655464853543024,0.9199999999999999,0.9
C05775990_1,3,Clinton,en,0.4543579233738749,0.34090711733727297,0.34591528744736305,0.41703134431075556,0.7687074829931974,0.7238095238095239
C05795987_4,3,Clinton,en,0.4945314857801078,0.36047008547008547,0.30517112228486665,0.46156188834832934,0.7368371212121212,0.780357142857143
C05791723_0,3,Clinton,en,0.4846216053085013,0.37135911119287063,0.35963276913430037,0.46943397807742954,0.814484126984127,0.8388888888888889
C05766477_1,1,Clinton,en,0.4585716631437901,0.3727152023316162,0.3630793777281299,0.4255708442473497,0.6409894251662995,0.49725274725274726
C05790313_2,3,Clinton,en,0.45637262343614116,0.4844858507907713,0.3455815625315689,0.48441244245568865,0.7094535094535095,0.5666666666666668
C05781090_1,1,Clinton,en,0.4233073775012488,0.36012678169260487,0.3490929755541191,0.44662581769404286,0.5908339059999084,0.4569664902998236
C05758476_1,1,Clinton,en,0.46358001607926,0.4857057534660798,0.4244785033279262,0.43427313484265256,1.0,1.0
C05768272_1,2,Clinton,en,0.46413082729086913,0.35316198696633466,0.3338984875114617,0.431379856307761,0.703030303030303,0.6370370370370371
C05785375_2,3,Clinton,en,0.5277447107912192,0.4543310855810857,0.3462105516340774,0.4857966512616768,0.9199999999999999,0.9
C05762631_4,3,Clinton,en,0.4524723699826989,0.4411729381729379,0.32554069956433523,0.4961924845121494,0.7062637362637363,0.7011111111111112
C05767402_0,3,Clinton,en,0.4644503749757324,0.3657278499913637,0.33684233412537695,0.4597151342513316,0.7027996694663361,0.7825396825396825
C05782189_0,2,Clinton,en,0.5144048454916706,0.4111656020746931,0.34098047968712253,0.4809428841821512,0.814484126984127,0.8388888888888889
C05778549_0,3,Clinton,en,0.5018497544198555,0.27963124346103063,0.31382031227806084,0.43484393272617056,0.7254103535353535,0.5291666666666667
C05793512_0,3,Clinton,en,0.4162177346271299,0.41007035526796964,0.3400604296432059,0.4550735136491848,0.6444144091202916,0.6718614718614718
C05760542_1,3,Clinton,en,0.42499289521376454,0.3876590997396574,0.3313007931181544,0.48411109883875686,0.727840909090909,0.6041666666666666
C05790929_2,3,Clinton,en,0.4560475783070184,0.3192545210183547,0.3543257719194947,0.44712374690037315,0.5928896518856946,0.4599185128596894
C05763029_1,1,Clinton,en,0.46158968366652675,0.33884408380157083,0.34751529018862903,0.4561840123664538,0.7129068462401795,0.5751322751322752
C05784927_0,3,Clinton,en,0.5090635477790788,0.41223899557232885,0.3486781302803572,0.4553943804096721,1.0,1.0
C05784594_1,3,Clinton,en,0.42191090274435195,0.3000900128928299,0.34192777089011933,0.4765632843148019,0.6411756757025299,0.6536796536796537
C05797235_0,3,Clinton,en,0.43580451497761236,0.2923107349876344,0.31823198696465277,0.46053040960975117,0.6978071311404646,0.7264550264550265
C05797215_1,3,Clinton,en,0.4170774921105114,0.4030605198633196,0.2923079074796129,0.3948222096415809,0.5952065705509257,0.6112811791383219
C05771564_5,1,Clinton,en,0.48778341660321767,0.38352772227772225,0.32548789533528955,0.44629608812780747,0.9199999999999999,0.9
C05780172_0,3,Clinton,en,0.43329617451445207,0.3300634469669435,0.3688192380125111,0.3929915985253009,0.7676870748299319,0.7095238095238096
C05760255_1,2,Clinton,en,0.4593865226620447,0.3272753054217585,0.34398298334622995,0.46764397609874697,0.6519723414557006,0.6796957671957671
C05775849_2,3,Clinton,en,0.4885681224511603,0.39525455544607385,0.3372772049770139,0.4499498362371278,0.7452690166975883,0.7857142857142857
C05790336_0,1,Clinton,en,0.5091312695129749,0.6727272727272728,0.31178396999640146,0.5373114429844343,0.6964603297936631,0.6968253968253967
C05767292_2,3,Clinton,en,0.47968670968305355,0.3971646971646971,0.3523153804816717,0.47663122615123177,0.7653061224489796,0.7333333333333334
C05776024_2,1,Clinton,en,0.44383669477676513,0.36928259085966997,0.32544550749316925,0.46877269181998515,0.7676870748299319,0.7952380952380953
C05779636_1,3,Clinton,en,0.463375689989595,0.3039000995102838,0.3510585078468843,0.4748542816452656,0.7247690581023913,0.757936507936508
C05766975_0,1,Clinton,en,0.4996135637025757,0.3056914576651419,0.38889761485992136,0.4400775250171182,0.9199999999999999,0.9
C05790014_2,2,Clinton,en,0.430328952247522,0.294109663312548,0.3537290791666563,0.45403172866181135,0.6320507150228513,0.5499999999999999
C05784912_2,3,Clinton,en,0.4596157997258483,0.4221545089766402,0.35448703154472755,0.404087791089676,0.6607730504789328,0.5051948051948052
C05770504_0,3,Clinton,en,0.45026085147110156,0.46936360208419026,0.3403542178929456,0.4449158827032486,0.9199999999999999,0.9
C05779762_0,3,Clinton,en,0.4625936882229751,0.3738667797107693,0.3441274538967617,0.4361000544461063,0.8065476190476191,0.8222222222222223
C05776647_1,2,Clinton,en,0.4591858590825422,0.3296206121235145,0.340641712428911,0.46753559617804913,0.7452690166975883,0.7000000000000001
C05761440_4,3,Clinton,en,0.4925742402086177,0.36652484941958624,0.3447709964942116,0.4341984813700736,0.6712087912087912,0.7235714285714285
C05787161_7,2,Clinton,en,0.4940254344208927,0.3447512561323302,0.3510363491503019,0.45494237549736954,0.722973322973323,0.7812169312169311
C05793664_3,3,Clinton,en,0.5189974214167828,0.4446031746031748,0.39629401158370403,0.5015364781827111,0.9199999999999999,0.9
C05798034_0,3,Clinton,en,0.46059332452938456,0.35228603931953206,0.3654797206332433,0.43097161259555106,0.7006693306693308,0.6633333333333333
C05789580_8,1,Clinton,en,0.48865042682528814,0.3419620783257147,0.3927245168506237,0.4805053562644284,0.8015873015873015,0.6
C05771351_1,2,Clinton,en,0.49253579600260977,0.40692365097399413,0.3513680193498432,0.45553849432261334,0.7534013605442177,0.5380952380952381
C05765230_0,3,Clinton,en,0.45773423032851107,0.3443602521775895,0.3440782815385134,0.42326207096757856,0.6594704315292549,0.5813852813852814
C05796631_2,2,Clinton,en,0.42949234972673717,0.3867216724692272,0.2652143455345574,0.42866842927944065,0.6334960365811951,0.5261440940012369
C05760216_2,1,Clinton,en,0.4853958167975313,0.4003774003774003,0.3528676110733128,0.40526263359430936,0.814484126984127,0.8388888888888889
C05760112_1,1,Clinton,en,0.4233468202931773,0.40078553407051365,0.2899150607015938,0.4323796474421483,0.5915563407986746,0.38758169934640524
C05768227_0,3,Clinton,en,0.4222822010799149,0.34525647903521645,0.34162259788790106,0.48409727633771105,0.6943868631368632,0.6121428571428572
C05771419_5,1,Clinton,en,0.440807721407871,0.40910389846560047,0.3580649851117204,0.4613370602029188,0.6122000606636109,0.605952380952381
C05762628_1,2,Clinton,en,0.42347239166664374,0.3711337552018216,0.33434242354789273,0.44508266089237186,0.6535180505768742,0.6461038961038962
C05769981_0,3,Clinton,en,0.4256087486290124,0.3329682288396325,0.34656920277535913,0.43553329390277035,0.6457207768201846,0.6259259259259259
C05790317_4,3,Clinton,en,0.4670572018273134,0.34993050664406156,0.3351655036892757,0.4481867916838962,0.721937321937322,0.733068783068783
C05795567_0,3,Clinton,en,0.5182238839868601,0.4669424445286514,0.39613816776484834,0.47885385496834065,1.0,1.0
C05778224_1,1,Clinton,en,0.49339777468062773,0.4270094022369046,0.3392090299586879,0.42706015401401287,0.659470431529255,0.5601731601731602
C05760325_4,2,Clinton,en,0.4527264546936617,0.4225482426458656,0.3635781701237836,0.46211211381101586,0.5811327069830367,0.41456582633053213
C05760242_3,2,Clinton,en,0.4244747149783342,0.4016833996611575,0.3480266052851491,0.44584343157713613,0.627972794468958,0.5443223443223444
C05773390_0,1,Clinton,en,0.46955693118294545,0.47138742850097154,0.3496375735040046,0.46695889925643674,0.6778686999275234,0.5629148629148629
C05792303_0,3,Clinton,en,0.45678126647533407,0.3999039459565774,0.3611618532980071,0.4343199366665748,0.7602040816326529,0.7095238095238094
C05759602_2,1,Clinton,en,0.4892427727476943,0.45830647540633856,0.3417407894832613,0.41888497549038456,0.6316078598764934,0.528061224489796
C05768951_1,3,Clinton,en,0.44532553379394324,0.41982424234262455,0.31248671601216016,0.4661482734285983,0.6220822616297729,0.6893772893772894
C05769252_0,1,Clinton,en,0.42848929911799005,0.31560706525726023,0.3307811910165799,0.4340462033950785,0.7009390609390611,0.5421428571428571
C05778276_1,3,Clinton,en,0.4749238183740497,0.3624664224664224,0.38243504264748013,0.44041239463054904,0.814484126984127,0.8388888888888889
C05790243_1,3,Clinton,en,0.4968689337817523,0.3364806246385195,0.40606384107689597,0.47747896105887017,0.8015873015873015,0.7111111111111111
C05764282_1,3,Clinton,en,0.46156524770406115,0.36124563940720733,0.3584526125634104,0.4298747442216582,0.641926034921391,0.6093915343915344
C05793691_1,3,Clinton,en,0.49909828074019674,0.44944684944684943,0.32267574599824056,0.4857468458131987,0.814484126984127,0.8388888888888889
C05796862_1,3,Clinton,en,0.4695553017298667,0.4181129716844002,0.3394824305579638,0.4626667409183022,0.8065476190476191,0.8222222222222223
C05779128_0,3,Clinton,en,0.5359450374420847,0.4033993783993785,0.37389470718161283,0.47109535722865586,0.9199999999999999,0.9
C05768247_2,3,Clinton,en,0.45362083541621934,0.35861258778291266,0.3241561701698155,0.4580961599978756,0.8015873015873015,0.7111111111111111
C05790662_37,3,Clinton,en,0.3982866564955904,0.446660375797201,0.3171197621797008,0.5275588907154389,0.6547357870887281,0.4974025974025974
C05766060_1,3,Clinton,en,0.4642212333824214,0.3040642858824675,0.34537139576397996,0.4732241452923059,0.7271780303030303,0.6833333333333333
C05761124_2,2,Clinton,en,0.43616887400597865,0.36378010701540103,0.35597095285361857,0.4099243882701119,0.6735396955985191,0.6365800865800866
C05761815_3,3,Clinton,en,0.5034280590483926,0.5151540030850377,0.34306332532250483,0.45204904745326396,0.7403724747474747,0.7970238095238095
C05768591_0,1,Clinton,en,0.4555792466610716,0.3556651590965315,0.35223167495726465,0.44692247514184336,0.7139428472761806,0.5306878306878307
C05775546_1,2,Clinton,en,0.4771274136758769,0.3883524638626679,0.3434517896040062,0.42278109006206926,0.720464257964258,0.775
C05792886_1,2,Clinton,en,0.45308336795171167,0.358563972714916,0.3396086005351135,0.42722165143874213,0.7255830589163923,0.7711640211640212
C05760581_5,1,Clinton,en,0.48010147764702765,0.440959530665413,0.4111082618598884,0.4716182417128793,0.9199999999999999,0.9
C05788403_0,2,Clinton,en,0.4615359564855085,0.3325071614141949,0.34109238544346804,0.43017546391614814,0.6966533466533467,0.588095238095238
C05780964_0,1,Clinton,en,0.5178653204379888,0.4701302401302402,0.3441750073282461,0.4278476356431518,0.814484126984127,0.8388888888888889
C05797945_2,1,Clinton,en,0.4420626019712325,0.437195267803835,0.34013533572319143,0.45549605021234124,0.6592451665981078,0.6772727272727274
C05792752_0,3,Clinton,en,0.4114469447241641,0.330494782135649,0.34834956786024834,0.43646926475986914,0.6966533466533467,0.4342857142857143
C05791117_1,3,Clinton,en,0.45475253427521606,0.39696781814893844,0.35452218890828807,0.43318454108091015,0.6481266060143066,0.6585858585858586
C05798222_0,3,Clinton,en,0.4576452514299178,0.363997113997114,0.3314444985019096,0.4716407895082947,0.8015873015873015,0.7111111111111111
C05771141_0,1,Clinton,en,0.47044355073117317,0.338498030268994,0.40267861737123406,0.4623561074669487,1.0,1.0
C05783957_1,3,Clinton,en,0.4152220998433719,0.41694594714936567,0.3586517913122541,0.4293081526140857,0.6353421604195598,0.4993894993894994
C05771372_1,3,Clinton,en,0.4589129099145874,0.41458699768242946,0.35863288075014876,0.4176592807265274,0.7403724747474748,0.7970238095238095
C05771447_1,3,Clinton,en,0.4566030198301827,0.3415386594213819,0.3293620306749017,0.44573757670485525,0.7149788483121816,0.5804232804232804
C05770810_1,3,Clinton,en,0.45339198999761327,0.4377729908979908,0.32732744952069176,0.49839397508872374,0.8015873015873015,0.7111111111111111
C05782181_3,3,Clinton,en,0.5459575437219384,0.48724920651612386,0.34590049801880357,0.46467365585520265,0.7084175084175084,0.5074074074074074
C05793398_2,1,Clinton,en,0.49809118758403326,0.34716969190653396,0.34414440421686443,0.46519216250220474,0.6590247987306811,0.5948051948051948
C05764014_0,1,Clinton,en,0.4956462887514493,0.4100834904064569,0.35088263807210357,0.42977945186505084,0.8015873015873015,0.7111111111111111
C05795745_1,2,Clinton,en,0.43191487470784395,0.33049664761515757,0.29175285682958596,0.40739534721267595,0.4782412940474105,0.4976773226773227
C05770419_4,3,Clinton,en,0.41814659150838734,0.36720457296308706,0.2928738637146689,0.38583665959485547,0.5747076701404814,0.49673721340388016
C05779911_0,3,Clinton,en,0.49602794574027376,0.4337337825573119,0.3596930544315103,0.4396388530927211,0.7355113636363636,0.7095238095238096
C05783899_2,3,Clinton,en,0.40020745171513766,0.5115873166413806,0.33273263867992814,0.4253080632260639,0.8065476190476191,0.8222222222222223
C05792187_2,3,Clinton,en,0.42033513825752067,0.38469752355201264,0.3446272730854949,0.4369898783923642,0.6906693306693307,0.7511904761904763
C05776937_4,3,Clinton,en,0.49846814886959706,0.38066691322993856,0.3495497191654806,0.4950997902728249,0.814484126984127,0.8388888888888889
C05766420_0,3,Clinton,en,0.4519882174701031,0.37630272930317715,0.36148069487212636,0.4294620171298684,0.6414891499589138,0.6403439153439153
C05791226_1,3,Clinton,en,0.515826403173208,0.4384547743922745,0.3604393751704915,0.4924786026782746,0.7653061224489796,0.7333333333333334
C05771729_0,1,Clinton,en,0.5033483310204566,0.350203060245077,0.3995488986773995,0.47655870557329943,0.9199999999999999,0.9
C05789926_0,1,Clinton,en,0.5085855815893308,0.41189682915892806,0.37079651886984105,0.4317525296650626,0.727840909090909,0.6666666666666667
C05784520_0,3,Clinton,en,0.4886996796367432,0.38875489589775303,0.34967448582079474,0.477131158807721,0.7108003108003107,0.5740740740740741
C05762607_1,2,Clinton,en,0.5417738863062018,0.6052753882720525,0.33250606946904243,0.4467694278045216,0.8065476190476191,0.8222222222222223
C05762751_13,2,Clinton,en,0.500574702182345,0.35182724933856174,0.33586558575757697,0.4589093644880281,0.7653061224489797,0.7095238095238096
C05766531_5,2,Clinton,en,0.47126119566103086,0.4284804841623025,0.33328804274294394,0.4697575257733517,0.814484126984127,0.8388888888888889
C05789784_2,1,Clinton,en,0.44027398363217707,0.5276082143416312,0.3457973079622257,0.41726420746545345,0.7056593406593408,0.5930952380952381
C05784648_1,1,Clinton,en,0.4958924275511121,0.4143896231447531,0.3632712861819326,0.4270014365069229,0.7619047619047619,0.6238095238095237
C05793204_1,1,Clinton,en,0.4618854960610738,0.309442216158634,0.35554103126182407,0.452721841679911,0.7139428472761806,0.6084656084656085
C05794107_1,3,Clinton,en,0.4575553204451786,0.33703661383399947,0.32966997293524436,0.45924298524715984,0.7462752525252525,0.8107142857142857
C05780575_0,3,Clinton,en,0.45673048713609204,0.3270493551291572,0.34279928321132325,0.4262866162230979,0.7139204545454545,0.625
C05768022_0,3,Clinton,en,0.4167815945440099,0.45140392015392,0.32795352868140276,0.45960147083446695,0.9199999999999999,0.9
C05791939_1,1,Clinton,en,0.49448570364612304,0.3423361786315478,0.34841814090067735,0.4688125994331339,0.7097222222222221,0.6916666666666665
C05786565_0,2,Clinton,en,0.45854999131034346,0.34617490187558786,0.3554274523697928,0.4050215799551837,0.7212121212121212,0.5874999999999999
C05765027_2,2,Clinton,en,0.513416453948218,0.4305694305694306,0.335923105271527,0.4751080732865839,0.7568027210884354,0.5761904761904763
C05789570_1,3,Clinton,en,0.47532637278100304,0.41053390355344693,0.33286360967220513,0.4666838010373406,0.6966533466533467,0.6009523809523809
C05785533_0,3,Clinton,en,0.4611991888335758,0.30534542440381246,0.33024210406865917,0.4469209901250133,0.6936285936285936,0.7
C05785434_0,3,Clinton,en,0.49944940984229697,0.3476349062096519,0.32964376707846227,0.5044047392817621,0.7121527777777777,0.6083333333333334
C05772934_1,1,Clinton,en,0.49621189538631916,0.47976756104415663,0.34574876681375266,0.4106077736746049,0.7653061224489796,0.7095238095238096
C05776611_0,2,Clinton,en,0.49790114020808696,0.4375645553277132,0.34367419006199934,0.42460529950592635,0.7020140353473687,0.6343915343915343
C05771292_3,3,Clinton,en,0.531260457172741,0.40348674894129444,0.3398343780521118,0.4749061878341657,0.7020140353473687,0.6174603174603175
C05781285_1,1,Clinton,en,0.5023273525604787,0.31369664545075987,0.3483960405899396,0.43968770206020547,0.7024225774225774,0.7121428571428572
C05789548_2,3,Clinton,en,0.4763541306523619,0.4016806821398086,0.3426003571294444,0.43321386435473125,0.6444144091202916,0.5683982683982683
C05790514_0,2,Clinton,en,0.5002230070144934,0.32240207957911315,0.3469119395709908,0.45732698282229406,0.7254103535353535,0.5
C05779727_2,3,Clinton,en,0.4658198969054052,0.29114858271721006,0.3463506468285917,0.42853817406271877,0.6567754141283554,0.5517316017316017
C05769467_2,3,Clinton,en,0.49230032686991765,0.3692653946930263,0.3998332328633633,0.47647780936260065,0.7121527777777777,0.6541666666666667
C05798138_1,1,Clinton,en,0.48322978953316476,0.4559550306647829,0.3652713776729664,0.4260018711544476,0.7271780303030303,0.5750000000000001
C05769710_0,1,Clinton,en,0.4241352647779952,0.3551921499338295,0.26638530860190357,0.43303598710086344,0.6338565459308493,0.5296703296703297
C05739809_1,1,Clinton,en,0.49581576160182056,0.32919609074225703,0.33757402187775004,0.454277837250677,0.8095238095238096,0.8666666666666666
C05788078_0,3,Clinton,en,0.49194035665958363,0.3392714773149556,0.3168405752808578,0.4943883179781381,0.9199999999999999,0.9
C05758546_1,3,Clinton,en,0.492566525667,0.4113141562226229,0.34314766091306814,0.43481618650810955,0.8065476190476191,0.8222222222222223
C05797414_1,3,Clinton,en,0.4800707788673771,0.38539000783246313,0.33646631324008736,0.4609594843160206,0.738604797979798,0.7845238095238096
C05773498_7,3,Clinton,en,0.4413231279289245,0.42968669903654394,0.31781397554362795,0.48675161997681854,0.7653061224489797,0.7095238095238096
C05770507_7,3,Clinton,en,0.4287178171582076,0.3026886338613813,0.29530496273571366,0.4101219910897493,0.6152072744534327,0.46994047619047613
C05786062_2,2,Clinton,en,0.4997255033891943,0.32549368620797187,0.3336243936387086,0.4769432654706036,0.6952800286133619,0.7285714285714285
C05784056_1,3,Clinton,en,0.4886100075680854,0.38320956820956825,0.3914955326721449,0.4531815351452154,0.9199999999999999,0.9
C05792723_0,3,Clinton,en,0.5590424761819707,0.44824016563147007,0.38155525474556207,0.46152508282913296,0.9199999999999999,0.9
C05739546_2,1,Clinton,en,0.4159214800910542,0.3357644841971466,0.34358120997660396,0.45844358475958774,0.6342962955293013,0.6368742368742368
C05794565_0,1,Clinton,en,0.4807335864222775,0.4123785605928464,0.3570045139237224,0.4268714226195305,0.6918094405594405,0.6342857142857142
C05770485_0,2,Clinton,en,0.46855180035092825,0.32578770963898596,0.3594020216829641,0.4376711090448984,0.8015873015873015,0.7111111111111111
C05760580_1,1,Clinton,en,0.4609743630691611,0.3170313926006525,0.3466322604316757,0.4404270461836946,0.6606032856032856,0.4385281385281385
C05769976_1,2,Clinton,en,0.43253874449421914,0.33346929954992527,0.36446546750921577,0.4119968057824942,0.5721859830370281,0.511951447245565
C05762899_1,2,Clinton,en,0.4252064486388205,0.3127833601849523,0.3520060212146982,0.4462491626632705,0.7327020202020201,0.7166666666666667
C05794389_1,2,Clinton,en,0.5007292818613507,0.3603756576445652,0.3207929658898181,0.5057880432657664,0.7710884353741496,0.8
C05772347_1,2,Clinton,en,0.47035068609788105,0.48756686346926975,0.35401024329442843,0.42221856176815603,0.7568027210884354,0.6571428571428571
C05789970_1,3,Clinton,en,0.4338289117114764,0.3205387281325639,0.3222974467514856,0.4501698279213175,0.6849191984486102,0.67
C05780417_1,1,Clinton,en,0.4807998471414671,0.4049337616288081,0.3098068317175155,0.4597380947589163,0.9199999999999999,0.9
C05761103_5,2,Clinton,en,0.4238427056308071,0.36765722307699766,0.2757350637727568,0.3996357539665397,0.5659797244509426,0.4786155202821869
C05784043_4,3,Clinton,en,0.49377578266975786,0.4561698921993039,0.3059691655264508,0.5092438107457847,1.0,1.0
C05768674_2,2,Clinton,en,0.49277007401228345,0.43103555988171377,0.34810260492014383,0.46625029231570025,0.7676870748299319,0.7952380952380953
C05769207_1,2,Clinton,en,0.4930480297975717,0.3742298425556345,0.33129436389913003,0.45838577872893427,0.7568027210884354,0.6571428571428571
C05792188_0,3,Clinton,en,0.4605067714345862,0.30132615400472545,0.34171376962454797,0.41922593470475755,0.7676870748299319,0.7952380952380952
C05772388_0,3,Clinton,en,0.5081861024376877,0.4687988256953775,0.34000773126225997,0.4636360258068661,0.8015873015873015,0.7111111111111111
C05766256_1,3,Clinton,en,0.458944692287202,0.33613954421646713,0.3473635442277816,0.47590493564940123,0.7296085858585859,0.6583333333333333
C05779574_2,3,Clinton,en,0.41589416904842225,0.3697161408397383,0.30211474667113153,0.40678078613192825,0.5814513252647127,0.5155462184873949
C05778434_5,1,Clinton,en,0.5237322354151288,0.4549754904593615,0.3675561038606338,0.49150333418259434,0.9199999999999999,0.9
C05766169_2,3,Clinton,en,0.46159493983570987,0.35075049260057944,0.3445651092475375,0.4571510965810659,0.7710884353741496,0.8
C05784302_9,3,Clinton,en,0.49548594062475904,0.3099034096933257,0.39466015736867693,0.4714812306120962,1.0,1.0
C05792097_0,1,Clinton,en,0.4238812022466096,0.3600847964497177,0.32964580419706063,0.4325244105469885,0.6360229564400477,0.4762471655328798
C05781039_2,3,Clinton,en,0.49440818473289333,0.41209019458713464,0.3531572090935767,0.44540562232669595,0.7452690166975883,0.7857142857142857
C05788124_6,1,Clinton,en,0.460724179759211,0.3487025903599521,0.33209236631873634,0.4423286412471956,0.6389657384239428,0.5900432900432901
C05792401_2,1,Clinton,en,0.5515631929075953,0.4455221365935652,0.3562429854715153,0.4454758246476864,0.7619047619047619,0.5523809523809523
C05782016_1,3,Clinton,en,0.4212062200809659,0.34057647828783805,0.34673687031442757,0.4286409653888964,0.8065476190476191,0.8222222222222223
C05791561_1,3,Clinton,en,0.46347594926619423,0.3317136732979346,0.3442157266289705,0.4593975206912586,0.7186965811965812,0.7708333333333334
C05771473_1,1,Clinton,en,0.46440138717674323,0.31651092967619565,0.35274713880688957,0.45413171045055223,0.6661549235078646,0.5346320346320347
C05778227_0,1,Clinton,en,0.4861205946695576,0.4859247894962179,0.367211237922127,0.4009027955108059,0.6299032659496331,0.7322954822954824
C05784120_3,3,Clinton,en,0.5252910768837352,0.4248400673400674,0.3924748900308678,0.4092446873234078,0.7313131313131314,0.6345238095238095
C05775219_1,1,Clinton,en,0.48586821137643804,0.38030495712156603,0.34923192128923625,0.4576888471603098,0.6457864117306842,0.541147741147741
C05760429_2,3,Clinton,en,0.4876708645616289,0.4214295735129069,0.33374515377388264,0.4622218905506666,0.765986394557823,0.7999999999999999
C05767655_3,3,Clinton,en,0.4818216652837944,0.37597284512178136,0.33497083414981227,0.4544578370257454,0.9199999999999999,0.9
C05791473_2,1,Clinton,en,0.47820135022751503,0.4291637643402348,0.3363058464420483,0.42437468116125426,0.7625850340136054,0.7095238095238096
C05762853_3,1,Clinton,en,0.46414111282210024,0.33341083690365986,0.3646964784938694,0.465244411831914,0.6966533466533467,0.5657142857142857
C05790662_26,3,Clinton,en,0.4084934413120368,0.4180317531070353,0.2456407755928277,0.48471653000790144,0.6590247987306811,0.6298701298701298
C05761518_1,2,Clinton,en,0.46403000966905433,0.3492551450661967,0.3476917760017674,0.42735318882125595,0.7254103535353535,0.6333333333333333
C05739877_1,2,Clinton,en,0.4762478082459156,0.4039646772980106,0.34227698111826965,0.4292476579383694,0.9199999999999999,0.9
C05772083_1,3,Clinton,en,0.40823979980491987,0.4351455795645613,0.34725525980682903,0.4826026237338492,0.6660276610644257,0.6788359788359788
C05768349_2,2,Clinton,en,0.4846932170257361,0.40981807790318425,0.33271957999271723,0.4680424685153194,0.7653061224489796,0.7095238095238096
C05793946_4,3,Clinton,en,0.49135867059494204,0.33751443001443004,0.3270404492700926,0.4657161326573147,,
C05772566_2,1,Clinton,en,0.45032871722522533,0.41203317755041863,0.3309440783178187,0.46735418170392706,0.9199999999999999,0.9
C05739784_2,3,Clinton,en,0.5125495020229532,0.3819918643448056,0.351531005576731,0.45078709967909675,0.7936507936507936,0.611111111111111
C05758428_2,3,Clinton,en,0.5039772678813749,0.5288369038369038,0.3724477492002429,0.443078889558225,1.0,1.0
C05787982_2,1,Clinton,en,0.4350626643063347,0.44417086881372575,0.339094491813694,0.4889472614063727,0.6086735647729725,0.7374999999999999
C05770632_1,3,Clinton,en,0.42517059856489575,0.3647312534959592,0.321565288822037,0.47947137988658955,0.6909132044426162,0.6109523809523809
C05791065_1,2,Clinton,en,0.5117771043939856,0.3811098416361576,0.3242822448959584,0.4366183299605498,0.7625850340136054,0.7095238095238096
C05774255_2,2,Clinton,en,0.47970637219541573,0.37604326890041173,0.3455645684318562,0.4700347018295437,0.9199999999999999,0.9
C05793861_1,2,Clinton,en,0.5145736780072783,0.4826706121044909,0.34638308494772063,0.4116972758139322,0.7936507936507936,0.5555555555555555
C05791845_1,3,Clinton,en,0.5011705462746335,0.30829741246407916,0.338202735266242,0.45414101179700594,0.9199999999999999,0.9
C05795382_2,3,Clinton,en,0.4967117963751419,0.2568524068524068,0.35367663281196793,0.46735712772470633,0.7351325757575757,0.7208333333333333
C05762853_2,3,Clinton,en,0.47783515495275425,0.36624625374625375,0.32217040790984663,0.4498385301141744,0.7139204545454545,0.7000000000000001
C05776601_1,1,Clinton,en,0.450884435781817,0.3640147040074192,0.31888264245778386,0.4454952310553887,0.6264365582929656,0.46734693877551026
C05795753_1,3,Clinton,en,0.4553691176348298,0.3774723279625239,0.33285386411724277,0.45954872155042037,0.9199999999999999,0.9
C05792100_0,1,Clinton,en,0.490456067261875,0.4340527726242013,0.34608044865667725,0.45883137898880477,0.720464257964258,0.775
C05778394_0,3,Clinton,en,0.4713668043206375,0.36038972020255433,0.34891546662737793,0.40921426471796946,0.8015873015873015,0.7111111111111111
C05782817_2,1,Clinton,en,0.4964855750380921,0.38057178932178937,0.34621361774820586,0.42955694884798856,0.7534013605442177,0.47619047619047616
C05772045_0,3,Clinton,en,0.5217747157435345,0.5223304473304475,0.335926625486724,0.45454395898561345,1.0,1.0
C05761256_0,1,Clinton,en,0.4892035074639542,0.4740066263286079,0.3667380859292317,0.44970167395432686,0.7261158594491927,0.7082010582010582
C05793922_2,3,Clinton,en,0.4848024024280841,0.40423958323574677,0.3348732646722803,0.4407762174424806,0.676881941587824,0.6577200577200578
C05760209_2,2,Clinton,en,0.42343305033431416,0.3486587090853591,0.25284421843485466,0.4233613489924781,0.6168707580501935,0.4326884920634921
C05773739_4,3,Clinton,en,0.4773458674344088,0.41594673442499525,0.334972734993196,0.4382205755699238,0.7086725774225775,0.7015873015873015
C05762975_3,3,Clinton,en,0.4247026908654923,0.4151070201728095,0.3507196853898446,0.44230100319573856,0.7355113636363636,0.6595238095238095
C05772566_16,1,Clinton,en,0.4679770846272654,0.34533856688051984,0.3524845923029616,0.41078080085156765,0.8015873015873015,0.6
C05791643_1,2,Clinton,en,0.5115576619578324,0.4708688090620863,0.34761723835164926,0.47464662669868213,0.7372790404040404,0.7220238095238095
C05766444_16,1,Clinton,en,0.4763816418397106,0.48182043363038846,0.4051983146400078,0.47461621515266783,0.7330808080808081,0.6011904761904762
C05769262_1,1,Clinton,en,0.45758437961232246,0.3679010093540688,0.34850148262976066,0.40479824333311193,0.7047802197802198,0.6411111111111112
C05789604_0,3,Clinton,en,0.45266541934821,0.35821428116510057,0.320498048521564,0.5033049565402775,0.738604797979798,0.7845238095238096
C05768223_1,1,Clinton,en,0.45475112343855145,0.3750244707026525,0.34150158750754156,0.4398558412140143,0.6559984133513544,0.44199134199134205
C05765743_0,3,Clinton,en,0.46619710399481723,0.3054594926480522,0.3288379918888759,0.47099005592416726,0.6892769730269731,0.5238095238095238
C05781979_2,3,Clinton,en,0.45063950654421275,0.3431150652439166,0.33488978849383944,0.462675958713627,0.6385634736350682,0.5640873015873017
C05769055_5,2,Clinton,en,0.4233663680079858,0.35409119287957,0.27467793518036593,0.39653999394893696,0.6065183491314428,0.5778769841269842
C05760558_1,3,Clinton,en,0.4798207232077319,0.4036088911088912,0.3479878864756787,0.470440358906566,0.7568027210884353,0.5380952380952381
C05791336_2,3,Clinton,en,0.500254357102083,0.36161844930137604,0.3416560215944687,0.4558837201570575,0.7602040816326532,0.7095238095238097
C05765907_0,1,Clinton,en,0.5037795431499286,0.35209698091535047,0.3916937149747581,0.4415468244368752,0.9199999999999999,0.9
C05777614_1,3,Clinton,en,0.49818663401633473,0.4510863410373214,0.3582551261579017,0.4300825514416989,0.9199999999999999,0.9
C05790488_0,1,Clinton,en,0.4585928801879783,0.3428166936641512,0.3427322303615153,0.4315486940222953,0.7361742424242425,0.7886904761904762
C05767736_0,3,Clinton,en,0.4172545439521406,0.365887912509261,0.3513539882847745,0.4598889779712308,0.6366319718928415,0.5657142857142857
C05771419_2,1,Clinton,en,0.4952560101454141,0.3639561639561639,0.3389229826478854,0.46359307646366027,0.7676870748299319,0.7952380952380952
C05762597_1,1,Clinton,en,0.45562888368185805,0.3343547162288307,0.3710621196647348,0.42065352404561535,0.7344065656565657,0.7011904761904763
C05791936_3,3,Clinton,en,0.45857458735300227,0.35429249059763773,0.35459226011406564,0.4297793224132107,0.9199999999999999,0.9
C05780342_1,3,Clinton,en,0.42989788376495064,0.31980001255089957,0.33777808133835047,0.45544949424433795,0.7087962037962039,0.7068253968253969
C05797357_2,2,Clinton,en,0.49905840035917753,0.3513983306666233,0.3473888194467743,0.4783963971573329,0.6474366455984103,0.6424603174603175
C05767741_0,3,Clinton,en,0.5410658973733707,0.42962763043408203,0.3987287100461006,0.4571633356725442,0.733080808080808,0.7011904761904761
C05796858_0,3,Clinton,en,0.4600403236888683,0.3299597911666876,0.3531718355888708,0.4307153441232942,0.9199999999999999,0.9
C05769993_0,1,Clinton,en,0.4215023235160968,0.36982932861227036,0.3412069619108898,0.4552886933767885,0.6681344306942394,0.6266233766233766
C05762730_2,3,Clinton,en,0.5022819657008558,0.31229578362542354,0.3872921408488654,0.45297983485488336,0.9199999999999999,0.9
C05791971_0,3,Clinton,en,0.4657349223119498,0.3746864011059387,0.3605235345312418,0.43191378694223254,0.6607042012711518,0.5551587301587301
C05763508_1,3,Clinton,en,0.42924692487641514,0.4688892529347578,0.3454468741558482,0.4175464885314071,0.7710884353741496,0.8095238095238095
C05790198_0,2,Clinton,en,0.40841907181014114,0.3822769387089142,0.3472846261795844,0.4368256654959449,0.7653061224489796,0.7333333333333333
C05783292_0,3,Clinton,en,0.4655070645368785,0.3245861111998883,0.3635085475077415,0.42193415066100093,0.7115600448933782,0.4380952380952381
C05770721_0,3,Clinton,en,0.4857378183364063,0.38446049811243155,0.35790806034452133,0.4339262537278758,0.765986394557823,0.7999999999999999
C05772567_3,1,Clinton,en,0.42421303640724467,0.33113217008064394,0.3324383007625566,0.4662545970721902,0.7139428472761806,0.5788359788359788
C05777020_1,3,Clinton,en,0.4465588078839772,0.3857220236477201,0.3426585672046342,0.47768020489786583,0.7058620391953725,0.6597883597883597
C05792303_1,2,Clinton,en,0.4597110957566362,0.38132548070330863,0.3440912750822024,0.42488222616164206,0.7710884353741496,0.8095238095238094
C05762754_2,1,Clinton,en,0.4624426340086663,0.35761025965668,0.3574127429778957,0.38687586356200315,0.7361742424242425,0.7886904761904762
C05772315_2,1,Clinton,en,0.48083220589477804,0.46884532899570486,0.3715097060999497,0.4042215405886094,0.814484126984127,0.8388888888888889
C05792184_4,1,Clinton,en,0.4876644566017106,0.4160462463629885,0.35500669948592667,0.4739579147267283,0.7028539361872697,0.7560846560846559
C05769418_2,1,Clinton,en,0.49681301436132486,0.34417441024583884,0.3812259959632504,0.4615692306418638,0.9199999999999999,0.9
C05768600_2,3,Clinton,en,0.47661571617153464,0.346188733391487,0.3427541741458732,0.4109971130971131,1.0,1.0
C05793201_1,2,Clinton,en,0.46790090806628837,0.35759036714919057,0.3309330063177392,0.4656366151810732,0.7139428472761806,0.6513227513227513
C05763857_3,3,Clinton,en,0.4772636547130352,0.36816506734842475,0.3526140884273439,0.4278717938476083,0.7129068462401795,0.5751322751322752
C05764783_3,1,Clinton,en,0.45559494418814084,0.35159815419466145,0.35370618733825177,0.44576871817530506,0.9199999999999999,0.9
C05767999_0,1,Clinton,en,0.4981386149999408,0.42710997013322616,0.3484295473673805,0.4319655739702598,0.9199999999999999,0.9
C05782191_0,1,Clinton,en,0.5181179506532053,0.41800005550005553,0.383666619807751,0.5319081224525378,0.7344065656565657,0.7095238095238096
C05774643_6,2,Clinton,en,0.48782334737602434,0.3670558838717406,0.32163815354657144,0.4298700393817774,0.9199999999999999,0.9
C05778554_4,2,Clinton,en,0.4279518781199691,0.35557047595925895,0.34880745479210407,0.42237803877649316,0.6471218896915492,0.5456349206349207
C05769074_1,3,Clinton,en,0.42156898060323106,0.5022824397824397,0.3429223780623422,0.49752715152925014,0.6592451665981078,0.5971861471861472
C05779708_26,1,Clinton,en,0.42338474875767795,0.3664974557815891,0.3221934291746986,0.44537606706095284,0.6204000429196905,0.655128205128205
C05778086_1,1,Clinton,en,0.5170511923545604,0.4437114855007012,0.31791927362798306,0.42801800091452374,0.7254103535353535,0.5958333333333333
C05796226_3,3,Clinton,en,0.43233807619862685,0.30262964797590824,0.35371863562245265,0.44075431143527377,0.7075936409269743,0.6507936507936507
C05764053_1,1,Clinton,en,0.4532528698107612,0.31474381505450266,0.3623224608894776,0.42674246856673437,0.6264923887059389,0.5956916099773243
C05790098_0,1,Clinton,en,0.49353741584499344,0.32352482033333096,0.32988477789806275,0.4496095592033118,0.7619047619047619,0.7428571428571429
C05781917_2,2,Clinton,en,0.4389247991603159,0.28383321342931234,0.2905383067937587,0.4092048497497234,0.5368961588187393,0.4910596649727085
C05777005_2,1,Clinton,en,0.49022085079291355,0.3780059053014577,0.3416750040255754,0.42708702989296976,0.7271780303030303,0.6125
C05782869_0,3,Clinton,en,0.5319801881595781,0.3846295428907886,0.3653933128364298,0.4893230128063576,0.9199999999999999,0.9
C05783803_1,3,Clinton,en,0.46253660494831284,0.3255477580554979,0.3223456753903618,0.4543240092497364,0.7254103535353535,0.6124999999999999
C05778515_0,3,Clinton,en,0.4300287387901028,0.3039590341718823,0.3383647221560311,0.46149151520987663,0.5501679120654452,0.472875816993464
C05791372_0,1,Clinton,en,0.4967117963751419,0.2568524068524068,0.35367663281196793,0.46735712772470633,0.7351325757575757,0.7208333333333333
C05772851_3,1,Clinton,en,0.4967136970621106,0.39308361391694735,0.3385722506643091,0.49121601517974395,0.7534013605442177,0.5714285714285714
C05778723_0,1,Clinton,en,0.4969092030939939,0.3186415436415437,0.34359288461945214,0.46412410156694434,0.671886936592819,0.5714285714285715
C05786375_5,3,Clinton,en,0.49475943604556016,0.33362247508588966,0.3483723304086677,0.42556435762428985,0.7072088405421738,0.7455026455026456
C05769142_0,3,Clinton,en,0.4690279606636314,0.4240069109634328,0.356389051367144,0.45462543926289456,0.8015873015873015,0.7111111111111111
C05777979_2,3,Clinton,en,0.4271045775411839,0.3365367721643878,0.30697297659189043,0.4005366922178487,0.6101924982599655,0.5464285714285715
C05790994_4,3,Clinton,en,0.4499385966221583,0.3870212349379014,0.36699506728141873,0.46457452967722407,0.7081368631368632,0.6768253968253968
C05761445_4,1,Clinton,en,0.48107850342293634,0.4482001658472248,0.35083604672085994,0.41281610086966936,0.7313131313131314,0.6428571428571429
C05766675_0,3,Clinton,en,0.45413069418141117,0.37553951267735264,0.34377064979020255,0.41247988583155276,0.6958703796203797,0.7521428571428572
C05773003_0,3,Clinton,en,0.4940383037508904,0.3674449138016145,0.34127354203185234,0.4390743570886514,0.9199999999999999,0.9
C05780742_6,2,Clinton,en,0.48809616542391393,0.4339096650837544,0.3336255213184747,0.4643103388507882,0.7224405224405224,0.7182539682539683
C05788532_0,3,Clinton,en,0.45644857085582186,0.33500496388823575,0.3451217141607118,0.43511207379705896,1.0,1.0
C05788376_1,3,Clinton,en,0.45638116945148527,0.3570365354321209,0.3494415649746814,0.4393454474504717,0.7936507936507936,0.611111111111111
C05769570_1,3,Clinton,en,0.4602712562330255,0.4342861863282914,0.3516984659030499,0.4193288142111122,0.7602040816326531,0.6476190476190476
C05798025_0,3,Clinton,en,0.4558047153921103,0.40885879940747494,0.33957966020380836,0.462191483589396,0.7676870748299319,0.7952380952380952
C05739631_0,3,Clinton,en,0.49730104940326053,0.39712674094045025,0.35320463537986907,0.45267659092048484,0.738604797979798,0.7845238095238095
C05762853_13,2,Clinton,en,0.42639473376009335,0.33655692966037765,0.3590703303296525,0.4167094591277649,0.7097643097643097,0.585185185185185
C05782927_0,3,Clinton,en,0.5010723300998968,0.4004137714664031,0.3352819994881906,0.45018337707191064,0.6570726315308358,0.6238095238095238
C05764350_1,3,Clinton,en,0.454594055074455,0.3624860232778784,0.35240839469064894,0.477851407843553,0.9199999999999999,0.9
C05770533_1,3,Clinton,en,0.43834111531730013,0.3947897824943185,0.32811791718755734,0.4617901701571761,0.697455044955045,0.6961904761904761
C05763790_0,1,Clinton,en,0.4248761189701068,0.32302147316870017,0.2598562607625226,0.44716895023435616,0.5647066204141024,0.5736113886113887
C05770122_4,2,Clinton,en,0.49787845336954456,0.27445887445887446,0.34578112403634587,0.42739871442975663,0.7121471121471122,0.5777777777777777
C05783342_1,3,Clinton,en,0.44529289144969025,0.3969248941023132,0.30456111410849634,0.471579074094977,0.716325649658983,0.7544973544973546
C05787886_2,1,Clinton,en,0.41947720011597245,0.3370389401806818,0.2801132665847939,0.43053979896459693,0.5983168196306977,0.5108734402852049
C05767145_1,3,Clinton,en,0.48328492126499384,0.4007128199435892,0.3444122436833355,0.4247675061473228,0.7229797979797981,0.5791666666666666
C05767516_1,2,Clinton,en,0.4892006381203832,0.369306976870002,0.3365114055595592,0.4487713892378734,0.7936507936507936,0.611111111111111
C05790698_0,1,Clinton,en,0.42607662239634453,0.3566690979452333,0.3436541376212356,0.4488001943339533,0.7139428472761806,0.5587301587301587
C05772071_0,1,Clinton,en,0.49551317021500474,0.5690540099631008,0.3553343484463943,0.4332574737444152,0.8065476190476191,0.8222222222222224
C05760330_1,3,Clinton,en,0.5023472410033817,0.3393841374933812,0.3354972369875564,0.4464228625331008,0.7113873780540447,0.7126984126984127
C05767652_1,1,Clinton,en,0.49871130513756573,0.3271613245142657,0.3397506786893383,0.45880621104490427,0.8015873015873015,0.7111111111111111
C05771138_0,2,Clinton,en,0.484811222398173,0.4530672030672031,0.3764441903530657,0.41647841587831985,0.9199999999999999,0.9
C05789591_3,3,Clinton,en,0.4707367718493754,0.3705323522631214,0.3527616113331111,0.464537038346083,0.7125960459293794,0.5751322751322752
C05793795_4,2,Clinton,en,0.48829206846527684,0.36577864066551846,0.37643241449182663,0.4529784958772928,0.9199999999999999,0.9
C05786151_1,3,Clinton,en,0.41497662857320483,0.3994372011746835,0.342090253657749,0.4612163000134846,0.733080808080808,0.7011904761904763
C05784533_1,1,Clinton,en,0.4294929170155326,0.3186429251430007,0.28932831906345985,0.3986672080167547,0.5788683710261362,0.4084795321637427
C05791858_1,3,Clinton,en,0.48531595383342374,0.4684517647385296,0.3289144400862182,0.46746203623080523,0.8065476190476191,0.8222222222222223
C05771617_2,3,Clinton,en,0.45497718450032804,0.34891009373767995,0.32309219540290957,0.4651516182357922,0.721937321937322,0.658994708994709
C05791708_2,1,Clinton,en,0.41840555980129013,0.3786675759066785,0.2757678718583211,0.4249546615560908,0.6074696334821914,0.5819727891156463
C05790662_30,3,Clinton,en,0.4387270379194856,0.4176927856494418,0.34911638856854366,0.47471086328537865,0.7602040816326531,0.5904761904761905
C05786218_0,3,Clinton,en,0.4135720211666521,0.4304190496164899,0.33919547602903216,0.4583143228842206,0.7048260381593714,0.7142857142857143
C05789961_1,2,Clinton,en,0.4261257748488265,0.3240129279090318,0.3569004271884487,0.44551415959379714,0.6730940627999451,0.5714285714285714
C05783112_1,3,Clinton,en,0.4945904738930245,0.364548045494337,0.31732362587594487,0.4316172634726298,0.733080808080808,0.6011904761904762
C05769449_1,3,Clinton,en,0.40625478746497296,0.4319150739703704,0.35497868013572303,0.41824833372405446,0.622632378518289,0.5643475572047001
C05764939_1,2,Clinton,en,0.4591110547879216,0.3189090356047268,0.3467917157349666,0.41716515973872675,0.7619047619047619,0.7428571428571428
C05766001_8,1,Clinton,en,0.44998976776272676,0.4792892606451928,0.3516025540370258,0.43805890017333277,0.7162660256410256,0.6166666666666667
C05762633_1,1,Clinton,en,0.45362317414507414,0.38867031880144254,0.3357107427637935,0.4692123634466137,0.7254103535353535,0.6333333333333333
C05769497_2,1,Clinton,en,0.46064026231132515,0.41430529470529476,0.34544356690065453,0.4001858895173885,0.9199999999999999,0.9
C05761770_1,2,Clinton,en,0.49291507259168615,0.38319109665263523,0.3449613305290679,0.4654454617713684,0.9199999999999999,0.9
C05771320_0,2,Clinton,en,0.49624849386282227,0.37161094719234256,0.3277513229574549,0.4689168618700225,0.6991858141858142,0.5114285714285713
C05783951_2,3,Clinton,en,0.4287167315612312,0.3008251167711482,0.34951054596455006,0.4447662204499353,0.6280268683620414,0.5902930402930403
C05795039_2,1,Clinton,en,0.4186999084885561,0.3286574071496671,0.349631752806618,0.4086412180785204,0.7108003108003108,0.5592592592592592
C05739649_2,3,Clinton,en,0.4819355585826888,0.35673344743112173,0.3408090894144541,0.44561990902789717,0.7016826923076923,0.7958333333333333
C05770042_5,2,Clinton,en,0.44771838675940534,0.4531810603925988,0.34287356994138823,0.4900603455878666,0.6724053575657855,0.5246031746031746
C05793655_0,2,Clinton,en,0.46014280992076134,0.41193378315115053,0.35592330154516927,0.4588190517292097,0.6683488080546904,0.5034632034632035
C05779205_1,1,Clinton,en,0.48511343275069296,0.4161819210599699,0.3586459062337521,0.4251562060714194,0.7338068181818181,0.5666666666666667
C05795069_1,3,Clinton,en,0.45736826024942273,0.3483146256779795,0.3150809582946524,0.47679303029173753,0.6317939668644195,0.5744897959183674
C05764881_1,2,Clinton,en,0.48238398221728923,0.4069078208613092,0.35267201273183296,0.4429065992349989,0.7761904761904761,0.819047619047619
C05778415_2,3,Clinton,en,0.45553719786384345,0.40877568072544135,0.3332120611894799,0.4658133117391708,0.7036176323676324,0.6169047619047621
C05761661_1,3,Clinton,en,0.46119968206602374,0.37273126519450045,0.3500765523707846,0.4107253118777116,0.9199999999999999,0.9
C05768366_1,3,Clinton,en,0.47358654748486023,0.4074861079963121,0.3377058479621255,0.47623999778099124,0.745269016697588,0.7857142857142857
C05790190_0,3,Clinton,en,0.525085080927609,0.42265306709751155,0.3480750952721686,0.44091599203085563,0.9199999999999999,0.9
C05776422_2,3,Clinton,en,0.45998600075482227,0.3501475819078979,0.33639292903672485,0.43933247473493897,0.716325649658983,0.6084656084656085
C05797923_0,3,Clinton,en,0.437739005770523,0.4492826343826596,0.34765304020086657,0.4377836813796583,0.6289056145093297,0.5402930402930404
C05770206_0,3,Clinton,en,0.48471795442038595,0.36303344667315257,0.3120288232715019,0.4430098060112312,0.8065476190476191,0.8222222222222224
C05788490_3,3,Clinton,en,0.456073896301685,0.3648811544182806,0.32922302313949325,0.4920665049211752,0.7205905205905206,0.6626984126984127
C05784138_2,3,Clinton,en,0.5146850800190654,0.4109912962854141,0.3286588923625017,0.4795354524439466,0.814484126984127,0.8388888888888889
C05769478_13,1,Clinton,en,0.44330102679463884,0.5602173079445806,0.32769963295201915,0.4418666105935737,0.7017182817182818,0.6338095238095238
C05790714_0,1,Clinton,en,0.4546336952471433,0.3934687894471809,0.34793739427287396,0.4909745990070758,0.7296085858585859,0.6458333333333333
C05761332_0,3,Clinton,en,0.4555012408877099,0.4473067712429413,0.33281789450055393,0.4620816260516844,0.8015873015873017,0.7111111111111109
C05791793_0,3,Clinton,en,0.5020842515291456,0.4257093783409573,0.34365758884866165,0.47418106274683,0.7795918367346939,0.8238095238095238
C05782734_1,3,Clinton,en,0.4184330587039778,0.44813443657246554,0.26270010711494546,0.49890826059331594,0.633418954626385,0.5014652014652015
C05762692_0,2,Clinton,en,0.49626882700445096,0.4525869176871849,0.33604854233787584,0.4498972646572013,0.8015873015873015,0.7111111111111111
C05788372_2,3,Clinton,en,0.46893738449640077,0.35290818654856976,0.3478384500168628,0.4304813172535067,0.7089404422737755,0.7767195767195766
C05782534_4,2,Clinton,en,0.4652296803024211,0.3567426943840322,0.34103691671569725,0.4687751404151886,0.7121527777777777,0.6541666666666666
C05769594_0,3,Clinton,en,0.48635153441512985,0.4688913806560864,0.38925276185351265,0.45468082390948533,0.9199999999999999,0.9
C05763810_2,3,Clinton,en,0.46225974333544645,0.3740607078925301,0.34050134279655575,0.4517414973574931,0.7676870748299319,0.719047619047619
C05762702_1,2,Clinton,en,0.45127312099117317,0.3864477597896269,0.3489642034222324,0.42809447768983966,0.6391070112924884,0.6406926406926406
C05778940_12,1,Clinton,en,0.4239738272262652,0.3398969971031462,0.3594872788970077,0.41087270623750954,0.6067722139966019,0.5325396825396826
C05770122_0,3,Clinton,en,0.4985134992213704,0.3816535807568807,0.3660045828475629,0.4788311973930698,0.7327020202020202,0.7124999999999999
C05764039_6,2,Clinton,en,0.48931301996142534,0.3659518896913856,0.33863357356617546,0.4437171742883522,0.8015873015873017,0.7111111111111109
C05795930_0,1,Clinton,en,0.422658422831465,0.3333923335435155,0.29148873292856553,0.4210562296288798,0.7090588423921758,0.6767195767195767
C05792628_1,3,Clinton,en,0.4883647218031159,0.35254220681852266,0.3393928170482853,0.4708665014524496,0.6857242757242757,0.6447619047619046
C05776984_1,2,Clinton,en,0.48943936932140175,0.3607951192726279,0.34045303222996814,0.48026846832537473,0.7020140353473686,0.5751322751322752
C05769863_2,3,Clinton,en,0.4072816249944014,0.4354015318814974,0.35382407244691383,0.47413282199856044,0.626185946044605,0.6342857142857142
C05781971_8,3,Clinton,en,0.4863300147899804,0.35915179591650176,0.34109480832232936,0.4261965942770578,0.6660220154802198,0.5826839826839827
C05792115_2,3,Clinton,en,0.4931353453305894,0.39806821334420817,0.33763219771717645,0.45597113486351565,0.7351325757575757,0.7208333333333333
C05790991_0,1,Clinton,en,0.4943823582761929,0.3712509434313947,0.3579803564015828,0.44513865745849773,0.7568027210884354,0.5714285714285714
C05789832_1,2,Clinton,en,0.48409056323629823,0.4178088848820556,0.33489962476883306,0.45421868518834585,0.7254103535353535,0.6125
C05766317_1,1,Clinton,en,0.42276346565468126,0.3503488953856597,0.27782040613224235,0.44815215987071083,0.6273082716201381,0.4828231292517007
C05795963_2,2,Clinton,en,0.48134100384239636,0.44305168156057345,0.343455949385221,0.45242467564885025,0.9199999999999999,0.9
C05791461_2,3,Clinton,en,0.4532205585330894,0.365706434088787,0.34672439577567354,0.42431796020796,0.7119093406593408,0.738015873015873
C05797201_2,1,Clinton,en,0.46106733181307846,0.3681845545697535,0.37234395282917043,0.424199816494681,0.6689560439560439,0.5292207792207791
C05766750_1,1,Clinton,en,0.46569411114714,0.49332918935658204,0.36763344105122525,0.39375363903754984,0.7351325757575757,0.7916666666666666
C05795325_4,3,Clinton,en,0.4486100484397924,0.35246209789277,0.3647532274819015,0.4186817802858901,0.7355113636363636,0.7095238095238096
C05784138_1,3,Clinton,en,0.4518665200056253,0.4154740277715986,0.35729301752309,0.47373412414846083,0.7761904761904762,0.819047619047619
C05768721_0,3,Clinton,en,0.4373351051442479,0.34715796280038624,0.362400245221609,0.4287384211763809,0.6468628259888084,0.690975690975691
C05767935_0,3,Clinton,en,0.41649600631435424,0.3742791064347736,0.33832296748974444,0.4710881326159039,0.6450551301267246,0.5294312169312171
C05790662_20,3,Clinton,en,0.45291598294601937,0.3961812654960619,0.3241655588764928,0.47440300401368196,0.7214045214045215,0.6738095238095237
C05773949_0,1,Clinton,en,0.45180479499754295,0.36047771044942994,0.3281173697385252,0.4954030806104112,0.704396837730171,0.6841269841269841
C05762435_2,3,Clinton,en,0.4578224293944391,0.3248176351949936,0.3600050345808596,0.41139091701945746,0.6398895222424635,0.6813852813852814
C05787445_1,1,Clinton,en,0.47019783904946694,0.293447231951387,0.3584668860979623,0.40065827248298536,1.0,1.0
C05781826_1,1,Clinton,en,0.47660797921179254,0.41124468260497676,0.3701640075353017,0.39825454013710027,0.7035037878787879,0.7625
C05780482_7,2,Clinton,en,0.4920820722907474,0.4098915989159893,0.36078793534316794,0.44817736773013284,0.7115600448933783,0.6158730158730159
C05775438_1,2,Clinton,en,0.474055087150855,0.40371699008062634,0.3301826166918726,0.4475747781195133,1.0,1.0
C05782313_0,3,Clinton,en,0.5103788016871547,0.48248297998297995,0.35706566987793203,0.47762412991405206,0.7108003108003108,0.5777777777777777
C05784638_0,2,Clinton,en,0.46228812773727646,0.3479234490999196,0.3635986557006264,0.43497249114585185,0.6676534250063662,0.5658008658008657
C05769781_1,1,Clinton,en,0.47345890825527676,0.44180612184366863,0.3314191701220764,0.47230874863397404,0.6304752383409505,0.5851190476190476
C05771956_1,3,Clinton,en,0.5035783893351787,0.29913284328050227,0.33664924476858665,0.4191868093253136,0.8015873015873015,0.7111111111111111
C05790960_0,3,Clinton,en,0.4895650114385518,0.35849690069693857,0.34639945337746164,0.4631389112210766,0.733080808080808,0.6011904761904762
C05785307_2,3,Clinton,en,0.38095440001976116,0.31395216277053223,0.2751787410275991,0.42358341576143105,0.6303412793664511,0.4462433862433863
C05775222_0,2,Clinton,en,0.4905000697774898,0.38839104158253085,0.33376657785824726,0.4460637310617142,0.9199999999999999,0.9
C05780432_0,1,Clinton,en,0.46238481919958574,0.3969769516210835,0.35488391108360856,0.43895504741667835,0.6185564001216176,0.5020634920634921
C05790306_0,1,Clinton,en,0.4254190060152682,0.3470967635586021,0.3597288659522029,0.41954246581777827,0.6335930898377615,0.6970947570947571
C05781658_0,1,Clinton,en,0.42147339679475887,0.34916969118649777,0.3538091509404556,0.43483184074796,0.7056043956043956,0.6911111111111111
C05792444_0,3,Clinton,en,0.41861352987496164,0.4071945004133648,0.3317833213571047,0.47330059741931874,0.6938336899121214,0.7862433862433862
C05771098_0,1,Clinton,en,0.4995453465213621,0.3853536938189242,0.36457807133393516,0.39960703194755903,0.7602040816326532,0.5809523809523809
C05766486_0,1,Clinton,en,0.45577637881736827,0.38713345186559456,0.34750020626245043,0.4481605669455392,0.7108003108003108,0.5481481481481482
C05767197_1,1,Clinton,en,0.4593036993041812,0.31134567738341323,0.3334141475639001,0.4401241542643161,0.720464257964258,0.7083333333333333
C05772564_2,1,Clinton,en,0.4584539789440857,0.34465299657607346,0.34875167989803735,0.4282749881477388,0.7653061224489796,0.7333333333333333
C05771495_1,3,Clinton,en,0.4264558566250134,0.35830295223426734,0.3424498560846062,0.4267317342029261,0.6964603297936631,0.7005291005291006
C05764414_1,1,Clinton,en,0.4435421967665849,0.43488942758058197,0.3589226006212743,0.4247899505147351,0.8065476190476191,0.8222222222222223
C05767717_3,1,Clinton,en,0.430654966708444,0.319306143295623,0.335283684007738,0.46902072590536303,0.5455817375006757,0.533416305916306
C05767395_2,3,Clinton,en,0.46378363645491194,0.34488231052105905,0.3232289024069549,0.45763552046894895,0.7602040816326531,0.7095238095238096
C05766268_0,3,Clinton,en,0.46105732771927616,0.33960389173458605,0.3556294150158313,0.44918920109921906,0.6443134608769283,0.5753246753246753
C05776634_1,3,Clinton,en,0.494137882272772,0.3641794391794392,0.331602318697067,0.4402092194914758,0.814484126984127,0.8388888888888889
C05785275_2,3,Clinton,en,0.4088673747711505,0.38478793488523694,0.27004987336233377,0.42673922295830163,0.5545576563839133,0.5021811521811522
C05761306_4,3,Clinton,en,0.45213032472787706,0.3758054581583993,0.3249456874429243,0.48508784192429133,0.7687074829931972,0.7238095238095238
C05789650_2,3,Clinton,en,0.455783426493122,0.3718165463757063,0.3344827273766169,0.4338604880547032,0.6416940129014432,0.6344322344322345
C05780222_0,1,Clinton,en,0.48498402364201,0.4166610203940522,0.36015975718036636,0.4914630080255454,0.7936507936507936,0.611111111111111
C05789050_1,2,Clinton,en,0.4951787072509186,0.44469997861849825,0.33032701433302053,0.45800115103738154,0.7327020202020202,0.7166666666666667
C05792181_1,3,Clinton,en,0.4868713011692808,0.41096234388917313,0.3475480287831037,0.4829921198179832,0.7568027210884353,0.5904761904761904
C05766029_1,1,Clinton,en,0.49098251569050877,0.3944681091901914,0.35523109595426255,0.4314322432001769,0.6778686999275234,0.6174603174603175
C05769970_2,3,Clinton,en,0.4810285021736403,0.401497322575754,0.33372078434951663,0.4567071872619917,0.8015873015873015,0.7111111111111111
C05767352_0,3,Clinton,en,0.42416644738925674,0.36047858889942147,0.34993682484854244,0.44095267429772544,0.7110851648351649,0.8180158730158731
C05763724_0,1,Clinton,en,0.5360505101726349,0.34459402573589426,0.367772295744478,0.4966377704172783,0.9199999999999999,0.9
C05769566_2,3,Clinton,en,0.4579110134332054,0.3651764783048204,0.31587743173773364,0.45803604411244786,0.738604797979798,0.7845238095238096
C05774155_2,1,Clinton,en,0.5045023139028822,0.34237731611681205,0.34796734644489197,0.43400973937222326,0.7227513227513227,0.7145502645502646
C05787361_0,2,Clinton,en,0.4784715550498281,0.4043481681351386,0.3436033662719823,0.4375812186119838,0.7139428472761806,0.5677248677248676
C05776959_0,3,Clinton,en,0.49520482154498874,0.43205784987791906,0.33240678691058495,0.5057399743562258,0.7676870748299319,0.7952380952380952
C05779706_20,1,Clinton,en,0.4604563046548015,0.3897337646382318,0.354072575838604,0.42679890533689463,0.6933177933177933,0.6666666666666666
C05766177_0,3,Clinton,en,0.43180993955906266,0.35580489515628233,0.3579148545997483,0.4044718127270186,0.7936507936507936,0.611111111111111
C05759700_6,3,Clinton,en,0.5019451879823402,0.31392135179041475,0.3423486222621222,0.4226095670620466,0.6691813088871913,0.5841991341991342
C05761516_3,1,Clinton,en,0.46160397319622815,0.34165338304682547,0.34785080205239,0.41384915409134004,0.6881368631368632,0.6911904761904761
C05773206_0,2,Clinton,en,0.5301888779767558,0.38740322177822184,0.39662817060530814,0.4285900784986168,0.9199999999999999,0.9
C05763062_0,3,Clinton,en,0.4804105376970994,0.45056457172669506,0.3452471572051076,0.4524642626922753,0.9199999999999999,0.9
C05788498_1,2,Clinton,en,0.46413716652947995,0.34340184955510034,0.3456225136430735,0.4429302238523618,0.7653061224489796,0.7333333333333334
C05767268_1,2,Clinton,en,0.48107509258826125,0.41550426350176023,0.3341309499616616,0.485664830565281,0.7710884353741496,0.8095238095238094
C05779935_2,3,Clinton,en,0.4294742766357232,0.3466669153168868,0.36728229711183774,0.43973173359784373,0.7040663040663041,0.6851851851851852
C05772824_2,3,Clinton,en,0.46320849730253094,0.32924453186063096,0.33149844961286506,0.4244431959743484,0.6299794529515891,0.7313797313797313
C05779301_1,1,Clinton,en,0.43603907972144107,0.35029363460162666,0.27651440416711015,0.43487872621585366,0.6014506492563046,0.5959183673469389
C05776161_0,3,Clinton,en,0.4383971611604954,0.2734544454337131,0.25641802793645363,0.43982232616531425,0.6146238895437981,0.5901587301587302
C05767739_4,1,Clinton,en,0.4680453974124081,0.32710834619925544,0.3575299152512204,0.43433796152225784,0.722973322973323,0.7182539682539683
C05790015_0,3,Clinton,en,0.4200187269395479,0.36561841618420543,0.29835593443017994,0.42843266873443864,0.6762159409218232,0.6919191919191919
C05763185_3,3,Clinton,en,0.437538935334904,0.4005106680563067,0.3328578201762494,0.4831008016733783,0.6312990400838698,0.5166666666666667
C05759553_1,1,Clinton,en,0.5194875251499238,0.41256521256521267,0.3278484302626835,0.5015871293983893,1.0,1.0
C05797515_1,1,Clinton,en,0.48253031758170783,0.4330863580863582,0.35739068506246663,0.4521931061267541,0.8144841269841271,0.8388888888888889
C05762687_3,2,Clinton,en,0.45674596132288603,0.3364128669684226,0.3344166273545057,0.4520391870579062,0.7676870748299319,0.7095238095238094
C05779559_0,2,Clinton,en,0.528776994652406,0.4234953771718477,0.39954725120023354,0.4592022783048827,0.8015873015873015,0.7111111111111111
C05786169_3,3,Clinton,en,0.4231347063380594,0.3521243649520223,0.30529959656184325,0.4143376803904943,0.6672446490557945,0.6690476190476191
C05774651_0,3,Clinton,en,0.4413184513121108,0.4011245539660294,0.3374683698592418,0.4876739329187052,0.814484126984127,0.8388888888888889
C05776539_1,3,Clinton,en,0.4828319393511529,0.44909517565767576,0.3749053291621423,0.5008601340227207,0.814484126984127,0.8388888888888889
C05791014_2,3,Clinton,en,0.46271790056036644,0.32324599193471726,0.34657715999175587,0.46292694378211907,0.6469388733901118,0.6319444444444444
C05780475_1,3,Clinton,en,0.48859342543765794,0.3991684704184704,0.33773762032690036,0.4503523913930775,0.7236426767676767,0.6749999999999999
C05785294_0,1,Clinton,en,0.5481484040698653,0.5272130482298196,0.3548908192152474,0.4287848811443606,0.6392797604871908,0.47710622710622713
C05781467_2,2,Clinton,en,0.42095974115503704,0.35786791682689495,0.32243098053277297,0.4477519700271259,0.6692615715272625,0.640981240981241
C05793308_3,1,Clinton,en,0.43693898361957345,0.366707704085837,0.26933706704970517,0.393246456722936,0.570155240385153,0.5419413919413918
C05769729_0,3,Clinton,en,0.48694649895143466,0.36505148290862577,0.3566537089620877,0.43183440024014974,0.7229797979797981,0.5874999999999999
C05772648_3,1,Clinton,en,0.42916543875916946,0.3340905097640685,0.3076874207290009,0.4167425060229808,0.6542453339860462,0.41025132275132276
C05774871_1,1,Clinton,en,0.3991264254970543,0.34366526666946395,0.2529168760262338,0.39683113630061834,0.5430604132296208,0.5084124764124764
C05781117_3,3,Clinton,en,0.45484688537867546,0.44016659304289585,0.32738503150325526,0.5193693940018383,0.9199999999999999,0.9
C05769043_0,2,Clinton,en,0.44495288344614814,0.4226772746668941,0.3354192133713953,0.42913147838053634,0.7368371212121212,0.780357142857143
C05766895_2,3,Clinton,en,0.45698532763766025,0.3902869963685902,0.35045819037907694,0.4568236944667083,0.6613757519427024,0.6455026455026456
C05775444_1,1,Clinton,en,0.4618743083041995,0.37159388160979734,0.3430041881919724,0.4271162195703818,0.7108003108003107,0.5518518518518518
C05795478_0,3,Clinton,en,0.4982171233852961,0.4196420696420697,0.35880982024277597,0.4525079857933294,0.6030373448344463,0.610952380952381
C05780801_2,1,Clinton,en,0.48256072697579594,0.37204059810078977,0.3223306596967043,0.44399280060880864,0.6964603297936631,0.7042328042328042
C05787497_0,1,Clinton,en,0.4578538572744107,0.3163300365774698,0.34749970277751574,0.45422710730848814,0.5972776295095137,0.5838095238095239
C05774357_2,1,Clinton,en,0.4544809259871556,0.3981617145522834,0.3485405022878387,0.4525357539057911,0.6625474199003611,0.528138528138528
C05778000_0,2,Clinton,en,0.4181946246458525,0.3374206507674767,0.34203132142728937,0.44430249408422223,0.6457045903156585,0.5190476190476191
C05782304_0,3,Clinton,en,0.4531059969480892,0.345292086966728,0.345240855027502,0.45275849194711393,0.733080808080808,0.7011904761904763
C05780420_0,2,Clinton,en,0.4841802240980962,0.39711193568336434,0.34339389279130295,0.47331434513776627,0.7139204545454545,0.625
C05772570_0,1,Clinton,en,0.46641817408241243,0.37294254059220455,0.3590393434163011,0.43411277148780103,0.6501825831547194,0.5523199023199024
C05789630_0,1,Clinton,en,0.49490158412768387,0.3619246031746031,0.35321171072319485,0.44242502033123515,0.8015873015873017,0.6
C05772877_1,2,Clinton,en,0.46369624802840487,0.3331054629131552,0.3229899218851604,0.43713301968997414,0.733080808080808,0.6011904761904762
C05788498_7,3,Clinton,en,0.48375714299449935,0.3464841269841269,0.33309434933826076,0.43821377207516143,0.7271780303030303,0.6291666666666667
C05790189_0,3,Clinton,en,0.4634934188147658,0.3386067072516653,0.3314013005284096,0.46675562976265084,0.7369002525252526,0.7958333333333333
C05766444_5,2,Clinton,en,0.463896481733811,0.44341259144137724,0.333593032685133,0.4696090020418664,0.9199999999999999,0.9
C05764341_1,3,Clinton,en,0.5044858637353543,0.46099846541023004,0.33984236762836934,0.46851250954282897,0.8015873015873015,0.6
C05767213_1,2,Clinton,en,0.38251594881179374,0.32736389551229117,0.3017987247323815,0.3985468264629317,0.5681505268839234,0.44484126984126987
C05764366_0,1,Clinton,en,0.4926359696978763,0.3712771355628499,0.3442770132177502,0.42752010926849154,0.6938474025974026,0.6952380952380952
C05760374_3,3,Clinton,en,0.4649564446901268,0.3440652426471754,0.32672424500074454,0.4646950248820604,0.7568027210884354,0.6571428571428571
C05779934_1,1,Clinton,en,0.49384214267767407,0.34038110582228226,0.3350398290806114,0.43151713530888797,0.733080808080808,0.7011904761904763
C05766248_0,3,Clinton,en,0.47567828357313297,0.4240893253088374,0.31787619596111816,0.4923128635829969,0.9199999999999999,0.9
C05786105_1,1,Clinton,en,0.4789092518936999,0.34185245310245316,0.35291015843480167,0.4342323360937192,0.9199999999999999,0.9
C05786182_0,1,Clinton,en,0.46446601936232496,0.41072964975404,0.3469427302231763,0.47489928409264937,0.7296085858585859,0.625
C05778766_1,2,Clinton,en,0.5027650485319775,0.416650161748201,0.33853085499451774,0.40636631904320547,0.7139428472761806,0.5751322751322752
C05790428_0,2,Clinton,en,0.4694608359353071,0.3311520466908937,0.3414291507307274,0.4319704077284531,0.6611999111999112,0.6140692640692641
C05778582_1,3,Clinton,en,0.4676694658387872,0.3329181711534653,0.3420450875199737,0.467178154679674,0.7255830589163923,0.723015873015873
C05771612_1,2,Clinton,en,0.46194670670294774,0.385978220266146,0.36545422038141695,0.4476698290980317,0.7348484848484849,0.7136904761904762
C05778333_2,3,Clinton,en,0.41584889064334374,0.3659241497535682,0.35060814318698447,0.4643374274029686,0.7093319180819181,0.7982539682539682
C05785741_3,2,Clinton,en,0.4230420529371631,0.3572751455627833,0.3320022849132392,0.47048055228585617,0.7229797979797981,0.5958333333333333
C05788125_1,2,Clinton,en,0.4979135613918447,0.36327188974247815,0.3837486870551321,0.41956273262580784,0.8015873015873015,0.7111111111111111
C05768721_2,1,Clinton,en,0.4829594236393356,0.46238149242000337,0.3844468718598609,0.4342916788073666,0.814484126984127,0.8388888888888889
C05796129_0,3,Clinton,en,0.522314090234383,0.3958915630484259,0.34711444604909153,0.4752352706845216,0.6621760592348829,0.5322510822510823
C05785394_1,3,Clinton,en,0.47537801756755427,0.2624456965533769,0.33363176219627994,0.4574073961424666,0.7139428472761806,0.5788359788359788
C05769363_3,1,Clinton,en,0.44519229965229395,0.41431210401798624,0.3590132004229783,0.4192177480567966,0.8015873015873015,0.7111111111111111
C05791548_2,3,Clinton,en,0.42443763173408977,0.37522367064031437,0.3395582998620432,0.4200968014767941,0.6568375919980198,0.7222222222222222
C05760526_1,3,Clinton,en,0.4471348593612075,0.37877118753077815,0.35982705192566733,0.432535703804251,0.7181756515089848,0.6693121693121693
C05791210_0,1,Clinton,en,0.46220204741632065,0.39366915610557784,0.3442061539820069,0.4371453367277977,0.7017632367632369,0.5840476190476191
C05781504_0,3,Clinton,en,0.42750352117050294,0.30311390664251897,0.33862203450879297,0.4421557565982547,0.6494194659829335,0.5818181818181819
C05764282_2,3,Clinton,en,0.4468064290853141,0.41182053987949785,0.3538730582836359,0.42781830087532,1.0,1.0
C05791510_3,3,Clinton,en,0.4893080500570816,0.3550509675509676,0.3297802516706281,0.4393263217688367,0.7676870748299319,0.7952380952380953
C05793326_1,3,Clinton,en,0.4175977529963958,0.378160094220921,0.33924226769478577,0.46114506183335524,0.8065476190476191,0.8222222222222223
C05759551_0,1,Clinton,en,0.38277401055165283,0.4942738564264211,0.37309726495007817,0.4682280578687916,0.6341282173652613,0.5386772486772488
C05787774_0,3,Clinton,en,0.4306890324767284,0.3084611649356604,0.34890492369793635,0.4459299179783533,0.7213181879848547,0.7687830687830688
C05760434_1,3,Clinton,en,0.45215876123008025,0.3598849215138805,0.34662652039017194,0.46300416270812317,1.0,1.0
C05797536_1,2,Clinton,en,0.46618206664983475,0.3936064521182207,0.33356957414166793,0.46254422937264755,0.5530158658034929,0.6582837301587301
C05769378_1,3,Clinton,en,0.48433542128666573,0.42823039533565854,0.4079575808243298,0.4497741030649796,0.9199999999999999,0.9
C05790070_1,2,Clinton,en,0.46050363455343063,0.3417131440066098,0.361278958837285,0.4384827020064324,0.7047802197802198,0.7077777777777777
C05783348_1,3,Clinton,en,0.46954413300914427,0.3939349815126213,0.32841475834371503,0.45844285946842794,0.8065476190476191,0.8222222222222223
C05762438_0,1,Clinton,en,0.527377565106042,0.5634241538188907,0.35165106072423036,0.46181064890902174,0.6678076825135648,0.4173160173160173
C05797974_1,1,Clinton,en,0.5002805810114553,0.3773067773067773,0.3519556635009715,0.3966975151114965,0.7157928491261825,0.638095238095238
C05767134_1,2,Clinton,en,0.49378800385654537,0.3822478537931986,0.3229853370931066,0.4787739117968717,0.9199999999999999,0.9
C05762959_2,3,Clinton,en,0.45624812566220535,0.3909184936532717,0.35215846104485016,0.46146233997172276,0.6327062038265597,0.5861111111111112
C05771084_1,3,Clinton,en,0.4543305807747277,0.41049330725925043,0.3439073382432186,0.46593113715690737,0.6112263729429085,0.5983560090702947
C05797279_0,3,Clinton,en,0.45587082971839776,0.32553248347931607,0.344461747431154,0.44682563142815845,0.7205041871708538,0.6925925925925926
C05778573_1,3,Clinton,en,0.487184594699242,0.4322647140774391,0.34856085368713396,0.44547498497834587,0.6991858141858143,0.5952380952380951
C05772387_1,1,Clinton,en,0.46309891918171864,0.3317500374923344,0.3443809383300486,0.42392645157935915,0.7107361774028439,0.7052910052910053
C05768832_0,3,Clinton,en,0.446808889012393,0.406147176767133,0.33563608966668257,0.4620107816474281,0.7108003108003109,0.5666666666666667
C05769268_1,3,Clinton,en,0.48755283501577934,0.42444103211366624,0.403758905881505,0.5057790485992535,1.0,1.0
C05778264_0,3,Clinton,en,0.4797010001936062,0.4060584917727776,0.3533234652994336,0.4406624878789778,0.7936507936507936,0.611111111111111
C05787921_3,1,Clinton,en,0.422551865920447,0.3689745238754786,0.3066632367283025,0.41020723336784964,0.6108811309359472,0.5908279220779221
C05770218_0,1,Clinton,en,0.4663552806312108,0.5390630937689761,0.3285180947293018,0.4555117614824456,0.7009390609390611,0.549047619047619
C05786215_0,2,Clinton,en,0.4314869702781277,0.30603486957297693,0.3538141317853282,0.42251319920996777,0.6379489447600903,0.48974358974358967
C05770178_0,1,Clinton,en,0.42104236022149205,0.503230869181095,0.34308246525658526,0.41901340274941085,0.7254103535353535,0.6666666666666667
C05779435_0,3,Clinton,en,0.4145678600441341,0.3966027295650969,0.35209689104405373,0.4442706697798612,0.627196212799928,0.5843101343101343
C05767899_1,3,Clinton,en,0.44599534334295643,0.38458069398508726,0.3380572024239285,0.4801713383674745,0.7108003108003109,0.5444444444444445
C05771009_0,1,Clinton,en,0.5052207176911635,0.42478878264592557,0.34078402438597377,0.4623929382871481,0.7271780303030303,0.6458333333333334
C05762339_1,2,Clinton,en,0.4267441623203184,0.3864937017753598,0.3438607880177285,0.44789057330661464,0.6791499676793795,0.59
C05769769_0,3,Clinton,en,0.45686120480391024,0.3156408826863372,0.34990670443239086,0.46562243610508747,0.7372790404040404,0.7220238095238095
C05771343_1,2,Clinton,en,0.4928673915837407,0.41716003294950665,0.4138231470575747,0.46880458037644096,1.0,1.0
C05772790_0,3,Clinton,en,0.4668953661386314,0.30218742201824905,0.3364599337438485,0.4347915992651587,0.7035037878787879,0.7625
C05774521_0,2,Clinton,en,0.4995929828512464,0.3964607464607466,0.3220132217344543,0.4328092405174917,0.7936507936507936,0.611111111111111
C05764909_1,2,Clinton,en,0.42085854975869846,0.3345806133670589,0.3418108684810745,0.4730869429486798,0.6616034571723427,0.5296296296296296
C05764453_6,3,Clinton,en,0.4627277813180754,0.34296808183945804,0.33012811387935076,0.4538180111394503,0.7010589410589411,0.5752380952380952
C05790640_1,3,Clinton,en,0.46662959694033224,0.4301305720423366,0.3115190340100176,0.4818278625433358,0.6886176323676324,0.6090476190476191
C05796044_0,2,Clinton,en,0.42749265988693835,0.38375405674748525,0.37161690492097893,0.41653494674724595,0.6234704630644529,0.6
C05773076_4,3,Clinton,en,0.44923984602579653,0.3584336998598455,0.35799552407686375,0.4465971758050038,0.6430178180952174,0.45549450549450554
C05770957_0,3,Clinton,en,0.46665847410425754,0.28913773095591283,0.3404883438996055,0.42850876569926394,0.8015873015873015,0.7111111111111111
C05793275_0,3,Clinton,en,0.45106105038820704,0.3649152802334263,0.3394217207952173,0.4484687422592303,0.7019856686523354,0.7936507936507936
C05759065_1,3,Clinton,en,0.4197259162122774,0.3768284771001237,0.3021048723960107,0.3931687558227957,0.6532961795829444,0.5626984126984127
C05782671_1,2,Clinton,en,0.487537859992401,0.3628000117796035,0.3565606971625481,0.47090391882969473,0.6891308691308692,0.62
C05766449_1,1,Clinton,en,0.4300164539080938,0.33996496943228044,0.36043902367159286,0.43393272104471015,0.6380884293596781,0.5260770975056689
C05791779_1,2,Clinton,en,0.44464572371016475,0.46953865796518246,0.3350668484775495,0.47177463123101654,0.7195545195545195,0.6034391534391534
C05780982_1,1,Clinton,en,0.4981784130461489,0.4943287894900798,0.3374662766524788,0.4498475980055165,0.8015873015873015,0.6
C05792224_1,1,Clinton,en,0.4924709851703975,0.3719148772409222,0.36413367541843766,0.44091748443266204,1.0,1.0
C05780502_0,3,Clinton,en,0.4532750163197795,0.3408144574626261,0.34606174017065305,0.4529666543188735,0.7676870748299319,0.7952380952380952
C05797387_3,1,Clinton,en,0.4259287519545712,0.38492228800181577,0.3534817499773568,0.44571031412821527,0.6441645371598932,0.4863095238095239
C05784249_1,3,Clinton,en,0.4603574020999369,0.3321207935962034,0.3215556487749923,0.4284887279000269,0.9199999999999999,0.9
C05780180_0,1,Clinton,en,0.45185146605108517,0.39779420553141176,0.34386193938414217,0.44618267733801437,0.7229797979797981,0.55
C05780132_0,3,Clinton,en,0.44878797501847173,0.4582900337210681,0.3194677225989296,0.46547119152071875,0.6398397837542574,0.6736772486772487
C05784651_0,3,Clinton,en,0.4695833626847323,0.28899041837544504,0.34687134210921916,0.4360839246544483,0.7351325757575757,0.7208333333333333
C05794232_4,1,Clinton,en,0.48971032669975206,0.4242867658657132,0.3542179003968189,0.4244352240837586,0.7653061224489796,0.8285714285714285
C05797947_0,3,Clinton,en,0.46078149412419683,0.3466815811218085,0.3384886355657692,0.44562302563646244,0.8065476190476191,0.8222222222222224
C05777430_1,3,Clinton,en,0.4518080777947574,0.31644028420046516,0.3432893258454895,0.42012488527689,0.6528546273128316,0.574025974025974
C05775572_0,1,Clinton,en,0.47221456557337876,0.354318054520333,0.31665966065986756,0.46733218586470887,0.6449155419743655,0.503030303030303
C05792956_1,3,Clinton,en,0.489722269978336,0.40748754742562804,0.335455534279724,0.4349843144257682,0.7035037878787879,0.7625000000000001
C05780971_1,3,Clinton,en,0.5274165881685258,0.3302142302142303,0.3310647285135954,0.4530822449743477,0.7568027210884353,0.5714285714285714
C05783773_1,2,Clinton,en,0.4274146120096052,0.33120524676561813,0.35744365348313933,0.4524971511208231,0.5962135378925276,0.5072574484339191
C05767662_2,3,Clinton,en,0.43046453035249405,0.3525431435052357,0.27094500702478375,0.42440333747165543,0.5801816465896191,0.5494864612511672
C05774081_0,3,Clinton,en,0.46013243155583883,0.3858454772213493,0.32383054262921285,0.46759351810709554,0.8015873015873015,0.7111111111111111
C05792402_0,1,Clinton,en,0.4880154307528897,0.41958786163331613,0.34834493570211145,0.45444354823087657,0.814484126984127,0.8388888888888889
C05769427_2,1,Clinton,en,0.47909716827951554,0.42883198345383217,0.38441433145457776,0.41840220003177286,0.9199999999999999,0.9
C05762967_11,1,Clinton,en,0.44724884685306276,0.4435963305700146,0.348091634102394,0.45010715873491236,0.7738095238095237,0.8428571428571429
C05769594_1,3,Clinton,en,0.5241474439944097,0.3872909660190362,0.3597047263123647,0.4495472576937103,0.7936507936507936,0.611111111111111
C05779707_25,1,Clinton,en,0.4872838174036156,0.37249598474088275,0.3305443647391148,0.44030624708224764,1.0,1.0
C05782870_0,3,Clinton,en,0.43855863213515967,0.409888519640792,0.333272412129538,0.4524282692609975,0.8015873015873015,0.7111111111111111
C05773271_0,1,Clinton,en,0.40460698594708117,0.43336807027134006,0.35562159666087156,0.4478171815477343,0.6479355558012678,0.6182539682539683
C05791281_7,1,Clinton,en,0.5264855161713089,0.34081952530228393,0.3502762918655636,0.4390102115318837,0.7676870748299319,0.7952380952380952
C05770091_0,3,Clinton,en,0.45786694696253677,0.4254749680013361,0.37280120212593604,0.4144845940732406,0.6265053178542065,0.4554421768707483
C05780110_1,2,Clinton,en,0.49599376787336463,0.3695067304311002,0.3404862614493187,0.40722655517352147,0.7710884353741496,0.8095238095238095
C05765766_0,3,Clinton,en,0.43216726065267363,0.31007989906858735,0.2879538424827268,0.3995101433817756,0.6367320412047833,0.6367340067340066
C05782655_3,3,Clinton,en,0.45219177653009335,0.34464526136458773,0.3506107744402599,0.4585324077041639,0.617221845196253,0.6561507936507938
C05779254_0,2,Clinton,en,0.4318399628009976,0.306827371615552,0.3436962709427159,0.42039079125190787,0.6307905301361929,0.5896258503401359
C05798136_0,1,Clinton,en,0.4259059992725368,0.34581611602308765,0.34812587587924804,0.47130950247819864,0.5805083966767473,0.43597883597883597
C05791360_1,3,Clinton,en,0.4149079338210597,0.3994618264639527,0.33779457337609714,0.47328247684394836,0.6596059577677226,0.47208994708994706
C05762267_0,2,Clinton,en,0.4959580303693716,0.3892675728905676,0.37645485472729157,0.5127992242547899,0.7653061224489797,0.7095238095238096
C05772032_1,2,Clinton,en,0.44560474987996945,0.43310383908383415,0.32149882463766477,0.5332540862360274,0.6696623145750644,0.6396103896103896
C05780344_3,2,Clinton,en,0.49526585728170736,0.38804618229170645,0.33755061656652635,0.43765741486649395,0.7602040816326532,0.7095238095238097
C05783913_3,3,Clinton,en,0.4352791970841026,0.3089388898736242,0.3451863030452391,0.4397868653396368,0.5966158616336663,0.4632077073253544
C05760235_2,3,Clinton,en,0.4752065473902946,0.44965748537177097,0.3222268562385676,0.4575113895369747,0.9199999999999999,0.9
C05780380_2,3,Clinton,en,0.4928253150712787,0.41065465424709124,0.39322707871375107,0.4427952414868641,0.7121527777777779,0.6541666666666667
C05777828_0,3,Clinton,en,0.47812410986758774,0.40787855934914763,0.3375875807790124,0.46459048689071814,1.0,1.0
C05793476_7,3,Clinton,en,0.4764579890754548,0.3772597583822074,0.3300617716866481,0.4905121111880198,0.745269016697588,0.7857142857142857
C05795590_1,2,Clinton,en,0.41269362191539405,0.4005903738137935,0.3180837875229751,0.3754459297170931,0.6578176725235548,0.5573593073593073
C05796049_1,1,Clinton,en,0.4842059024281226,0.47085709988935803,0.35716367248612524,0.43594787269110435,0.6950462037962037,0.7323809523809524
C05789962_1,1,Clinton,en,0.418588255274454,0.3865562870610249,0.3513894316557542,0.4496722481673222,0.6222967935414654,0.5356854256854257
C05762971_2,3,Clinton,en,0.43579310565210183,0.2832241230548732,0.2725149520824552,0.4451852077750469,0.6033145208017331,0.6967687074829932
C05777707_2,2,Clinton,en,0.4786696612069479,0.4004640202184531,0.32684916934577596,0.43601872071240805,0.716325649658983,0.6174603174603175
C05767721_2,1,Clinton,en,0.4223402497324533,0.3592961329979438,0.29511699511900435,0.4066427707646634,0.6175176832261232,0.5264069264069264
C05781749_0,3,Clinton,en,0.5112037618538325,0.451234712999419,0.3552591425311727,0.43042014899687253,0.9199999999999999,0.9
C05774157_0,1,Clinton,en,0.5267750685695994,0.4023020927178381,0.38997001413864835,0.46103247332426595,0.7254103535353535,0.6874999999999999
C05776714_1,2,Clinton,en,0.44665995485122234,0.41105354340648453,0.32446212843327693,0.4549410481679135,0.9199999999999999,0.9
C05768350_0,1,Clinton,en,0.5375384019547886,0.5472070413246884,0.38328960337907836,0.4568668814799224,0.7653061224489796,0.7333333333333333
C05792688_3,1,Clinton,en,0.5047344167414177,0.45367727510584654,0.40086292272359075,0.4797958574397789,0.8015873015873015,0.7111111111111111
C05761753_1,3,Clinton,en,0.4984826620313817,0.43328431907435083,0.34113022914293145,0.45328786795398385,0.7228948135198134,0.7791666666666667
C05788326_3,3,Clinton,en,0.47124876208762484,0.5260154061624649,0.3438195924954797,0.46078103115872726,0.6474467812316109,0.6133597883597884
C05760487_1,3,Clinton,en,0.45538792593271316,0.4323344448027813,0.3464301990513967,0.42204755783012815,0.6559429132958544,0.5541125541125541
C05776965_1,3,Clinton,en,0.48126974583461224,0.37426514054421034,0.33062410841841855,0.47192866374400283,0.9199999999999999,0.9
C05770647_2,3,Clinton,en,0.48734123921491695,0.3943297443297443,0.34017628528773985,0.438571785859732,0.9199999999999999,0.9
C05788751_1,2,Clinton,en,0.4352737372479927,0.3279754386501793,0.3441515425483261,0.4201378230104015,0.7009390609390611,0.5726190476190477
C05772825_0,1,Clinton,en,0.4453072408338496,0.34678396999825556,0.3623243753801358,0.4728848353442115,0.6484333280095664,0.5003968253968253
C05786375_7,3,Clinton,en,0.42707858009495275,0.32400828413900307,0.2933023168161167,0.41611717591170166,0.6389154144772811,0.5160430839002268
C05777597_1,3,Clinton,en,0.46279751385633483,0.3317884588929213,0.3452751228628827,0.4847922357050699,0.7139428472761806,0.7269841269841271
C05779443_1,3,Clinton,en,0.3913033615773846,0.4492648801371375,0.32900862050286883,0.5057018442612136,0.7255830589163923,0.7595238095238095
C05760678_1,3,Clinton,en,0.4931921921465127,0.3338688332314265,0.3335510727774307,0.479524992612536,0.7075936409269743,0.7322751322751322
C05784352_3,3,Clinton,en,0.4534449852298288,0.4455031557417793,0.34209490218823585,0.4364702666772594,0.7361742424242425,0.7886904761904762
C05791982_0,3,Clinton,en,0.4505745544486674,0.40554667554667545,0.33669454723789227,0.46234397709481395,0.7139204545454545,0.6916666666666668
C05760372_2,2,Clinton,en,0.4812984291598237,0.4276929092323334,0.35072098303563154,0.415976695326446,0.8065476190476191,0.8222222222222221
C05774927_2,3,Clinton,en,0.39329700736462,0.42777504098507896,0.28506632456772346,0.42234442572449193,0.6482541194615498,0.6095848595848596
C05783899_3,2,Clinton,en,0.4249638384889671,0.5538450187318964,0.33180964398522433,0.48604868410266455,0.632178361775332,0.5880952380952381
C05779134_2,2,Clinton,en,0.4309849054315797,0.33641470796760364,0.3507418622674731,0.42495993453566083,0.6143663524282191,0.5107709750566894
C05791520_1,3,Clinton,en,0.4605186134332899,0.38767995251713716,0.337856302543603,0.45391595417858355,0.7676870748299319,0.719047619047619
C05739878_0,3,Clinton,en,0.42737317471702263,0.31691764517088683,0.35040521294905286,0.4377721395371405,0.634739946044294,0.5941094619666049
C05758731_1,1,Clinton,en,0.48450125739982,0.3852898191133484,0.34016206647960073,0.4389732725480741,0.6903259240759241,0.49190476190476196
C05790219_0,1,Clinton,en,0.5386238377137178,0.452577530291346,0.34920614164262,0.44796907044572853,1.0,1.0
C05766869_2,3,Clinton,en,0.5286719750886261,0.34706213924963925,0.3664748573847043,0.4338592876393628,0.7653061224489796,0.7095238095238096
C05789173_4,1,Clinton,en,0.4304556079950116,0.3185404845043398,0.3324052999302351,0.485340286656733,0.6370771041823673,0.6974025974025974
C05776395_1,1,Clinton,en,0.4603913917918585,0.3479888719688586,0.3455346422341492,0.46956598549732476,0.6610489184018596,0.548917748917749
C05782474_0,3,Clinton,en,0.4154958569185925,0.35125192509514064,0.34767203660536705,0.41847239640352607,0.6164529939164003,0.5331980519480519
C05758788_3,3,Clinton,en,0.48292907653572753,0.3616637499616223,0.3130475951446858,0.49524802938214146,,
C05791204_1,1,Clinton,en,0.36733583151086435,0.4349504555359987,0.2931810144550458,0.40757759159759765,0.632438172637476,0.5327380952380952
C05764749_3,1,Clinton,en,0.494608428797487,0.38656736217711846,0.342703167741333,0.45160997144273535,,
C05768272_0,1,Clinton,en,0.4491568990679759,0.4005854816375177,0.345367587759308,0.4164848073386808,0.7063186813186813,0.6564285714285715
C05777978_1,3,Clinton,en,0.4075110029330806,0.4089788912536816,0.26296183165714576,0.4551633559269332,0.6147934954360785,0.6024936868686869
C05789531_7,3,Clinton,en,0.41231831187418116,0.3943784273616205,0.32522323170904094,0.452862375424602,0.7653061224489796,0.7095238095238096
C05792643_1,3,Clinton,en,0.423512669904597,0.40931700728212356,0.35050777991056925,0.45864003050843793,0.6590707538075958,0.6793706293706294
C05776651_1,2,Clinton,en,0.45468802564061783,0.37715811266231425,0.3448665416110915,0.4262670418795184,0.7568027210884354,0.6238095238095239
C05780742_3,2,Clinton,en,0.47018759647585073,0.5399567834126657,0.34738596994532656,0.4488821448102783,0.6213499946762331,0.6101190476190477
C05768266_0,3,Clinton,en,0.46413082729086913,0.35316198696633466,0.3351349807077818,0.4301354684471642,0.703030303030303,0.6370370370370371
C05771249_2,1,Clinton,en,0.4945022647836462,0.2786985446714555,0.36219640800156144,0.4565326847591319,0.6472521802243164,0.5431623931623932
C05791228_1,2,Clinton,en,0.5106795052709816,0.4547302506861332,0.33219954703589427,0.4659003130423735,0.8065476190476191,0.8222222222222223
C05790669_0,3,Clinton,en,0.5158501162591825,0.4410069097569098,0.3878524372085094,0.48034728674910915,0.9199999999999999,0.9
C05787763_1,1,Clinton,en,0.4464291032177974,0.369511002545029,0.327170460814482,0.4558496008646794,0.9199999999999999,0.9
C05771261_1,3,Clinton,en,0.43419306809052877,0.3670318183265423,0.28729480075649017,0.3931023003853563,0.6048793023048082,0.6049107142857142
C05779969_0,3,Clinton,en,0.4783362209930845,0.3950498011473621,0.3291759323989061,0.4661151031004435,0.9199999999999999,0.9
C05770630_1,1,Clinton,en,0.4818749330754068,0.3576012063816942,0.3383697161543567,0.46453328621637024,0.716325649658983,0.6158730158730159
C05767551_2,1,Clinton,en,0.44289439072518355,0.4404479457194389,0.32910436168293694,0.4756025832918118,0.649969935597466,0.5390276390276391
C05769895_0,3,Clinton,en,0.42306512868850776,0.3675842381246875,0.28638722572862196,0.42650884951871104,0.6306752671250873,0.6667285095856522
C05764902_2,3,Clinton,en,0.4671433973942699,0.3444735419766846,0.33470756759142517,0.44070043953488464,1.0,1.0
C05771923_3,2,Clinton,en,0.4285301415704442,0.31896768146447263,0.3423216341192744,0.4254651877627244,0.648481420540244,0.7333333333333333
C05781837_0,3,Clinton,en,0.42285713642719136,0.32416638425083755,0.33626154194151986,0.4684001177083981,0.6430188748300204,0.5948051948051948
C05779946_4,3,Clinton,en,0.42426550976856486,0.37563468252239496,0.3491507727460399,0.4583419151946948,0.6683488080546903,0.49264069264069266
C05772191_1,3,Clinton,en,0.4252764694553232,0.33373616480427604,0.29405454327043934,0.4046112661330551,0.6348973631287873,0.6867724867724867
C05778690_1,3,Clinton,en,0.46303569484515283,0.37967497068825734,0.32655548887554503,0.4685001707741831,0.6243778926387622,0.4292063492063492
C05766581_1,3,Clinton,en,0.493005704912819,0.35976380629782434,0.3574978165577621,0.4606431120346317,0.8015873015873015,0.7111111111111111
C05791010_0,3,Clinton,en,0.40603015906030376,0.4314313808481709,0.28426191536655454,0.3987712422232879,0.5586022363677903,0.47071846282372604
C05789895_1,2,Clinton,en,0.47031950852636256,0.4447894832553285,0.3527988369720228,0.4588234964534574,0.7168288501621835,0.6529100529100528
C05761468_0,3,Clinton,en,0.4623816230592172,0.336301787438151,0.35757606400427455,0.4186611362145792,0.6880819180819182,0.5076190476190476
C05773813_0,1,Clinton,en,0.47921252850767415,0.4117723942723943,0.41149512385571474,0.46410367656724444,0.8065476190476191,0.8222222222222223
C05785207_0,3,Clinton,en,0.44690600106182016,0.4298286349437243,0.35680032212641183,0.4491478092882227,0.6292186245843366,0.5460317460317461
C05782445_1,2,Clinton,en,0.4565429986575593,0.33955530529519484,0.343701565495229,0.4558943450287331,0.7213181879848547,0.7031746031746032
C05792813_1,1,Clinton,en,0.4645445785845168,0.2945109728625121,0.3181487760710628,0.4317108793213155,0.6633850762527232,0.5783068783068782
C05789582_1,1,Clinton,en,0.4591828117212726,0.33213254180746427,0.35113086934906285,0.4435512617231419,0.7330808080808081,0.7511904761904761
C05769431_2,3,Clinton,en,0.43369768397778835,0.28130239575017474,0.33528565469073823,0.46142293794640815,0.6713458110516933,0.5112554112554112
C05775475_1,2,Clinton,en,0.4895283840452272,0.4357887388456807,0.348464581737798,0.43016482585791666,0.7139204545454545,0.7000000000000001
C05776069_1,3,Clinton,en,0.4815092222082152,0.4642759271044626,0.3921257767091348,0.4544466751651685,0.9199999999999999,0.9
C05775623_2,3,Clinton,en,0.45144164248260965,0.3654712519078278,0.33040707062768504,0.48452582467099503,0.7619047619047619,0.6238095238095237
C05792551_0,3,Clinton,en,0.4321592471114961,0.31673778155292026,0.33610766724174296,0.4401692795719133,0.6564066308648352,0.4597402597402597
C05769676_0,2,Clinton,en,0.49532901674512336,0.38482403501585083,0.33657297523957924,0.4556791047374171,0.7602040816326532,0.7095238095238097
C05769518_2,2,Clinton,en,0.41734935788385763,0.37791231852951607,0.35389735379093407,0.45076291596581625,0.5821531835924638,0.4495331465919701
C05769121_0,2,Clinton,en,0.4133075437212749,0.38535814706203897,0.3435761513658738,0.4284239369209631,0.6634921431572148,0.6461038961038962
C05794547_0,3,Clinton,en,0.41195723165168324,0.33466108418362034,0.35227533654997545,0.4656527905240589,0.6441172862225493,0.599145299145299
C05791150_1,1,Clinton,en,0.5022106489981184,0.3637579646966998,0.37207516329270846,0.4911038120523771,1.0,1.0
C05791303_0,1,Clinton,en,0.4564649531599109,0.3933964819152653,0.3613308718001912,0.4373698130007684,0.6645021645021645,0.4090909090909091
C05781280_0,3,Clinton,en,0.4252426970212493,0.334203750931323,0.27366277351980806,0.42415726108627494,0.6296864126585489,0.53003663003663
C05796741_0,2,Clinton,en,0.4806936620854498,0.40488211788211786,0.3679764404673767,0.3867269144670969,0.699845154845155,0.5404761904761906
C05781291_2,3,Clinton,en,0.4587787293279287,0.3692618039556815,0.34121559728239786,0.42450146180420517,0.7271780303030303,0.5708333333333333
C05791690_0,2,Clinton,en,0.40216250126265074,0.3699256079193786,0.33883796047213777,0.4433161841377228,0.6357470187191551,0.5307692307692308
C05794439_2,3,Clinton,en,0.4256720656710533,0.3304586743072963,0.3303361643663436,0.46703823491565766,0.6896203796203797,0.6811904761904761
C05785082_1,1,Clinton,en,0.41480350475738625,0.34480224067140297,0.27348701300066275,0.42665428539089395,0.6691103014632426,0.6216450216450216
C05770461_2,3,Clinton,en,0.4969757550410618,0.32911727193734125,0.32916848959461525,0.48146511366476913,0.7369002525252526,0.7916666666666666
C05771654_0,3,Clinton,en,0.4796517845608791,0.4110943150416835,0.32681039509011933,0.48700106144712185,0.7710884353741496,0.8095238095238094
C05767836_0,1,Clinton,en,0.5370933182802525,0.44654098624686867,0.3837436616968173,0.4468348578137598,0.9199999999999999,0.9
C05771355_0,1,Clinton,en,0.4505934671864829,0.36420775646781833,0.315069735161137,0.4290585125662019,,
C05792174_2,3,Clinton,en,0.447474728759887,0.39518138121341323,0.34064880130811526,0.4430065185034622,0.6843797379091496,0.6461904761904763
C05769219_5,2,Clinton,en,0.4566478436701476,0.3599923888747418,0.3498157827002619,0.4549088645282655,0.7139428472761806,0.5677248677248676
C05762902_2,2,Clinton,en,0.5206774582939575,0.43097959026267846,0.33785030481031353,0.45996593632416755,0.6991858141858143,0.6233333333333333
C05788605_0,3,Clinton,en,0.4647110542712481,0.36259571978823313,0.3232436473923771,0.4810317243743756,0.7024225774225775,0.6576190476190475
C05785454_0,3,Clinton,en,0.42531177884613447,0.3296464951018877,0.3652148417674209,0.43164678970595916,0.6962599900099902,0.6266666666666667
C05798053_0,3,Clinton,en,0.4989813923507431,0.41051764486667547,0.33485406654863537,0.4742014929021613,0.7139428472761806,0.575132275132275
C05773670_3,1,Clinton,en,0.49574866548755037,0.2923326673326673,0.3425680717513327,0.4179542480001041,0.8015873015873015,0.6
C05781278_3,1,Clinton,en,0.5047725693002363,0.5414772574239485,0.3298706148251356,0.44974890217964025,0.6535180505768742,0.6114718614718616
C05790658_0,1,Clinton,en,0.4858247520857796,0.447849090173337,0.3421905896632601,0.4521735793478062,0.7452690166975883,0.7857142857142857
C05798112_0,3,Clinton,en,0.4695312351643455,0.32602452081599764,0.33285003700360616,0.4831102462207078,0.814484126984127,0.8388888888888889
C05796283_3,3,Clinton,en,0.4217175239844426,0.3650260084260337,0.26429282131418225,0.4292601503489903,0.6355192900612154,0.54421768707483
C05788436_1,3,Clinton,en,0.4239827142980228,0.4186156167719961,0.35406446041823214,0.4094624609392707,0.6607476892016365,0.6365740740740742
C05790125_0,2,Clinton,en,0.4608962807965562,0.3374481102422277,0.34560835779540217,0.4422100631203099,0.626447885432944,0.7326839826839827
C05784478_0,1,Clinton,en,0.4587601239346295,0.36125632516622447,0.3775815773210201,0.39583050356009314,0.6457158521303259,0.6314814814814815
C05798137_0,3,Clinton,en,0.46552400038066116,0.36415847097391646,0.3555318978190086,0.44708435635700444,0.7296085858585859,0.6041666666666666
C05771101_0,3,Clinton,en,0.48148217130433785,0.34513379574355196,0.39609438542720954,0.4433529773933494,0.8015873015873015,0.7111111111111111
C05772989_2,3,Clinton,en,0.5203300791403298,0.38828794662128,0.33778518631759413,0.5049330250461005,0.8065476190476191,0.8222222222222223
C05762253_2,3,Clinton,en,0.4523853879504681,0.37326906726617404,0.3409869493550249,0.4876472345866378,0.8065476190476191,0.8222222222222224
C05791573_0,3,Clinton,en,0.4413853625486134,0.4429909095134007,0.2959452328719664,0.4982671034752582,0.6474862093960393,0.5075396825396826
C05797161_1,1,Clinton,en,0.4583665374187688,0.3719366506449745,0.3598100358944348,0.45293777521328565,0.6795654345654345,0.7285714285714285
C05786935_5,3,Clinton,en,0.5435893547238259,0.4484126984126985,0.35979549698384666,0.4320412177097247,0.7568027210884353,0.6571428571428571
C05772633_0,1,Clinton,en,0.47862234574065493,0.38851165010179567,0.3475272895227679,0.48625244952106483,0.6650432900432901,0.41818181818181815
C05763123_1,2,Clinton,en,0.5302416112061349,0.37365501124692313,0.4097718569495449,0.45827586993465924,0.733080808080808,0.7011904761904761
C05778869_1,1,Clinton,en,0.44097691006524037,0.4304240986192971,0.3525331535682781,0.4747257998805163,0.6003680451440947,0.5435019841269841
C05770450_6,2,Clinton,en,0.44246076206343166,0.49702525331328584,0.35762013214479976,0.4429294841938512,0.7313762626262625,0.7125
C05794497_1,1,Clinton,en,0.4292310429618808,0.36388376068198075,0.26900238498745904,0.43575813073802366,0.6241808975052009,0.5601190476190476
C05772490_0,3,Clinton,en,0.5333916202137924,0.3904549288607259,0.3313160214809009,0.4892329333410097,,
C05783945_1,1,Clinton,en,0.4290914523725428,0.37343575316582256,0.3454361290105782,0.45540034461413625,0.7452690166975883,0.7857142857142857
C05790088_1,2,Clinton,en,0.4527170434303918,0.3762075348233081,0.35037578753313026,0.4339500977039949,0.6659673511277789,0.5232323232323233
C05786565_1,2,Clinton,en,0.5191792738480434,0.3581716894216895,0.35711770541177834,0.4542203961506668,0.733080808080808,0.6553571428571429
C05780081_4,1,Clinton,en,0.4638612440612426,0.36393349377778433,0.32863900910380656,0.4750809970666493,0.7676870748299319,0.7952380952380953
C05766806_1,3,Clinton,en,0.45493093818698804,0.3570276392046726,0.3589106801916101,0.4358063141098638,0.721937321937322,0.7145502645502646
C05772170_0,1,Clinton,en,0.4549935089809643,0.4057487520151532,0.36236277919228377,0.44737962910707657,0.6249370579658254,0.6064162028447743
C05764690_0,1,Clinton,en,0.4823172493341673,0.4138059163059163,0.34803859983724444,0.4389963135908833,0.6576511723570547,0.641991341991342
C05797066_2,3,Clinton,en,0.487470523846965,0.3505913530913532,0.33778050668116594,0.4098655803811938,0.6977435064935065,0.628095238095238
C05784362_3,3,Clinton,en,0.491284299691416,0.4093435776721286,0.3142621727229209,0.49101287172694796,0.6559275025799794,0.5842592592592594
C05764494_5,1,Clinton,en,0.4525855980460693,0.39556125480495213,0.36171716855344876,0.4301575990343931,0.6624225447754859,0.5658008658008659
C05767828_1,2,Clinton,en,0.45413775899422615,0.347348693908827,0.33175694518161597,0.4778180103352984,0.6266230381992934,0.5984126984126984
C05767522_1,2,Clinton,en,0.4531952913817933,0.3967717116936625,0.33762646062348756,0.4409689559442691,0.7009390609390611,0.542142857142857
C05764466_2,3,Clinton,en,0.4258000460122684,0.31674622396403174,0.3624338148634975,0.4256266231691167,0.6383905929668313,0.6681216931216932
C05798205_0,1,Clinton,en,0.4811537248468675,0.43164664113256535,0.35221774819703155,0.4446039285256948,0.7152896486229819,0.6603174603174604
C05780888_3,2,Clinton,en,0.46290115883946026,0.33695952107435356,0.32791350754650195,0.47389672267507876,0.6467731614790438,0.7220779220779222
C05782534_1,1,Clinton,en,0.46780709530129966,0.3573720872116593,0.3547111561242956,0.4484175871925842,0.9199999999999999,0.9
C05764413_3,3,Clinton,en,0.46247023560976047,0.3964506817346486,0.34490224438802275,0.47635443391550353,0.6359272015282246,0.48333333333333334
C05766361_3,2,Clinton,en,0.45078501358915785,0.39163480326159744,0.33928162869431716,0.4743964444079144,0.7361742424242425,0.7886904761904762
C05769409_1,3,Clinton,en,0.46221107685068114,0.33504083231364223,0.34457247012992775,0.445367244003171,0.6073757000151087,0.6212602212602213
C05793894_3,2,Clinton,en,0.45225122729005346,0.3740611418496033,0.3318833092427057,0.4112781364815528,0.9199999999999999,0.9
C05794042_2,1,Clinton,en,0.488901253044191,0.31397725081935607,0.3970788445917731,0.4448885112992627,0.8015873015873015,0.7111111111111111
C05789633_0,2,Clinton,en,0.5580991295758883,0.4611321548821548,0.34175039324538126,0.5010478091386238,0.814484126984127,0.8388888888888889
C05764786_2,1,Clinton,en,0.45485495222243133,0.3753408410610625,0.35401212803411797,0.430773843356398,0.6438138050796215,0.6009920634920635
C05769230_2,1,Clinton,en,0.47937100136104616,0.384397348683063,0.3244818576765439,0.4677151168855991,,
C05768649_1,3,Clinton,en,0.47991436156803113,0.3488008115915094,0.33966552459834987,0.4740436200643589,0.7067994505494506,0.7577777777777778
C05772595_1,3,Clinton,en,0.4669964764359226,0.44266965423828164,0.33336946759088837,0.4872798833752912,0.6920832254165589,0.773015873015873
C05762753_2,2,Clinton,en,0.4438223801027495,0.38355276350374373,0.3443701335895674,0.42435979838693544,0.7653061224489797,0.7095238095238096
C05759555_1,3,Clinton,en,0.4969438691898457,0.3628004838298956,0.34909324586319107,0.4653825008683978,0.7602040816326531,0.7095238095238096
C05760244_2,2,Clinton,en,0.49351572323828957,0.4478885548791774,0.35515673045202706,0.39994320437878494,0.7229797979797981,0.5750000000000001
C05793697_2,2,Clinton,en,0.5001504899885295,0.39080189492064765,0.35147347724556016,0.4380158806155048,0.9199999999999999,0.9
C05772632_0,3,Clinton,en,0.42188066535373103,0.3176989447519402,0.3370645019476683,0.4470875687809293,0.6962637362637363,0.5266666666666666
C05781935_0,1,Clinton,en,0.5000216418132547,0.4221431165058616,0.39838841808421316,0.4519984882587025,0.7936507936507936,0.611111111111111
C05775534_1,1,Clinton,en,0.4695220328147507,0.417715291271977,0.3544426047999129,0.4265370829808655,0.70336083669417,0.6751322751322751
C05784936_0,3,Clinton,en,0.4565676499168052,0.38601494877005066,0.3321117924719287,0.46316800836404537,0.7602040816326529,0.7095238095238094
C05769188_0,2,Clinton,en,0.45499828084120747,0.3698543977390131,0.3436112210956599,0.4343262679514812,0.7568027210884353,0.5714285714285714
C05761047_1,3,Clinton,en,0.45700262483474396,0.346125633789278,0.325892474562026,0.4561424914227477,0.6901011488511488,0.6371428571428572
C05797372_1,1,Clinton,en,0.46061189798615565,0.34602345077051067,0.34818707796203907,0.46057305756698097,0.7313762626262627,0.7124999999999999
C05798101_0,1,Clinton,en,0.4142646111462264,0.44233794250125513,0.3077787197485442,0.4374526853835421,0.6904907592407594,0.611904761904762
C05784908_1,3,Clinton,en,0.4555960675904356,0.35560011287377,0.3525952918806795,0.42168598855179884,0.7254103535353535,0.5125
C05790087_0,3,Clinton,en,0.44266977898472815,0.4943140163333502,0.34711391731840846,0.4339527505597031,0.9199999999999999,0.9
C05777707_1,3,Clinton,en,0.4939313119176147,0.42559076076619917,0.3019942567869497,0.5141046126113085,0.7006388673055339,0.7936507936507935
C05791022_0,3,Clinton,en,0.4924122400314472,0.3738331113331113,0.3183710582993518,0.47504858424906804,0.7163510101010101,0.7000000000000001
C05786160_1,1,Clinton,en,0.47127473396224484,0.37524101072229404,0.3559979407578761,0.44375852567394874,0.7296085858585859,0.6041666666666666
C05784722_2,2,Clinton,en,0.5057387518090347,0.49989084989085,0.3077039094910899,0.4480697458469413,0.7710884353741496,0.8
C05787921_9,1,Clinton,en,0.4318356415811616,0.36216230816313577,0.33830741160672806,0.44632516248600484,0.6386496265172735,0.5154761904761905
C05778234_1,3,Clinton,en,0.4937615805497157,0.4080510952462173,0.36687642363259226,0.4178723195341373,0.7687074829931972,0.7238095238095238
C05772734_1,3,Clinton,en,0.4632153120892672,0.29331507767336656,0.351202037046965,0.43118298275428363,0.7181213847880514,0.6835978835978836
C05765792_0,2,Clinton,en,0.4316040989383808,0.32345328586749716,0.26414001844435486,0.4133999510913633,0.6122719237476558,0.5606009070294785
C05765670_1,3,Clinton,en,0.4578206408276567,0.3155237593442481,0.32495347400060665,0.44893759673678485,0.7795918367346938,0.8238095238095238
C05789021_1,1,Clinton,en,0.45675940260271364,0.37649567679418416,0.3490594180877384,0.40485852119523613,0.6965145965145966,0.6222222222222222
C05761919_3,2,Clinton,en,0.428831983353073,0.3368914902885085,0.3007354621110736,0.38317549120922917,0.5777548686530248,0.44799253034547143
C05779342_11,3,Clinton,en,0.46191648926048456,0.3699700916331561,0.34852237854650975,0.4572083936346427,0.6960230945525063,0.7292857142857143
C05788079_3,2,Clinton,en,0.48985380881950813,0.3616761616761617,0.333538591649963,0.5316469384311009,0.7205905205905206,0.6886243386243386
C05790075_0,3,Clinton,en,0.43393812385204034,0.33082073621989583,0.35331193903367236,0.44308962281869235,0.7254103535353535,0.5375
C05778464_3,2,Clinton,en,0.43499256144770654,0.4327905227000248,0.3368631947791676,0.46748031547745933,0.8015873015873017,0.7111111111111109
C05788421_0,3,Clinton,en,0.4441000954068583,0.38282260369617677,0.3256988726922417,0.45494549815736507,0.6606032856032856,0.6967532467532468
C05762818_0,3,Clinton,en,0.5307795942778654,0.46888308759966524,0.3896218138950964,0.45853660150849596,0.7327020202020202,0.7166666666666667
C05769873_3,3,Clinton,en,0.49594234417582467,0.3935678571514484,0.3368570302800897,0.4256726784756217,0.7568027210884354,0.6238095238095239
C05790675_0,1,Clinton,en,0.4617267948326424,0.36113476662478466,0.36051542025664063,0.43018711181908226,0.6543572292235393,0.7158008658008659
C05772725_1,3,Clinton,en,0.4786022153856081,0.4080189488873699,0.323818088769879,0.45886746954456514,0.7372790404040404,0.7136904761904762
C05780978_2,3,Clinton,en,0.4911449382438509,0.3777235550826883,0.3472976921029581,0.4349153593186914,0.7132373799040466,0.7957671957671957
C05771864_0,1,Clinton,en,0.5013097559544952,0.3919099832915623,0.3187005224769304,0.4439507105954873,0.6916342916342917,0.6555555555555554
C05781746_0,3,Clinton,en,0.4320311526277525,0.289773157806246,0.34853781468663636,0.4502559369172818,0.6799083269671505,0.6852092352092354
C05761095_4,2,Clinton,en,0.42566188605488914,0.3621458006539873,0.3338686845805886,0.4741595572739723,0.6267769315083893,0.624908424908425
C05791604_1,1,Clinton,en,0.45343009525186884,0.3571521869484717,0.3360604659480358,0.4452941822974582,0.8095238095238094,0.8666666666666667
C05762853_20,3,Clinton,en,0.4252057063652435,0.401038352746541,0.2792715244943648,0.4235598210707079,0.6531705985363107,0.5596560846560846
C05767568_1,3,Clinton,en,0.45912801430855565,0.4125581906016689,0.3182238231580004,0.4402517794506908,0.6447416138675963,0.6764346764346765
C05767700_0,3,Clinton,en,0.4489843018241109,0.4203853840752237,0.3555842089358226,0.45866925369472594,0.7082448415781749,0.7566137566137565
C05758891_19,3,Clinton,en,0.42779468315094027,0.34662843990462094,0.35200173146493396,0.4294614718266113,0.6505963584840591,0.7724386724386725
C05762740_0,1,Clinton,en,0.4873536380591877,0.41195406554613145,0.36926796416043656,0.4681486830821526,0.7676870748299319,0.7952380952380952
C05759602_1,3,Clinton,en,0.4553468725686527,0.36854761277275894,0.32744184187331354,0.4671205382026294,0.6819193306693307,0.7166666666666667
C05769627_0,2,Clinton,en,0.4839002858366572,0.35545367331081623,0.34478635319877754,0.4241837323516334,0.7237873237873238,0.7960317460317461
C05762947_1,3,Clinton,en,0.4281923378175746,0.3288710483522924,0.2660844678917427,0.4475935825868523,0.614868190994812,0.561058201058201
C05768587_1,1,Clinton,en,0.49084508357312334,0.37290337290337305,0.3630836538668562,0.457345560755307,0.8015873015873015,0.7111111111111111
C05767224_1,1,Clinton,en,0.45714469488177517,0.39523839120098675,0.3564231139547796,0.44742196344964025,0.7200577200577201,0.6626984126984127
C05794691_0,2,Clinton,en,0.4984433912636805,0.41925841662683777,0.32841366223992124,0.477118724321711,0.6886176323676324,0.5928571428571429
C05769678_2,3,Clinton,en,0.40863839583552763,0.3709248134332384,0.33698343896718885,0.4656547739146966,0.7059752747252748,0.7311111111111112
C05769906_0,3,Clinton,en,0.4842925946647937,0.42304507661650526,0.39427326088403103,0.43889370076822104,0.8065476190476191,0.8222222222222223
C05770298_0,3,Clinton,en,0.48345196269484686,0.37640998174885637,0.3539400265254146,0.4972504382931871,1.0,1.0
C05791625_2,3,Clinton,en,0.4899160792001499,0.3287265644408502,0.31364195093464325,0.4844960411276189,0.9199999999999999,0.9
C05791096_2,2,Clinton,en,0.4498628440132708,0.3985016196518418,0.33757473243203284,0.44728861269072373,0.6231090496079054,0.6283882783882784
C05779342_7,3,Clinton,en,0.5192492211389875,0.3317698641228053,0.3151598048477325,0.45675936447169374,0.6849000999000999,0.6066666666666667
C05778423_8,3,Clinton,en,0.4776398868396085,0.42247843659608375,0.3559094966138442,0.43078490541455583,0.7568027210884353,0.5714285714285714
C05781835_0,2,Clinton,en,0.48515479332839606,0.37458825181937305,0.34905926470943816,0.46516962871697526,0.6501451238390092,0.5253968253968254
C05795876_4,2,Clinton,en,0.4537577984058493,0.4104187428760049,0.35516475303851786,0.4374229547696648,0.6425177419759464,0.5813852813852813
C05767271_2,3,Clinton,en,0.4376719232750349,0.4333358948743563,0.3429769199486813,0.45219327667926407,0.7097643097643097,0.6777777777777777
C05764140_1,1,Clinton,en,0.48468940268879984,0.3668285771899988,0.35490175560418336,0.4567643503432134,0.814484126984127,0.8388888888888889
C05791065_3,2,Clinton,en,0.5251121097069468,0.37788388082505725,0.3388387546882225,0.45027497137202854,0.7676870748299319,0.7952380952380953
C05764254_0,3,Clinton,en,0.45500109741170364,0.39208490583490563,0.325829768303604,0.45390315890643956,0.7254103535353535,0.6333333333333333
C05782900_0,3,Clinton,en,0.40798288696760115,0.3868069509884326,0.3349492965984485,0.4413527399896236,0.7653061224489796,0.7333333333333333
C05789952_1,1,Clinton,en,0.46300202207192465,0.31922952966151497,0.36561902101867,0.42926974979382077,0.5765511482531165,0.5390211640211641
C05770280_0,3,Clinton,en,0.5145902178999054,0.3722850452017119,0.396066807314295,0.468684555194629,1.0,1.0
C05779417_2,1,Clinton,en,0.5029145442727744,0.355858528935452,0.33293236019174005,0.4710846002492999,0.7602040816326529,0.7095238095238094
C05798192_1,3,Clinton,en,0.48747244465423395,0.416163440317852,0.32583223593705685,0.46907201252715447,0.7313762626262625,0.8083333333333333
C05783165_0,3,Clinton,en,0.49139585904608096,0.3723991239039119,0.3536383317570427,0.4236318356624321,0.7296085858585859,0.6791666666666666
C05789558_1,2,Clinton,en,0.5250126051458248,0.4531519790413071,0.3458837627872803,0.40950932842203547,0.6991858141858142,0.6004761904761906
C05759031_2,3,Clinton,en,0.49287491444015896,0.4334238473944356,0.3574331153673783,0.40144879430233515,0.9199999999999999,0.9
C05798129_0,3,Clinton,en,0.46112596334326267,0.3576676047264281,0.35241103011244285,0.4238497391514419,0.7653061224489796,0.7095238095238096
C05771115_1,3,Clinton,en,0.4079405892696042,0.4381502407626974,0.34968533505730026,0.4708281093206079,0.6578350374112758,0.6236772486772488
C05793237_0,3,Clinton,en,0.5331544360608896,0.42053391053391054,0.3809457725847549,0.5285629134304898,0.8065476190476191,0.8222222222222223
C05792192_1,3,Clinton,en,0.4171605201369402,0.37202689755223706,0.3478928957312866,0.47522351614846964,0.6671845292025421,0.6943722943722944
C05783037_0,2,Clinton,en,0.41981045189585725,0.3950762975567486,0.33450178275555437,0.44622192501849317,0.7313762626262625,0.7125
C05782326_0,3,Clinton,en,0.5450386324505555,0.4660390720390721,0.3434025295053096,0.4833325588780635,0.7212121212121212,0.5499999999999999
C05761827_0,3,Clinton,en,0.5310567446619399,0.33244203712953724,0.3838401226026729,0.5025789618119051,0.8065476190476191,0.8222222222222223
C05768726_0,1,Clinton,en,0.4363324074374974,0.3620506074819919,0.3716645795294536,0.42327757303021574,0.6342982314623374,0.6205318491032777
C05791362_0,3,Clinton,en,0.49267822179157295,0.3212819000744697,0.32874046813892466,0.46769764977246003,0.6539343921935015,0.6056943056943057
C05788451_1,3,Clinton,en,0.43560485635780366,0.2786737772031889,0.3456227867243041,0.43070651521658393,0.6926336163836163,0.6414285714285715
C05786672_1,3,Clinton,en,0.41964285982751237,0.3354104375157006,0.3699800190309363,0.44403090303920895,0.6097899110197649,0.532093253968254
C05782291_3,1,Clinton,en,0.4082781209792087,0.35277665932098057,0.34324981378939623,0.48739095368426055,0.618752915839382,0.5268707482993197
C05765277_0,3,Clinton,en,0.4556723360430599,0.3810481797614148,0.3105175262368412,0.4965888679069567,0.7126236263736264,0.8171428571428571
C05759584_1,3,Clinton,en,0.4988698372188163,0.35532445905722015,0.3509860881010091,0.3795192809848741,0.9199999999999999,0.9
C05769578_0,2,Clinton,en,0.45044396609400084,0.4039213620846273,0.31184086612508655,0.47925743677992433,0.7676870748299319,0.7952380952380952
C05767271_11,1,Clinton,en,0.4409852061254481,0.5024619824619824,0.3459438520223325,0.47045009551316863,0.7355113636363636,0.7095238095238096
C05785419_0,3,Clinton,en,0.47027938177889445,0.308998511292629,0.32686827347321123,0.5018954690723033,0.7602040816326531,0.7095238095238096
C05778510_1,3,Clinton,en,0.45746122365517056,0.3748905350767294,0.3472360822278107,0.42244217707761733,0.7139204545454545,0.7
C05785822_0,1,Clinton,en,0.4806118828861458,0.3708983273563382,0.3510444122050842,0.4704367248716623,0.628324989020641,0.46190476190476193
C05796421_0,2,Clinton,en,0.42621482994487647,0.3381125287209681,0.2590144660275157,0.41845079183660955,0.5832943344437598,0.4575396825396825
C05778850_0,3,Clinton,en,0.43282936196359545,0.3339034886681944,0.33042559922430426,0.4611514730444603,0.6526822850352262,0.6361471861471861
C05790237_14,3,Clinton,en,0.4599028313108139,0.3319321860894258,0.33422684706794753,0.45367143865351534,0.9199999999999999,0.9
C05797020_0,3,Clinton,en,0.41438629129784704,0.4109278052807891,0.2874345249214096,0.43429051623768744,0.6672077922077922,0.44480519480519476
C05739659_0,3,Clinton,en,0.4079902632717252,0.43286377099402285,0.3560617798617561,0.4360802894732664,0.6919742757242757,0.47857142857142854
C05779642_0,1,Clinton,en,0.48538330470620455,0.4320356049541988,0.3376020248684822,0.4345769716672247,0.7194681861348529,0.6211640211640211
C05790090_0,3,Clinton,en,0.4922835107167398,0.3631340822919771,0.3220136266613999,0.44233243118314175,0.7619047619047619,0.6238095238095237
C05783567_1,3,Clinton,en,0.4918657133790231,0.3780070330865925,0.3258536743462084,0.47704087661758215,0.8015873015873015,0.7111111111111111
C05775179_1,3,Clinton,en,0.4151037595127736,0.4161938800096694,0.3190703838883496,0.46385256255190865,0.6592874649859944,0.513095238095238
C05796161_2,3,Clinton,en,0.5319257161041149,0.3558665472458577,0.3231690681569394,0.47430545452973005,0.7676870748299319,0.7952380952380953
C05772773_0,1,Clinton,en,0.4861432149389136,0.45693194951216315,0.36599598813024486,0.39703913190303175,0.7139428472761806,0.5529100529100529
C05769596_0,3,Clinton,en,0.485958371038248,0.38779683450208347,0.35467926749978324,0.40799706924817064,0.9199999999999999,0.9
C05796632_0,2,Clinton,en,0.4923605625635554,0.32082403707403706,0.29945681615935477,0.4514408051789,0.9199999999999999,0.9
C05785385_0,3,Clinton,en,0.4098723626360442,0.40390604427158044,0.32629539697856974,0.500125140745723,0.650775007586153,0.6448051948051949
C05795817_1,2,Clinton,en,0.45047440615437806,0.33837695637695636,0.3656013549974276,0.4565757018749169,0.7710884353741496,0.8095238095238094
C05784717_0,3,Clinton,en,0.4980994148126503,0.3700270489744173,0.3400188911093959,0.45164032073575255,0.7355113636363636,0.7095238095238096
C05791970_0,3,Clinton,en,0.45866789285228365,0.31488895992699606,0.34091059557899794,0.4440486382055601,0.8065476190476191,0.8222222222222223
C05762730_3,1,Clinton,en,0.4232172797899773,0.3016286266897052,0.28629050978865384,0.4140379991894474,0.60444980932413,0.5470238095238095
C05785135_1,3,Clinton,en,0.41467235178108086,0.3621992679684986,0.34689508867654273,0.4401177302390494,0.7710884353741496,0.8095238095238094
C05788157_3,2,Clinton,en,0.43154215678721547,0.33358504957711516,0.3680848317282867,0.40576101946060367,0.7195545195545195,0.658994708994709
C05758440_0,2,Clinton,en,0.5265878804950799,0.38954427925016166,0.341192111760952,0.4231016653921796,0.7602040816326531,0.7095238095238096
C05775647_2,2,Clinton,en,0.5321922591441782,0.4730304163318518,0.3860533060197474,0.43841730956554287,0.8015873015873015,0.7111111111111111
C05761296_2,1,Clinton,en,0.44915414600606,0.37590320127633536,0.3645168445423504,0.4358401941748673,0.6214666394954069,0.6297155225726654
C05759055_0,1,Clinton,en,0.4950355612219323,0.3656720263863121,0.3926206271614787,0.49156849437733613,0.9199999999999999,0.9
C05760046_2,3,Clinton,en,0.4877940361479369,0.38510850637547467,0.33136622714740704,0.4828416894920878,0.733080808080808,0.6261904761904762
C05795159_3,2,Clinton,en,0.4218350515961258,0.3172993110081926,0.3416621730188562,0.4445087920543594,0.7139428472761806,0.6047619047619048
C05768043_1,2,Clinton,en,0.44499281576073524,0.4173693093971731,0.3399331444943162,0.4309717590256687,0.7254103535353535,0.6208333333333333
C05777620_1,1,Clinton,en,0.4264317384572628,0.3251438759836256,0.2848799418161366,0.40826407257750785,0.5701931350473245,0.45849092428039784
C05797297_0,2,Clinton,en,0.46082656604972866,0.33778912385067583,0.35806877764972783,0.38562893085771827,0.9199999999999999,0.9
C05763078_1,3,Clinton,en,0.44911480181981905,0.39873886034600314,0.34611238178594106,0.42228983817198706,0.7795918367346939,0.8238095238095238
C05782866_0,3,Clinton,en,0.4482324161541556,0.4262818683819715,0.3397011370460474,0.4862495618235802,0.7602040816326531,0.7095238095238096
C05783048_4,3,Clinton,en,0.45954807112282764,0.36658781675528085,0.34676361987577403,0.4297227651344138,0.6973126873126874,0.5542857142857143
C05764554_2,3,Clinton,en,0.44828365111910784,0.3818209885715606,0.350201607546276,0.4428341323067256,0.6377880976952184,0.5222222222222223
C05760551_2,3,Clinton,en,0.4101355088590312,0.38126040626040625,0.3350112527471809,0.45386335741762435,0.9199999999999999,0.9
C05768873_2,2,Clinton,en,0.42627145420011325,0.3426757258184623,0.36616137350267847,0.42208078014315425,0.6358755279807912,0.48021978021978023
C05772107_0,1,Clinton,en,0.4832093826137013,0.3695356501084055,0.3213244752398603,0.4788390282956565,0.6666960490489903,0.4831168831168831
C05769559_0,3,Clinton,en,0.4370135147742332,0.2741456375508356,0.3532412066938442,0.4401668760483231,0.6695744160237194,0.7306998556998557
C05780558_0,3,Clinton,en,0.4208607496224149,0.34623175929677474,0.33541222646026325,0.45214169098025697,0.710854577521244,0.6920634920634919
C05780003_39,3,Clinton,en,0.5419198936053886,0.3641461419239197,0.3900355518909632,0.4750366904282746,0.9199999999999999,0.9
C05791966_1,3,Clinton,en,0.4210274316493907,0.4105971997501409,0.3446966059037203,0.4655019709074843,0.6329422953754503,0.6242424242424243
C05764560_1,1,Clinton,en,0.5229679278312978,0.4399924448311545,0.3623266176893365,0.47151693279741735,0.7936507936507936,0.611111111111111
C05782888_8,3,Clinton,en,0.3737202457350202,0.35091904891581743,0.26190321995492566,0.41458951931000027,0.6241684816218979,0.7012987012987013
C05766444_13,3,Clinton,en,0.48132531697432024,0.340139052479206,0.37041616928189347,0.44875590153950157,0.8015873015873015,0.6
C05791581_2,3,Clinton,en,0.454927994018133,0.34365345326298663,0.31846634614223446,0.4507198143679592,0.6519766414213007,0.6402777777777778
C05774534_12,3,Clinton,en,0.4480008773420471,0.3962022725483486,0.3332552299833419,0.4732766464609982,0.7254103535353535,0.5625
C05789095_0,3,Clinton,en,0.4995216825099678,0.40687883984282874,0.34876442723143297,0.4444472505742507,0.7676870748299319,0.7095238095238096
C05777516_1,1,Clinton,en,0.45473164903915425,0.3918474382760096,0.35072132341539985,0.4716324689869722,0.6946753246753247,0.5954761904761905
C05765987_1,2,Clinton,en,0.4940978431618663,0.3279350940065225,0.3073176600201493,0.45365792871624644,0.8065476190476191,0.8222222222222223
C05777718_1,2,Clinton,en,0.42938178012638095,0.29829505383415705,0.28959800675107183,0.39891782253632396,0.6216102471777144,0.5337301587301587
C05764804_1,3,Clinton,en,0.4478388022907116,0.3435773074661962,0.325710404592755,0.501811155634496,0.7296085858585858,0.575
C05767757_0,1,Clinton,en,0.47805925979325026,0.3851878102916883,0.3656727074313998,0.4185708557575228,0.7108003108003108,0.5740740740740741
C05781917_1,1,Clinton,en,0.4750774017660092,0.42496755232575895,0.3541552468296403,0.4375612396214807,0.7205584538917872,0.7042328042328043
C05760602_1,2,Clinton,en,0.48625384407522676,0.35575282741949404,0.3218974989741606,0.47082965829855905,0.814484126984127,0.8388888888888889
C05771781_2,1,Clinton,en,0.49393053083420085,0.33683172619342827,0.3295727561475734,0.5049106513534979,0.6808703796203797,0.6690476190476191
C05790662_36,3,Clinton,en,0.5044087738314533,0.5132131836116656,0.2993600747678783,0.5393970816386312,0.8015873015873015,0.7111111111111111
C05778413_4,3,Clinton,en,0.4806202556179524,0.43019828870892685,0.3469863908105787,0.44177947922910094,0.9199999999999999,0.9
C05782345_2,3,Clinton,en,0.43364099987248866,0.3505247165099125,0.3445902307508425,0.4465461443015399,0.7047802197802198,0.6577777777777778
C05739697_1,2,Clinton,en,0.42667530587269176,0.36220749412489806,0.2975117119361259,0.4050904264753757,0.6676492088063296,0.7513347763347763
C05771374_0,3,Clinton,en,0.4202586626716669,0.3693289539260586,0.27160920832129976,0.4493619215979421,0.6178670008593282,0.7007326007326007
C05758735_2,2,Clinton,en,0.46153008138011853,0.36447333034458435,0.35248357136652675,0.44811433717393845,0.6978071311404644,0.7375661375661376
C05796166_2,3,Clinton,en,0.4513159545037619,0.3669720012224753,0.3065376818786321,0.4301862772886374,0.6294066309000544,0.5796021438878581
C05780247_0,3,Clinton,en,0.4053948914098888,0.4049871868352276,0.3647595855640778,0.4403144730387853,0.7205041871708538,0.6386243386243386
C05780918_2,3,Clinton,en,0.4557921656421915,0.38052301442394304,0.3500312261487115,0.42020478374658893,0.7619047619047619,0.7428571428571429
C05777525_1,2,Clinton,en,0.42626039651339714,0.3585724587074431,0.33848954178938356,0.41580170582879716,0.6850649350649352,0.7166666666666667
C05739649_7,3,Clinton,en,0.4290540438468282,0.36088284533234205,0.3627289888778506,0.416785610864429,0.7057436390769724,0.6825396825396827
C05767931_3,2,Clinton,en,0.49368161354392937,0.4188446085504909,0.38514162094553406,0.5066783209185981,0.8065476190476191,0.8222222222222223
C05775835_0,3,Clinton,en,0.4190501885448378,0.36405445343872816,0.34370561152335494,0.4753447191344198,0.7015984015984016,0.6038095238095239
C05768541_7,1,Clinton,en,0.505573945432603,0.4129013705411221,0.3498463516665148,0.49167649809711417,0.7936507936507936,0.5555555555555555
C05784146_0,3,Clinton,en,0.4612594741406138,0.31410121812598585,0.3435682481086632,0.427656832442019,0.7761904761904761,0.819047619047619
C05770324_2,3,Clinton,en,0.5211766166806023,0.47134817563389,0.34577516284733156,0.49069971629340225,0.7344065656565657,0.701190476190476
C05778894_3,3,Clinton,en,0.49606112872393787,0.39231780731168747,0.34497919882366107,0.43421426295800203,0.8065476190476191,0.8222222222222223
C05779706_6,1,Clinton,en,0.4757995319011695,0.4210219731958862,0.33454642303839377,0.40848791029463105,0.7936507936507936,0.611111111111111
C05779450_0,2,Clinton,en,0.4696358052330422,0.36195741636531115,0.34875527606459295,0.43785985841940084,0.6988714988714989,0.6407407407407406
C05772009_0,1,Clinton,en,0.4220561159486093,0.31260049697486864,0.34981146695165416,0.4310308812701891,0.6647413044471867,0.61991341991342
C05766267_0,3,Clinton,en,0.4499425610873008,0.40801543852317823,0.3221739661907753,0.4810350690408094,0.6684362678944722,0.7149350649350649
C05789846_0,1,Clinton,en,0.44598182302470757,0.47248024512175435,0.3662061450784751,0.4429243318779264,0.6313783087258897,0.5458616780045352
C05794539_0,3,Clinton,en,0.4501177649445763,0.3586387094905064,0.3513073893919936,0.45912094122687214,0.6950462037962037,0.5973809523809523
C05779401_1,3,Clinton,en,0.5058088792414811,0.48257113257113265,0.38533238417010407,0.47020131523434594,0.7936507936507936,0.611111111111111
C05791856_0,1,Clinton,en,0.4386706483014651,0.42824882348691856,0.35040667269540676,0.44945941066621253,0.7738095238095237,0.8428571428571427
C05789971_1,1,Clinton,en,0.45424166973007984,0.3587565185972969,0.3427453144563674,0.4684576008671226,0.593617537750833,0.694671201814059
C05766717_0,1,Clinton,en,0.4600005537390709,0.31584274353697916,0.3615198191511578,0.4156092683728497,0.7653061224489796,0.8285714285714285
C05770161_1,2,Clinton,en,0.4503287154028644,0.37520385283394325,0.33752347528459936,0.40999893793896286,0.7330808080808081,0.7011904761904763
C05768612_0,3,Clinton,en,0.4258146004589635,0.37719690745018264,0.30362841018130976,0.49567971272187433,0.6487678987678988,0.6437229437229438
C05770982_0,3,Clinton,en,0.45650892588312936,0.3593538939692786,0.32505024747384087,0.5028270677099087,0.738604797979798,0.7845238095238096
C05782963_4,3,Clinton,en,0.47717980754770206,0.38836153163076226,0.3307510442170552,0.48112693204966145,0.9199999999999999,0.9
C05762499_2,3,Clinton,en,0.5164647486559533,0.4127651862026863,0.3447482904963455,0.5037159905925747,0.7653061224489796,0.7095238095238096
C05773976_0,1,Clinton,en,0.4295764808149246,0.29524763745896626,0.3813198148544082,0.41249345460148895,0.7254103535353535,0.6125
C05769839_2,3,Clinton,en,0.4848783474324687,0.36399739802680986,0.3624820742510568,0.4085464651474887,0.7237330570663905,0.7193121693121695
C05762863_0,1,Clinton,en,0.43133202402052595,0.33535305976482427,0.3568417053025459,0.441575542749002,0.7108003108003109,0.6037037037037037
C05775346_4,3,Clinton,en,0.4266069680514628,0.36713374511153973,0.3492383561865017,0.4523262128096058,0.6634895657552566,0.6663780663780663
C05739649_4,2,Clinton,en,0.48826902508600234,0.31879437422654705,0.32787851914911714,0.4694950140472209,0.8065476190476191,0.8222222222222223
C05764306_1,2,Clinton,en,0.4466038470547792,0.37391100809615735,0.3339707160237732,0.4744884328882008,0.7254103535353535,0.5291666666666667
C05771818_2,2,Clinton,en,0.4714447905900675,0.30376002859595974,0.3503119198078446,0.4477455005230566,1.0,1.0
C05772152_0,1,Clinton,en,0.47111785453579935,0.34984972292664585,0.3583458980577438,0.4210090595947922,0.7121527777777777,0.6083333333333333
C05767739_2,3,Clinton,en,0.46585277660815577,0.31731838802777007,0.3421311585766695,0.43722396702524285,0.6418102548036758,0.5303571428571429
C05782432_1,2,Clinton,en,0.5280276802315683,0.37698638167388165,0.3271428719037954,0.4300137775171615,0.8065476190476191,0.8222222222222223
C05794842_0,3,Clinton,en,0.4316880911729369,0.3215725359299607,0.31546163325078114,0.4537975084294003,0.7653061224489796,0.7095238095238096
C05779263_4,1,Clinton,en,0.506384926531932,0.34093174093174083,0.3331787150086904,0.4666693695196634,0.9199999999999999,0.9
C05761043_0,3,Clinton,en,0.45419427729917244,0.379412620922055,0.3285683164445164,0.46160510695192186,0.9199999999999999,0.9
C05764286_1,3,Clinton,en,0.45354014683021554,0.4411869796869797,0.3461552537238679,0.43044823209190564,0.7372790404040404,0.7220238095238095
C05771770_4,2,Clinton,en,0.41235280644778716,0.4131720806426688,0.33084588260177406,0.47655143527273486,0.6739060939060939,0.714047619047619
C05771351_3,3,Clinton,en,0.4466593730570484,0.40751703514524884,0.34369284672042855,0.44785231192015523,0.7676870748299319,0.7952380952380953
C05777020_0,3,Clinton,en,0.4993170051508608,0.34089006231863384,0.34227417258006576,0.4277949750116065,0.7149402680652681,0.6958333333333334
C05777696_1,3,Clinton,en,0.41627886184877183,0.4062951260819034,0.32948499746902543,0.48582405089237923,0.8065476190476191,0.8222222222222221
C05770030_2,3,Clinton,en,0.4958601849968541,0.46490024725318846,0.3434841256233482,0.4015902924725204,0.7568027210884354,0.6571428571428571
C05790961_1,1,Clinton,en,0.45595550684278546,0.38823432075066056,0.3474635676345372,0.43792982532802105,0.594324210018545,0.4298319327731092
C05773863_0,1,Clinton,en,0.5000613470169141,0.4970120157620157,0.36206526659981636,0.4448087638713511,0.6607450903213287,0.5177248677248678
C05739684_1,1,Clinton,en,0.4675753708028623,0.3243564120880326,0.3238258696786453,0.4295237119780426,0.642856575828712,0.42069597069597064
C05792315_1,1,Clinton,en,0.5269780257792742,0.4646876807403124,0.355848034399694,0.415921714271794,0.7348484848484849,0.7136904761904762
C05776979_0,3,Clinton,en,0.45588093236421795,0.3477065863429499,0.3332173349378374,0.46890668737140345,0.7344065656565657,0.7761904761904762
C05783985_1,2,Clinton,en,0.4563154679909817,0.3528266349801743,0.32384310679063877,0.4578978603257121,0.7247690581023915,0.7171957671957672
C05781797_2,3,Clinton,en,0.48928601097624314,0.3894368551345295,0.3423919551840596,0.48045310537080926,0.7247474747474747,0.5208333333333334
C05780404_0,3,Clinton,en,0.4618261358467992,0.4476569623583793,0.3204084382303585,0.4975577985069804,0.9199999999999999,0.9
C05777658_0,2,Clinton,en,0.4869781173253485,0.3714049167970736,0.33520225502327816,0.4583523348002174,0.9199999999999999,0.9
C05780003_47,1,Clinton,en,0.4558668323165513,0.37598569574096624,0.3391181746306577,0.44844040007786345,0.7327020202020201,0.7166666666666667
C05760582_4,3,Clinton,en,0.42104767086756223,0.34213815100327677,0.347241451202777,0.44815286354708816,0.7181213847880515,0.6423280423280422
C05784941_1,1,Clinton,en,0.4631626405799599,0.39197940595487074,0.35453846603856215,0.4210407414136023,0.6238880456941209,0.562962962962963
C05797207_2,3,Clinton,en,0.5169057265706694,0.42468174186924196,0.3693231084029562,0.5101528797619667,0.7710884353741496,0.8095238095238094
C05780929_3,3,Clinton,en,0.5320403539036552,0.3979647592550819,0.34156540022459403,0.49139927438063263,1.0,1.0
C05784237_3,3,Clinton,en,0.533924138960939,0.36897622579440764,0.3915883482195696,0.47360828192747917,0.9199999999999999,0.9
C05767998_1,3,Clinton,en,0.4214099980251266,0.46168896804123133,0.2769259635823587,0.40442243276404843,0.6406672810884768,0.6186011904761906
C05778058_2,3,Clinton,en,0.4111733844896388,0.3845278751367502,0.3545192467040611,0.43817999072795083,0.6849000999000999,0.6914285714285714
C05766635_2,3,Clinton,en,0.4762328409219134,0.3709161611335523,0.3604404181643669,0.4406658337935647,0.7710884353741496,0.8
C05773363_2,2,Clinton,en,0.49208316407613506,0.3641668516668517,0.3231541740283987,0.46424435518260115,0.7738095238095238,0.8428571428571429
C05789259_1,2,Clinton,en,0.4376410440388567,0.27425238594352397,0.2914283939026259,0.39583656447100546,0.6326577780234901,0.5912698412698413
C05796642_0,1,Clinton,en,0.48540428798942653,0.40154445825177526,0.3848448902490109,0.4768839312169679,,
C05771959_1,3,Clinton,en,0.4810549091499005,0.4421854202886614,0.3406294595706175,0.4565322515800359,1.0,1.0
C05783973_4,3,Clinton,en,0.4649762197442514,0.33541093191525234,0.32252459446713927,0.4523717598907449,0.7153439153439153,0.7962962962962963
C05776799_2,1,Clinton,en,0.4845504170452368,0.3959123532294266,0.3441978937806345,0.434677542052345,0.8095238095238096,0.8666666666666666
C05778073_0,1,Clinton,en,0.48213589966744247,0.3857309357309358,0.3540141325782952,0.4248229664302755,0.8015873015873015,0.7111111111111111
C05778400_13,1,Clinton,en,0.4816450437054359,0.3804403746180457,0.34476648670325827,0.46113952681708514,0.6916895604395605,0.643095238095238
C05798172_2,2,Clinton,en,0.5170126868065493,0.4744808831015728,0.3372330856088817,0.4630164420621744,0.7344065656565657,0.7761904761904762
C05781658_3,2,Clinton,en,0.5017976501532698,0.36979666413954954,0.38342995083177617,0.4666612161827074,0.7936507936507936,0.611111111111111
C05769293_1,1,Clinton,en,0.45738756138137576,0.3825200570556606,0.34655870641413855,0.4408872799539643,0.9199999999999999,0.9
C05794601_2,3,Clinton,en,0.4569227958857068,0.37064934754010354,0.3478579677605404,0.45588264626176184,0.814484126984127,0.8388888888888889
C05784254_1,3,Clinton,en,0.45400032107157184,0.3284215784215783,0.319525636160943,0.4820763564108159,0.9199999999999999,0.9
C05794259_2,1,Clinton,en,0.48132801172527745,0.367907795529279,0.33648122389557944,0.4814705004111027,0.6888411515862497,0.7338624338624338
C05789753_0,1,Clinton,en,0.4557786455037379,0.5821629778562548,0.3564337012130559,0.4541340678244359,0.7066533466533468,0.6768253968253968
C05767239_5,2,Clinton,en,0.4558969292160072,0.34201442814888183,0.34823973376659495,0.4270278197491986,0.6853346653346654,0.5990476190476192
C05793874_0,1,Clinton,en,0.4552441941747983,0.38677086810678135,0.3670048546713432,0.4510337696523491,0.627699035962766,0.49869614512471655
C05763801_3,3,Clinton,en,0.42121938825797434,0.3462543082796247,0.32834954962465,0.453312609163503,0.6295645755061557,0.5410256410256411
C05781578_0,3,Clinton,en,0.4568010820464852,0.34453554108726536,0.3270979727351761,0.436428338204189,0.7236426767676767,0.5916666666666666
C05773695_3,3,Clinton,en,0.4159152838009927,0.38130938691878485,0.33220063838167097,0.4800605531590141,0.8065476190476191,0.8222222222222223
C05760124_0,2,Clinton,en,0.4938516605169408,0.4535477822071529,0.33654644834525366,0.42359238852485387,0.7327020202020202,0.7124999999999999
C05785246_1,3,Clinton,en,0.4581907442284153,0.35895023779639157,0.3417657953514583,0.43066194571445177,0.8015873015873017,0.6
C05781942_0,3,Clinton,en,0.5117199072917002,0.3737814654481321,0.3345205529985567,0.4727445299239353,0.6943868631368633,0.670952380952381
1144932,3,Enron,en,0.49253008318159025,0.33654229930825674,0.32215585793234264,0.4434839452656321,0.7653061224489797,0.7095238095238096
19947,1,Enron,en,0.4852557165805958,0.4404477950989577,0.3534322038676879,0.4027092523109821,0.7653061224489796,0.7095238095238096
1303171,3,Enron,en,0.40995744652892824,0.4524160439342145,0.34170031700207076,0.46205681967255285,0.716325649658983,0.6439153439153439
894625,1,Enron,en,0.45793197573089106,0.31908348946661635,0.34286611346413426,0.43934808306417084,0.7254103535353535,0.6874999999999999
1251040,3,Enron,en,0.4234342296543774,0.3982918133045196,0.3401385468956328,0.4266139413150951,0.6764992901835007,0.680952380952381
1106151,1,Enron,en,0.48442654140723856,0.3639538299502286,0.35102207084455345,0.44137240529259353,0.629250573987416,0.5373626373626375
682836,2,Enron,en,0.4304618966146603,0.31492907555828686,0.3487688585312655,0.4401053696075728,0.6527116674175497,0.646969696969697
900719,2,Enron,en,0.4571655570543847,0.3807202084476151,0.3485939973749191,0.42932308018261506,0.814484126984127,0.8388888888888889
1260886,3,Enron,en,0.39813548990443415,0.5261518948929281,0.3422336754052309,0.49374840447213697,0.5875781014426862,0.7527472527472528
1311815,3,Enron,en,0.41733737724025904,0.38902627832732534,0.36058448456443715,0.4495345993555509,0.6368326402501204,0.6147741147741148
39353,3,Enron,en,0.4136850086990346,0.4748119664557724,0.3401484636990006,0.45447245390462027,0.6335537288268982,0.6051587301587302
743563,2,Enron,en,0.4227717997109493,0.4594683973739027,0.35221425792958666,0.42340688542654087,0.7047076380409714,0.6470899470899472
947034,3,Enron,en,0.48974080206760934,0.35956578942512446,0.3419864138280947,0.45264627702483295,0.7602040816326531,0.5904761904761904
59454,2,Enron,en,0.41480605285827077,0.4607660564774742,0.35236702992517693,0.45181397689361724,0.6977022977022977,0.6085714285714285
62687,1,Enron,en,0.48593704261651405,0.48481434586085737,0.3643556051648114,0.46835843429980023,0.6083059663361522,0.6226190476190476
1139245,1,Enron,en,0.4401293031800247,0.4628753402333522,0.3048468416609872,0.4542644867193285,0.7245470578803912,0.7484126984126984
52808,1,Enron,en,0.46948894249964535,0.34279014338463654,0.3327501056435762,0.4577732036700994,0.71635101010101,0.7000000000000001
1130230,1,Enron,en,0.45666695594017775,0.3778572089482037,0.3473069377886544,0.44023273648449623,0.6627171847760083,0.5716450216450217
1313342,1,Enron,en,0.45899991130758505,0.40896280119425893,0.3463800047446048,0.4510251628664246,0.7710884353741496,0.8095238095238094
76421,3,Enron,en,0.46810356100491646,0.49148431275404025,0.3725219694880236,0.480396250554068,0.9199999999999999,0.9
1256360,3,Enron,en,0.4140697131743318,0.4051930519723531,0.297845456357325,0.40799213978531357,0.5827606296360156,0.5634368899074781
765046,3,Enron,en,0.4225922159918285,0.3572365625611508,0.3561321717774975,0.4612170663275115,0.6034810220514891,0.7197802197802198
1306421,3,Enron,en,0.43739479080970145,0.35688296145457254,0.35772315076652494,0.45567508508730026,0.6495617618392386,0.46388888888888896
1311794,3,Enron,en,0.4114823008958559,0.36520153539178807,0.35223870918454725,0.47728102608415135,0.6482897477479521,0.5913419913419914
1108804,2,Enron,en,0.42474464332477413,0.3662816758404992,0.3324871714740017,0.4701777259569521,0.7224405224405225,0.758994708994709
773548,2,Enron,en,0.4562411036720726,0.40605048546225,0.33601138599987784,0.45983329510213194,0.7170853837520504,0.5851851851851851
1111806,1,Enron,en,0.4262935308768074,0.3410744708890853,0.3174180095617187,0.459180667714705,1.0,1.0
1267173,1,Enron,en,0.48632975218970537,0.5352581110645628,0.352494787493144,0.4624756948817254,0.7313131313131314,0.6345238095238095
1259103,3,Enron,en,0.5195482472559807,0.5192971244441831,0.3224186721817287,0.5292353023242397,,
743612,3,Enron,en,0.5004003390929791,0.37207745135241715,0.3391663143508271,0.42314574161676166,0.8065476190476191,0.8222222222222223
1261118,2,Enron,en,0.4920545934725772,0.4562619919762778,0.41028452185865305,0.45779537860280123,0.9199999999999999,0.9
1267709,3,Enron,en,0.4176526839276183,0.4038314425024665,0.35224699515535013,0.43563293373466383,0.6467601768403908,0.6930735930735931
59463,3,Enron,en,0.4275531901025473,0.39996156688307327,0.37205257441688655,0.427465788007266,0.7017182817182819,0.6076190476190477
759311,3,Enron,en,0.4985154208123998,0.43830656522964234,0.31099890606362735,0.46136749418816353,0.7710884353741497,0.8095238095238094
1355061,1,Enron,en,0.42786628963914813,0.3325867014485939,0.34845034486152987,0.45141877501983224,0.7035037878787879,0.7625
1351528,3,Enron,en,0.4934944956393362,0.5366223459080601,0.3761503752808924,0.5084885835506385,0.8065476190476191,0.8222222222222223
75033,3,Enron,en,0.49817446233910256,0.34699335751967336,0.3322084233053709,0.4536545379758935,0.7285037878787879,0.6708333333333333
771823,2,Enron,en,0.5045441007538934,0.3766822681683363,0.4011931011141095,0.4597101774534343,1.0,1.0
285612,2,Enron,en,0.40854124471854664,0.45363671845869974,0.33295471102997287,0.4588214180587923,0.6334556251083996,0.6876678876678877
273465,2,Enron,en,0.492928981945875,0.32243915172576004,0.33134778410064625,0.4712313182721613,0.9199999999999999,0.9
1309439,2,Enron,en,0.4836655338926052,0.4086166611166612,0.3881817975261504,0.4521239457907926,0.9199999999999999,0.9
69650,3,Enron,en,0.40519845226072426,0.39500880816670286,0.331997608147695,0.4780461892443752,0.7194681861348527,0.7148148148148148
69146,3,Enron,en,0.459406499238511,0.3894119733713034,0.3605894747867799,0.39149372194655374,0.7069742757242758,0.7026190476190477
727534,2,Enron,en,0.47293975531766547,0.4829721865436151,0.3270178904048629,0.42534941939572063,0.6193704249714481,0.6014652014652013
292035,3,Enron,en,0.3912358267410408,0.4609510678267827,0.34318368962729084,0.4131342555764633,0.7062637362637363,0.6844444444444443
897762,3,Enron,en,0.5184737775788484,0.4488855588855589,0.40123071981598457,0.46116730889844365,0.7676870748299319,0.7952380952380952
39238,2,Enron,en,0.4543924499578907,0.5677414539483504,0.3460860403376739,0.4184569844307076,0.7619047619047619,0.7428571428571429
1275972,1,Enron,en,0.42092484062861696,0.4149037183198673,0.33547663587584253,0.475943860871736,0.6255479144249984,0.4863945578231293
56797,2,Enron,en,0.4499163280471626,0.3954684675023657,0.3253564758712703,0.4468810473152468,0.7602040816326531,0.7095238095238096
283704,3,Enron,en,0.45421693546971964,0.39569422309470953,0.35626281793116293,0.4084072820761619,0.6570881388992844,0.7017316017316018
751520,3,Enron,en,0.5226590071260979,0.41688155325926224,0.3376442919977058,0.4315291248380907,0.7602040816326531,0.7095238095238096
561434,3,Enron,en,0.48015435798186346,0.4749782624782624,0.3442020756748613,0.4820219991187235,0.7057436390769722,0.6825396825396826
107118,2,Enron,en,0.457836670521645,0.45301437548169554,0.3358166982724793,0.4534687451918317,0.6768819415878239,0.7577200577200576
1359585,2,Enron,en,0.4162952139474542,0.3881753975416023,0.36090902696111077,0.4170522402254927,0.7237873237873238,0.7182539682539683
1355132,1,Enron,en,0.4863444464053358,0.45019770019770033,0.35135471920773564,0.43142381643441025,0.9199999999999999,0.9
1258079,1,Enron,en,0.4153680683838026,0.4080488083821678,0.35849525239016,0.4554653309874779,0.7187084520417854,0.6973544973544974
772964,3,Enron,en,0.44835132242751047,0.39218986402671185,0.3452890063366452,0.43796565631015266,0.7936507936507936,0.611111111111111
892969,3,Enron,en,0.4838437235720534,0.4743617532052436,0.3451781240695303,0.47197944002650205,0.7212121212121212,0.44999999999999996
1103267,1,Enron,en,0.4715101573775615,0.3392127630823283,0.3447546804849366,0.4627186543523477,0.69989010989011,0.565952380952381
682756,1,Enron,en,0.46043919822987955,0.4367857601172079,0.3215533533543442,0.41330653670263245,0.6934842934842935,0.6592592592592593
58608,2,Enron,en,0.4904527650480109,0.350674723560753,0.35092249880365267,0.4585515609904602,0.8065476190476191,0.8222222222222223
57841,2,Enron,en,0.48794807789380057,0.35326710326710326,0.3120606461552389,0.463287695857581,0.6345892669422081,0.680952380952381
1112086,2,Enron,en,0.4534031708777077,0.3608528138528138,0.33715559998227823,0.4401051609229257,0.9199999999999999,0.9
1358869,1,Enron,en,0.44076525232968666,0.36096032390231503,0.340087066568079,0.43258433312944516,0.6590247987306811,0.5025974025974026
43035,3,Enron,en,0.5205521332850105,0.4178810772560772,0.32763486708770506,0.4712798502675359,0.7653061224489797,0.7095238095238096
1111866,3,Enron,en,0.4270776191560095,0.39155442921676664,0.34267146066408066,0.45888748474852464,0.7002183002183002,0.562962962962963
283707,1,Enron,en,0.5097890525017817,0.5296963262333282,0.3266825151692825,0.43265419394356075,0.7687074829931974,0.7238095238095239
1135556,1,Enron,en,0.4170765783521107,0.36528796201543395,0.35636862462212904,0.440458783935876,0.7010589410589411,0.6357142857142857
1116091,1,Enron,en,0.4392585592931344,0.41175145193163354,0.35971628673835265,0.43633893501391374,0.5815610988349631,0.4551264524948736
59176,3,Enron,en,0.4835411401307758,0.35714724366163675,0.3740043763903502,0.47931881890569983,0.8015873015873015,0.7111111111111111
4317,1,Enron,en,0.4558922287906001,0.49925216814357093,0.32625191074190746,0.44102475818507,0.9199999999999999,0.9
1109591,2,Enron,en,0.5230560271357039,0.4677991942697825,0.3444697598913641,0.442424396767896,0.7428030303030303,0.8053571428571429
1282143,3,Enron,en,0.4489029374208758,0.41990529478798616,0.3364260528544516,0.43876515272833316,0.7089404422737756,0.6507936507936508
58917,1,Enron,en,0.44210241551585244,0.4644766895272968,0.3365704785706301,0.46831551890185874,0.7653061224489796,0.8285714285714285
1149944,3,Enron,en,0.41299476397316137,0.41095033536612885,0.3424853995691492,0.43679141918213665,0.7738095238095238,0.8428571428571429
773303,1,Enron,en,0.42752473585147316,0.3909022846716086,0.31792870722757893,0.36806761426794576,0.5612371739064453,0.4929862535125694
1261185,3,Enron,en,0.47235454126512866,0.45662409741851145,0.34983961655549656,0.4567516791384154,0.6481729055258468,0.5121212121212122
1098260,3,Enron,en,0.4922467857405312,0.35791779280151376,0.33894308341133483,0.4482566059909319,0.7131831131831132,0.5518518518518518
80678,1,Enron,en,0.5185981471707857,0.4152093144950289,0.3353897040747047,0.4635824838411322,0.7428030303030304,0.8053571428571429
880205,1,Enron,en,0.42199176716898323,0.38733261274953135,0.28653603298356756,0.40312389496224904,0.5576337333801599,0.46319315605029904
1240973,2,Enron,en,0.4805987717281811,0.3814326500373012,0.32938569842302196,0.45314425524592716,0.7186965811965812,0.6875
759142,3,Enron,en,0.42799234576465445,0.3370176238950462,0.3507665147011256,0.44832603309303576,0.6222795347235884,0.5807272588522588
1312922,1,Enron,en,0.4718773485946477,0.40736347899176856,0.3469973539022274,0.43882912261645335,0.7226970560303894,0.7023809523809524
104502,2,Enron,en,0.45121557066930357,0.37085057127429993,0.312247955508217,0.4394899758967097,0.7653061224489796,0.7333333333333334
41399,1,Enron,en,0.4861394960489953,0.4332011819879467,0.3302623364035392,0.46578787347342254,0.716325649658983,0.7211640211640211
2318,3,Enron,en,0.48841516196435747,0.43854858591700707,0.3297677432991532,0.4256352442439176,0.6762745149587255,0.6338095238095238
1359383,3,Enron,en,0.3661834616060835,0.36190165778758315,0.2876911297688215,0.43316179469317373,0.6610489184018596,0.48571428571428577
1293635,1,Enron,en,0.439411788348072,0.4463796809251354,0.2355554805065619,0.49789305748637636,0.6944660277993611,0.7248677248677249
1107392,2,Enron,en,0.477956480309371,0.43127442732705895,0.3446143207299723,0.4812982733887902,0.814484126984127,0.8388888888888889
1311817,2,Enron,en,0.41860061552305505,0.4013761862446072,0.3531364877979426,0.4258544597303513,0.7089610389610389,0.683968253968254
276672,3,Enron,en,0.40227252149848775,0.47199059340732913,0.3454642380728461,0.4503354957596425,0.7108003108003108,0.5851851851851851
1108647,3,Enron,en,0.4091124233850141,0.4723352823227034,0.338003666373249,0.4344082667760476,0.6828377356452223,0.6727272727272728
742810,3,Enron,en,0.4312875862547129,0.3955521441072241,0.3468768351581606,0.45637746708228455,0.6654262255866534,0.5050505050505051
759891,1,Enron,en,0.40809561206292183,0.430863509985027,0.3433472445443091,0.47104102901699735,0.9199999999999999,0.9
888705,1,Enron,en,0.43388907724162007,0.36145947191834193,0.28028501105848647,0.4299347262126527,0.6289543789543788,0.6126373626373627
104359,2,Enron,en,0.4932151845589096,0.36933143245643235,0.357006218595261,0.4321821415643158,0.738604797979798,0.7845238095238095
773643,3,Enron,en,0.42695746756198427,0.3534620747020827,0.35393325949746907,0.4700033197666949,0.6540200134865531,0.5097236097236097
1139195,3,Enron,en,0.4081663982740702,0.40963308365645196,0.3471953328544905,0.4683603550785123,0.6345425516784621,0.5232426303854876
1271741,3,Enron,en,0.48683175794106875,0.42076663646431095,0.40061047181119125,0.4708522474603094,0.7710884353741496,0.8095238095238094
275683,3,Enron,en,0.3784969745205114,0.3976789963912669,0.2763819350001643,0.4664896244594646,0.8065476190476191,0.8222222222222223
759501,3,Enron,en,0.4192696932324132,0.4002963728986746,0.3599944243070059,0.4200505869577987,0.6686401833460657,0.5326839826839828
1259319,1,Enron,en,0.5062729252374728,0.3513551562816269,0.35111697541134046,0.4227354210348675,0.8065476190476191,0.8222222222222224
1303025,3,Enron,en,0.4097649306511352,0.3962373471901335,0.3375231846661027,0.47627636015710856,0.6563297813297813,0.6203463203463203
1127108,2,Enron,en,0.48058435357319007,0.3870656370656372,0.31788127226793184,0.4629137270433367,0.7619047619047619,0.7428571428571429
1122712,1,Enron,en,0.5190475844873701,0.40500169764875654,0.3726295538187693,0.4520070030059905,0.7149788483121816,0.580952380952381
1259788,3,Enron,en,0.44606450321606095,0.4227971820217809,0.36249388697693374,0.4787387141333852,0.7676870748299319,0.7095238095238096
84500,1,Enron,en,0.454910120907073,0.36530556781421836,0.35926464239154693,0.43240516742083823,0.7057436390769725,0.6841269841269841
1307141,3,Enron,en,0.4768404432460933,0.38076350363584394,0.32985331019682984,0.4692048598784578,0.7602040816326532,0.7095238095238097
1125770,2,Enron,en,0.501314259214457,0.468566813088872,0.34490662571702857,0.43196098507435626,0.7139204545454546,0.7
776304,3,Enron,en,0.45051230642099743,0.37426711658460393,0.35068735783551974,0.43657049558875194,1.0,1.0
57013,2,Enron,en,0.43338952230718253,0.35688080953528056,0.3506511825536082,0.4476922994719989,0.634767396658756,0.6965367965367966
63520,1,Enron,en,0.48188408965100193,0.38088129061201276,0.3103972058745744,0.47349444355839726,0.5664571187659342,0.5614638447971783
738560,1,Enron,en,0.45575135979594544,0.46741765179265177,0.34989141347760716,0.4585284934699423,0.6376647808246105,0.5543650793650794
900080,2,Enron,en,0.49149401051203967,0.4150978741665017,0.3262642719993914,0.4644147656953577,0.69989010989011,0.5564285714285715
684979,3,Enron,en,0.458810790835485,0.3993183511349601,0.3469748968322946,0.44703903084883007,0.7710884353741496,0.8095238095238094
756667,3,Enron,en,0.48412748301134545,0.4565926565926568,0.3453187229848411,0.44730456404287416,0.814484126984127,0.8388888888888889
877365,3,Enron,en,0.49562413916288456,0.3792861042861043,0.32722737679439345,0.4423268872925354,0.7568027210884354,0.6238095238095237
104432,3,Enron,en,0.4033230032333098,0.46007592395383673,0.3631117808071344,0.45010998932469404,0.6344382741441564,0.770995670995671
1257895,1,Enron,en,0.42634300237474393,0.3295454659222245,0.35756726375482983,0.45116718855846527,0.5645247682675432,0.4736006683375105
58225,3,Enron,en,0.4920067638659317,0.40830602146391637,0.31857393715565874,0.4412152879880948,0.6988714988714988,0.6
1292946,3,Enron,en,0.48641947345976355,0.439571762004045,0.3452332035078562,0.4062212027655907,0.8065476190476191,0.8222222222222223
1123765,3,Enron,en,0.47361870925493266,0.47594857716808925,0.3508620818667371,0.4296369495717804,1.0,1.0
62531,3,Enron,en,0.38914393101382877,0.4824738970332958,0.27294546082529336,0.42839327509215824,0.5904391491679836,0.501007326007326
743076,1,Enron,en,0.41642358616281916,0.36823960568680225,0.35858049318415364,0.45967595633552016,0.7137824675324677,0.748015873015873
1278710,1,Enron,en,0.418647123903585,0.4262746446711117,0.3381241332385509,0.4804040318006412,0.6302692205791547,0.5712301587301588
1105590,2,Enron,en,0.45598902277375436,0.3437258159919593,0.3496418905896476,0.43703930057838447,0.7710884353741496,0.8095238095238095
1034017,3,Enron,en,0.4283670860511049,0.3679021452753382,0.2749095476333855,0.39308321349547104,0.7710884353741496,0.8095238095238094
1312610,2,Enron,en,0.4160479081566387,0.38379786250499104,0.36305371360695315,0.4106776997709159,0.6257271667196704,0.6651404151404152
1313038,2,Enron,en,0.4111236508458626,0.4003028786615427,0.3480250952157138,0.46234353487441965,0.6091169820891184,0.7054945054945054
1114453,2,Enron,en,0.41251306759629874,0.3755585713827618,0.29933186067444956,0.40026604954790135,0.6197670032766054,0.5888032106782107
748332,2,Enron,en,0.508290749528829,0.4791505632414724,0.3263582169869813,0.4996958134469343,0.7015651015651015,0.6703703703703705
722508,3,Enron,en,0.42644015576355004,0.36963114445467365,0.3267455948877291,0.45100306502465864,0.7013736263736264,0.5666666666666667
45453,3,Enron,en,0.45402402217064486,0.35179994902217104,0.3377967011606501,0.40762477232299726,0.765986394557823,0.7999999999999999
725196,1,Enron,en,0.4268600623870248,0.34879551099507916,0.3349627426640692,0.4522638793887211,0.7452690166975883,0.7857142857142857
1336757,3,Enron,en,0.4226977072309794,0.3307922344947528,0.3344799434808884,0.43702147942865255,0.6230703242007591,0.5383068783068784
1120257,2,Enron,en,0.45700888907264386,0.3637418167097311,0.3511790652212713,0.44797816298256143,0.7602040816326529,0.7095238095238094
34442,2,Enron,en,0.4167114837966196,0.42023910315846674,0.332886022369828,0.4606837692777489,0.60589492744098,0.5812409812409812
1100979,2,Enron,en,0.5339892346519587,0.5601073980852582,0.36055387092402313,0.46514602982586123,0.7015984015984016,0.5940476190476189
104597,3,Enron,en,0.40801183056899254,0.4231950513152139,0.3427033851364396,0.467573759828286,0.6662504162504163,0.5463203463203463
3068,1,Enron,en,0.5247127497351293,0.3956070306910644,0.3262262836372582,0.4571718190613521,0.7761904761904761,0.819047619047619
1253155,2,Enron,en,0.40102198439031944,0.4921054918156046,0.340345973902831,0.45150288358130086,0.7097643097643098,0.48888888888888893
1957,3,Enron,en,0.4405879094293533,0.4639740126160835,0.3450672947363676,0.43560312344837615,0.7056593406593408,0.615952380952381
56353,2,Enron,en,0.5290245062036038,0.3971726190476191,0.40099188037605,0.48893327814963106,0.8015873015873015,0.7111111111111111
1105714,2,Enron,en,0.4781233044262959,0.4247419791537439,0.349393333406265,0.44214418038304754,,
738934,1,Enron,en,0.4714844147463087,0.3841778788587299,0.34272463312092954,0.45542776906089355,0.5868292494931695,0.5525533108866443
275635,2,Enron,en,0.4114507348702448,0.4192854734990956,0.3333969197950916,0.458276495725009,0.7066533466533467,0.7253968253968254
1109027,3,Enron,en,0.45076714941522866,0.3960499735771475,0.33504790807696233,0.4550711723011058,0.6950462037962039,0.6202380952380953
57899,3,Enron,en,0.49667861981277467,0.3796871294847003,0.35550665241075446,0.4444325488497105,0.7936507936507936,0.5555555555555555
1137382,1,Enron,en,0.4253848976890243,0.3956157453513373,0.33977918980869076,0.4456344605832171,0.6880819180819182,0.6123809523809524
900825,3,Enron,en,0.4204595080163355,0.37295083542063057,0.35204796467273247,0.4642620650432485,0.6947802197802198,0.49333333333333335
873802,1,Enron,en,0.4993732593035263,0.41224216959511084,0.34244242537435343,0.49654365878733847,0.8015873015873015,0.7111111111111111
877436,3,Enron,en,0.47435626470055153,0.44452440324533354,0.3590385931847382,0.500698819756769,0.8065476190476191,0.8222222222222223
1336608,2,Enron,en,0.4280322413530262,0.34785002134740556,0.3558007517339468,0.45065828385545503,0.6212832924314026,0.4903174603174604
1114461,1,Enron,en,0.4230194300791245,0.400802579915981,0.33174421468758997,0.443341526858518,0.6397473636843961,0.6239795918367347
900839,2,Enron,en,0.4730375316893159,0.43839517969952746,0.34509327004634593,0.4498508982707385,0.814484126984127,0.8388888888888889
881432,3,Enron,en,0.45395166993790304,0.4164848337226853,0.3435387665726401,0.4704859917028176,0.814484126984127,0.8388888888888889
1261993,1,Enron,en,0.44113123759252054,0.3091791220973801,0.37349450606823636,0.43344033746366967,0.652338362245483,0.6071428571428571
275664,3,Enron,en,0.45329420292312433,0.3833444066331764,0.31495388628708076,0.4865148714854181,0.8065476190476191,0.8222222222222223
874244,3,Enron,en,0.48894359335083065,0.40403691915319817,0.34425632652947286,0.44633190601321093,0.9199999999999999,0.9
1262539,1,Enron,en,0.5033176167017068,0.38577747039285487,0.34862372585928175,0.4773919435519062,0.6606032856032855,0.6383116883116883
1336688,1,Enron,en,0.4671039796907546,0.36841040903540895,0.3471600672484909,0.4623304052376367,0.721937321937322,0.6849206349206349
277829,3,Enron,en,0.4575951513714826,0.47339575457222505,0.3379530985380696,0.46080148327635934,0.7452690166975883,0.7000000000000001
1336569,3,Enron,en,0.41253966107860635,0.37457615369380065,0.3354546326653232,0.4766633097484518,0.7247690581023915,0.7171957671957672
721260,1,Enron,en,0.4675781861435266,0.4039637226179257,0.3399118275627821,0.44477683704062626,0.7687074829931972,0.7238095238095239
900927,2,Enron,en,0.4245959917880623,0.3338388476684583,0.36291100477359706,0.45509819544193025,0.5873967045158291,0.5775132275132275
85106,1,Enron,en,0.46122448384523707,0.32898900027090927,0.3429864292607395,0.4863237740532038,0.814484126984127,0.8388888888888889
1098297,3,Enron,en,0.4998528742388814,0.42394781880705984,0.3081874154601529,0.4580490152522166,0.733080808080808,0.8053571428571428
56955,3,Enron,en,0.4357359203540023,0.30506657159443046,0.35109694144469134,0.4223195898924967,0.6436624649859943,0.5251984126984127
743529,2,Enron,en,0.3928897038734875,0.4534045841628859,0.3280655579472039,0.47652039735079105,0.9199999999999999,0.9
1246978,1,Enron,en,0.425000243289984,0.3371669186944705,0.3518622803828149,0.4280795762921612,0.7097643097643097,0.5851851851851851
273438,2,Enron,en,0.44646432031022376,0.4653301101414309,0.357873971719013,0.41026019707983574,0.8015873015873015,0.7111111111111111
3164,1,Enron,en,0.420076269887575,0.3578294791727027,0.31571459905893867,0.39716397246740026,0.5240971916805279,0.3602352304558188
1275250,1,Enron,en,0.41677945499918984,0.37839279330831577,0.25612323085818217,0.4067439283233135,0.668338994954707,0.6933982683982683
688501,1,Enron,en,0.5255908854368473,0.3912673533363189,0.34043931883580775,0.4769527311109019,0.814484126984127,0.8388888888888889
1130145,1,Enron,en,0.4162989969680447,0.40158794999481257,0.34738548658089397,0.4602873715463475,0.5982132073844031,0.5250992063492064
1303812,1,Enron,en,0.4523720912276169,0.41339962306680567,0.33487484527032824,0.4304180693205245,0.727840909090909,0.6666666666666667
759467,1,Enron,en,0.431361392140008,0.3405075580862057,0.33929167758593054,0.43888452265771954,0.6405171495022081,0.572077922077922
743370,1,Enron,en,0.4215383922549886,0.37474442020397875,0.3450548449922953,0.4427243043846313,0.7056043956043957,0.6511111111111112
1312911,3,Enron,en,0.42050162217021503,0.3774336070678937,0.25651559604012436,0.4209698121048236,0.5926773090135722,0.51531279178338
59139,2,Enron,en,0.49384651540805313,0.3634267693091223,0.34330984649845314,0.44208088465504186,0.7017182817182818,0.5971428571428572
730404,1,Enron,en,0.4361247987417777,0.3271824557428272,0.31196654437795296,0.3983268098881397,0.586464308736114,0.4439775910364145
70666,3,Enron,en,0.4106235561086838,0.39927024611986134,0.28038062030695654,0.41644839759914637,0.6098610848463625,0.5106442577030813
1248894,3,Enron,en,0.3959119595330819,0.44192322919641935,0.3435308954809763,0.4614220464822276,0.9199999999999999,0.9
1105561,3,Enron,en,0.41167651166993735,0.44767335044519047,0.35299748356863186,0.43298230547620653,0.674599242112611,0.6686868686868688
684197,3,Enron,en,0.4868987037741925,0.4646600920056297,0.33919610014495444,0.4259349638946941,0.7195545195545195,0.621957671957672
732667,2,Enron,en,0.494837456849684,0.4036850683192147,0.34935018057772915,0.45364285454233483,0.7296085858585859,0.6375
764769,3,Enron,en,0.4207382397716253,0.4513681300639505,0.3355697159840372,0.48492261670600006,0.683282967032967,0.7064285714285714
56419,3,Enron,en,0.42415616586112376,0.32537152962972826,0.3346419754239533,0.43533405046559265,0.6681945505474917,0.5112554112554113
30071,1,Enron,en,0.4772088169477267,0.4622799945514626,0.3429318856722959,0.458434882989452,0.6862087912087913,0.6066666666666667
1144632,3,Enron,en,0.4213225193864926,0.35497520782388237,0.3368625560859516,0.4688241629932981,0.7355113636363637,0.7303571428571429
84099,3,Enron,en,0.42786628963914813,0.3325867014485939,0.34845034486152987,0.45141877501983224,0.7035037878787879,0.7625
1248919,1,Enron,en,0.41721890396580263,0.3706274546746681,0.35282499009097323,0.4447474934538524,0.7041208791208792,0.6344444444444445
743344,2,Enron,en,0.4950054342909,0.3604922854922855,0.32146408908307045,0.4962032054635158,0.7619047619047619,0.7428571428571429
59146,3,Enron,en,0.4809586423388889,0.3847751539240903,0.3335873154591243,0.43302705571114974,0.8015873015873015,0.7111111111111111
1359343,3,Enron,en,0.47979416717173173,0.44860597735597707,0.34899104556397537,0.515344314147235,0.7568027210884355,0.6238095238095237
1353855,3,Enron,en,0.4404759590444541,0.514096447769917,0.34882588205119464,0.44939514039440237,0.7445075757575758,0.8065476190476191
1131834,1,Enron,en,0.5266080193431808,0.4363523187052599,0.35956365451600575,0.4612489473339373,0.7338068181818183,0.7208333333333333
725369,3,Enron,en,0.4828998093518404,0.44247849372849374,0.32315955120116574,0.4845940027005718,0.7452690166975883,0.7857142857142858
766379,2,Enron,en,0.4555192697277982,0.4362376217297031,0.35263469776807777,0.4402067128287448,0.7271780303030303,0.6458333333333334
1122541,1,Enron,en,0.432661962328104,0.35891063656593547,0.35230822885612684,0.4437932369127939,0.608303587862246,0.5286210317460318
881357,1,Enron,en,0.5424536863408499,0.3728055921395022,0.37023071670168717,0.4479044056970722,0.9199999999999999,0.9
742840,3,Enron,en,0.4886081726779571,0.3950559163059163,0.3227901401084406,0.45965265340095257,1.0,1.0
1261971,2,Enron,en,0.4881737776403206,0.39490803314332706,0.3506477672542522,0.45775635315832963,0.6628017142529526,0.5123015873015873
1144534,3,Enron,en,0.4571430547571665,0.3925468269722665,0.33794398135271175,0.4148539416562982,0.9199999999999999,0.9
262992,3,Enron,en,0.4585109854396376,0.387728758655532,0.35485205570764417,0.4176436726420194,0.8015873015873015,0.7111111111111111
1286872,1,Enron,en,0.535274204992336,0.6145733999062932,0.2900848144752348,0.39635080493300223,0.6309167321214703,0.5604395604395604
1308852,3,Enron,en,0.46310003199252314,0.3501339755016225,0.333614196716081,0.4630388120277693,0.738604797979798,0.7261904761904762
880729,3,Enron,en,0.4302672117297451,0.3598843998458801,0.3367924886411228,0.495384020179986,0.6926885614385615,0.7811904761904762
276661,2,Enron,en,0.4235768613163298,0.392518784661107,0.34776481195508174,0.4196905659958493,0.7024225774225774,0.6604761904761905
83785,2,Enron,en,0.4253444161217467,0.419657831276434,0.34936535433131716,0.42290668105784324,0.6373515897587106,0.594047619047619
1245592,3,Enron,en,0.46923186748338797,0.34207923595678696,0.36704377705043656,0.4754932013371126,0.7936507936507936,0.611111111111111
1303893,1,Enron,en,0.47051636984108897,0.39604179985196014,0.3547913504086049,0.44413689756891767,0.6397609273513165,0.5114718614718614
770416,3,Enron,en,0.46260533951561533,0.37036081832000184,0.32306387587927404,0.44690979517304896,0.9199999999999999,0.9
43532,1,Enron,en,0.45173212777067784,0.5369394494394493,0.35958478267664595,0.4448552800994266,0.7131831131831132,0.5407407407407407
34113,1,Enron,en,0.3808200512841272,0.34032840364662387,0.25686120703782556,0.4558624131040874,0.7024225774225774,0.7102380952380953
740246,1,Enron,en,0.49199846287659527,0.42519795725750076,0.3863421129390642,0.4976676418768684,,
39309,1,Enron,en,0.3968231510669657,0.5025292457030821,0.345265023083727,0.46927705898777416,0.5969180867568824,0.5405085110967464
1144335,1,Enron,en,0.4062761036472469,0.42688281636245423,0.3576268359165168,0.4281853244766032,0.8065476190476191,0.8222222222222223
16168,3,Enron,en,0.45110491217142823,0.37783846295956997,0.33813431375189407,0.4558106178313523,0.7059752747252748,0.671111111111111
78869,1,Enron,en,0.45631120485787163,0.4360346278492388,0.35624250682223596,0.46211616313799214,0.5930236420898017,0.6757936507936507
1256474,1,Enron,en,0.4655437692197977,0.37789829709334355,0.3281077186358676,0.44625062832136586,0.7344065656565657,0.7011904761904761
108089,3,Enron,en,0.41123446668372027,0.5031387893933629,0.332025093756311,0.46777116263077845,0.8095238095238096,0.8666666666666666
1293810,3,Enron,en,0.45925999594836925,0.44940690622508794,0.3436469988777746,0.46328219207405685,0.9199999999999999,0.9
289014,3,Enron,en,0.45110491217142823,0.37783846295956997,0.33813431375189407,0.4558106178313523,0.7059752747252748,0.671111111111111
68949,1,Enron,en,0.4726301246516724,0.5312116946707739,0.32937922433225403,0.4786311227757894,0.7186965811965812,0.7708333333333334
275537,1,Enron,en,0.39827755850931207,0.4448130188723186,0.3619572586201826,0.4436003559916632,0.6322153993349646,0.5586734693877552
1315126,2,Enron,en,0.44976266400931747,0.4577612294944418,0.31969030745199245,0.4804591613714986,0.6237718883406634,0.5920634920634921
1270698,2,Enron,en,0.46177102082135835,0.30361752652893387,0.33559866543366706,0.45639351918882193,,
1252967,1,Enron,en,0.49905301789264833,0.33313813031858136,0.33715062159145953,0.4311132205877459,0.8065476190476191,0.8222222222222223
42274,3,Enron,en,0.4941566237350472,0.3331011806621564,0.3381278965344479,0.4734305382548118,0.9199999999999999,0.9
34529,3,Enron,en,0.47513813062978105,0.4680242483551306,0.3255804120188574,0.46416053212047526,0.8492063492063493,0.8444444444444446
1107260,1,Enron,en,0.4533864613388716,0.3825601485701375,0.3334122916455958,0.45865231336905243,0.7254103535353535,0.5041666666666667
1268320,3,Enron,en,0.41607376159090337,0.44717739130581535,0.35409829015439553,0.45337232692274854,0.616196022867687,0.5466360028860029
31040,2,Enron,en,0.42793628148344304,0.33146997926560307,0.34203344097940325,0.43001362279945327,0.7024225774225774,0.6554761904761904
43910,1,Enron,en,0.41216151171330573,0.4539260178353476,0.3663049124505231,0.4443221069368658,0.550596798656455,0.34437543133195314
62496,1,Enron,en,0.4192532610136232,0.3957753008753602,0.35610810603416626,0.44599348698271646,0.5916207119650672,0.6820294784580498
1261975,1,Enron,en,0.42692540675219937,0.3494240814528556,0.36703451809562404,0.4198631838316182,0.6837203972498089,0.661904761904762
1261171,2,Enron,en,0.40394458977061093,0.4070537592800851,0.36154255338555563,0.4507736299568907,0.7056593406593408,0.7030952380952381
2761,3,Enron,en,0.4104956996975192,0.4017098150438992,0.3381698043124686,0.4452381937250299,0.6553264681941152,0.5590608465608465
1131957,3,Enron,en,0.44971490636337424,0.40607107776919105,0.338342979485927,0.46570920022648393,0.7245470578803912,0.7558201058201058
58573,1,Enron,en,0.48042603708538234,0.4164645086213711,0.3995973962264968,0.4680827065527586,0.9199999999999999,0.9
743293,3,Enron,en,0.4510354906791298,0.3429041002570415,0.33997200320610876,0.492985618965799,0.7094535094535095,0.5962962962962962
58303,3,Enron,en,0.45056177701146255,0.3553573726424403,0.3406026055477339,0.45541598617121876,0.9199999999999999,0.9
43986,3,Enron,en,0.4635033278445673,0.5692658290219265,0.3507559621187804,0.4555022684428104,0.8015873015873015,0.7111111111111111
1278199,3,Enron,en,0.41387211233420707,0.3912200640574342,0.34591630461553485,0.44729003938595696,0.7568027210884353,0.5904761904761904
755926,2,Enron,en,0.47681970813776864,0.41274249669118246,0.37642979272247695,0.49903170183887546,0.9199999999999999,0.9
31035,3,Enron,en,0.4241916051370932,0.39357744502788805,0.3796739096978689,0.4329162216713248,0.6564838362245483,0.5976190476190476
292785,3,Enron,en,0.47095395201124446,0.4397201089508782,0.3310967675207047,0.47073233789169966,0.7171717171717172,0.6664021164021164
283761,2,Enron,en,0.4549828367061028,0.41126676940630447,0.3510515876517855,0.42597040027768135,0.7094535094535094,0.5407407407407407
1263716,3,Enron,en,0.4396671073933691,0.4460563802669064,0.3327364659287378,0.45818062886981037,0.7084175084175084,0.5370370370370371
759412,2,Enron,en,0.42734670507246114,0.31059493312337505,0.3619783536385211,0.4304076481051549,0.7139204545454545,0.7
725035,2,Enron,en,0.49310866602791403,0.41314476552438467,0.34110790552085113,0.46087293866873924,0.8015873015873015,0.7111111111111111
41796,3,Enron,en,0.45587791812907863,0.4449590229321686,0.3399917683966789,0.47078494700327356,0.7330808080808081,0.8053571428571429
1293347,3,Enron,en,0.49851111886544747,0.41061626491490744,0.3267146853654578,0.4751934085199629,0.7452690166975883,0.7857142857142857
275568,3,Enron,en,0.4724976107195471,0.5072086968758794,0.3458277812433332,0.45907383052216755,0.814484126984127,0.8388888888888889
46070,3,Enron,en,0.46363305354175666,0.5321466127857104,0.3445791412826746,0.46025083239254055,0.8065476190476191,0.8222222222222223
730025,3,Enron,en,0.46243878871129895,0.3878274960921136,0.3188642166530665,0.5018848699362929,1.0,1.0
1120137,1,Enron,en,0.416756470523768,0.4118050899592479,0.35431643403595153,0.44919173845020954,0.6587424443461596,0.6815684315684316
39438,3,Enron,en,0.44252817509849124,0.39862731430528014,0.35962766959773823,0.466120423586323,0.6978071311404644,0.7857142857142857
1255913,3,Enron,en,0.5010188629744602,0.34961165377832043,0.3386974558920431,0.49036238711867663,0.7131831131831132,0.5777777777777778
58094,2,Enron,en,0.4174240394560096,0.4010751357603497,0.29212357043461523,0.39823066879071184,0.5645928474776876,0.526940836940837
34462,3,Enron,en,0.4142784895554998,0.4050459451968737,0.34378944492656566,0.48059189088556203,0.6497701353976658,0.5917082917082918
744989,3,Enron,en,0.4184721201385289,0.3965684234066587,0.35131673170077093,0.4427070998232627,0.7040663040663041,0.6037037037037037
1242206,3,Enron,en,0.3970795889597219,0.45995540297415854,0.36105588110137415,0.45286338670016385,0.6299887140210775,0.5302721088435374
273460,3,Enron,en,0.48015435798186346,0.4749782624782624,0.3442020756748613,0.4820219991187235,0.7057436390769722,0.6825396825396826
1311935,3,Enron,en,0.48168097412630295,0.4160588089159518,0.3518959296277253,0.441956736477317,0.7710884353741496,0.8
62555,3,Enron,en,0.4073384057396597,0.49158818637079515,0.3193340627506589,0.49341278932085725,0.7676870748299319,0.7952380952380952
1293645,3,Enron,en,0.40091459761114173,0.5530911035073462,0.3307519199724521,0.4426334759243558,0.6498748577625583,0.7105339105339106
901113,3,Enron,en,0.48429034626085893,0.4470407118134389,0.3401695966546602,0.44897421568917034,0.7302714646464646,0.7125
1100714,3,Enron,en,0.4930455570293249,0.4670642036026651,0.37722465741127686,0.45111065240177595,0.814484126984127,0.8388888888888889
761390,1,Enron,en,0.5327524060369986,0.47414806904696605,0.39987454969319375,0.41804991373901085,0.9199999999999999,0.9
1123569,1,Enron,en,0.4641515633423964,0.555797535797536,0.3590410056595668,0.516915323820063,0.9199999999999999,0.9
723938,1,Enron,en,0.4591870691648063,0.5150004384037997,0.337023045369666,0.45499738562008585,0.6318456569230564,0.44706959706959704
759409,1,Enron,en,0.4369637561923324,0.4309179322251217,0.3244297822667255,0.46798669028256934,0.717361650694984,0.6804232804232804
263104,3,Enron,en,0.48340573030506145,0.40507514166050756,0.339406429400556,0.4385073486036357,0.8065476190476191,0.8222222222222223
881959,3,Enron,en,0.5112493410533776,0.4067015449827949,0.32065313910473764,0.46433401967318655,0.7619047619047619,0.7428571428571429
1124292,1,Enron,en,0.48325477343100237,0.4170845204178535,0.3476741518080343,0.4744519404220209,0.9199999999999999,0.9
1114455,1,Enron,en,0.4717025757999025,0.4633868324657799,0.35628859511749045,0.46575892027487176,0.7027195027195028,0.6333333333333333
1247476,2,Enron,en,0.45828234160453185,0.4613778387371854,0.33303693199037293,0.47460747564095507,0.7936507936507936,0.611111111111111
286751,2,Enron,en,0.4599706809790901,0.3362089640778166,0.3482086220598084,0.438585260858225,0.7653061224489796,0.7095238095238096
31214,1,Enron,en,0.4899884406650008,0.4568250628205381,0.3295703164645581,0.4509916912640397,0.6645021645021646,0.43636363636363634
1118110,2,Enron,en,0.4257941020534582,0.37657568621854326,0.3546197116259148,0.43834923364442385,0.7271780303030303,0.5499999999999999
687334,3,Enron,en,0.44603646517324175,0.4096284987414019,0.3344799362437533,0.45379133164978347,0.7255830589163923,0.7521164021164022
82597,2,Enron,en,0.42277604946289477,0.40702204637670425,0.35680602513328114,0.4266664982931382,0.5826578352810113,0.5454715219421102
742845,3,Enron,en,0.46218637239814797,0.35521266349289565,0.31801690717678033,0.47088072010107135,0.6985264735264736,0.6333333333333333
285567,1,Enron,en,0.462584040915895,0.556192281230981,0.35558875761541364,0.44640646404548895,0.6621239722844,0.7014430014430015
889867,2,Enron,en,0.45243679665192243,0.3659302145974939,0.31620707676246784,0.47003173167156265,0.727840909090909,0.6666666666666667
1108718,3,Enron,en,0.4987525105314454,0.3896902555439141,0.3799828416165192,0.478665739290208,0.9199999999999999,0.9
52683,1,Enron,en,0.4157582197111253,0.3816318070404584,0.35712611931953,0.4715624930402968,0.6117907384744916,0.7366213151927437
685023,1,Enron,en,0.4607474165452435,0.42072625889674736,0.3378561153249438,0.47293898785851085,0.6330107800696037,0.6606060606060606
753939,3,Enron,en,0.4302672117297451,0.3598843998458801,0.3367924886411228,0.495384020179986,0.6926885614385615,0.7811904761904762
1122692,1,Enron,en,0.42704583998792545,0.34872240091462064,0.3392588012966332,0.4134357393676931,0.6424879297811629,0.6865027829313542
931630,3,Enron,en,0.39979833173402823,0.4994247015863555,0.33152593947297865,0.4780145736937952,0.643768541247593,0.6327380952380952
1111635,3,Enron,en,0.4248878194052628,0.3346272497393635,0.35002047877130715,0.4501011365475503,0.6978962214256332,0.68
45197,3,Enron,en,0.48678912187769885,0.404348632397413,0.31812039730976555,0.4436806197564215,0.7121527777777779,0.7375
743114,3,Enron,en,0.4681429667925712,0.47108114137997015,0.3431710307707038,0.44746179108695117,0.716325649658983,0.6010582010582011
749091,3,Enron,en,0.4183337974660685,0.36621210817349936,0.36420821368487294,0.4628354839608495,0.6985264735264736,0.6447619047619048
1301396,3,Enron,en,0.43729323525174574,0.43926064292505934,0.33459586759054144,0.4429753331798482,0.7090588423921758,0.7116402116402116
1354573,3,Enron,en,0.4020124619017357,0.4577255632347409,0.2824803466900732,0.45712075589158296,0.6540200134865531,0.6500166500166501
59193,2,Enron,en,0.4198111835315864,0.38683539263569544,0.3449725131256018,0.4485624355640552,0.6278594334550963,0.5599773242630385
1094631,3,Enron,en,0.44979583109006,0.43460964750954406,0.3383687410972173,0.4511342348760934,0.7020140353473687,0.6767195767195767
754308,3,Enron,en,0.45539321139353905,0.3663409450294696,0.3449385473466809,0.4360241645378809,0.7296085858585859,0.625
721142,2,Enron,en,0.44653872509460446,0.41347659421188815,0.34519699696502465,0.4623908341923349,0.9199999999999999,0.9
764632,1,Enron,en,0.4194760027380582,0.42740853021091546,0.3055301291155676,0.40777361590190714,0.6212260988905755,0.550091575091575
58190,1,Enron,en,0.48355034093588484,0.35467667359378585,0.3640820054700796,0.41056865573371837,0.7296085858585859,0.7291666666666667
1111903,2,Enron,en,0.4986783186317807,0.33348316443282117,0.36043155952822375,0.45248630531825185,0.6547357870887283,0.5792207792207792
773534,3,Enron,en,0.45728310346177026,0.49185509006480876,0.32853869192399093,0.44460153255941004,0.9199999999999999,0.9
1122457,2,Enron,en,0.441386366008368,0.3035594161862484,0.30546792655002014,0.38828144157743116,0.6238097653963405,0.47126984126984134
60107,1,Enron,en,0.4131726765491703,0.4425397247164586,0.29994711080359704,0.4170721589451623,0.5961507986296332,0.4941398108064774
1112895,3,Enron,en,0.4946154576271449,0.3976120058227902,0.3577954420426245,0.4637157660305181,0.8015873015873017,0.7111111111111109
894955,3,Enron,en,0.4740958434415993,0.4090100955954615,0.3878289825316276,0.45879775626433367,0.7602040816326531,0.7095238095238096
292847,3,Enron,en,0.40807769633844737,0.3649566098389627,0.3384277236234267,0.4463308949829643,0.7568027210884354,0.6095238095238095
18692,3,Enron,en,0.4612966020259591,0.40038237046750946,0.34897222181582377,0.4624698931996349,0.7653061224489796,0.7095238095238096
30967,3,Enron,en,0.5237816554752618,0.4198399243853789,0.3557164305789007,0.4310463219296735,0.7619047619047619,0.6238095238095237
1118514,2,Enron,en,0.40799205361041185,0.41748176523218994,0.3545475133657546,0.4214013708933903,0.6238562769828978,0.5730254930254931
685523,2,Enron,en,0.45187668297058026,0.4093347716020686,0.3100861295497404,0.4606115949629442,0.7653061224489797,0.7095238095238096
1311780,3,Enron,en,0.45913729379704915,0.38477468336460735,0.34624841872538586,0.4503684347612664,0.814484126984127,0.8388888888888889
278205,1,Enron,en,0.48384544110559313,0.4480250999000998,0.3325379221303912,0.44666788741063707,0.7254103535353535,0.5625000000000001
889872,2,Enron,en,0.46078848890139373,0.35932987348081663,0.34362539704791906,0.4507302189425225,0.7062637362637363,0.7777777777777779
725144,3,Enron,en,0.42479949309993276,0.37319984186327665,0.34397912351525456,0.4545701753632138,0.7254103535353535,0.6125
29544,3,Enron,en,0.4628336765209225,0.4090004955530572,0.3497980413121737,0.4542070512241651,0.814484126984127,0.8388888888888889
685545,2,Enron,en,0.42394365510773935,0.3666515815853371,0.32322821284526704,0.4796862420639308,0.6205546087899029,0.6118437118437119
773395,1,Enron,en,0.4452631059261504,0.4474588518290286,0.35114625105014174,0.4660069023215455,0.6425257748787161,0.668831168831169
1105549,2,Enron,en,0.4782080685887428,0.4460709044042377,0.3294783623594819,0.46341928504193103,0.7936507936507936,0.611111111111111
1259214,3,Enron,en,0.444497117326369,0.43059533306859493,0.33804614750893197,0.43498022339765197,0.7372790404040404,0.7136904761904762
3024,2,Enron,en,0.438363542412534,0.32659000473523403,0.35368701470334657,0.4443799858302779,0.698901098901099,0.5830952380952381
1112173,3,Enron,en,0.49882027729226325,0.3720262347363188,0.3430834888537089,0.4139006015137274,0.814484126984127,0.8388888888888889
744355,3,Enron,en,0.4781682068294498,0.4299671162171161,0.35099586311976355,0.4146274286871407,0.7171717171717172,0.6182539682539683
1351517,2,Enron,en,0.4129429878640563,0.4513148172173531,0.3475950008192475,0.44293447366023464,0.7351325757575757,0.7916666666666666
277865,2,Enron,en,0.4136850086990346,0.4748119664557724,0.3401484636990006,0.45447245390462027,0.6335537288268982,0.6051587301587302
20105,2,Enron,en,0.42541155368606,0.3852497460278599,0.3470048419907946,0.48315097056375894,0.7025424575424576,0.7271428571428571
213923,3,Enron,en,0.41480605285827077,0.4607660564774742,0.35236702992517693,0.45181397689361724,0.6977022977022977,0.6085714285714285
1134340,3,Enron,en,0.4148961167826076,0.37426248079311886,0.345806054768091,0.45535986831816366,0.7361742424242425,0.7886904761904762
743489,3,Enron,en,0.46332718577511206,0.38006721575734204,0.33767884109891877,0.4510263534660436,0.9199999999999999,0.9
19695,1,Enron,en,0.4799222635433773,0.5002021879928855,0.32334914417377536,0.4736294601107351,0.6916895604395605,0.5933333333333334
879424,3,Enron,en,0.46000490698396135,0.3556646663672808,0.3232382536990424,0.44268365811795507,0.7052108385441719,0.61005291005291
756578,1,Enron,en,0.49021540956039883,0.43218904965316446,0.35829398921852973,0.4302233417094338,0.8065476190476191,0.8222222222222223
1295112,3,Enron,en,0.42103409491457655,0.42908651081584415,0.34766285719511225,0.43816834472499255,0.6947802197802198,0.42666666666666664
58925,2,Enron,en,0.5022275200444546,0.3598194833488951,0.3525367689511256,0.40850635795976287,0.7296085858585859,0.7083333333333334
1295266,3,Enron,en,0.48023103409527024,0.40227382378916904,0.33579965556702057,0.4233335809595831,0.8065476190476191,0.8222222222222223
1311786,1,Enron,en,0.45757233992694135,0.3812846252474734,0.37123389962835307,0.4268690885623366,0.6708340678928915,0.5359307359307359
901440,3,Enron,en,0.4106235561086838,0.39927024611986134,0.28038062030695654,0.41644839759914637,0.6098610848463625,0.5106442577030813
1312549,3,Enron,en,0.45181857977537404,0.39294012611320306,0.3433114902690904,0.45397142642939076,0.7338068181818181,0.7208333333333334
59784,3,Enron,en,0.4539203871201784,0.3815758031983756,0.3288767439751585,0.4906758859760475,0.6965297202797204,0.6873809523809524
776159,1,Enron,en,0.4677857508823821,0.48980698004565787,0.4077402013389658,0.4822411857426207,0.7653061224489796,0.6476190476190476
1105700,1,Enron,en,0.4025994259284579,0.41268927297622593,0.27306763665910944,0.41799739514725825,0.6126963678154923,0.5457142857142858
1112910,3,Enron,en,0.5034443560009625,0.4296428894103314,0.3527058719086839,0.4081877721172842,0.7653061224489796,0.8285714285714285
275608,3,Enron,en,0.4951687821805684,0.4053480651519868,0.35072025376736754,0.4275344971051755,0.7254103535353535,0.5583333333333333
1247175,1,Enron,en,0.5142655675014736,0.3852767304380208,0.32116887245247955,0.45607578434047363,0.6916342916342917,0.6444444444444444
1112074,1,Enron,en,0.41645563941043695,0.41008261779408434,0.27470815464727794,0.40537456403026534,0.7125686813186813,0.7646825396825397
1260921,2,Enron,en,0.496826707784884,0.3511881735285991,0.3405754319314226,0.4671050562355344,0.8065476190476191,0.8222222222222223
726487,3,Enron,en,0.42549999432328245,0.3640539716623932,0.35095646162048283,0.4989842465490592,0.657496914849856,0.5534632034632034
2691,3,Enron,en,0.44975124862874294,0.4676854134824811,0.35352189044381305,0.40658816812442466,0.7125960459293793,0.6068783068783068
1265119,3,Enron,en,0.45947607060648565,0.37021106504189216,0.3275840416914224,0.49299065268129455,1.0,1.0
275612,1,Enron,en,0.44538575561368604,0.4073961917711917,0.324633548476669,0.42358538865621526,0.6998901098901099,0.6297619047619047
891080,3,Enron,en,0.464972076281792,0.4161196757787666,0.30302908417938973,0.4666470368665194,0.8065476190476191,0.8222222222222223
41248,2,Enron,en,0.4603591577359978,0.4171482099093307,0.35024659141298614,0.46323821852702435,0.6853346653346654,0.709047619047619
1294322,3,Enron,en,0.47448136455871337,0.48811290673638863,0.40357451597951044,0.4679950362182487,0.814484126984127,0.8388888888888889
1250729,3,Enron,en,0.4438998867364347,0.4236471522444373,0.34206224933385226,0.49276765995289085,0.7035037878787879,0.7625
3268,1,Enron,en,0.36038241711144153,0.48090426395958036,0.2946824000343679,0.4143922355731198,0.6307620984829223,0.5098941798941798
62567,1,Enron,en,0.4914046209763184,0.36660612367746276,0.34716667403608537,0.4398121093260535,0.8015873015873017,0.7111111111111109
683967,1,Enron,en,0.49213050934760844,0.3902250654211438,0.3527968943827728,0.4402556506003102,0.7676870748299319,0.7952380952380953
1136966,1,Enron,en,0.4301961849639423,0.47533012547352466,0.32783222484146163,0.4335555391978566,0.6318922423695226,0.44506802721088434
59852,3,Enron,en,0.4253599274434168,0.4154714235067714,0.3449978232092752,0.43958702417865647,0.6088743896768192,0.5563492063492065
38514,1,Enron,en,0.4987587304791667,0.45062248862248866,0.3569236161439151,0.44529913528208726,0.6382188547355703,0.4638888888888889
283696,2,Enron,en,0.4865542284466334,0.4311313686313686,0.39398328647318415,0.48187540892865643,0.7619047619047619,0.6238095238095237
894925,3,Enron,en,0.5000941240345259,0.36646993357519664,0.3701622350743693,0.4623163712332884,0.765986394557823,0.7999999999999999
751549,1,Enron,en,0.4283670860511049,0.3679021452753382,0.2749095476333855,0.39308321349547104,0.7710884353741496,0.8095238095238094
1314383,2,Enron,en,0.4961336620703308,0.3700892371182226,0.3450271899468437,0.4805925197606148,0.6564015328959362,0.620967920967921
1253163,2,Enron,en,0.4420786416751746,0.45611862367493844,0.3495057631105523,0.45396998540771694,0.6437044920307304,0.5384920634920635
84272,3,Enron,en,0.4639058586128396,0.4679581777408639,0.3105984913996304,0.4822408533526151,0.7676870748299319,0.7952380952380953
1112802,1,Enron,en,0.4628472314358401,0.3731871684123109,0.3590230946670101,0.42546069293711714,0.745269016697588,0.7857142857142857
1271167,3,Enron,en,0.5042895011903812,0.44651584949368894,0.3502072215910531,0.4595084400142852,0.6488309935678357,0.5466422466422467
1303885,1,Enron,en,0.45788830995720914,0.3825625385265909,0.3013997538877846,0.4428277382926539,0.6347152997501294,0.6191137566137567
770218,1,Enron,en,0.49008410603460223,0.39554651697508836,0.3946276850070476,0.5183683929768746,0.8144841269841271,0.8388888888888889
684347,1,Enron,en,0.5220630034071588,0.4215912034093853,0.3504156216566626,0.4360090496443752,0.9199999999999999,0.9
743154,2,Enron,en,0.4308426143570531,0.3550581134145464,0.3456114919295047,0.4300989643611723,0.6454269865841074,0.42738095238095236
1359130,2,Enron,en,0.4214749677722332,0.4447463884335603,0.3661014287031745,0.4143143110986259,0.7237330570663904,0.7616402116402117
1307986,3,Enron,en,0.42118261232784815,0.3577665772461793,0.3476225701793159,0.4290651502808651,0.7936507936507936,0.611111111111111
63623,2,Enron,en,0.48975305485077225,0.4402403894382505,0.34609233093144565,0.4866812034881838,0.722973322973323,0.7256613756613758
1279166,3,Enron,en,0.5105049997431679,0.44177913589678297,0.3261789707175848,0.4809387287593444,0.9199999999999999,0.9
743408,3,Enron,en,0.4583401938940025,0.4045109488607941,0.3544292205385661,0.46000607427205015,0.7710884353741496,0.8095238095238094
1262694,1,Enron,en,0.4349904567257609,0.3047188645398363,0.3610380776777333,0.4299849353946087,0.633906055661291,0.46587301587301594
1313094,2,Enron,en,0.41002202181624026,0.37573135686079223,0.35446383780026014,0.4417072967923571,0.7452690166975883,0.7857142857142857
1270769,3,Enron,en,0.49612207655870644,0.4046381839449068,0.3350392918800945,0.44902614428978854,0.8065476190476191,0.8222222222222223
1251435,1,Enron,en,0.45447664706247926,0.38299087214528393,0.3870113747780914,0.48140117084857187,0.7676870748299319,0.7952380952380953
57509,3,Enron,en,0.42045654533505644,0.3455018913295245,0.30656762927870274,0.45175848216598224,0.6508150002732047,0.5956709956709957
59765,3,Enron,en,0.4138870698472825,0.39300932633285474,0.3531325492746366,0.4644499013121159,0.6588550338550339,0.5571428571428572
775999,1,Enron,en,0.41401577566375747,0.39186160780170604,0.26962626074188933,0.4350217369969279,0.7017182817182818,0.6376190476190476
1131829,3,Enron,en,0.45587771970321084,0.33515245752236694,0.3103064486425934,0.431429448149996,0.7236426767676767,0.6208333333333333
724168,3,Enron,en,0.5207512471368599,0.4223470132561043,0.3336483201694439,0.4651476676627122,0.814484126984127,0.8388888888888889
1241676,2,Enron,en,0.40550378174433194,0.3878078913927371,0.34272196838077257,0.46199122734178383,0.567249905548587,0.538919413919414
764246,3,Enron,en,0.4785590912490352,0.3756425868416819,0.3580326351482295,0.44405672404248814,0.7271780303030303,0.5291666666666667
408,1,Enron,en,0.3926523748484132,0.6052565430212491,0.279163755377112,0.45696202798911956,0.619820770635416,0.5335978835978835
70630,3,Enron,en,0.41087807993545233,0.4753485666475862,0.3452467456427848,0.46843878965320207,0.655457287810229,0.5662337662337662
881938,1,Enron,en,0.4041958847658813,0.43303073054615476,0.340959729387056,0.44049152625960647,0.5567843476601164,0.4517063492063492
69781,3,Enron,en,0.47977001278534914,0.4222983569137415,0.3274112533837423,0.466679196610078,0.9199999999999999,0.9
1287291,1,Enron,en,0.4796437901343,0.42373922183003704,0.3694283247864815,0.4455285792115933,0.6482097623738491,0.5720779220779222
931635,3,Enron,en,0.4187336915272264,0.36964760233561417,0.3550678503861367,0.402804357225404,0.7653061224489796,0.6476190476190476
59368,2,Enron,en,0.49052118683114915,0.3795160395160396,0.34193984672334937,0.4500268075131731,0.7619047619047619,0.7428571428571428
744980,3,Enron,en,0.4514443374019773,0.38278503903503874,0.3468106151295301,0.4302997221454921,0.7187084520417854,0.5608465608465608
67243,3,Enron,en,0.47227666051905526,0.4961290252956918,0.40115426866486326,0.45223484369544015,1.0,1.0
292347,3,Enron,en,0.49067426239497985,0.42298929141034414,0.3863334941377018,0.4816505475548218,0.8065476190476191,0.8222222222222223
78214,3,Enron,en,0.4104956996975192,0.4017098150438992,0.3381698043124686,0.4452381937250299,0.6553264681941152,0.5590608465608465
34435,1,Enron,en,0.4126864898987974,0.40550900816020935,0.35098517172165783,0.4239511968196377,0.704396837730171,0.6010582010582011
1111985,1,Enron,en,0.4147381713041061,0.42236355099265815,0.3482442194436648,0.4443491173760526,0.6973126873126873,0.49428571428571433
721116,3,Enron,en,0.4916387321025844,0.38060356955705793,0.3340423644092048,0.4572629525517532,0.9199999999999999,0.9
59493,2,Enron,en,0.4774321440951137,0.4115899973042831,0.306840483315038,0.4800721959089753,0.7676870748299319,0.7952380952380953
1305501,3,Enron,en,0.4728605437955356,0.4451034151034151,0.32301753356692287,0.45350409072304376,0.7619047619047619,0.6952380952380953
1355769,1,Enron,en,0.4605892863793653,0.393290060142287,0.34572931074592644,0.4205545634499796,0.6958703796203796,0.7052380952380952
1252794,3,Enron,en,0.4533344776982115,0.49533060463788026,0.31531213883174786,0.4607729640661683,0.7361742424242425,0.7886904761904762
735235,3,Enron,en,0.41930094503536797,0.3604639565922636,0.346202872477798,0.42783856902550044,0.7619047619047619,0.6238095238095237
1260004,2,Enron,en,0.4552052740574132,0.37245451390112955,0.3565012362941288,0.43532682315570603,0.7072631072631073,0.6148148148148148
764544,3,Enron,en,0.42092370413848035,0.3934417814861098,0.3237352091902423,0.4664285100092834,0.6608946608946608,0.4930735930735931
776281,3,Enron,en,0.4605121326367703,0.4042761889758134,0.3317346251060939,0.47008719924076187,0.8015873015873015,0.7111111111111111
1247382,1,Enron,en,0.45504179789934257,0.40944556588357695,0.3307750862309277,0.4749607086050616,0.5832690229761854,0.4660012826679493
1308158,1,Enron,en,0.4450746235611564,0.4428592787316151,0.3492990181027675,0.42081708369149406,0.7936507936507936,0.611111111111111
67386,3,Enron,en,0.5000076692058846,0.5514319807176952,0.3206342193114035,0.5166950871351572,0.814484126984127,0.8388888888888889
56422,3,Enron,en,0.45662910711396715,0.44785280022122115,0.34831605612762007,0.46899150483565344,1.0,1.0
57673,1,Enron,en,0.46700481001286603,0.3966347888222889,0.3563982815951064,0.440470328942542,0.6904907592407594,0.49571428571428566
3012,1,Enron,en,0.44073770435708826,0.5730171431534216,0.32494849228376677,0.47447122939404235,1.0,1.0
1270616,1,Enron,en,0.42254993282251907,0.34198472515291195,0.3230510368748928,0.4587822989994934,0.7033608366941699,0.5730158730158731
276682,3,Enron,en,0.5230560271357039,0.4677991942697825,0.3444697598913641,0.442424396767896,0.7428030303030303,0.8053571428571429
58267,1,Enron,en,0.5390374159131673,0.33957138099995243,0.3770981167272251,0.41981308349221963,0.7602040816326531,0.6476190476190476
685036,1,Enron,en,0.42476532000828093,0.354179544739489,0.3557748007879127,0.43891131054100985,0.722979797979798,0.6166666666666667
1144514,2,Enron,en,0.4637780211234155,0.5473908807242139,0.35064467049726733,0.41918201907231795,0.7015984015984016,0.5895238095238095
41831,3,Enron,en,0.5309316353251418,0.38225233547814197,0.32411368748448877,0.47599609459273196,1.0,1.0
1100661,3,Enron,en,0.46207073962766976,0.47091839101724986,0.355475040901863,0.42081237765995433,0.7687074829931972,0.7238095238095238
748972,1,Enron,en,0.46440962004605857,0.35289755369342113,0.3711215671527065,0.4312953370643357,0.6409081856942819,0.632900432900433
765897,3,Enron,en,0.4106235561086838,0.39927024611986134,0.28038062030695654,0.41644839759914637,0.6098610848463625,0.5106442577030813
1116889,3,Enron,en,0.4561421091635093,0.44112498886818585,0.34749816414217183,0.4564115994002248,0.7568027210884354,0.6095238095238095
1334758,3,Enron,en,0.510353459638735,0.4021201814058957,0.3457553750631828,0.4158185668334348,0.7602040816326531,0.7095238095238096
1355759,3,Enron,en,0.46372028681797633,0.3876628993877747,0.3526915980809104,0.45747207380865573,0.7372790404040404,0.8178571428571428
1109410,2,Enron,en,0.49109280309498443,0.34438611157361154,0.3358602033553506,0.47439333344625484,0.7296085858585859,0.6791666666666666
1304158,1,Enron,en,0.4888642879640755,0.39430675963183703,0.3970127469698444,0.4560167905067439,0.8015873015873017,0.7111111111111109
56472,3,Enron,en,0.4787235458624647,0.43321313066467176,0.3761347841503806,0.47686835931723626,0.9199999999999999,0.9
1113061,1,Enron,en,0.46705246251491855,0.38683456502291996,0.350948761275462,0.44773769478688136,0.7710884353741496,0.8095238095238095
1127891,3,Enron,en,0.4464109176805972,0.4024948431198431,0.3459912396558946,0.4640877339846887,0.7296085858585859,0.575
763100,1,Enron,en,0.5269255540970411,0.4183327270302061,0.337242365950366,0.428685088675139,0.6688333256154464,0.7554894179894179
1284063,1,Enron,en,0.4814597275318935,0.3850462772521597,0.3582223729515903,0.4918439243469046,0.704396837730171,0.6841269841269841
16138,1,Enron,en,0.4243177860194684,0.35403890847804775,0.28201416251407185,0.4225390840353284,0.618530166838825,0.5028769841269841
776097,3,Enron,en,0.3848790169405413,0.5265256366521857,0.35251757561421526,0.4961213434701496,0.7000099900099901,0.5847619047619047
1094630,3,Enron,en,0.45712605410534907,0.3932491256020667,0.3322413263885329,0.4835877017744236,0.6590247987306811,0.5164502164502165
103211,3,Enron,en,0.484184760347051,0.4414320880944758,0.33162779176218427,0.488208441186462,0.8065476190476191,0.8222222222222223
56285,1,Enron,en,0.4872005438591803,0.35569140800719756,0.3029948585146064,0.4576405066073932,0.9199999999999999,0.9
1355052,3,Enron,en,0.5070899490440328,0.4090358565162597,0.3475896798942866,0.44256836679160566,0.7602040816326531,0.5904761904761904
727530,1,Enron,en,0.44978696019962744,0.45956640721478337,0.3172321801117075,0.4868300139343847,0.5736445671629689,0.6285714285714286
83943,3,Enron,en,0.4608540667435726,0.3891400784064894,0.343467609080351,0.41538559110574186,0.7313131313131314,0.7386904761904762
1139216,2,Enron,en,0.43337668028958126,0.3224430364026954,0.2746485870298282,0.4036586229801245,0.5963275205410147,0.6036616161616162
2026,3,Enron,en,0.4834418141128168,0.41212733155277614,0.3808694713167037,0.4740542428942183,0.8015873015873015,0.6
743630,3,Enron,en,0.4892640264753577,0.4737259520564021,0.3306341126446553,0.45859215568364037,1.0,1.0
743984,3,Enron,en,0.4389801110930626,0.37282465009737736,0.30489484696150204,0.46361456893107716,0.7338068181818181,0.7208333333333334
1359426,1,Enron,en,0.4404297878900864,0.35723453441692105,0.32446137655413176,0.48686611562316634,0.7078484015984017,0.7682539682539683
68198,1,Enron,en,0.4602105881531007,0.34442933537051185,0.3539494513317834,0.45181600081385165,0.7568027210884354,0.6571428571428571
1286206,2,Enron,en,0.4941430896488135,0.40055896704096167,0.3917083595216951,0.4490060121159906,0.8065476190476191,0.8222222222222223
884325,2,Enron,en,0.46364951706077623,0.4058704161005303,0.34641270458211926,0.44903330073273995,0.7361742424242423,0.7136904761904761
1355203,1,Enron,en,0.523113855727749,0.3994086865515437,0.4088842907869855,0.46396635272449543,0.814484126984127,0.8388888888888889
1263383,1,Enron,en,0.41715287734983447,0.4574129942455734,0.309945808095412,0.43328274629992813,0.7330808080808081,0.7011904761904763
288987,2,Enron,en,0.4496351022250436,0.402589318269327,0.3338080614942158,0.44636404790275314,0.7237873237873238,0.7515873015873017
1302881,3,Enron,en,0.4127636250506324,0.3968020276734537,0.3387691903730079,0.4485223542725579,0.7038640371973705,0.535978835978836
43251,3,Enron,en,0.4922996490422325,0.3399373236582539,0.338103479321897,0.5044050550784404,0.7247690581023915,0.7468253968253968
1248932,1,Enron,en,0.5021472041990448,0.3774035488321202,0.335596647570051,0.4450260022938993,0.8015873015873017,0.7111111111111109
743217,2,Enron,en,0.42665276567108334,0.3631613974539807,0.35166045155425535,0.4245803896507995,0.6659673511277789,0.55
754709,3,Enron,en,0.5007400491910675,0.33545370333141233,0.349335568944362,0.39016930988583903,1.0,1.0
1098928,2,Enron,en,0.4826237242235791,0.42155180139609205,0.34214546872322066,0.42650413568090034,0.7445075757575758,0.8065476190476191
1033777,3,Enron,en,0.4645258679062446,0.5004953264648555,0.3529949260748706,0.48246802758055424,0.6643511717041128,0.5190476190476191
550574,2,Enron,en,0.4480641777751808,0.3944405439761476,0.36203200250665163,0.4269345008264277,0.7602040816326531,0.7095238095238096
1258080,1,Enron,en,0.37127056352906823,0.40798545360472993,0.35146782359223533,0.45360748351655017,0.6951660839160839,0.6104761904761904
1299246,3,Enron,en,0.4104956996975192,0.4017098150438992,0.3381698043124686,0.4452381937250299,0.6553264681941152,0.5590608465608465
727872,3,Enron,en,0.47451472756978114,0.493909639742973,0.3390952061030995,0.4539267590785158,0.7653061224489796,0.8285714285714285
1248954,3,Enron,en,0.4613433408311315,0.32033314069401514,0.3642506655808342,0.43040563969152906,0.7163510101010101,0.7000000000000001
732468,1,Enron,en,0.5074099053702948,0.42343588950731803,0.3478613612975525,0.42001322628475046,0.7097222222222221,0.6083333333333334
59623,3,Enron,en,0.4684090928294713,0.38794019443106664,0.35949172782660205,0.4359102765052865,0.9199999999999999,0.9
1278623,3,Enron,en,0.4591481614871944,0.322433359424422,0.3257951228929601,0.4685344406844988,0.7313762626262625,0.8083333333333333
1306198,3,Enron,en,0.4767048250561557,0.41918743392673863,0.33216320731843124,0.4345672925358386,0.6918543956043958,0.6200000000000001
275743,1,Enron,en,0.49192322553804646,0.41253399378399386,0.33617077302705245,0.4866079518761898,0.7296085858585859,0.6583333333333334
2819,3,Enron,en,0.4269955862561933,0.40658449442950434,0.3702408152255046,0.4357154770062537,0.6342812502255225,0.45641025641025634
291508,3,Enron,en,0.42142269095361107,0.4915268418944889,0.33998705980185645,0.4924313507737151,0.8015873015873015,0.7111111111111111
1336725,1,Enron,en,0.5177661437057518,0.5069558553213274,0.3301172057297817,0.48965146079610744,0.6265867384965682,0.6642857142857144
1109238,3,Enron,en,0.482028258124592,0.38690161075071566,0.34375894849510624,0.48597590102167104,0.7936507936507936,0.611111111111111
775848,1,Enron,en,0.40890589545076816,0.502411799410188,0.344164383736722,0.463202103961042,0.642503492943071,0.5218253968253969
771581,3,Enron,en,0.4365174661725868,0.35472955934608946,0.3056790680650729,0.4866504370054922,0.6212544204871571,0.6658008658008657
759263,2,Enron,en,0.42703912792965065,0.42908738120962203,0.35023665678707255,0.4314532210748926,0.7653061224489796,0.7095238095238096
1350437,3,Enron,en,0.4924989576778676,0.3304455748333301,0.3328294610010789,0.4952559688363616,1.0,1.0
74653,1,Enron,en,0.4564349393506193,0.39532003635777224,0.35844295529650927,0.44439953926529774,0.5905154437314353,0.48540870893812077
721467,3,Enron,en,0.42485127306201315,0.3914414970610955,0.34331495310449117,0.44366991050373933,0.6173385559117152,0.48724053724053723
1114450,2,Enron,en,0.42110846939677543,0.4159587075267637,0.3636704030241255,0.42941425736388206,0.643230991169091,0.523639455782313
283828,3,Enron,en,0.4426942043918782,0.4240248250774565,0.36334999161972414,0.4621625495035224,0.7568027210884353,0.6571428571428571
899906,3,Enron,en,0.4359800755810424,0.3207129873306344,0.3425203268484801,0.42533615603520036,0.6595365418894831,0.6564935064935066
757251,2,Enron,en,0.39752427910343496,0.47784513199722917,0.2830542530826816,0.4262535160572963,0.6922817922817922,0.637037037037037
58161,3,Enron,en,0.46226087897569257,0.36073958218754587,0.352561682557499,0.41908539537217376,0.6973126873126874,0.4980952380952381
869743,2,Enron,en,0.47746622889730483,0.43346037812949567,0.3447943989094906,0.43500174004266084,0.9199999999999999,0.9
19590,1,Enron,en,0.5210814134313412,0.3787893339153844,0.37206748163721726,0.39625230542068013,0.7125960459293792,0.5343915343915344
277833,3,Enron,en,0.40589737667563586,0.4589756411000992,0.3629502303313737,0.41651802816106287,0.7344065656565657,0.7011904761904761
1114444,3,Enron,en,0.4231702930185605,0.39272346900567284,0.3342452582424478,0.46254781519060845,0.6654040404040403,0.508008658008658
1270742,3,Enron,en,0.48815363621561453,0.41942039442039447,0.3290863354638929,0.46394253871775337,,
1037140,1,Enron,en,0.4503413796237569,0.3639410782084761,0.34409817931190967,0.4253040996908675,0.7205041871708537,0.746031746031746
288883,3,Enron,en,0.4191619006521771,0.3527462721823558,0.35344531038970395,0.4510043366145963,0.6247570389889231,0.5326455026455026
67593,1,Enron,en,0.4769139355334032,0.3989115416746996,0.32827365249001017,0.464722301253889,0.6737375124875126,0.770952380952381
1262908,3,Enron,en,0.4522155516508538,0.3786845667993208,0.33878483098134676,0.470782887236303,0.6546028790610834,0.5380952380952381
1279530,3,Enron,en,0.44965492053386164,0.38737005583119016,0.33995500926197564,0.4596972560330002,0.7602040816326531,0.6476190476190476
1258074,3,Enron,en,0.41919939259221267,0.42194940728293695,0.3597153462805338,0.4405558865141652,0.6073302327776969,0.5450680272108843
890427,1,Enron,en,0.4249804182196907,0.4462756450062952,0.34974092203120066,0.448772104831376,0.5655614938901821,0.4397852147852149
1252970,1,Enron,en,0.4381854173131702,0.47353494458757606,0.34995536890173046,0.4092457656884987,0.6683041955698865,0.7217893217893218
738057,3,Enron,en,0.4267505126252463,0.3352232813217475,0.34470935066676345,0.46065293223758547,0.7005494505494505,0.5495238095238095
1279161,3,Enron,en,0.4488329560348855,0.5035730147360686,0.3188877560829172,0.4746051223999898,0.7602040816326532,0.6476190476190476
1296695,2,Enron,en,0.4818273040547207,0.3810371548000268,0.3238555215820646,0.42889166958065555,0.7195545195545195,0.647883597883598
67677,3,Enron,en,0.47450133857805954,0.5618543221484398,0.3381832434040775,0.4826369760480131,0.7676870748299319,0.7952380952380953
1100542,1,Enron,en,0.49928088392014336,0.4286841354709858,0.34905073219133753,0.4315300920996767,0.7296085858585859,0.7291666666666666
761387,1,Enron,en,0.4694486926923529,0.34136113608921603,0.33748521724723207,0.430043050528299,0.6565395388924801,0.6216450216450217
83435,3,Enron,en,0.4260901247440521,0.43232737004468363,0.33937482418731707,0.46567440161111656,0.6990659340659342,0.5997619047619047
76955,2,Enron,en,0.4249695200821524,0.3843369500614343,0.28151130413471204,0.4118316091985925,0.5972137417180521,0.5678571428571428
1354218,2,Enron,en,0.4868235178683812,0.402377395995817,0.3439714893514717,0.4431360000179579,0.7355113636363637,0.7095238095238096
1350572,3,Enron,en,0.5591237506619854,0.541328873147055,0.3199016999900536,0.45574928632351036,0.9199999999999999,0.9
79147,3,Enron,en,0.5247144788622439,0.41013592142624405,0.3178644406178727,0.49860294266854127,0.9199999999999999,0.9
776042,3,Enron,en,0.5447860719348527,0.45310388455184836,0.352816154931949,0.48206532545348496,0.6592315024300318,0.5697751322751322
1355115,3,Enron,en,0.4217969289706795,0.4228510706751147,0.3466329461204817,0.427682723134774,0.672032967032967,0.7435714285714285
1303935,1,Enron,en,0.41806841946515877,0.41026047235180235,0.29827951608120734,0.39811676311027266,0.5807038641429477,0.44845679012345674
869754,2,Enron,en,0.47290728587313924,0.43895288428536494,0.3458508398588582,0.4696537155211719,0.7181213847880514,0.662962962962963
280830,3,Enron,en,0.43768059099249185,0.47085180614592365,0.33273770648028783,0.45410824871264294,0.7313131313131314,0.5803571428571428
1109307,2,Enron,en,0.46639793879651004,0.40115189348818636,0.35643036350043994,0.443042729097256,,
1126607,3,Enron,en,0.4109977652372308,0.42497356827599786,0.29171304970662165,0.42104681849059683,0.6966533466533467,0.5842857142857143
1241911,3,Enron,en,0.4255881458272083,0.35055198120389125,0.2948502147340817,0.4056239029454107,0.6141017145487613,0.5670183982683982
730340,1,Enron,en,0.49796412278035557,0.3703237427242563,0.33860394888515927,0.466052257150202,0.6464219679099711,0.496031746031746
1122904,1,Enron,en,0.5315161087360886,0.5751798489480049,0.3501901285821039,0.4622902667984325,0.7236426767676768,0.5291666666666667
57842,2,Enron,en,0.43125367942384935,0.3467633847490657,0.35163794638127954,0.42234012081360234,0.6176582337486228,0.597989417989418
43949,1,Enron,en,0.4504319122322354,0.45861209331604064,0.34767375888427393,0.43485818149184097,0.623711157717369,0.48078231292517015
1291624,1,Enron,en,0.4998880693270392,0.34106118435323807,0.3448483141263666,0.4451233170964541,0.6062469795691569,0.5141721024073966
888098,1,Enron,en,0.45401210871897413,0.3904819449771551,0.3461256819180245,0.40487134204401276,0.7710884353741496,0.8
1355637,1,Enron,en,0.4272073980074134,0.35598008081094884,0.353027823147226,0.4268367189346015,0.616199345177361,0.46320861678004543
4070,2,Enron,en,0.5249549570965453,0.3884360644024511,0.380962529320081,0.4766322500885529,0.9199999999999999,0.9
724984,3,Enron,en,0.4304632154062579,0.3555585680229644,0.3453158410615935,0.4447356466794823,0.5691504810756949,0.6148459383753502
1302192,2,Enron,en,0.44948594782548495,0.42006329154161964,0.33951080340652523,0.46347022424433426,0.7936507936507936,0.611111111111111
60165,3,Enron,en,0.4740958434415993,0.4090100955954615,0.3878289825316276,0.45879775626433367,0.7602040816326531,0.7095238095238096
30936,1,Enron,en,0.4534371556244024,0.42364504182685986,0.3431484337126069,0.43733135115043525,0.7386047979797981,0.7261904761904762
1293784,3,Enron,en,0.4380296856572397,0.39116505029198506,0.35541261700612004,0.4331691466231098,0.661884222874935,0.5632936507936509
759391,3,Enron,en,0.48987375919338677,0.39538086913086923,0.3693589175339899,0.48871592080682824,1.0,1.0
1131857,3,Enron,en,0.45355225189292986,0.4070200091745919,0.3449494617636833,0.4540039463161687,,
278014,1,Enron,en,0.48155102201683764,0.4777983277983278,0.3578058901011046,0.45463581696139127,0.6662619911283012,0.8023088023088024
1311783,2,Enron,en,0.47292499118066317,0.6140017688404785,0.34309725393655427,0.40721871657631414,0.7602040816326531,0.5904761904761905
755397,1,Enron,en,0.42045879606041003,0.3919471188405038,0.30204343888457647,0.38453444932931236,0.5362324130305474,0.4205858585858586
1111705,3,Enron,en,0.4660936329158522,0.3603936624697869,0.336180297502052,0.4549354363229717,0.7602040816326531,0.6476190476190476
1124630,3,Enron,en,0.44556365514149343,0.40436857381301805,0.3069104695013011,0.4399163493176122,0.7152896486229819,0.6582010582010582
877541,2,Enron,en,0.4968966931449201,0.40665229831896504,0.3339604381495427,0.4946752533347652,0.9199999999999999,0.9
279825,1,Enron,en,0.407952944347854,0.38234926837868005,0.35630661179862266,0.44031029819731404,0.5556953876923779,0.53273446130589
684311,3,Enron,en,0.4285685755446719,0.3220261625637694,0.3370811309326815,0.4679127441787431,0.6507179918751126,0.5361111111111111
895569,3,Enron,en,0.45056177701146255,0.3553573726424403,0.3406026055477339,0.45541598617121876,0.9199999999999999,0.9
1311518,3,Enron,en,0.3808200512841272,0.34032840364662387,0.25686120703782556,0.4558624131040874,0.7024225774225774,0.7102380952380953
898651,3,Enron,en,0.4652378780595447,0.365449409782616,0.35814660843628393,0.41275170618632606,0.7653061224489796,0.7095238095238096
878928,3,Enron,en,0.500776313835505,0.35098435469759,0.34736904769062676,0.4710137050311222,0.716325649658983,0.6417989417989418
1242465,1,Enron,en,0.4468625710341028,0.4259431700620357,0.34651805428927773,0.4394561229822435,0.7024225774225775,0.7069047619047619
890341,3,Enron,en,0.5013852379126643,0.4339381207028268,0.3325237827473414,0.45819257816830206,0.7372790404040404,0.7220238095238096
1291697,1,Enron,en,0.44749100803438235,0.414976640423069,0.3528999686002877,0.46502773525134955,0.6174487048110237,0.5079365079365079
1116086,3,Enron,en,0.42953616391843924,0.3303176252246841,0.3731614776953006,0.42416641134076805,0.6661549235078646,0.496969696969697
1354286,1,Enron,en,0.4319953107287472,0.32402694464911636,0.3558520911420276,0.45142568573708,0.6340814500257225,0.5139194139194139
1295105,1,Enron,en,0.43104510496722515,0.3274724206046414,0.34912742838989574,0.4595512428921287,0.6407944391206776,0.4992063492063492
1359486,3,Enron,en,0.40983563687517593,0.40076203328834886,0.35315454312304406,0.41680253357187674,0.7081918081918082,0.6640476190476191
682669,3,Enron,en,0.4341619766581481,0.48793208024162704,0.35513158342533013,0.45320882408468177,0.7710884353741496,0.8
84718,3,Enron,en,0.48128270493351527,0.4784895284895285,0.33758688135516635,0.4776524471171594,0.678687102371313,0.7169047619047619
1278523,1,Enron,en,0.44374442603656516,0.43988672745275864,0.2751511665007209,0.42807213915998826,0.5585486690710122,0.5328924162257497
1354635,3,Enron,en,0.4296823973284302,0.5739849039849039,0.33550701560708046,0.47689381610692516,0.7214045214045215,0.6849206349206349
1100920,2,Enron,en,0.5505577019871993,0.5685347060347062,0.34659437483919503,0.4376489959212212,0.6464219679099711,0.4892857142857143
107239,3,Enron,en,0.48909051362406936,0.4548921752482123,0.3414154058648084,0.4613310787342438,0.6683488080546905,0.3948051948051949
764697,2,Enron,en,0.4275429544880954,0.37896477643313065,0.3322817977518432,0.41526605160087343,0.8065476190476191,0.8222222222222223
1111704,3,Enron,en,0.42191849619846855,0.38814203473733155,0.3522031018554356,0.4250530203514552,0.6703884350943174,0.5627705627705628
1264249,1,Enron,en,0.49819751637188375,0.3754095577624989,0.3546704664848249,0.4242149319541356,0.7344065656565657,0.7303571428571428
1105753,1,Enron,en,0.4091216885067341,0.4260353065685741,0.34179088785105394,0.43882816249336254,0.6496190308547287,0.5611111111111111
1244018,1,Enron,en,0.5057264451569426,0.3629295701822441,0.3443461317847526,0.4998171801560536,0.6415683989213401,0.6484848484848486
58547,3,Enron,en,0.52024850988729,0.503152171463367,0.33125705950458195,0.45203416883817205,0.7139428472761806,0.5788359788359788
745005,2,Enron,en,0.4200394912432345,0.4026789637377871,0.3446239322115667,0.4207517865301509,0.6414978128932732,0.6238095238095238
275592,2,Enron,en,0.4199168872754289,0.42018084338453254,0.3586580925904106,0.43357025491045126,0.6219653461209526,0.4826984126984127
743252,3,Enron,en,0.4257220778080382,0.36255900690393333,0.27732758212743436,0.415947786481756,0.6949741435035552,0.6764285714285714
275551,1,Enron,en,0.48671406936192385,0.38464726157033857,0.3349178972672888,0.4299570261609288,0.7403724747474747,0.8011904761904762
773466,3,Enron,en,0.4383502299249962,0.45348986331129165,0.3261840516348484,0.42237072123251457,0.7386047979797981,0.7928571428571428
1281408,1,Enron,en,0.43744266854500974,0.4623089056912584,0.3603168764736273,0.4650149006196143,0.6459438920642482,0.6105820105820106
41938,1,Enron,en,0.5274780699919427,0.5110216580804815,0.3443904749147476,0.4159975877595408,0.738604797979798,0.7970238095238095
280316,2,Enron,en,0.4714228587227234,0.45423603431624837,0.3548058432111707,0.408890719196557,0.6673620497149909,0.4679653679653679
67864,2,Enron,en,0.45652359374813706,0.4504805185068343,0.30068431802068024,0.4577286159077021,0.6630284255882342,0.6756132756132757
104385,3,Enron,en,0.49207479427951273,0.35643807412100104,0.33971936240676054,0.4916103410921353,0.7056043956043957,0.6777777777777778
38665,1,Enron,en,0.4640851070715092,0.43666347541347533,0.3582984531075487,0.4457424243893606,0.7216265216265216,0.6923280423280425
1290808,3,Enron,en,0.5108081366118483,0.4472845336481701,0.3449297218117797,0.4856479521180126,0.8015873015873015,0.7111111111111111
1247024,3,Enron,en,0.4337190505718946,0.3181039634468577,0.26747959648154185,0.4342987776118092,0.7108703796203797,0.7488095238095238
1108815,2,Enron,en,0.5171330364034226,0.42855287569573286,0.3934181950348067,0.4681515381183124,0.8015873015873015,0.7111111111111111
765255,3,Enron,en,0.42644015576355004,0.36963114445467365,0.3267455948877291,0.45100306502465864,0.7013736263736264,0.5666666666666667
102756,3,Enron,en,0.49421756622868085,0.41267532867255846,0.33258903428160386,0.47515574651477277,0.7254103535353535,0.5916666666666667
884569,1,Enron,en,0.4870346763146647,0.3996829728537046,0.36028401267695964,0.490065371882687,0.7936507936507936,0.611111111111111
869291,1,Enron,en,0.4832731055934316,0.4265512265512266,0.3479393893428185,0.4497511796790379,1.0,1.0
764763,2,Enron,en,0.531490118224539,0.6716024326823764,0.3440500064005386,0.4355797781392515,0.7057436390769724,0.6825396825396826
739119,1,Enron,en,0.5122243575683088,0.5041815941196746,0.3364132407971319,0.4428723903598525,0.6941499676793794,0.5997619047619047
39083,3,Enron,en,0.48185622144089396,0.5244556188183638,0.3245203917422322,0.4534344042628896,0.7296085858585858,0.7083333333333334
1309742,1,Enron,en,0.47121464779741773,0.4221709560863971,0.3356480800841749,0.4543552559885394,0.814484126984127,0.8388888888888889
773986,3,Enron,en,0.4599143567579635,0.3857118712191543,0.29830839773702483,0.4854557701959569,0.7653061224489796,0.8285714285714285
1283705,3,Enron,en,0.5324056253403763,0.5970753387819051,0.3472425774906507,0.4372187391574505,0.6307745402172648,0.5723443223443223
1242411,1,Enron,en,0.5000958059084436,0.3752889688979915,0.3540863262197816,0.43642372153557357,0.8065476190476191,0.8222222222222224
1116073,2,Enron,en,0.46426967310698475,0.3366519909897214,0.35078591270792614,0.4366045413044537,0.5696275013852943,0.45767195767195773
289131,3,Enron,en,0.5226590071260979,0.41688155325926224,0.3376442919977058,0.4315291248380907,0.7602040816326531,0.7095238095238096
1117793,3,Enron,en,0.41531734384751723,0.41199773714272464,0.3320374229092839,0.45808414744033304,0.6611552987151073,0.6232323232323232
67663,3,Enron,en,0.4019046390144797,0.44163993614457997,0.35313309592485953,0.4419405770047395,0.6608285505344329,0.6086580086580087
79216,3,Enron,en,0.4565287112226179,0.40193037956195843,0.31315893443215675,0.44577419996049017,0.6209928638376278,0.6581349206349207
727722,3,Enron,en,0.40801183056899254,0.4231950513152139,0.3427033851364396,0.467573759828286,0.6662504162504163,0.5463203463203463
1304989,1,Enron,en,0.524221960192818,0.38530146324263975,0.3186028424559761,0.47132860223881556,0.7205905205905206,0.6145502645502645
1247132,3,Enron,en,0.527964769668425,0.45368855038027983,0.34778697511837514,0.4680788246483119,0.7062637362637363,0.7511111111111111
1104307,3,Enron,en,0.4578202332560435,0.40865359130665263,0.3502770844339963,0.459934203372058,0.7271780303030303,0.6833333333333333
1108669,3,Enron,en,0.45870758065675393,0.4307290476408124,0.3329165604301455,0.4860078983611079,0.7186965811965812,0.6875
4680,3,Enron,en,0.41221289461070826,0.5261287450741513,0.35188439084380796,0.4607164387344071,0.6140921869001861,0.6769841269841269
772876,2,Enron,en,0.42535161208849204,0.3968449251584022,0.33359069058550034,0.4600459994516916,0.6467112608753476,0.611038961038961
2875,1,Enron,en,0.5250303054803718,0.4247660835896132,0.3387401937346742,0.4163191084682493,0.9199999999999999,0.9
739311,1,Enron,en,0.44759254350693856,0.49133379280618095,0.3535054652287177,0.4448455463068832,0.6435368839393606,0.6544312169312169
39103,3,Enron,en,0.5214451603174468,0.4025379134754136,0.3996243096047679,0.47108987675657255,0.8065476190476191,0.8222222222222223
1105679,3,Enron,en,0.383429039249482,0.43374070236936535,0.27613246547496734,0.4365687470936547,0.6222601038253213,0.5577248677248677
758080,1,Enron,en,0.4902825304146196,0.3996026893085717,0.3285368427280583,0.4702699424581095,0.727840909090909,0.5833333333333333
305183,3,Enron,en,0.4191619006521771,0.3527462721823558,0.35344531038970395,0.4510043366145963,0.6247570389889231,0.5326455026455026
340,2,Enron,en,0.4217239608744034,0.3447720966683813,0.3609441594762213,0.40752791858792803,0.6647593892175935,0.6017316017316017
1285334,2,Enron,en,0.4260256078491438,0.37959048725998307,0.2832633906262456,0.43428831845283145,0.6177206097043053,0.5308531746031747
409,2,Enron,en,0.525396271209883,0.49530152387295245,0.34080454060118204,0.470559545806303,0.7372790404040404,0.7220238095238096
1311988,1,Enron,en,0.4556529592814694,0.39817644805787084,0.3358847071455328,0.42622197628988184,0.7710884353741496,0.8095238095238094
87763,3,Enron,en,0.4157653499951122,0.39561621820445336,0.36836749418533266,0.40921936868264724,0.7065576398909732,0.7063492063492063
1311871,3,Enron,en,0.42343837980074805,0.39115656282398664,0.3421204198083128,0.4282140935136651,0.7093319180819181,0.7087301587301588
1358202,1,Enron,en,0.4503413796237569,0.3639410782084761,0.34409817931190967,0.4253040996908675,0.7205041871708537,0.746031746031746
1255962,3,Enron,en,0.4302672117297451,0.3598843998458801,0.3367924886411228,0.495384020179986,0.6926885614385615,0.7811904761904762
1311717,3,Enron,en,0.4231702930185605,0.39272346900567284,0.3342452582424478,0.46254781519060845,0.6654040404040403,0.508008658008658
1129778,3,Enron,en,0.4987823851522131,0.40470654701423936,0.3188941727848615,0.4745012519483911,0.7602040816326531,0.7095238095238094
1359419,3,Enron,en,0.4268601206881379,0.334238024196647,0.2701450462643125,0.42857039137819536,0.6330699604403164,0.535515873015873
1299124,1,Enron,en,0.4882931786890424,0.4833175686437785,0.3215245920509167,0.4446398088821969,0.7213181879848546,0.7645502645502646
69575,3,Enron,en,0.42063787628030624,0.3866929589423039,0.35322767896685536,0.44583256364025414,0.6925137362637364,0.6799999999999999
2228,2,Enron,en,0.42794264320927533,0.43472395368403777,0.3265372684875055,0.4678701547554256,0.7355113636363636,0.7095238095238096
901188,3,Enron,en,0.40366123435067974,0.5280098207323195,0.34551538846990487,0.47080895568854875,0.689182435211847,0.7916666666666666
53324,1,Enron,en,0.42129694071493345,0.5012963561607774,0.33761022893319,0.4796877972471,0.716325649658983,0.6698412698412698
1354876,2,Enron,en,0.4302167426199341,0.3453643218737171,0.3515555802638248,0.44352805946856305,0.6048980431333373,0.6496336996336998
57840,2,Enron,en,0.5053211508134549,0.43449633441893504,0.35440253122614546,0.42679072001629514,0.7271780303030303,0.5958333333333332
730245,2,Enron,en,0.46642258352629373,0.37343193393991064,0.34817847545522473,0.43767108257090337,0.7653061224489796,0.8285714285714285
1261119,1,Enron,en,0.416877301497926,0.42427791362329004,0.28195967625180196,0.40070029579604544,0.6627197621779666,0.5116883116883116
410,1,Enron,en,0.4181940784272558,0.3974822896080026,0.35304207554613043,0.40744180460576157,0.630133366570399,0.5041383219954648
1358832,2,Enron,en,0.4360971424511501,0.38471522184057066,0.3437798106520185,0.43901597716147606,0.6495617618392386,0.45
894590,1,Enron,en,0.5000064477259933,0.3988054419003115,0.3376890132101108,0.41650861844628284,0.7936507936507936,0.5555555555555555
899659,3,Enron,en,0.40288192908387876,0.4558440636183394,0.2991185580462322,0.4028072751568571,0.6245805902600448,0.5725348725348725
280314,3,Enron,en,0.4128110357478408,0.40316263619642684,0.25311105768784053,0.4777318025200273,0.577144457826526,0.7091269841269839
1270633,1,Enron,en,0.45990424524302237,0.35855427755693103,0.33240876650231055,0.46597779786962845,0.9199999999999999,0.9
1311531,2,Enron,en,0.41733737724025904,0.38902627832732534,0.36058448456443715,0.4495345993555509,0.6368326402501204,0.6147741147741148
1242448,2,Enron,en,0.45931028468401386,0.4533487702104903,0.33790054412312776,0.47457012890673134,0.6588918907030362,0.677922077922078
1247400,3,Enron,en,0.4409326984298581,0.4623102524992567,0.31172577005223223,0.4721434683111399,0.6849875124875124,0.6719047619047619
1309206,3,Enron,en,0.4995938687898539,0.34778217697335345,0.32083469489587124,0.44982180054146065,0.7568027210884353,0.6238095238095237
4464,3,Enron,en,0.4232376620453577,0.40453271920625505,0.2839943866793213,0.4014521087493588,0.6724225774225775,0.7473809523809523
41611,1,Enron,en,0.500240196426842,0.46184284201828046,0.3397393041277275,0.4406080653053942,0.69989010989011,0.6197619047619047
763278,3,Enron,en,0.4611693871229129,0.4554415806415805,0.3272791569269341,0.431710713146697,0.6549055519643755,0.5346320346320346
1293684,1,Enron,en,0.48861177790528887,0.44975987286911656,0.32549539884088663,0.4717641147194564,0.9199999999999999,0.9
1127902,3,Enron,en,0.47756537875374505,0.42014424226991076,0.3316637251490212,0.46449465175745996,0.7568027210884355,0.6571428571428571
685554,3,Enron,en,0.48597560258076755,0.4442695648578001,0.34831709684231094,0.43484026073908677,0.7213181879848546,0.7608465608465608
776178,3,Enron,en,0.39924295493254175,0.42159051055546204,0.32377824698626634,0.475879140353313,0.7710884353741496,0.8
1297499,1,Enron,en,0.43968670308970575,0.42536062073069886,0.33257079586058946,0.47868843913776327,0.9199999999999999,0.9
76978,3,Enron,en,0.4388258452819489,0.4400901144365195,0.3294683322860248,0.45925814457356934,0.7162660256410256,0.6916666666666667
74110,1,Enron,en,0.4502558154557008,0.4358418356331494,0.3629154251992753,0.4393469560181797,0.7386047979797981,0.7928571428571428
1122473,1,Enron,en,0.4445377876370964,0.42374001700627073,0.32110774010459087,0.45692969960825114,0.7097643097643098,0.5592592592592592
1111874,3,Enron,en,0.4216772861639759,0.34099139510200194,0.347088401744114,0.43296806294129636,0.7149788483121815,0.6105820105820107
775520,3,Enron,en,0.4106235561086838,0.39927024611986134,0.28038062030695654,0.41644839759914637,0.6098610848463625,0.5106442577030813
285521,1,Enron,en,0.44585956202083743,0.4725728465636022,0.3522532301438874,0.4140417620506008,0.7296085858585859,0.575
1265013,2,Enron,en,0.454248105400928,0.34019344852678185,0.34976058599766047,0.3855171631169451,0.720464257964258,0.7833333333333332
772959,2,Enron,en,0.45946332432186715,0.396464634727182,0.3356068788553975,0.4527504338626533,0.6232975283777423,0.7244588744588746
1350601,2,Enron,en,0.4775267758968557,0.4116048909498107,0.32834627327039856,0.48810353372835485,0.7568027210884355,0.6571428571428571
1131638,1,Enron,en,0.4366959552182827,0.5107594187782867,0.34838726563796446,0.4195487104272859,0.8065476190476191,0.8222222222222223
869588,1,Enron,en,0.4634741488387194,0.3479771713494622,0.35104162733402466,0.4333856934191943,0.7452690166975883,0.7857142857142857
833620,3,Enron,en,0.47165735271932424,0.483967610672156,0.334863072415669,0.4467442648112325,0.7687074829931974,0.7238095238095239
1109234,1,Enron,en,0.41388119918037986,0.4197310118018094,0.2874676332311772,0.42167068031085664,0.5855789619063627,0.4729276895943564
273478,1,Enron,en,0.4860355310071823,0.4147847699685935,0.33528619082661354,0.47264519052179305,0.7131831131831131,0.6407407407407407
947352,3,Enron,en,0.42129694071493345,0.5012963561607774,0.33761022893319,0.4796877972471,0.716325649658983,0.6698412698412698
59759,1,Enron,en,0.4814471443870743,0.382518523143523,0.33334615719129274,0.46825961573067054,0.7619047619047619,0.7428571428571429
1311787,3,Enron,en,0.5264016772896699,0.4813308596731057,0.35241406938584036,0.483702354666137,0.7348484848484849,0.7136904761904762
1261978,1,Enron,en,0.4217384485687863,0.39265385273942305,0.29056948988839926,0.41351726916942133,0.6356120659526231,0.44407814407814417
80506,1,Enron,en,0.4480641777751808,0.3944405439761476,0.36203200250665163,0.4269345008264277,0.7602040816326531,0.7095238095238096
34453,3,Enron,en,0.4308214155465056,0.48432920507388594,0.33922837486754515,0.4463209728067975,0.7452690166975883,0.7857142857142857
59216,3,Enron,en,0.42638878140448283,0.4392000284647343,0.3407649998916346,0.43125429798620984,0.6084418214112656,0.6826007326007326
739489,1,Enron,en,0.5294127655006564,0.5639530054446021,0.33936212621842893,0.444328882460885,0.6271458589570045,0.7396103896103896
1263461,3,Enron,en,0.4548731388393985,0.4135214168547501,0.3037124750359268,0.43485596430130663,0.7149788483121816,0.7248677248677249
59427,3,Enron,en,0.46661974401166706,0.40248619085890835,0.3318312976673111,0.44759968146181417,0.7145299145299145,0.6000000000000001
776588,3,Enron,en,0.4229874100804386,0.349647557264119,0.3367025662296207,0.47650775097582765,0.6926336163836163,0.6628571428571428
59348,2,Enron,en,0.4558074970351692,0.430059353644259,0.3626756567223098,0.39776498476539346,0.7212121212121212,0.6333333333333333
1144291,3,Enron,en,0.4555697982495406,0.41566785423276265,0.3325791894079525,0.47641315942838974,0.7504734848484849,0.819047619047619
1263190,3,Enron,en,0.4914811201593328,0.3453799430543617,0.3345865320515521,0.43771458239034067,0.7568027210884353,0.5714285714285714
1127821,1,Enron,en,0.4430305159831686,0.47509551810153067,0.3344886895219005,0.45105109407871646,0.8065476190476191,0.8222222222222223
1126486,3,Enron,en,0.49295161672778254,0.3211184388991877,0.3479358775241771,0.46718559150640826,0.7568027210884354,0.5714285714285714
2983,3,Enron,en,0.41826158833296756,0.47996237747358744,0.32669411479415533,0.4792244246721234,0.6889160839160839,0.6709523809523809
743088,3,Enron,en,0.42592908391100787,0.3768514230302261,0.3446249474331749,0.4347136387124621,1.0,1.0
3272,2,Enron,en,0.4939532593149198,0.3811225961023534,0.333964216237655,0.41377228648767256,0.7568027210884354,0.5904761904761904
38666,1,Enron,en,0.5382108278984877,0.47668888129414444,0.3745941375354363,0.4743877048733453,0.7568027210884353,0.5380952380952381
884187,3,Enron,en,0.49663737344414227,0.4603618603618603,0.3406712614928703,0.4637599776911177,1.0,1.0
2916,2,Enron,en,0.46563729298299933,0.3547501980700361,0.3368770039316688,0.4683324143160265,0.8065476190476191,0.8222222222222223
1107573,1,Enron,en,0.4686871457306909,0.43568955909109347,0.3403956388267684,0.44784174868205495,0.7030819180819181,0.5835714285714285
56550,3,Enron,en,0.3986271787995738,0.44271643871283645,0.25938898506650854,0.4466740599209239,0.6489750947416851,0.683531746031746
1108468,3,Enron,en,0.4544073193952974,0.3753179374843246,0.3337428168347878,0.4462395054707319,0.7676870748299319,0.7952380952380953
1114539,1,Enron,en,0.4814140203584964,0.478293315165625,0.3204141323317181,0.4451104048043144,0.7224405224405224,0.8034391534391534
288831,3,Enron,en,0.4908619375571382,0.3804753027531501,0.3487129490584467,0.42657282814905334,0.814484126984127,0.8388888888888889
744821,1,Enron,en,0.5296687479712272,0.4407138816088999,0.3273366722011687,0.4497349388955367,0.7619047619047619,0.7428571428571429
246,3,Enron,en,0.4794330536144133,0.3949725984609705,0.3383444661884423,0.4627963209586853,0.8015873015873015,0.7111111111111111
1306041,1,Enron,en,0.4662296927126251,0.3925248729849863,0.33383714803585524,0.45474641153580486,0.6200163764879352,0.4821608946608947
1354751,1,Enron,en,0.4444535766895902,0.3806547597569268,0.34583822431220657,0.45796434905132855,0.6338948450500309,0.6951058201058201
45853,3,Enron,en,0.40801183056899254,0.4231950513152139,0.3427033851364396,0.467573759828286,0.6662504162504163,0.5463203463203463
4463,3,Enron,en,0.4328962214243915,0.5285708844532371,0.34154685629377696,0.40892058216734445,0.8065476190476191,0.8222222222222223
59799,3,Enron,en,0.4323827119472651,0.34287959584360744,0.36317368799722444,0.46702407775889804,0.6485566448801743,0.5083333333333334
776249,3,Enron,en,0.3995202308615854,0.46454670773005496,0.3473543853086864,0.4914160292340997,0.6998451548451549,0.6166666666666667
685423,1,Enron,en,0.4602372164987791,0.3893835832743701,0.3267945550700616,0.460035730425949,1.0,1.0
273479,2,Enron,en,0.42150215894835713,0.33510315005215735,0.3548878927857026,0.43719870681283474,0.647082621540826,0.6008658008658009
1284292,1,Enron,en,0.5272433798257165,0.4767154274297132,0.34471351876962464,0.46742171580759956,0.6311842227009381,0.5067460317460317
1273023,3,Enron,en,0.48564162476231987,0.3997243497243497,0.32091184456456434,0.44846987643183145,0.9199999999999999,0.9
1278675,1,Enron,en,0.47222605928963485,0.43453115194830383,0.35115526957483123,0.42148667885620883,0.7072088405421738,0.652910052910053
894724,3,Enron,en,0.4526541046228937,0.3348356797167662,0.332847891944357,0.4444354782108995,0.7296085858585859,0.5750000000000001
1122610,2,Enron,en,0.49881642541233057,0.506426539208494,0.3449751757168797,0.4375875928087165,0.7313762626262627,0.7124999999999999
766452,1,Enron,en,0.46114199945595497,0.36777191854883307,0.34002578771123665,0.46784818999813393,0.7936507936507936,0.611111111111111
1101570,3,Enron,en,0.4912098816374945,0.3258321044035329,0.3275253568654388,0.46965351668072125,0.9199999999999999,0.9
874731,3,Enron,en,0.41087807993545233,0.4753485666475862,0.3452467456427848,0.46843878965320207,0.655457287810229,0.5662337662337662
1241094,3,Enron,en,0.414584721535361,0.40466132966132956,0.3480581472599883,0.4571293504695095,0.7355113636363636,0.7095238095238096
69122,2,Enron,en,0.5031057413869274,0.4282289139431998,0.36788828013374747,0.4760186836646151,0.7602040816326531,0.7095238095238096
1249050,1,Enron,en,0.4264819940246335,0.35680738925876204,0.36183450074991125,0.42643238080840135,0.6389379289727587,0.6212301587301587
41655,2,Enron,en,0.5021064936019738,0.4780674390968508,0.3149382026821611,0.48731034955312613,0.8015873015873015,0.7111111111111111
1105840,3,Enron,en,0.42053060406915677,0.5060471443450166,0.33674909866119307,0.49776609819797396,0.8095238095238096,0.8666666666666666
881447,1,Enron,en,0.535274204992336,0.6145733999062932,0.2900848144752348,0.39635080493300223,0.6309167321214703,0.5604395604395604
79103,2,Enron,en,0.4967179825210623,0.38922015581679437,0.30903343243418724,0.43268450724350954,0.7121527777777777,0.6625000000000001
305263,3,Enron,en,0.4908619375571382,0.3804753027531501,0.3487129490584467,0.42657282814905334,0.814484126984127,0.8388888888888889
2547,3,Enron,en,0.5309316353251418,0.38225233547814197,0.32411368748448877,0.47599609459273196,1.0,1.0
1263869,3,Enron,en,0.41478230083985584,0.4149449709790266,0.3252086092470702,0.48594590418151395,0.6901489686783805,0.7376190476190477
275633,3,Enron,en,0.4724667757204751,0.4364312868149184,0.33454385689846466,0.47979127558142387,0.7936507936507936,0.611111111111111
885562,2,Enron,en,0.41900454741793985,0.3945952746526573,0.3378142756127619,0.44770514778657344,0.6173462151572882,0.6489010989010988
1272794,3,Enron,en,0.41958404475632594,0.3932563370917323,0.29636313737197756,0.38528920534784755,0.5177664035957943,0.49550264550264556
722572,3,Enron,en,0.4302672117297451,0.3598843998458801,0.3367924886411228,0.495384020179986,0.6926885614385615,0.7811904761904762
2285,1,Enron,en,0.4865246101942535,0.3642416883225708,0.33377584079331923,0.4673355137016446,0.733080808080808,0.7303571428571428
727620,1,Enron,en,0.489749272679393,0.38973201002012514,0.3449940700365968,0.4364775857691507,0.6057324978661185,0.5825892857142857
728434,3,Enron,en,0.48084408960335095,0.38072262204915247,0.3436137118329533,0.4578372277373673,0.7676870748299319,0.7095238095238096
1263117,1,Enron,en,0.4514083726532635,0.33476891250955415,0.3540651094110435,0.4261073328306278,0.7212121212121212,0.6041666666666667
743454,3,Enron,en,0.4249860467164286,0.35348239979472657,0.3351839409183919,0.4576704907384361,0.7936507936507936,0.611111111111111
759126,2,Enron,en,0.47678174226587944,0.4234558704812715,0.36137273970870193,0.41699871825452495,0.7344065656565657,0.7011904761904763
1336760,3,Enron,en,0.40729303865294925,0.38414056454129153,0.34222842548531335,0.4685326437712099,0.7013736263736263,0.573095238095238
283630,3,Enron,en,0.4231683701380373,0.4124958804525367,0.31790862198606223,0.4584924773087897,0.6910780396074514,0.6561904761904762
1269754,3,Enron,en,0.4464417675944545,0.4295030643882795,0.33509392275889965,0.46352597334564566,0.7271780303030303,0.6125
1282534,1,Enron,en,0.451448309270385,0.397800679404453,0.3442543798899904,0.4685181285487446,0.8015873015873015,0.7111111111111111
1249085,1,Enron,en,0.43411124823658076,0.34497359557884905,0.3517415401137,0.4233626870458213,0.6519821337932793,0.5333333333333333
1310277,3,Enron,en,0.41852528029054287,0.34329939466925763,0.34817171639997135,0.43821608630205244,0.6758031036105902,0.8248196248196248
57882,3,Enron,en,0.5277154336435982,0.39812121212121226,0.31093956745525025,0.4651038142145295,0.8065476190476191,0.8222222222222223
1248903,1,Enron,en,0.4783613511622751,0.4454885757517338,0.37730550815576525,0.4799872517961406,0.9199999999999999,0.9
1260495,2,Enron,en,0.4470811797732374,0.4532645226629184,0.3309412804423084,0.4855669968114997,0.6415883852416361,0.6457671957671959
292387,3,Enron,en,0.48597286339942325,0.38030728960961524,0.34653143634580047,0.46459090331711594,0.7108003108003108,0.6074074074074073
877635,2,Enron,en,0.4630817253477646,0.3641800846212611,0.3328512817344081,0.4653580473636871,,
16449,3,Enron,en,0.48405473003584454,0.37106822716578813,0.3950994943175695,0.4591698849772934,0.9199999999999999,0.9
4620,3,Enron,en,0.415518133352952,0.4350894853826407,0.3527041988476929,0.4370775282818386,0.6384863183915042,0.6231481481481482
881087,3,Enron,en,0.4522742102869673,0.32386036582465144,0.34511922920099214,0.4429528730147145,0.7035037878787879,0.7625
1114491,3,Enron,en,0.4821481212427542,0.45284183170027303,0.32806950292227544,0.4694401827980322,0.6978071311404644,0.7857142857142857
772929,3,Enron,en,0.39312520200669904,0.48759876240194666,0.3182772435020949,0.44713420191280095,0.6179491723590022,0.619642857142857
1253162,1,Enron,en,0.5293662378135997,0.4832523589444004,0.3373869950545894,0.438403592773138,0.7676870748299319,0.7952380952380952
1114443,1,Enron,en,0.48355047674914875,0.3518021384300453,0.40904655496920883,0.4508823101462679,0.7653061224489796,0.7095238095238094
764468,3,Enron,en,0.44133892153573245,0.4477957433194791,0.35856848189136153,0.4516451547184745,0.7163510101010101,0.7000000000000001
1278815,3,Enron,en,0.4676933255022458,0.34334369334369325,0.31923019801641783,0.43682839468047224,0.7035037878787879,0.7625000000000001
3072,2,Enron,en,0.48477543806669754,0.3757224757224758,0.3588264631121298,0.4402521729970286,0.7452690166975883,0.7857142857142858
1285140,3,Enron,en,0.4148961167826076,0.37426248079311886,0.345806054768091,0.45535986831816366,0.7361742424242425,0.7886904761904762
897916,1,Enron,en,0.4615817055091286,0.5156034218694066,0.32882780620896246,0.43815531969258986,0.7653061224489797,0.7095238095238096
1144720,1,Enron,en,0.47459242322730716,0.3484832263324911,0.3434960637263398,0.4589027752576937,1.0,1.0
1350670,3,Enron,en,0.4748619085053564,0.44230889189849504,0.3362382053548054,0.4535060933799492,0.8015873015873015,0.6
1268722,1,Enron,en,0.45494023798105854,0.433946383183588,0.3452274123234038,0.4548207818054594,0.5539486048252955,0.3685064935064935
884252,3,Enron,en,0.46304229351338366,0.37404288255659507,0.3447001473365458,0.4283011410593095,0.6590247987306811,0.4857142857142857
1293892,3,Enron,en,0.5274634388410221,0.4285113035113036,0.3949985657786218,0.45882408942666864,1.0,1.0
1111984,3,Enron,en,0.4975603438880621,0.3950899171487407,0.31882202329825554,0.5022063030592686,0.7602040816326531,0.5809523809523809
1120147,1,Enron,en,0.49013830900379385,0.4374793254179219,0.3541037842879773,0.444265952187642,0.6471781142833775,0.5831168831168831
899149,1,Enron,en,0.49292636522601774,0.3470724927246668,0.36222452096166013,0.46835663364882935,0.6416221549348484,0.4673992673992674
41606,1,Enron,en,0.4772836007612723,0.5127300727847922,0.3322087785256805,0.4430912944054383,0.7181213847880514,0.6386243386243385
1290078,1,Enron,en,0.4277062697578005,0.3485248547748547,0.3594196465959334,0.43340251018063797,0.5803886526946872,0.43743386243386245
685019,3,Enron,en,0.4095264273608248,0.4411277597083224,0.3235913758336486,0.47858139261202043,0.8065476190476191,0.8222222222222223
78198,3,Enron,en,0.41478230083985584,0.4149449709790266,0.3252086092470702,0.48594590418151395,0.6901489686783805,0.7376190476190477
899098,3,Enron,en,0.4767048250561557,0.41918743392673863,0.3359022990736111,0.4460134438282361,0.6795112781954888,0.6835714285714285
743320,1,Enron,en,0.492647556458243,0.38311027596741876,0.3477534568537674,0.4253231727295521,0.8065476190476191,0.8222222222222223
58555,3,Enron,en,0.5278302165272648,0.40275490792732177,0.36037914686045025,0.4781502996870983,0.9199999999999999,0.9
1033955,3,Enron,en,0.48600246477273423,0.399514097014097,0.34495062125599685,0.4524764414387218,0.7619047619047619,0.7428571428571429
1265041,3,Enron,en,0.49960332225463505,0.42854859505095777,0.3327983104990904,0.42355583053570667,0.7602040816326531,0.6476190476190476
56499,2,Enron,en,0.41948379256834617,0.3564026854418529,0.3230930499150462,0.4629176576477268,0.6415553465367462,0.7343434343434343
77739,3,Enron,en,0.4407599289133419,0.40949027667928317,0.3392302207679445,0.4386714915066232,0.7602040816326531,0.6476190476190476
16354,3,Enron,en,0.5226590071260979,0.41688155325926224,0.3376442919977058,0.4315291248380907,0.7602040816326531,0.7095238095238096
739650,3,Enron,en,0.5127151655836215,0.4542903026860245,0.3297458536577229,0.49844873417384544,0.7568027210884355,0.6238095238095237
1122690,3,Enron,en,0.5299404028216612,0.34961325892698447,0.4032035590481139,0.429437209747116,0.9199999999999999,0.9
1255916,3,Enron,en,0.4747428831946827,0.38767566974088713,0.32710154092392185,0.44886848286011116,0.727840909090909,0.6166666666666667
1114532,1,Enron,en,0.4261641277383833,0.35215245699995146,0.33584977230113183,0.4313169858538,0.6463064564668843,0.6833333333333333
44497,2,Enron,en,0.3572740965208983,0.5965574632309748,0.273870674367423,0.47012310683968234,0.6149112704651778,0.6055555555555556
104357,2,Enron,en,0.4189783677230562,0.41860276870404123,0.28829347682017664,0.43413005322217474,0.5858130390381913,0.53659281894576
1111818,3,Enron,en,0.42053435479514506,0.4115158135635099,0.3197305188672052,0.495674265440302,0.8015873015873015,0.7111111111111111
755298,1,Enron,en,0.376605439869806,0.4049111686605222,0.3033467302521886,0.3975063682858493,0.5466492288302797,0.32107131551575996
1285021,3,Enron,en,0.4365868596635971,0.32323431030901584,0.33887614884508344,0.44506105936855717,0.7254103535353535,0.5958333333333333
275771,1,Enron,en,0.457394791309414,0.4043809286661863,0.3623844279852677,0.41183223526724794,0.9199999999999999,0.9
107759,2,Enron,en,0.405510266007883,0.38727536319125583,0.34910700293324864,0.46495100186798727,0.6292270879077262,0.5951159951159952
880610,2,Enron,en,0.4260994480274343,0.3465562353697481,0.33780830785408694,0.4324438844951876,0.7602040816326531,0.5809523809523809
1122787,2,Enron,en,0.4824320347441864,0.469769689000458,0.35989156854602306,0.44851874102853745,0.6911500999000999,0.5647619047619047
898984,2,Enron,en,0.4391323900211615,0.42460213729227037,0.3501725086072302,0.4533864696980608,0.6904907592407593,0.6480952380952381
1283822,1,Enron,en,0.4451320120674866,0.42724314805416935,0.35188705518815566,0.4354617929355173,0.5817382347285238,0.49621848739495805
76386,3,Enron,en,0.4403254290271057,0.42600189446546227,0.32635525909553914,0.5116529961646571,0.7452690166975883,0.7857142857142857
69629,3,Enron,en,0.4081663982740702,0.40963308365645196,0.3471953328544905,0.4683603550785123,0.6345425516784621,0.5232426303854876
898133,1,Enron,en,0.45712611875812337,0.39646030189016596,0.3049161476390765,0.44526154069282164,1.0,1.0
69159,3,Enron,en,0.416448369024688,0.37596526444362055,0.3358539745703095,0.4391901954029727,0.633397613738171,0.587973137973138
59484,3,Enron,en,0.46606398115941966,0.3741146308606469,0.34419614523485215,0.4483250035213388,0.7205905205905206,0.684920634920635
276674,3,Enron,en,0.46319196717431754,0.3947881122145829,0.3597977760106303,0.43945665247417776,0.765986394557823,0.7999999999999999
39375,1,Enron,en,0.40589737667563586,0.4589756411000992,0.3629502303313737,0.41651802816106287,0.7344065656565657,0.7011904761904761
1121025,3,Enron,en,0.5038545281723892,0.3390491115874748,0.3555247424848382,0.4319665973004545,0.7676870748299319,0.7952380952380953
1306478,3,Enron,en,0.4370609772848545,0.36428559629183527,0.3365784760891587,0.46310276840190007,0.6522313750061428,0.49523809523809526
1247026,3,Enron,en,0.42059116135815966,0.3626080800649415,0.35764448551707495,0.4450676221879388,0.6462404719612957,0.7197028897028898
291516,3,Enron,en,0.44727962986404446,0.4905480205209306,0.3448250722699128,0.4810009483892722,0.7710884353741496,0.8095238095238094
60143,2,Enron,en,0.5044340356128151,0.34376539376539367,0.35370050563638106,0.4651631393623386,0.8065476190476191,0.8222222222222223
1121989,3,Enron,en,0.45602246363288074,0.40677779340880926,0.3467229603862005,0.4501357378866143,0.6534322309670607,0.6438492063492064
742799,1,Enron,en,0.4981261916090792,0.3207843946334995,0.3576888679211352,0.4763636965903707,0.7327020202020202,0.7124999999999999
725106,3,Enron,en,0.43197153488272255,0.5374825580931201,0.34337429816579806,0.47376275509055277,0.7170853837520504,0.6354497354497355
66925,1,Enron,en,0.43390804285220336,0.4431520663718806,0.3433149275666419,0.465930374732775,0.7005494505494506,0.5564285714285715
1034016,2,Enron,en,0.4549071769287791,0.39570740984657105,0.3515153543346615,0.4345571459946854,0.716325649658983,0.5306878306878307
1106055,1,Enron,en,0.479493234913732,0.3842133649825958,0.31648368264677884,0.4838846814891362,0.9199999999999999,0.9
899685,3,Enron,en,0.42776204003997986,0.3898800569178719,0.34483903699898455,0.4398284682937281,0.7212121212121212,0.49583333333333335
756812,2,Enron,en,0.42878595001322517,0.38758519145283127,0.3508608906848361,0.4821720127415625,0.5684820301956228,0.47017543859649136
38343,1,Enron,en,0.4904079545947913,0.5176734343063968,0.3526707168325782,0.44530124275922,0.636291395430804,0.5639442039442039
683022,1,Enron,en,0.4262935308768074,0.3410744708890853,0.3174180095617187,0.459180667714705,1.0,1.0
755603,1,Enron,en,0.44263592778900174,0.36707650221582117,0.3634603930199023,0.42832751639906097,0.6981368631368632,0.5538095238095238
3025,3,Enron,en,0.42563157210985597,0.42508016674683324,0.32477163110481955,0.4573399919135539,0.6582961008094699,0.7202020202020202
1248967,3,Enron,en,0.47349944518252035,0.4264874074487392,0.3554359110935647,0.44821980486680274,0.7568027210884354,0.5380952380952381
725250,2,Enron,en,0.46090812856513663,0.3524261685517023,0.3474863448075285,0.411062980976361,0.6862637362637363,0.6535714285714285
1270808,2,Enron,en,0.409799112661238,0.36137197916830804,0.3518060782923492,0.44244532222200894,0.7125686813186813,0.7142063492063492
291554,2,Enron,en,0.46281881615520887,0.3880788296670649,0.328971283940112,0.449297305433785,0.7255830589163923,0.8076719576719575
1259598,3,Enron,en,0.46342684989124094,0.49204358443488855,0.34007349512030216,0.45451020591109653,0.7761904761904761,0.819047619047619
1122777,1,Enron,en,0.54730716414796,0.5244607244607246,0.3426588003579709,0.415824687111943,0.6481067353842122,0.546031746031746
292372,3,Enron,en,0.48299949499325256,0.44060347495641616,0.3313354959309869,0.4592608075966758,0.7020683020683021,0.6814814814814815
1307119,2,Enron,en,0.450883792747015,0.35815083493795197,0.37293869725230977,0.43032345798913774,0.6872577422577423,0.6076190476190476
289044,1,Enron,en,0.4243177860194684,0.35403890847804775,0.28201416251407185,0.4225390840353284,0.618530166838825,0.5028769841269841
289126,3,Enron,en,0.4656495979472217,0.4217363444636171,0.31616886025672675,0.457572378646685,0.7602040816326529,0.6476190476190476
1251205,1,Enron,en,0.41757282101674803,0.4987789200366529,0.35641588049193246,0.43501161486885875,0.669802697068388,0.705050505050505
80919,2,Enron,en,0.44931480463669166,0.4254189245098335,0.35508328764680125,0.44495479958150236,0.814484126984127,0.8388888888888889
931566,3,Enron,en,0.4159728853345438,0.36801071557222875,0.2869108845913718,0.43800538223291297,0.6223052709975131,0.6107936507936509
1109084,2,Enron,en,0.4614263965855188,0.4159237148636798,0.3295962895964419,0.47843487159900205,0.7090588423921758,0.7174603174603175
730896,3,Enron,en,0.49227712547604163,0.3785381674037136,0.3463300442280003,0.4577352852260443,0.7761904761904761,0.819047619047619
776214,3,Enron,en,0.4023314487330376,0.4653644017601105,0.3333931569907141,0.4573932044269458,0.720464257964258,0.7124999999999999
725063,3,Enron,en,0.4734788880815666,0.3800559751748738,0.326064366416106,0.4911314189517514,0.8065476190476191,0.8222222222222223
291982,3,Enron,en,0.41455165350354084,0.38319424332754215,0.3442287472570191,0.4777916840652274,0.7024225774225774,0.6642857142857143
275487,3,Enron,en,0.4159728853345438,0.36801071557222875,0.2869108845913718,0.43800538223291297,0.6223052709975131,0.6107936507936509
58560,2,Enron,en,0.4162917518615275,0.39392212721122294,0.3455318249728117,0.4461668298387864,0.7139428472761806,0.571957671957672
817282,2,Enron,en,0.4758510964060976,0.4933396569760206,0.332563191425445,0.47216415696695685,0.8065476190476191,0.8222222222222224
1354147,3,Enron,en,0.4511948026901881,0.4776752849115126,0.3272801547435382,0.45688261006694336,0.7361742424242425,0.7886904761904762
3269,1,Enron,en,0.431513357365457,0.3337385495488261,0.3452824461244506,0.4392262278955962,0.6543350440409264,0.6218614718614719
683007,3,Enron,en,0.5141229703574081,0.4423172786809152,0.38760126684814344,0.47224667522327024,1.0,1.0
1295561,3,Enron,en,0.4664174820552487,0.36762462683515323,0.3322303852019429,0.4671304231235592,1.0,1.0
1108532,3,Enron,en,0.4801281257995407,0.4300749774820982,0.39435966209039497,0.4957696124620451,0.7653061224489796,0.7095238095238096
690504,3,Enron,en,0.48296471714862743,0.40394823970864147,0.36158985451975467,0.4804883879338993,0.9199999999999999,0.9
684399,1,Enron,en,0.4979729662208827,0.4271427154405878,0.353557202053735,0.4388826964842051,0.9199999999999999,0.9
291843,1,Enron,en,0.5079225581295955,0.394528412763707,0.34507434255782615,0.4460064563281969,1.0,1.0
1114503,3,Enron,en,0.4697562204256725,0.43798333449496224,0.32782336924510125,0.4468134586725766,0.7097222222222221,0.6
1248887,3,Enron,en,0.42384665168849683,0.3656579132884713,0.3429269135049791,0.4531345677629424,0.6478996150048781,0.6816017316017317
1310654,3,Enron,en,0.45349264603805733,0.44034249772169937,0.29265780820869586,0.4833795151830298,0.7313762626262625,0.7125
1293382,3,Enron,en,0.4580608147576499,0.4259456471383762,0.3591161400549022,0.43663390527511275,0.7653061224489796,0.8285714285714285
104422,2,Enron,en,0.37979609145188997,0.48028762730621827,0.34637753527041204,0.4547035713705421,0.5855331732083678,0.44704585537918873
772915,3,Enron,en,0.4408619742299641,0.43144678122112384,0.33920954057827624,0.4660892263824489,0.7452690166975883,0.7857142857142857
773541,3,Enron,en,0.4749904006640974,0.42149252262888626,0.31922375376515355,0.456219360278958,0.7452690166975883,0.7857142857142857
774939,3,Enron,en,0.5234524598383402,0.402655389593106,0.333218770384449,0.4948823972154902,0.6991858141858143,0.5504761904761905
747514,1,Enron,en,0.46900835293858356,0.49982504195910527,0.33976018023249294,0.49559798995089444,0.6290054179566563,0.5825396825396825
1359712,3,Enron,en,0.4525347871482701,0.4005931822167325,0.3440959474918261,0.4307351973562618,0.7355113636363636,0.7095238095238096
1144878,3,Enron,en,0.41843329198253476,0.3783740097777451,0.3617841107779792,0.4386568774484223,0.6191993464052289,0.6676587301587302
1120006,3,Enron,en,0.4622869770101586,0.4187752157139912,0.34780668814933097,0.48144356066206734,0.8015873015873015,0.7111111111111111
1265724,3,Enron,en,0.45926598934667634,0.356808479045321,0.3355939962361743,0.4748341596281156,0.7372790404040404,0.7428571428571428
1275261,2,Enron,en,0.40728353540787615,0.4809008097165993,0.3417055027919581,0.4584880655171711,0.6136272079115613,0.7597069597069598
1244855,3,Enron,en,0.457429640458951,0.49069620150331494,0.3505026475999806,0.4339143081459102,0.7676870748299319,0.7952380952380952
1266310,3,Enron,en,0.39445726463192304,0.4910842590850034,0.3334479622573336,0.4747069179961126,0.7602040816326531,0.5809523809523809
1251209,1,Enron,en,0.536698972126905,0.43025767336112153,0.3517485750294877,0.4611558659161137,0.7568027210884353,0.6571428571428571
1354713,1,Enron,en,0.4886209169470481,0.4433901091795828,0.3355341351016094,0.4673715712513133,0.6362959072517896,0.5716269841269841
1327647,1,Enron,en,0.5486476691074392,0.5920217177303544,0.3457574450419428,0.43397964266767436,0.6313342134484505,0.5989947089947091
722895,2,Enron,en,0.42263174764263695,0.45680009208657885,0.29846920427960716,0.5089682250857428,0.6535474329591977,0.7045454545454546
43746,1,Enron,en,0.47516383546360197,0.42743040585145853,0.3417247991934372,0.47380268652828617,0.6345267652515554,0.5065759637188209
69181,1,Enron,en,0.4560720953153075,0.4391326479981371,0.3654864376368204,0.407457903982482,0.7063186813186813,0.7666666666666667
1308549,1,Enron,en,0.46841572408805116,0.4758555807336293,0.33666017773823137,0.47001035758271303,0.70336083669417,0.6544973544973546
1260338,1,Enron,en,0.5058262577382547,0.5085880785880786,0.3948775503771401,0.44722320256819836,0.7327020202020202,0.7166666666666666
102587,3,Enron,en,0.4422650283218097,0.4677891644858614,0.34870010338229374,0.45743295482824425,0.7214045214045215,0.7071428571428572
1106003,3,Enron,en,0.4198682980712963,0.34359689745387284,0.34541193079912763,0.44450265858828164,0.6410899214304787,0.46312576312576315
1120251,3,Enron,en,0.4149112008623996,0.38251399413000037,0.36197981921526434,0.4369254804250941,0.6221630976952185,0.6357142857142858
742877,3,Enron,en,0.4229024943334104,0.37886409838725404,0.28826960923653616,0.4139114483902835,0.6233427530455588,0.5751133786848073
1105713,3,Enron,en,0.5248002372800186,0.5273171442035541,0.3503015546903977,0.43291904702349887,0.814484126984127,0.8388888888888889
748908,3,Enron,en,0.470432059023156,0.36816728444010943,0.31285864635232624,0.43450879867018755,0.7121527777777777,0.6625000000000001
947387,2,Enron,en,0.42031938980292616,0.3921837517058104,0.34110661087992455,0.48603618489134054,0.7194681861348529,0.7148148148148148
80907,2,Enron,en,0.4434924685825842,0.49144305424069,0.36781122018749546,0.41039453972316364,0.7602040816326531,0.7095238095238096
1121356,2,Enron,en,0.4663391325642771,0.36230809891237686,0.34148448230527345,0.45717388452172103,0.8015873015873015,0.7111111111111111
45773,1,Enron,en,0.41858617757698663,0.47225187731192586,0.3627232792918253,0.4730493700530356,0.5799369373834373,0.5060624287992709
705669,3,Enron,en,0.41478230083985584,0.4149449709790266,0.3252086092470702,0.48594590418151395,0.6901489686783805,0.7376190476190477
1124596,1,Enron,en,0.45248489099242495,0.3631805336901409,0.3576448287503864,0.4294184540519942,0.6548942543524587,0.5116883116883116
763601,3,Enron,en,0.4813630979158076,0.38513358678499787,0.31758284585267665,0.468330570154687,0.7285037878787879,0.6333333333333334
4666,2,Enron,en,0.42474178103907745,0.38884638851486664,0.36054247192685523,0.4413864360835819,0.5969918793627522,0.6091836734693877
683186,1,Enron,en,0.4904868884767314,0.4062184102291054,0.33306571178766115,0.4778744280309462,1.0,1.0
773713,3,Enron,en,0.4923236934856136,0.4768180792948594,0.3298332630543152,0.43447104582497875,0.6874943502394484,0.6634920634920634
746039,1,Enron,en,0.5083574154250908,0.4190777476491762,0.32646993049265494,0.46372725080688565,0.6341106005886162,0.553968253968254
776317,3,Enron,en,0.4140563859526575,0.44182408747916746,0.3421785029942536,0.46927944932644194,0.7145833333333333,0.7999999999999999
730503,3,Enron,en,0.4703362491951597,0.3147702637498555,0.3509056778541154,0.43901250383807877,0.9199999999999999,0.9
56404,3,Enron,en,0.45087456526653125,0.42547878909214937,0.35036289708899737,0.4466762571758093,0.8015873015873015,0.6
41854,2,Enron,en,0.4449905059582233,0.4824278082121219,0.32854250085962555,0.45352406575413357,0.7330808080808081,0.6470238095238096
1111914,2,Enron,en,0.49563724292693057,0.38637772186533803,0.3993198362548135,0.4882202012263932,0.9199999999999999,0.9
2536,3,Enron,en,0.4226531542779462,0.3294077591588901,0.3206495169464914,0.46699787554282385,0.9199999999999999,0.9
57263,3,Enron,en,0.43018233355347457,0.31659401320114394,0.35289374111638117,0.4488798049432349,0.6537384184443008,0.5974025974025975
901137,3,Enron,en,0.4196843628671942,0.3846743698609431,0.34840724939808215,0.43143021770207257,0.641703830655069,0.5882936507936508
289092,3,Enron,en,0.48405473003584454,0.37106822716578813,0.3950994943175695,0.4591698849772934,0.9199999999999999,0.9
1259769,3,Enron,en,0.4601551169631573,0.33356230604129744,0.35319415988791825,0.42569773462030935,0.8065476190476191,0.8222222222222223
3672,3,Enron,en,0.4104956996975192,0.4017098150438992,0.3381698043124686,0.4452381937250299,0.6553264681941152,0.5590608465608465
1122511,2,Enron,en,0.502165655011602,0.3824801978648133,0.34512890879301844,0.4651264282081085,0.7163256496589829,0.6063492063492063
280879,2,Enron,en,0.4145667117494524,0.37129754916553737,0.28730835560618345,0.41260546348579685,0.6055051752849235,0.5760416666666668
764532,3,Enron,en,0.4691664811452849,0.38333425833425827,0.32346009571675277,0.4423681016016395,0.7568027210884355,0.6571428571428571
891307,1,Enron,en,0.43076855197943353,0.5252256062416489,0.3280578342639364,0.4851344205471436,0.6706693306693307,0.7423809523809524
39117,1,Enron,en,0.45533039595390007,0.5188546813996994,0.3331940212200889,0.5083626069608818,0.6730940627999451,0.5800865800865801
57362,1,Enron,en,0.4682878337147511,0.4560730586474292,0.3407790474237618,0.44583784571932245,0.7224405224405225,0.8034391534391534
731427,3,Enron,en,0.4608782916108339,0.4083501460399587,0.34645925195100474,0.460775251822189,0.7386047979797981,0.7928571428571428
771962,3,Enron,en,0.40664849510213813,0.4928316942769109,0.3325489153315775,0.4488181959995337,0.611993029227446,0.6827228327228327
1292947,3,Enron,en,0.411792974944864,0.391180085253914,0.3342656336211114,0.46470763967355977,0.6570881388992844,0.6385281385281386
1296909,2,Enron,en,0.46358393619166577,0.3990412006480514,0.3319210396123144,0.431390258367188,0.6985264735264736,0.6547619047619049
744713,3,Enron,en,0.42979954385373614,0.3242529727226265,0.30409046379968435,0.40213834094053635,0.6429420252949665,0.5937229437229438
759443,3,Enron,en,0.41732007645919444,0.3914638322896562,0.32122799589981876,0.4378078354567689,0.6094411818769067,0.6098072562358278
1255469,3,Enron,en,0.4469734601794044,0.40863757478786605,0.340821798401104,0.4531603594493225,0.7082448415781749,0.7566137566137566
1249068,1,Enron,en,0.4157924832434661,0.40026126679635227,0.3502767479068054,0.45777124980282236,0.5766792037922098,0.6014880952380952
1275753,1,Enron,en,0.40160741757704455,0.45610781938357725,0.3491346308084238,0.4649599987427237,0.7081368631368632,0.6849206349206349
16296,3,Enron,en,0.4191619006521771,0.3527462721823558,0.35344531038970395,0.4510043366145963,0.6247570389889231,0.5326455026455026
281731,2,Enron,en,0.41534882758055636,0.3795230740875841,0.291193907751563,0.4010931657980669,0.6030125746837703,0.5534722222222223
1312600,2,Enron,en,0.49077308551123294,0.42924032451896244,0.31872675441347936,0.47226770945023266,0.6958291708291708,0.5609523809523809
763348,1,Enron,en,0.48430505325671724,0.39621445955070944,0.33725860806099495,0.437880731173268,0.6356508524902656,0.4421245421245423
735201,1,Enron,en,0.42605357364082974,0.3353626674956314,0.3487920879556283,0.4236156699425146,0.6923676323676324,0.6407142857142857
1127951,3,Enron,en,0.4745162886313455,0.44170519403077524,0.36534832895959096,0.4345485480856209,0.7568027210884355,0.6571428571428571
901016,2,Enron,en,0.47266206219389695,0.3899189699189699,0.36815835033470484,0.4516832269335217,1.0,1.0
107621,3,Enron,en,0.4112176771109144,0.433660915655005,0.3414621671405387,0.4795093941703821,0.7653061224489796,0.7095238095238096
45855,2,Enron,en,0.42872918222521017,0.35193584521971494,0.34715530262978533,0.45602716700212925,0.5750586153142234,0.4236331569664903
1336362,3,Enron,en,0.41930094503536797,0.3604639565922636,0.346202872477798,0.42783856902550044,0.7619047619047619,0.6238095238095237
30876,3,Enron,en,0.44921413698953633,0.40038167499854793,0.34541541908362894,0.4730843214382681,0.7313131313131314,0.6345238095238096
39463,3,Enron,en,0.4197819715545157,0.3536168579594184,0.3114514847424784,0.471202011401879,0.6011741148332852,0.6373544973544973
755430,1,Enron,en,0.4564988530163676,0.46929678313368145,0.3273787720197108,0.4199512229065893,0.7355113636363637,0.6803571428571429
84018,3,Enron,en,0.45017857023476454,0.42295911807306846,0.34548343778764984,0.43842737481999633,0.6437329010858422,0.6471861471861472
869727,1,Enron,en,0.4921867411463798,0.4068069057947601,0.35603131760519224,0.4446686468433136,0.7212121212121212,0.44999999999999996
742861,3,Enron,en,0.4274830263722086,0.32204415837327205,0.36538736186308296,0.4802472065176105,0.6517474634928196,0.5533730158730159
57299,3,Enron,en,0.44493178223645563,0.4766478204722431,0.346380428077923,0.45366657643523783,0.7027195027195027,0.6222222222222222
1114458,3,Enron,en,0.4070875624027621,0.45999484095644405,0.2882304372184208,0.4175262639550532,0.639988052957497,0.5948717948717949
1122741,2,Enron,en,0.4798838998182891,0.44782223423864304,0.3358749086707823,0.44156942428812446,0.7619047619047619,0.7428571428571428
59186,2,Enron,en,0.4414456931833458,0.47435706059749494,0.3207371442181982,0.459580077002675,0.7369002525252526,0.7916666666666666
1350641,1,Enron,en,0.4955270776843096,0.44352081610146127,0.39056758387494883,0.4419361742178355,0.7936507936507936,0.611111111111111
55396,3,Enron,en,0.48974080206760934,0.35956578942512446,0.3419864138280947,0.45264627702483295,0.7602040816326531,0.5904761904761904
1308219,2,Enron,en,0.4269684856205664,0.3855448172454269,0.282707311991103,0.39641214407582576,0.6273536576942149,0.5080586080586081
1112417,3,Enron,en,0.43382949615618643,0.4108828810742686,0.32940687731652074,0.4577061952280653,0.9199999999999999,0.9
1112093,2,Enron,en,0.41909986605363164,0.37720408292422664,0.30022488773789135,0.39208206278764196,0.7185185185185186,0.6664021164021163
34432,3,Enron,en,0.4840818739150712,0.3939650485568853,0.3390409857840816,0.41890798359307246,0.7738095238095238,0.8428571428571429
1034803,1,Enron,en,0.5089839414949232,0.468451347089118,0.40361499450298105,0.4368629920691974,0.7602040816326529,0.5809523809523809
1037142,3,Enron,en,0.4391323900211615,0.42460213729227037,0.3501725086072302,0.4533864696980608,0.6904907592407593,0.6480952380952381
1105537,1,Enron,en,0.48946777732817576,0.4045554039456479,0.3442989333431783,0.45233365249840357,0.7568027210884354,0.5714285714285714
36835,3,Enron,en,0.486087146919323,0.3956314518814519,0.33303085749681466,0.44913562017815173,0.6870879120879121,0.7202380952380951
37112,3,Enron,en,0.4576800777969601,0.38957645600217883,0.3306102648520824,0.4398926016542847,0.7181213847880514,0.6925925925925926
1131984,2,Enron,en,0.45296548196678094,0.48456751350758004,0.34175654807300887,0.4613596902114465,0.8065476190476191,0.8222222222222223
30132,2,Enron,en,0.48997593931632466,0.41642962996346455,0.34418038707113147,0.41828429097165887,0.6330452578946657,0.5807539682539683
898679,1,Enron,en,0.49129003130279364,0.4013259633773989,0.35971724356978346,0.43626364203590684,0.6398220518357818,0.6532931354359925
1350710,3,Enron,en,0.4067929447086844,0.41247736125814544,0.3779958156012618,0.4464711301871356,0.6539859657313217,0.5460317460317461
888459,3,Enron,en,0.40919446218084216,0.4005508217543142,0.35427127746497145,0.47424270981581196,0.6583989078087376,0.6964285714285715
56409,3,Enron,en,0.45959763126837144,0.39057609057609033,0.3407551277280664,0.4607825090389558,0.7568027210884354,0.6571428571428571
36991,3,Enron,en,0.5319440228160214,0.6333401331526042,0.34413387095928344,0.4395069290140914,0.6966533466533467,0.5547619047619047
1306569,3,Enron,en,0.4825352860784894,0.3680576107267837,0.3432915601625576,0.44244347153259306,0.8065476190476191,0.8222222222222221
57941,3,Enron,en,0.4669187760101909,0.3135062758980479,0.35892488261304595,0.41421996974904485,0.7139428472761806,0.5306878306878305
1299753,1,Enron,en,0.42487231246633766,0.42046686656792504,0.3427640953437817,0.44664232603816073,0.6088038999044434,0.4628472222222223
1280570,3,Enron,en,0.4115698688717387,0.4093460381119183,0.3422050925441596,0.454290074825255,0.745269016697588,0.7857142857142857
42330,1,Enron,en,0.4110133679689754,0.4036126769872898,0.3275119917659692,0.421775642573238,0.7271780303030303,0.5708333333333333
39180,2,Enron,en,0.48758315923610523,0.40866568752598154,0.3555787319175865,0.44051950132375695,0.7205905205905206,0.7256613756613757
743400,3,Enron,en,0.4428946350323487,0.4246087412070005,0.3485401962897503,0.4362472163073042,0.720464257964258,0.775
41960,2,Enron,en,0.4780152897622618,0.45222433184618055,0.3574666495548836,0.44856822207889424,0.7139204545454545,0.7000000000000001
1283336,2,Enron,en,0.4212331959079247,0.4016469675477026,0.3419780158949857,0.4834630786740532,0.7330808080808081,0.6553571428571429
1104318,3,Enron,en,0.40935240797662675,0.43083312224179077,0.3090668038722859,0.4663865855339715,0.733080808080808,0.6345238095238096
1313005,1,Enron,en,0.4364552232670539,0.41705182327884516,0.34806555604596734,0.4755417609018635,0.7254103535353535,0.47916666666666663
56332,1,Enron,en,0.49563875308588956,0.38460239665735013,0.36035113340275093,0.45827363975670543,0.6662619911283014,0.6253968253968254
283973,3,Enron,en,0.42549999432328245,0.3640539716623932,0.35095646162048283,0.4989842465490592,0.657496914849856,0.5534632034632034
1101425,1,Enron,en,0.4593592543195706,0.3379250042050372,0.3519216966021924,0.4487982758181174,0.6513144467188585,0.5574074074074075
683218,3,Enron,en,0.447417774528852,0.3589869417075298,0.34761943308624055,0.4350206869473136,0.9199999999999999,0.9
725133,1,Enron,en,0.41929378154172237,0.3447403257936772,0.3502332291839307,0.43447479261026334,0.7254103535353535,0.6124999999999999
1249002,3,Enron,en,0.4325134685395242,0.3743120770651692,0.37677731106436435,0.4005049424427541,0.6672448466566113,0.5709656084656084
1250973,3,Enron,en,0.4891126726745147,0.40521083412044656,0.3493168638442541,0.45595062704988915,0.7186965811965812,0.6875
1278733,3,Enron,en,0.5188072280457628,0.3745086659372374,0.38777012577111397,0.48629257218782673,0.7936507936507936,0.611111111111111
1143943,3,Enron,en,0.40993125540960185,0.4088967508931103,0.2876749807525483,0.4126042145608163,0.6212488601986804,0.5755102040816327
1077388,1,Enron,en,0.4487239701652883,0.4574050640717307,0.3449470201994115,0.4242225339930135,0.69989010989011,0.5564285714285714
1249057,1,Enron,en,0.42348445962237447,0.36399106332382714,0.3485508643819638,0.4363335984010624,0.7131831131831131,0.5296296296296297
1270661,3,Enron,en,0.4445663054814614,0.3852508414159998,0.3174777725918664,0.44798129033587203,0.7296085858585859,0.6791666666666667
1288963,1,Enron,en,0.4280468288520994,0.3433910802083071,0.3471300118223054,0.4353148030852497,0.55812892250872,0.5092731829573935
1111640,1,Enron,en,0.49179013206256583,0.4377234965470259,0.34074744728933964,0.4658264483006657,0.814484126984127,0.8388888888888889
1100351,3,Enron,en,0.48974080206760934,0.35956578942512446,0.3419864138280947,0.45264627702483295,0.7602040816326531,0.5904761904761904
1100636,1,Enron,en,0.4996941307551174,0.3924161153823232,0.35878538529898807,0.436318117959674,0.7139428472761806,0.573015873015873
742918,3,Enron,en,0.39479580503260464,0.4731944220128443,0.3534585057293313,0.4552533635325328,0.6072473020601635,0.5776077097505669
1273084,3,Enron,en,0.417872459997926,0.49359963976553867,0.32924801236935386,0.46065136784196387,0.7687074829931974,0.7238095238095239
900493,3,Enron,en,0.46035407468868356,0.3112812920771399,0.33638326930900325,0.45080275237697043,0.7602040816326531,0.7095238095238096
29524,3,Enron,en,0.4212707488018871,0.41790541503910106,0.29213706570141956,0.39207075039200207,0.6200569051557936,0.4651360544217688
3662,3,Enron,en,0.41478230083985584,0.4149449709790266,0.3252086092470702,0.48594590418151395,0.6901489686783805,0.7376190476190477
1122433,1,Enron,en,0.4172703484387604,0.42524354275692644,0.3497213468582223,0.42417922722432,0.6390580523707459,0.49597069597069593
275902,3,Enron,en,0.4514497054996098,0.3649023531698969,0.34401453344924604,0.46329171803457103,0.6592632513685145,0.5987012987012986
1354250,3,Enron,en,0.443833251427831,0.4232551249852287,0.31980424970646154,0.48756818196650226,1.0,1.0
1121664,1,Enron,en,0.4154244534478181,0.3654565656430276,0.3365850585750861,0.46491538572843594,0.7021528471528471,0.6
1302759,3,Enron,en,0.43661883114423516,0.42835349617702545,0.3347489495560099,0.47544364177383786,0.8065476190476191,0.8222222222222223
1312470,1,Enron,en,0.4133063978342286,0.4318414381082641,0.28065309211846445,0.4197601365041443,0.5380165326730372,0.6137077897947463
37488,3,Enron,en,0.48394654521971997,0.44651555315030006,0.3265720762712647,0.47348330787597925,0.7452690166975883,0.7857142857142858
1291549,3,Enron,en,0.4162707474319888,0.3987597693681281,0.3004045209186133,0.42610251898071,0.6981143856143857,0.7428571428571428
1102746,3,Enron,en,0.44669218376840103,0.38962160372522214,0.3529630991715075,0.42400335318526,0.9199999999999999,0.9
724995,3,Enron,en,0.4496718097271278,0.3679642667737904,0.31881285182313046,0.4666570225579534,0.7296085858585858,0.6375000000000001
754573,3,Enron,en,0.40799205361041185,0.41748176523218994,0.3545475133657546,0.4214013708933903,0.6238562769828978,0.5730254930254931
773041,2,Enron,en,0.353900183862247,0.5634904742677519,0.29721932986425803,0.3937795351549727,0.6306839468330151,0.6003092145949289
39374,2,Enron,en,0.4575951513714826,0.47339575457222505,0.3379530985380696,0.46080148327635934,0.7452690166975883,0.7000000000000001
743192,3,Enron,en,0.4247443763620308,0.3635502034469493,0.36441075891050656,0.42297980354177916,0.7108003108003108,0.5407407407407407
2146,3,Enron,en,0.4719611614765765,0.49844509495672273,0.34797865321069205,0.4368349172896821,0.7602040816326529,0.7095238095238094
59847,3,Enron,en,0.4191619006521771,0.3527462721823558,0.35344531038970395,0.4510043366145963,0.6247570389889231,0.5326455026455026
1250888,2,Enron,en,0.4516969825418738,0.40553424353424333,0.3492062312573069,0.45230648851251737,0.6177066315327185,0.5153968253968254
2943,3,Enron,en,0.4964046676252279,0.4355936654504765,0.3288281731410869,0.4505586936671883,0.7568027210884355,0.6238095238095237
1293832,1,Enron,en,0.4924007814303057,0.435276689122843,0.3448020437583473,0.4652992174002688,0.7330808080808081,0.7511904761904762
16369,3,Enron,en,0.43829564746120486,0.5020775006336502,0.34131347350904806,0.416093237921746,0.7084175084175084,0.585185185185185
34397,3,Enron,en,0.444158651233586,0.4271775904369924,0.3500678088780912,0.44635309273910556,0.7653061224489796,0.6476190476190476
1120580,3,Enron,en,0.4573499988016656,0.3977304902344481,0.32416391420254137,0.4557952576523975,0.7247690581023915,0.7838624338624339
2780,3,Enron,en,0.4176958878680954,0.3524508127655701,0.34378284185038327,0.4766347587628037,0.6038897334549509,0.6586772486772486
1303753,1,Enron,en,0.48882859745332785,0.5207969318263437,0.3427715612305873,0.44906717299664944,0.6139111146851085,0.7151515151515151
724909,3,Enron,en,0.5387390847855048,0.39229362591431566,0.40737458929257425,0.475678377286949,0.8015873015873015,0.7111111111111111
289087,2,Enron,en,0.5161457599269034,0.504467781022805,0.3532737368235051,0.4693633337018973,0.8065476190476191,0.8222222222222223
1241789,3,Enron,en,0.4467740284076346,0.41531429758615346,0.31468841785176926,0.4366205285713236,0.6717393568997847,0.5742424242424243
685033,2,Enron,en,0.4684090928294713,0.38794019443106664,0.35949172782660205,0.4359102765052865,0.9199999999999999,0.9
1290780,3,Enron,en,0.4911137729977603,0.32871727755448676,0.3558255482032604,0.41726000860913925,0.7676870748299319,0.7095238095238096
1111963,3,Enron,en,0.4839584887425853,0.3973771243002013,0.3777581688774128,0.5270098171537821,0.8065476190476191,0.8222222222222223
1327666,3,Enron,en,0.49338977384812976,0.35869357165022786,0.33786759436684805,0.4340953571492245,1.0,1.0
723460,2,Enron,en,0.458984584267455,0.4807494810742761,0.3498737182943744,0.4547902229259711,0.7936507936507936,0.611111111111111
1256099,1,Enron,en,0.505378873151643,0.3324777074777075,0.35244622614191407,0.3858212921286087,0.8015873015873015,0.6
77311,1,Enron,en,0.449136801374823,0.3834750675307949,0.30921196891933667,0.4557743592394023,0.7114416447749782,0.7063492063492063
1260800,3,Enron,en,0.4090631849830627,0.4089812543159046,0.33318163028816794,0.49169896244159006,0.708282967032967,0.741111111111111
1286444,3,Enron,en,0.48140796006293307,0.4700937950937951,0.3463048940501387,0.45655337183504857,0.727840909090909,0.6333333333333333
1281368,3,Enron,en,0.457278787327871,0.330743903250297,0.3303961435433934,0.4575122751653939,0.6334358567988598,0.5773809523809524
59481,3,Enron,en,0.42820703562174456,0.3566173564625576,0.29073879668540675,0.4146210710324388,0.6807253204312028,0.7553391053391053
1302952,2,Enron,en,0.5731418493558242,0.6154304752203911,0.36606239129838514,0.44395682463052377,1.0,1.0
893210,3,Enron,en,0.4081663982740702,0.40963308365645196,0.3471953328544905,0.4683603550785123,0.6345425516784621,0.5232426303854876
281768,2,Enron,en,0.4330758299207641,0.3294939413444426,0.3051083260451858,0.40960431285198945,0.5567316610954068,0.4371802439984259
1101437,3,Enron,en,0.48442116782355205,0.4255075547758475,0.2961540099935048,0.4519670639391178,0.6911500999000999,0.618095238095238
1034003,1,Enron,en,0.4181021152717387,0.41332508500771153,0.35788956319620174,0.424984219207912,0.7330808080808081,0.6553571428571429
1144260,3,Enron,en,0.44227741661652453,0.4224678465550675,0.33429787356336926,0.4625791740339097,0.7254103535353535,0.6333333333333334
82569,3,Enron,en,0.46069550692145095,0.33626733098637007,0.3505281362201529,0.4328813225495909,0.651329681670239,0.5477411477411478
1336772,3,Enron,en,0.41553983658335447,0.36525693087462674,0.337809693939798,0.4590546374147568,0.7078021978021979,0.6864285714285714
763075,1,Enron,en,0.4917976387892699,0.42320424673365864,0.3629266738536175,0.43567745064738045,0.6997252747252747,0.6028571428571429
1304128,1,Enron,en,0.48554467327787293,0.4404494366032826,0.34102189295252283,0.43805996835149863,0.69989010989011,0.5564285714285714
284921,1,Enron,en,0.4636973062492808,0.3667138921684375,0.32752857366733423,0.41707459944174297,0.8065476190476191,0.8222222222222224
56963,2,Enron,en,0.49894573470610487,0.31069552669552664,0.35426095091983395,0.43653040540408405,0.8095238095238096,0.8666666666666666
739233,3,Enron,en,0.45911592570669696,0.4539916605133997,0.33131585486781656,0.4743840534067133,0.7224405224405225,0.7589947089947089
1133291,3,Enron,en,0.5126633988860644,0.4427480505605506,0.3442975251960264,0.4429924322337577,0.721937321937322,0.6256613756613757
730452,1,Enron,en,0.5027955494343612,0.4814312791585519,0.34824044380622987,0.44147601431406375,0.6487651932117876,0.5960317460317461
725161,3,Enron,en,0.4258839130295748,0.4065357990822386,0.3084015417030423,0.4536163107614939,0.6379854133511255,0.6515873015873017
34235,3,Enron,en,0.4327289011498054,0.34632168385630985,0.3117659785504921,0.4458263849243012,0.6465190124632849,0.5466422466422467
1272075,2,Enron,en,0.4414929899893487,0.5024016976494926,0.33455691692132367,0.4559268544064174,0.5720164291289455,0.4849248790425262
59184,2,Enron,en,0.45874098268824126,0.3655786061878794,0.36227384207339386,0.41395361160845373,0.745269016697588,0.7857142857142857
78871,1,Enron,en,0.4590026206179615,0.4007442096542441,0.34130026601882996,0.45571750766482444,0.7078484015984017,0.7068253968253968
751270,3,Enron,en,0.45118490301592523,0.38298344228055087,0.340515018243608,0.46458325071352774,0.7568027210884355,0.6571428571428571
1098921,2,Enron,en,0.42129694071493345,0.5012963561607774,0.33761022893319,0.4796877972471,0.716325649658983,0.6698412698412698
78910,1,Enron,en,0.45181523784774685,0.42604919235354016,0.35577988339684735,0.4651388753725611,0.6383632561770214,0.6491452991452991
685138,3,Enron,en,0.4153997922779235,0.35376009609106995,0.3565800954414355,0.44168148042904415,0.6183733397665285,0.5644557823129253
1310659,3,Enron,en,0.4819398812055937,0.44359105806474236,0.4063957279319554,0.465376079346791,0.7676870748299319,0.7952380952380952
1359749,2,Enron,en,0.44992103600281436,0.3984545272521722,0.34850891196200057,0.45080005581328253,0.7330808080808081,0.7011904761904763
773340,1,Enron,en,0.40808591063096383,0.5103484901133352,0.35117271521582877,0.4436575512799865,0.6991858141858143,0.63
42040,3,Enron,en,0.4215888247449185,0.37756955919535334,0.33817717898595245,0.4503587598232019,0.6214254364113027,0.5113945578231293
1305974,1,Enron,en,0.4806120917532659,0.45831618478677305,0.3345700607925216,0.461298343768953,0.716325649658983,0.6936507936507936
1274615,3,Enron,en,0.4847399313339942,0.39140229051993763,0.3076124057062015,0.455609819353614,0.8065476190476191,0.8222222222222223
1350580,3,Enron,en,0.4653931733683686,0.3817078346490112,0.3206181961450146,0.44427778028499826,0.7072088405421738,0.6624338624338624
275504,3,Enron,en,0.39979833173402823,0.4994247015863555,0.33152593947297865,0.4780145736937952,0.643768541247593,0.6327380952380952
759308,3,Enron,en,0.4654262283755494,0.3230887835428364,0.35428583016935106,0.4352136847819389,0.7016826923076923,0.7958333333333333
31093,3,Enron,en,0.4820863522929619,0.4754989719275433,0.36930405969471497,0.5001705550453831,0.7173708236208236,0.7000000000000001
744754,3,Enron,en,0.4901308777033191,0.4209011785934864,0.3225628420426606,0.4678139662285168,0.8065476190476191,0.8222222222222224
1105130,2,Enron,en,0.44673025741837996,0.37062181571750935,0.34795927584060554,0.4537188063677619,0.7602040816326531,0.7095238095238096
735296,1,Enron,en,0.4408740509369516,0.41523124045556725,0.3448655271649705,0.43550411363599906,0.642334789393613,0.506926406926407
58474,2,Enron,en,0.4683206710564437,0.4051772763658123,0.32870418191100287,0.45207435612104324,0.7313762626262625,0.7125000000000001
292353,3,Enron,en,0.441035788958336,0.41291429159076215,0.3387035968656936,0.42769030173849554,0.7602040816326531,0.5904761904761905
1354379,2,Enron,en,0.47773795496362687,0.47552497142460426,0.39562484274952764,0.4374674527074659,0.814484126984127,0.8388888888888889
1278608,1,Enron,en,0.4578819028686714,0.3764539929673784,0.3364963613678155,0.4386516789843848,0.7237873237873238,0.7515873015873017
277129,3,Enron,en,0.4903063302461356,0.3563286129075603,0.30885018252105945,0.4299757929761823,0.7653061224489797,0.7095238095238096
1139220,3,Enron,en,0.39223081956201106,0.4495144910344213,0.33459149261648585,0.47392393408171296,0.7676870748299319,0.7952380952380953
1111677,3,Enron,en,0.3975827946445861,0.49125999487841576,0.3259052551012109,0.460380928010378,0.7094535094535095,0.5888888888888888
84187,3,Enron,en,0.4320395984720934,0.339397946351271,0.3557550913355737,0.4194554255398468,0.6579213752826517,0.6620934620934621
1034041,2,Enron,en,0.42487201580038664,0.33211119181243015,0.3573843189961772,0.4159294089890967,0.6206387664268098,0.5169146825396825
1101574,1,Enron,en,0.43534755462529623,0.31793897242572033,0.27206262632407563,0.4201490744258911,0.6445035912279989,0.5103174603174604
759121,2,Enron,en,0.4954655753017309,0.4432099301664519,0.32762297607990853,0.4797648088477012,0.7236426767676768,0.5291666666666667
886940,3,Enron,en,0.49580364367803575,0.38644660894660904,0.328815097383373,0.43491862169139445,0.8095238095238094,0.8666666666666667
1112541,3,Enron,en,0.44129085549714697,0.4108919741471959,0.34244198937751463,0.4374620737135081,0.6223290736412909,0.63003663003663
1278607,3,Enron,en,0.42444656431498196,0.3625748332335018,0.3677221084581702,0.43719457345849627,0.7081368631368632,0.6953968253968255
739506,3,Enron,en,0.4513509551717821,0.4000550372253863,0.3780287001431783,0.45942541168404805,0.7121527777777777,0.6625
43009,2,Enron,en,0.42455871093308145,0.3572273405606737,0.3492662239858156,0.43740140129211397,0.647130647130647,0.6480519480519481
59864,3,Enron,en,0.4168757342956892,0.3553077140476872,0.36221816852599337,0.4172107965932738,0.7163256496589829,0.5862433862433862
724112,1,Enron,en,0.4761931093011179,0.5162650945545684,0.33844018587043384,0.46107040135127514,0.814484126984127,0.8388888888888889
286858,3,Enron,en,0.41857448136853437,0.3779774389979916,0.3330878445658228,0.4520450075701114,0.5963054389471352,0.5743527714115949
1101452,1,Enron,en,0.4372974698591721,0.34715775407526345,0.282055927871017,0.39304474035376985,0.5628777825527048,0.4059392627574445
765254,3,Enron,en,0.40801183056899254,0.4231950513152139,0.3427033851364396,0.467573759828286,0.6662504162504163,0.5463203463203463
1034047,1,Enron,en,0.48355034093588484,0.35467667359378585,0.3640820054700796,0.41056865573371837,0.7296085858585859,0.7291666666666667
44553,1,Enron,en,0.4244007267293615,0.3620186744799748,0.3563721858467484,0.4345983288106817,0.666703523514669,0.6261904761904762
1266351,2,Enron,en,0.41835019107627247,0.40089216339216327,0.34282339157005076,0.4622874837727835,0.6197265366063319,0.6718614718614718
1243127,1,Enron,en,0.48451333252104306,0.3790427291503333,0.3343318556244705,0.5198649931153964,0.6904945054945055,0.6397619047619048
102605,3,Enron,en,0.45031294579736597,0.3427832675117743,0.3307688132856925,0.4437950855750445,0.6991858141858143,0.6338095238095238
60211,3,Enron,en,0.49230615816514445,0.3567825132991637,0.403746070801857,0.4452672802330432,0.9199999999999999,0.9
1307104,3,Enron,en,0.4800944090491324,0.46344114822375676,0.3357168288885563,0.43221285633343687,0.7676870748299319,0.7952380952380953
19490,3,Enron,en,0.4547632161706953,0.3298780230943418,0.35483877582023987,0.4401890211431948,0.7296085858585859,0.6083333333333333
57803,1,Enron,en,0.43121100030226933,0.3177818682035613,0.3450574426256995,0.45899520667028576,0.6027752942510202,0.6194940476190475
42125,3,Enron,en,0.45665094087524455,0.5227313917752393,0.3408298917161225,0.46533583702272757,0.7428030303030303,0.8053571428571429
763164,1,Enron,en,0.4998277546739238,0.41539608120592325,0.3554748946922939,0.4591529020693262,0.6539343009931246,0.49610389610389605
888446,3,Enron,en,0.44383578717091987,0.4045954646046117,0.34473296231219863,0.4743655690205061,0.7311083977750644,0.8214285714285714
754294,1,Enron,en,0.4315322710624797,0.3073334593153835,0.30833955030765414,0.39161288869756544,0.6612712336396548,0.7074074074074074
289147,3,Enron,en,0.43829564746120486,0.5020775006336502,0.34131347350904806,0.416093237921746,0.7084175084175084,0.585185185185185
1122905,1,Enron,en,0.4916541476793391,0.39173699467817114,0.33945891084682733,0.43758958958951144,0.7625850340136054,0.7095238095238096
263053,1,Enron,en,0.46210254641949544,0.4807305494992433,0.36248056169063086,0.43311394753128984,0.573632753746435,0.5277284119389383
931732,1,Enron,en,0.39827755850931207,0.4448130188723186,0.3619572586201826,0.4436003559916632,0.6322153993349646,0.5586734693877552
34422,1,Enron,en,0.41540929946114935,0.3637856246375514,0.34497341142184373,0.42568622383261906,0.6420801420801421,0.583982683982684
82600,3,Enron,en,0.44562697644925675,0.4407640996189181,0.3620102256944737,0.4105699773116706,0.9199999999999999,0.9
743577,2,Enron,en,0.42624556561560567,0.36843968945362127,0.3278211930198369,0.48602424932944777,0.6975066110360228,0.765
754176,3,Enron,en,0.4225922159918285,0.3572365625611508,0.3561321717774975,0.4612170663275115,0.6034810220514891,0.7197802197802198
931834,3,Enron,en,0.4724976107195471,0.5072086968758794,0.3458277812433332,0.45907383052216755,0.814484126984127,0.8388888888888889
1112908,1,Enron,en,0.4207938609256818,0.43552469110557784,0.33890617142815715,0.4277628296383755,0.7355113636363637,0.7303571428571427
1270627,1,Enron,en,0.45818517548797516,0.3579376216740816,0.3079093492121662,0.4201573215096866,0.7738095238095238,0.8428571428571429
1315868,2,Enron,en,0.42440158903032577,0.4155082469865078,0.33153859493116866,0.4498039152362045,0.6455334107327141,0.47420634920634913
1261990,2,Enron,en,0.4588026488287631,0.4176064154754848,0.352458028077804,0.47411334911323727,0.6298832454842684,0.6175824175824176
884508,1,Enron,en,0.4866527501557657,0.3849459849459849,0.3931473338210754,0.4453856491780504,0.7936507936507936,0.611111111111111
755259,1,Enron,en,0.47487686055224687,0.47417795196432955,0.4025128851308148,0.475208110130956,0.7534013605442177,0.5714285714285714
1120215,3,Enron,en,0.47937801983930445,0.4496317635852518,0.3411053113480396,0.4473575881280664,0.8015873015873015,0.7111111111111111
34450,2,Enron,en,0.49677660164222504,0.37690248632666645,0.319473731844652,0.44938215949947397,0.6926785714285715,0.6500000000000001
1124565,3,Enron,en,0.420066327727192,0.3958907740770485,0.3100100796994284,0.4624874037371735,0.7059343434343435,0.7666666666666667
1111996,1,Enron,en,0.47998406645986724,0.4312385681950899,0.34388037559557405,0.4474129191642548,0.9199999999999999,0.9
1264866,3,Enron,en,0.4796780538632392,0.43467740592740595,0.40355040868581726,0.44298536365069,0.9199999999999999,0.9
1308548,3,Enron,en,0.4315592185877987,0.336978436243142,0.3312702992827746,0.43689886780644965,0.7035037878787879,0.7625
284307,1,Enron,en,0.4867865396952015,0.4874808789503615,0.34978302050328713,0.4368908878305912,0.6641495759142818,0.562987012987013
743397,2,Enron,en,0.5172318418244259,0.35388708513708517,0.3992752333741601,0.45149503536487856,1.0,1.0
1260920,3,Enron,en,0.45036581498214656,0.40234351149717296,0.33892133106831285,0.4688800429115239,0.814484126984127,0.8388888888888889
720910,3,Enron,en,0.5051121811763299,0.46911722660385763,0.36949962796090785,0.43542865591762864,0.7568027210884354,0.5380952380952381
773115,1,Enron,en,0.4889300739627424,0.3427252040888406,0.33278890752233414,0.4381391299743002,1.0,1.0
1139212,1,Enron,en,0.42770075391229323,0.32611981537305734,0.29128048040622845,0.40305919616029356,0.5593849864995017,0.45027777777777783
104551,2,Enron,en,0.4427326061101096,0.45690843877548387,0.3382926822111504,0.47404467553638824,0.7676870748299319,0.7952380952380953
1303814,3,Enron,en,0.49587758814943667,0.371890721890722,0.406633385812126,0.4489979720749766,0.8065476190476191,0.8222222222222223
1242844,2,Enron,en,0.40255193233325,0.5163145913179565,0.29425928806459817,0.4118245653132609,0.6460807734465023,0.6532967032967034
1304538,2,Enron,en,0.4207376159982252,0.3698976881200822,0.3425643901965508,0.47037990226723403,0.6747835497835498,0.6737373737373739
281694,1,Enron,en,0.4283670860511049,0.3679021452753382,0.2749095476333855,0.39308321349547104,0.7710884353741496,0.8095238095238094
773494,3,Enron,en,0.4106235561086838,0.39927024611986134,0.28038062030695654,0.41644839759914637,0.6098610848463625,0.5106442577030813
1133097,3,Enron,en,0.41239136603528215,0.4431628668470773,0.34869366919559786,0.43172599652933025,0.6762745149587255,0.7176190476190476
1250409,3,Enron,en,0.46055567267503195,0.3438383938708517,0.3451866959883724,0.4297607297950378,0.7171717171717172,0.6589947089947091
60232,1,Enron,en,0.4283670860511049,0.3679021452753382,0.2749095476333855,0.39308321349547104,0.7710884353741496,0.8095238095238094
1262647,1,Enron,en,0.47219506403730266,0.44942199775533115,0.35060621360349314,0.4238916169022717,0.6851560939060939,0.6721428571428572
1114468,3,Enron,en,0.41070328288290986,0.4581485771239092,0.2695381296504997,0.4162214070973089,0.6086679063831343,0.5802721088435374
56287,1,Enron,en,0.4154513952367077,0.38862381478132735,0.334599602605678,0.4673011412539523,0.6724225774225775,0.772142857142857
1248661,2,Enron,en,0.42348445962237447,0.36399106332382714,0.3485508643819638,0.4363335984010624,0.7131831131831131,0.5296296296296297
1285215,1,Enron,en,0.4537066836849153,0.37624005875279204,0.34761123308209435,0.4821945505389267,0.7163799163799163,0.7925925925925925
43985,2,Enron,en,0.4694442560659007,0.4793067349317349,0.34932228970424756,0.44997931268308994,0.7296085858585859,0.7291666666666665
83921,3,Enron,en,0.4533334405886798,0.36449649348145585,0.3474430638208033,0.4417006716903103,0.7452690166975883,0.7000000000000001
292751,1,Enron,en,0.45350435343482515,0.36829439241719947,0.34186728555590984,0.42562333507993366,0.7372790404040404,0.7428571428571428
730499,1,Enron,en,0.49530278512909653,0.3955554632920362,0.34363083194950356,0.4655333391023323,0.665521718329205,0.586868686868687
1281385,3,Enron,en,0.41020980040785227,0.42944036770206845,0.34390196560967873,0.4467601591759138,0.7361742424242425,0.780357142857143
292648,3,Enron,en,0.457729002458599,0.33306336208405624,0.3389929820411263,0.46307162449661193,0.7361742424242423,0.7886904761904762
59837,1,Enron,en,0.40723246713619893,0.42509311810231265,0.3456604867742815,0.4602485334075619,0.7084175084175084,0.4962962962962963
104505,2,Enron,en,0.48532183185257377,0.43871166712075776,0.3478216015471106,0.4593295860328855,0.7936507936507936,0.611111111111111
771871,1,Enron,en,0.41101466303741124,0.4320956973749,0.359760865459149,0.4796149221703148,0.6209374638043116,0.5138392857142857
748693,1,Enron,en,0.4817840666549486,0.4292522440691776,0.34261372365894965,0.4924915512933505,0.6376435881370092,0.5168650793650794
682179,3,Enron,en,0.4662145026365195,0.45397896676966437,0.33385967447750076,0.4854053479902302,0.7653061224489796,0.7095238095238096
1336734,2,Enron,en,0.4200427153921116,0.423838413245478,0.34691413652643094,0.4602198922542641,0.5841720432874183,0.5364197530864198
1114509,1,Enron,en,0.43358213550522345,0.4465323017318813,0.3477289490649639,0.46458621374033066,0.6969193306693308,0.6895238095238094
774690,1,Enron,en,0.44230523902336544,0.40189603958217857,0.3529903668865477,0.43751261268556757,0.621932649174497,0.5160218253968254
721448,3,Enron,en,0.4853711360361,0.35885780885780894,0.3398376818169303,0.42679722194034736,0.7602040816326529,0.6476190476190476
1309095,3,Enron,en,0.4930767220446739,0.3555842090725811,0.3223860709438965,0.43158247603833993,0.8065476190476191,0.8222222222222224
770384,1,Enron,en,0.48022091610006573,0.4283177348966823,0.33921926729991253,0.4472495274168263,0.6902874902874904,0.7333333333333333
877320,3,Enron,en,0.4852611126694043,0.3871739721529639,0.35014952224712154,0.46501759268628196,0.7181756515089848,0.6862433862433862
1242797,1,Enron,en,0.4187591915843882,0.47354650624066,0.35363873288668746,0.4228530726868624,0.6978071311404644,0.7005291005291004
1303077,3,Enron,en,0.41169199051060507,0.45714643199937294,0.3184948173780019,0.5204575164702986,0.8015873015873015,0.7111111111111111
772956,1,Enron,en,0.4965913883541638,0.37035816360821755,0.3160351950993801,0.4477891016106592,0.6946288279621613,0.7677248677248677
1148601,1,Enron,en,0.45646699143196556,0.37584614958846885,0.3149328378503183,0.47977345770416063,0.6136694125677454,0.527891156462585
278764,1,Enron,en,0.41872623812409343,0.39307156968546164,0.2613218835762122,0.40283304399772296,0.5218800424198717,0.4078754578754578
43397,2,Enron,en,0.48318231110670096,0.43211334120425016,0.34863295318961246,0.46693606234403856,0.7084175084175084,0.5333333333333333
1034094,3,Enron,en,0.44589835061712296,0.3838736806529422,0.3316605320929892,0.45827809435531164,0.7568027210884353,0.5714285714285714
69029,2,Enron,en,0.45211419317129503,0.4205104536829177,0.3220086301576469,0.40353888790036246,0.6966533466533467,0.5623809523809523
37081,3,Enron,en,0.42758687310017135,0.36358601601085705,0.33620972644177527,0.44947749098801915,0.7676870748299319,0.7952380952380953
1294421,3,Enron,en,0.41478230083985584,0.4149449709790266,0.3252086092470702,0.48594590418151395,0.6901489686783805,0.7376190476190477
34601,3,Enron,en,0.4123473100311457,0.37920370542695214,0.35370185137786625,0.49023913978736244,1.0,1.0
56782,3,Enron,en,0.46849634664214923,0.3377462652960027,0.33109850690702314,0.4419050111395282,0.6585892177997441,0.6597402597402597
1266435,1,Enron,en,0.4983091880628279,0.4585482056070292,0.3108571114579098,0.4808640493006977,0.7602040816326532,0.7095238095238097
743036,2,Enron,en,0.4778283151437795,0.4496263177635727,0.2763631815780163,0.488062476223467,0.7676870748299319,0.7952380952380952
30993,3,Enron,en,0.4327730187642343,0.34785393510827606,0.31029296617621366,0.4572793645777273,0.6514554359755599,0.5130952380952382
16095,2,Enron,en,0.5161457599269034,0.504467781022805,0.3532737368235051,0.4693633337018973,0.8065476190476191,0.8222222222222223
1120276,2,Enron,en,0.45767298549744706,0.4034477370592594,0.36217779157710345,0.43009084111511015,0.6545598245526799,0.6006327006327006
738665,1,Enron,en,0.4723964807924551,0.4922156401103768,0.3475664067829133,0.43851714106239004,0.6409275451071116,0.6047619047619048
37074,2,Enron,en,0.4227579497384782,0.37847926025831335,0.3393975901160642,0.4358915458588253,0.6064839836500265,0.6822562358276644
756530,2,Enron,en,0.4458044660942385,0.5028047730781634,0.3297675274163669,0.4555734617336719,0.6978071311404644,0.7375661375661376
886536,2,Enron,en,0.45760480104571044,0.3806760643563469,0.33490728782898693,0.4512793044379858,0.704835164835165,0.6897619047619048
1268352,3,Enron,en,0.45108923975004794,0.39204765491032595,0.3575416107224191,0.44227335015302294,0.6973126873126874,0.5514285714285714
56430,3,Enron,en,0.4101814201471668,0.4461009020219546,0.3408184299571398,0.46017045048637717,0.7015984015984016,0.5838095238095238
1301216,2,Enron,en,0.4897736510790456,0.5023080094508665,0.34152108700569705,0.48317307085443545,0.7568027210884354,0.6238095238095239
1303432,3,Enron,en,0.41238333814560696,0.40889243295407485,0.32403939331897613,0.4709549740637082,0.6896008856793171,0.7825396825396825
1309394,3,Enron,en,0.4499222643289373,0.44558084533598186,0.347561339439116,0.4557447489966787,0.7213181879848546,0.7185185185185186
1134960,1,Enron,en,0.49699583394637564,0.3724248018081341,0.32798490477809633,0.480596193086967,0.7534013605442177,0.5714285714285714
884263,3,Enron,en,0.4451567063918784,0.43857353430882834,0.3303163297214373,0.45172441247627115,0.6839385614385615,0.628095238095238
742118,1,Enron,en,0.4556449155278219,0.3491935841935843,0.29085454308357467,0.5403378775252102,1.0,1.0
1242359,2,Enron,en,0.5175621238128263,0.4280459004596935,0.3377115334160586,0.4521813171738317,0.7568027210884354,0.6571428571428571
59446,3,Enron,en,0.4584221341970323,0.3379307679842438,0.3286202820161357,0.43552335051198876,0.7368371212121212,0.780357142857143
770403,3,Enron,en,0.47828047186248623,0.4070901865019511,0.3374323845770835,0.4629067244830713,0.7296085858585859,0.6458333333333333
4507,3,Enron,en,0.46493870755282635,0.485835289319944,0.3214007169492464,0.4774256299630345,0.7653061224489796,0.7095238095238096
720786,2,Enron,en,0.4591889667552309,0.3940026805698446,0.36004614493020537,0.4126172573514381,0.8015873015873015,0.7111111111111111
890560,1,Enron,en,0.48053450562406186,0.38651348651348644,0.35804919643001887,0.4151775664397239,1.0,1.0
283994,1,Enron,en,0.454910120907073,0.36530556781421836,0.35926464239154693,0.43240516742083823,0.7057436390769725,0.6841269841269841
743326,3,Enron,en,0.4730053236889085,0.4500081721921522,0.34560339530009276,0.4503975780580667,0.7139204545454546,0.7
1112161,1,Enron,en,0.487864399721569,0.33517470184136855,0.344077330698195,0.47059060767816174,0.7653061224489796,0.7095238095238096
1285127,1,Enron,en,0.44300375739041825,0.45386696636696644,0.35947563079720035,0.435641953799521,0.7034151034151034,0.6592592592592592
1249074,1,Enron,en,0.5213397392771232,0.4213554596036536,0.4112664778634915,0.49635217890571676,0.7687074829931972,0.7238095238095239
874489,1,Enron,en,0.4807549997026574,0.4685417360417361,0.345643084534717,0.4616908349586259,0.7296085858585859,0.6333333333333333
277720,1,Enron,en,0.41872623812409343,0.39307156968546164,0.2613218835762122,0.40283304399772296,0.5218800424198717,0.4078754578754578
883205,3,Enron,en,0.45192850293480746,0.3957944212936472,0.3384313484250508,0.4908199523447132,0.7710884353741496,0.8095238095238094
763286,3,Enron,en,0.49552982655766625,0.4232348836970686,0.3732511006930323,0.47272241204748044,0.7254103535353535,0.5583333333333333
1134056,3,Enron,en,0.4018299989904091,0.43439045097152695,0.2957923993432857,0.4092667643813847,0.6615900439429852,0.6281385281385282
292590,2,Enron,en,0.4369355558958021,0.38059012639845585,0.3599449470711111,0.4252237591608813,0.6387785073543587,0.46117216117216125
104367,2,Enron,en,0.4619343160766682,0.44289285650128474,0.3591228521415927,0.42746457468597227,0.6591757915287327,0.47878787878787876
1247910,2,Enron,en,0.4395825407154072,0.43698357489141,0.3502109191150954,0.4697818574894018,0.7149788483121815,0.6195767195767196
80488,3,Enron,en,0.4123473100311457,0.37920370542695214,0.35370185137786625,0.49023913978736244,1.0,1.0
685331,2,Enron,en,0.4214841360231422,0.37107615419018924,0.3334511147487039,0.45977344645324053,0.6538412514128459,0.663293650793651
720773,3,Enron,en,0.4176958878680954,0.3524508127655701,0.34378284185038327,0.4766347587628037,0.6038897334549509,0.6586772486772486
58542,3,Enron,en,0.44388014634551176,0.4036964028035456,0.30830541045905085,0.5277831031443726,0.7139428472761805,0.584126984126984
3968,2,Enron,en,0.4848249575581756,0.4278860028860028,0.35607834084077555,0.4374731790836017,0.7452690166975883,0.7857142857142857
53295,3,Enron,en,0.446281241549449,0.45019068450182975,0.32812587826283673,0.46391631803551764,0.6896665834165835,0.5952380952380953
775306,3,Enron,en,0.4518691429010872,0.42842535714876134,0.30019075051089267,0.4644334473485165,0.6944660277993611,0.7248677248677249
text1413FR,2,Yahoo,en,0.47912103265565614,0.4664415576069712,0.34875401438160597,0.4298049083726515,0.6523403067520714,0.5207792207792208
text241PG,1,Yahoo,en,0.4580028145330605,0.4266827395014841,0.3532133708183041,0.435397042830893,0.7237330570663905,0.7542328042328044
text1059SC,2,Yahoo,en,0.4420726137220528,0.4750096407720246,0.34787086574926274,0.4081814929526485,,
text1362NE,2,Yahoo,en,0.47096331109631423,0.4772423580578661,0.32497542936216284,0.4635991143137642,1.0,1.0
text1446FR,1,Yahoo,en,0.4229275177746083,0.41471929161853505,0.3718239701769839,0.4227746881436365,0.634901974032409,0.5238095238095238
text1139T,3,Yahoo,en,0.4849149673004557,0.44922169333934037,0.34045705741449866,0.47545008121692556,0.6687356760886173,0.5324675324675324
text170T,3,Yahoo,en,0.4866943862900998,0.38888283325155637,0.3537536112427382,0.41399676507846894,0.7271780303030303,0.6833333333333332
text371T,1,Yahoo,en,0.42979985827527534,0.5120493591375942,0.3460190392491984,0.4802833365736908,0.6168847055626517,0.7102564102564102
text56T,3,Yahoo,en,0.41524149033425556,0.4351074883901184,0.343978635553418,0.4654765690117235,0.6162361374435679,0.5626373626373626
text394T,3,Yahoo,en,0.47842186744230986,0.45555460651219887,0.41240618699220694,0.4601590442746252,0.8015873015873017,0.7111111111111109
text347SC,1,Yahoo,en,0.43111123486012787,0.46453080014405773,0.35457237776288997,0.39270446330930225,0.7568027210884353,0.6571428571428571
text1509NE,1,Yahoo,en,0.4761736277150694,0.3648510433845621,0.3400066158668086,0.4472383390344673,0.6343196993796479,0.600350443207586
text693FR,1,Yahoo,en,0.4881787235066854,0.4813720593132359,0.4118680402725937,0.456731781921632,,
text1755PG,2,Yahoo,en,0.4708275259604878,0.4274951301421887,0.3406913215781975,0.4779638432110164,0.9199999999999999,0.9
text481SC,1,Yahoo,en,0.47022264207943465,0.42567430083414737,0.3574869432792653,0.4444394448607171,0.7139428472761806,0.6026455026455025
text513AH,3,Yahoo,en,0.4820988931430949,0.418453626145934,0.3477908547761661,0.42099576956881674,0.814484126984127,0.8388888888888889
text1085T,3,Yahoo,en,0.4609651099566561,0.46341964913393485,0.3716225609626698,0.4890767268420142,0.7121527777777777,0.6625
text1273SC,3,Yahoo,en,0.446321782468784,0.41236342517673336,0.3460162651581741,0.46298378899172743,0.9199999999999999,0.9
text370SC,1,Yahoo,en,0.45827416487391714,0.36606682954665715,0.33598686158524743,0.4697684304206843,0.6764029939163628,0.6091630591630591
text1143AH,3,Yahoo,en,0.4221083497152715,0.38742224965707717,0.34775094001874696,0.4609028476176828,0.7355113636363636,0.7303571428571429
text10FR,1,Yahoo,en,0.4246314290418277,0.3667332780823204,0.36480597645675533,0.41177124539708915,0.7022577422577423,0.6338095238095238
text1221PG,3,Yahoo,en,0.42749019597967713,0.3569633007590795,0.3576521044372979,0.49064720539235107,0.6513535484123719,0.49090909090909085
text170SC,1,Yahoo,en,0.4562473693285181,0.3632414576633644,0.35364969236199706,0.43627734453388,0.7602040816326531,0.5904761904761905
text1663NE,3,Yahoo,en,0.45546409085991113,0.3326317201317201,0.34566994272199664,0.4388261246764989,0.6925137362637362,0.5666666666666667
text603FR,3,Yahoo,en,0.4645593253336525,0.42604841835463825,0.35264766191370683,0.4070339521473025,0.7452690166975883,0.7857142857142858
text855FR,1,Yahoo,en,0.4334890169348011,0.3881893475563551,0.3496544644771648,0.39998243493492913,0.7072088405421738,0.644973544973545
text391AH,3,Yahoo,en,0.49054023504612637,0.3624678167361093,0.35730212857176713,0.42765314634341295,0.7049550449550449,0.6578571428571428
text323FR,1,Yahoo,en,0.4832685397044679,0.3797650654694451,0.35814404466300803,0.4199844295995908,0.7181756515089849,0.7544973544973543
text1621NE,2,Yahoo,en,0.45445980544285686,0.4100109871172382,0.34319837182341967,0.4209245800792722,1.0,1.0
text1349SC,3,Yahoo,en,0.42057356568093834,0.4304368454456631,0.3720079690977676,0.41341932881902166,0.6719597247672114,0.5427849927849928
text1807PG,2,Yahoo,en,0.4607260423235723,0.38910723217403376,0.33112829792549087,0.4960282247428145,0.8015873015873015,0.6
text165NE,1,Yahoo,en,0.4538944654338898,0.4265794000931533,0.3364077956134763,0.47955809244014375,0.6950462037962037,0.5519047619047619
text1678AH,2,Yahoo,en,0.47522800416509325,0.43580455960838727,0.3952159932939389,0.5360052693384582,0.8015873015873015,0.7111111111111111
text826AH,3,Yahoo,en,0.45919436744366887,0.36696114343173153,0.35629131086144483,0.4182697385804858,0.7097222222222223,0.6916666666666667
text790SC,2,Yahoo,en,0.5176766913731166,0.45768184196755624,0.3274218911346068,0.4689725950514274,0.7254103535353535,0.5875
text625FR,1,Yahoo,en,0.45003763705011285,0.3960550072027054,0.35596567421553754,0.441353479638019,0.6966533466533467,0.559047619047619
text429PG,2,Yahoo,en,0.4785890914623634,0.43319163496642077,0.31823269584930713,0.44810482325897366,0.6998451548451549,0.5685714285714286
text836PG,1,Yahoo,en,0.4567155420754408,0.5060939924069019,0.4027315298450997,0.4439644895617627,1.0,1.0
text1518T,1,Yahoo,en,0.459157287555123,0.35365505245077056,0.33399305924672257,0.44899727197320766,0.7195545195545194,0.6404761904761904
text8T,2,Yahoo,en,0.4415394244750939,0.4284739832816754,0.32637561919591873,0.4606850072752931,0.7327020202020202,0.7166666666666667
text1199AH,3,Yahoo,en,0.4376117252749857,0.45448875814587886,0.32657986194121735,0.5354254477272135,0.9199999999999999,0.9
text717AH,1,Yahoo,en,0.44684272356240134,0.5110204258128133,0.3454925098544323,0.4155050818623963,0.7534013605442177,0.5714285714285714
text1339T,1,Yahoo,en,0.4419080808788079,0.43208070924333886,0.35999751593752477,0.41525303832007004,0.7020140353473686,0.6417989417989418
text786SC,3,Yahoo,en,0.4554390372595369,0.410417903733693,0.3548883436895319,0.4165721806345567,0.7568027210884353,0.5619047619047619
text1506SC,3,Yahoo,en,0.4603354376675328,0.35133398220859513,0.33725858996979524,0.43373627102552587,0.7296085858585858,0.6375
text1318FR,3,Yahoo,en,0.4583926771121466,0.37708416329776684,0.336098744661527,0.4828179660811633,0.6418610800963742,0.5794871794871794
text375AH,3,Yahoo,en,0.44842165974093945,0.4647423958385808,0.3624055544115563,0.3970657259681193,1.0,1.0
text691NE,3,Yahoo,en,0.45589521781185954,0.41159077222425633,0.3511431330029661,0.4558000067974689,0.7710884353741496,0.8095238095238095
text63PG,2,Yahoo,en,0.4057675745571285,0.4320461619228217,0.3579000085341869,0.43706639967405647,0.6370172443153809,0.5895124716553288
text586PG,1,Yahoo,en,0.4243712255462306,0.40874168997703797,0.3542164606552541,0.4269562958176656,0.6233063321935728,0.6430687830687831
text854NE,1,Yahoo,en,0.44938231767729997,0.3516167952543241,0.35440860715397926,0.4236326732011013,0.8015873015873015,0.7111111111111111
text70AH,2,Yahoo,en,0.4669664481278309,0.5933809809415544,0.352675002653744,0.3999154953088245,0.7568027210884353,0.6238095238095237
text1617SC,2,Yahoo,en,0.5011286476913434,0.5224565838202202,0.34719047411819437,0.48720688263293527,0.7386047979797981,0.7928571428571428
text1454NE,3,Yahoo,en,0.44565918737834187,0.4515604712294397,0.3255070021667075,0.4902007056402898,0.7568027210884353,0.5904761904761904
text1606AH,3,Yahoo,en,0.5013927939749931,0.3208337495837496,0.3272493348843902,0.48072025007527247,1.0,1.0
text543SC,3,Yahoo,en,0.42275778392811236,0.4083718692396747,0.35912656857162967,0.4607640858649673,0.6066113999527937,0.6357821916645446
text1558FR,1,Yahoo,en,0.5029819338783835,0.418649297325768,0.3586143248668917,0.4288222445008891,0.7200577200577201,0.6701058201058201
text119SC,1,Yahoo,en,0.48864340615927515,0.4259866481557658,0.35622505538034593,0.4244049580434224,0.6450923689313781,0.46599511599511606
text1335SC,2,Yahoo,en,0.45331867497651057,0.3960137580673296,0.3643427688153941,0.4554045575632739,0.6707713706376808,0.7357864357864358
text1229SC,3,Yahoo,en,0.4142939270812207,0.407131720119088,0.3627959914116958,0.42673834322561915,0.6536115103936312,0.5480158730158731
text608AH,2,Yahoo,en,0.4147911763414649,0.4173654166042843,0.3282811023032779,0.4559127179189797,0.7687074829931974,0.7238095238095238
text1754FR,1,Yahoo,en,0.5014108293853436,0.5090885768106164,0.34615948478160186,0.42115287841152454,,
text140SC,2,Yahoo,en,0.46171938788181177,0.34927544220789114,0.3416357373680975,0.4363040694175401,0.7015651015651015,0.6555555555555556
text1862SC,3,Yahoo,en,0.4494075548802308,0.4154175259438417,0.33098716256549476,0.4568532523848019,0.71635101010101,0.7
text1684T,2,Yahoo,en,0.39945823510079775,0.42325856717401855,0.32716233853145754,0.47479866490211314,0.6185180681891208,0.5515827922077923
text315AH,3,Yahoo,en,0.38225192071081204,0.5931922111496971,0.3612482133132237,0.4580545394692986,0.6427880528260121,0.624986494986495
text1752T,3,Yahoo,en,0.43740551913993414,0.4402426453243587,0.3535741413303427,0.45477421334749857,0.6594330162441616,0.6645021645021645
text1987T,3,Yahoo,en,0.4644543372800436,0.5092760180995475,0.3290310708161488,0.48624678011783246,1.0,1.0
text1076SC,3,Yahoo,en,0.4565731440232381,0.39266948471030105,0.3620938333936983,0.41324523228725824,0.6282820511867995,0.5515151515151515
text901AH,1,Yahoo,en,0.4890628489609274,0.40562349625301125,0.33459298809272986,0.43021118867072927,0.8065476190476191,0.8222222222222223
text1007T,1,Yahoo,en,0.5123401522056374,0.44271178168237,0.36548760117728996,0.4657788861489527,0.6560641170548291,0.5932539682539683
text1125SC,1,Yahoo,en,0.4610774313614905,0.3720033521117113,0.34949695313935675,0.44510018790033956,0.814484126984127,0.8388888888888889
text710AH,2,Yahoo,en,0.42466253202366794,0.4648167425861892,0.3594882755866813,0.39191421765856743,0.9199999999999999,0.9
text1194SC,1,Yahoo,en,0.4221649069618604,0.41635786865684127,0.3633773723286866,0.40790024996621393,0.6974775224775225,0.5742857142857142
text828T,3,Yahoo,en,0.47614866339263845,0.41546054418394857,0.3517750407043198,0.4132569303492676,0.7653061224489797,0.7333333333333334
text1785T,2,Yahoo,en,0.4944295317553308,0.5084132010260601,0.3585189633056084,0.39746494766425117,0.7121527777777779,0.6541666666666667
text132T,3,Yahoo,en,0.44780506847543383,0.3848646207745188,0.363786359744654,0.45395594402543993,0.6628681775740598,0.5634199134199134
text1071PG,1,Yahoo,en,0.4937285046020928,0.47253463395997325,0.34137638624101074,0.4121996271577869,0.6906368867153181,0.7343915343915344
text1666FR,2,Yahoo,en,0.42280382776288644,0.4505613797634171,0.37260549710015495,0.414883965955182,,
text1971AH,1,Yahoo,en,0.45937891441642476,0.39695552714558563,0.3582036025953804,0.4296166502056261,0.7139428472761806,0.5492063492063493
text1906NE,2,Yahoo,en,0.4922123006378645,0.4371172267872412,0.3955631331686859,0.4569992174810647,0.814484126984127,0.8388888888888889
text717SC,1,Yahoo,en,0.45015277375854235,0.48320853433293615,0.3494142815690136,0.4811211755277698,1.0,1.0
text991FR,3,Yahoo,en,0.42704348633725214,0.4743432792521106,0.3402245139063678,0.4780859662997718,0.6171943918654446,0.5270427489177489
text1055AH,3,Yahoo,en,0.4705477475295587,0.5029960554350799,0.34047206592389007,0.47319778483636743,0.7361742424242423,0.7220238095238095
text1555NE,1,Yahoo,en,0.4956257440962642,0.31665741665741665,0.3888236594160682,0.47412101535147483,0.9199999999999999,0.9
text1033T,3,Yahoo,en,0.4827571065113536,0.543988406733931,0.3568071893573464,0.43675604281242997,0.9199999999999999,0.9
text1283SC,3,Yahoo,en,0.4653094450554328,0.384239240383441,0.35971095430052435,0.43957853674067904,0.7625850340136054,0.7095238095238096
text1425AH,3,Yahoo,en,0.42054696178817896,0.3574911321821709,0.3551384200481692,0.4038428202556487,0.7024225774225774,0.6966666666666668
text1977PG,3,Yahoo,en,0.4578364308916371,0.38277440986345584,0.35931946186307384,0.45056605653398846,0.7017632367632369,0.5288095238095238
text890AH,1,Yahoo,en,0.5258602902543792,0.4805794222976886,0.3977552197734548,0.4030768584117097,0.7936507936507936,0.611111111111111
text734SC,1,Yahoo,en,0.45485825201124863,0.43483399580498056,0.3450733528955527,0.4550933288192235,0.7568027210884354,0.6571428571428571
text113PG,1,Yahoo,en,0.4789695747299652,0.44232599022514985,0.3626088268474056,0.44339922568750995,0.7170853837520504,0.6518518518518519
text947NE,1,Yahoo,en,0.4598166529617354,0.3572396500687816,0.35756164282263747,0.40444217147440914,0.765986394557823,0.7999999999999999
text1138AH,2,Yahoo,en,0.5022864943464407,0.4494268077601412,0.35527244799663876,0.4381879832858518,0.7653061224489796,0.7095238095238096
text1872NE,1,Yahoo,en,0.4816337487212394,0.43585456210456225,0.3907082373325688,0.46674863880989936,0.9199999999999999,0.9
text1221FR,1,Yahoo,en,0.4509031606611471,0.40013163641862953,0.3536606082064712,0.4053265003581954,0.7205041871708538,0.674074074074074
text227FR,2,Yahoo,en,0.5011349421268125,0.3968537080032925,0.398447075149603,0.43968696443270283,1.0,1.0
text1332NE,1,Yahoo,en,0.44881921343763165,0.41868087350964717,0.3610292543726418,0.4004425464952356,,
text896FR,1,Yahoo,en,0.5225337329246037,0.40897834293974006,0.3645486869232133,0.4425586932494159,0.7534013605442177,0.5714285714285714
text1298T,1,Yahoo,en,0.4052881673651996,0.47721919657403494,0.29071097300393756,0.4866781920927342,0.5891860800862377,0.5715049656226128
text1533SC,1,Yahoo,en,0.4497753966275827,0.4536972506340095,0.35865368884800525,0.438278999040475,0.578210077812943,0.5163865546218487
text460T,1,Yahoo,en,0.46147047239797123,0.49363299277643957,0.33121689603213345,0.43982388193770794,0.6285339133919985,0.4979024943310657
text1759AH,1,Yahoo,en,0.46165240444371713,0.5485934387250175,0.35987909751692915,0.4007900160535188,0.7313131313131314,0.7386904761904762
text1029T,1,Yahoo,en,0.42080478140927347,0.512885533666672,0.35118430925053506,0.473659133684965,0.7072088405421738,0.6603174603174603
text873PG,1,Yahoo,en,0.5208902277403793,0.42269234033939923,0.3392798750321431,0.44228718366931247,0.8015873015873015,0.7111111111111111
text1218NE,1,Yahoo,en,0.4942856779269452,0.381291568679336,0.38204997226587645,0.48205808610189316,0.7236426767676768,0.5666666666666667
text1026PG,2,Yahoo,en,0.49225880302365416,0.4218837732315989,0.2952956237551481,0.4737966352065999,0.7084175084175084,0.5518518518518518
text1AH,3,Yahoo,en,0.48317997516044514,0.4398731319185863,0.3818710721700092,0.4815459525099942,0.7710884353741496,0.8095238095238094
text697SC,3,Yahoo,en,0.486924995215185,0.4144740636280704,0.35818856007509564,0.4537711923278817,0.6418543806411453,0.6234126984126984
text595SC,2,Yahoo,en,0.4565683909752165,0.38226259019740877,0.3512231189325459,0.4648730942626679,0.6118612771536309,0.5369543650793651
text1758NE,3,Yahoo,en,0.48927498615144627,0.39567173732774746,0.3793864861620776,0.4794480395925477,1.0,1.0
text1293AH,1,Yahoo,en,0.4541106681495114,0.44060257060383834,0.35458542362811946,0.43228650902139537,0.6194438872213472,0.5730725623582765
text1306NE,3,Yahoo,en,0.4798214193135657,0.32430812081974886,0.41031612448417226,0.44752632865516356,1.0,1.0
text1761SC,1,Yahoo,en,0.4941984128067564,0.3938617922210113,0.35583536674496985,0.46109286495416063,0.7097222222222221,0.6916666666666667
text1056SC,1,Yahoo,en,0.4569190917317677,0.4057732000382105,0.3614639845324415,0.4614877546877585,0.6328819482118715,0.7073448773448774
text1297T,3,Yahoo,en,0.5081308435043924,0.42537277537277535,0.33035136698139084,0.4509177436813213,0.7761904761904761,0.819047619047619
text1306T,3,Yahoo,en,0.43030046128621274,0.47939679264399426,0.32782063580312776,0.46589699511542587,0.9199999999999999,0.9
text571AH,1,Yahoo,en,0.4821011807363523,0.44799402876325944,0.41935326836208214,0.4246265271562526,0.7097222222222223,0.6749999999999999
text675SC,2,Yahoo,en,0.48684148897537033,0.38341929136955377,0.38572816848475366,0.44550473822378006,0.7602040816326531,0.6476190476190476
text946FR,1,Yahoo,en,0.4747931745223296,0.49466279334700386,0.35085871610125263,0.39936842288235486,0.9199999999999999,0.9
text346AH,1,Yahoo,en,0.4625898981684197,0.3729987481324379,0.3387178670533453,0.4625776785414313,0.814484126984127,0.8388888888888889
text1729NE,1,Yahoo,en,0.5209563424967583,0.49714311030100516,0.3554700809169008,0.4467947495141169,0.7056043956043957,0.6377777777777778
text44T,3,Yahoo,en,0.4851974466624424,0.4693136242991538,0.38468085903820204,0.47270650305561457,0.7047076380409714,0.6470899470899472
text1712AH,1,Yahoo,en,0.4469301320107664,0.5002807069473737,0.3968220041086226,0.4995696476896509,0.8015873015873015,0.6
text414FR,3,Yahoo,en,0.4391624864565534,0.5169214959489743,0.3466609960875372,0.43498478137549934,0.6170736209330137,0.5740929705215418
text86PG,3,Yahoo,en,0.4230757067448291,0.37854021131612525,0.32299532523428615,0.4724148266926076,0.7330808080808081,0.6345238095238095
text937PG,3,Yahoo,en,0.48238780805793186,0.3953980659863013,0.333700068876449,0.4892780765080043,0.9199999999999999,0.9
text1614FR,1,Yahoo,en,0.5175522028939755,0.4385849024924656,0.3729327274325137,0.3848200711937822,0.7108003108003108,0.5592592592592592
text1477AH,3,Yahoo,en,0.4903786222954107,0.3503278918051645,0.33372695222982607,0.4688480418591539,0.9199999999999999,0.9
text713NE,2,Yahoo,en,0.49266681907898513,0.38316690432075057,0.3161497582500624,0.44380647233652826,0.6685245634373133,0.6085858585858586
text851SC,2,Yahoo,en,0.44770666450125984,0.3940454310646617,0.3499004752715347,0.436192471029771,0.7149788483121816,0.6804232804232805
text1756AH,2,Yahoo,en,0.4365926134715067,0.4821525162871315,0.30070258478383577,0.49858220166596107,0.7139428472761806,0.5608465608465608
text1855AH,2,Yahoo,en,0.4130741437587822,0.4228071807041356,0.3512961220559833,0.44156988557475313,0.6501282311170082,0.6047619047619048
text1426SC,3,Yahoo,en,0.4654589319226125,0.30140319082626776,0.34022796586183324,0.4398412421123393,0.7330808080808081,0.7303571428571429
text332AH,3,Yahoo,en,0.47137916376860856,0.43774770934915846,0.3486088810498539,0.44001775422951606,0.7327020202020202,0.7166666666666667
text17T,1,Yahoo,en,0.4523506483121657,0.4206315648176114,0.39942923550432213,0.49183386618160185,0.8065476190476191,0.8222222222222224
text1760FR,1,Yahoo,en,0.43520792267943104,0.5005245911495911,0.35556621942578126,0.4092181003633121,0.6754317429451119,0.7220779220779222
text329PG,3,Yahoo,en,0.4643370383381487,0.4863944918464288,0.3318569197385815,0.4431753880373329,1.0,1.0
text131SC,1,Yahoo,en,0.4521408350630116,0.3912228175864539,0.3554005347071421,0.46611600520850255,0.6532961795829443,0.4525793650793651
text204AH,1,Yahoo,en,0.48903823647985856,0.4603660889375173,0.3620203277438093,0.4396675190431296,0.9199999999999999,0.9
text1468AH,1,Yahoo,en,0.4269506980217694,0.5495118233918088,0.3457927602974343,0.46813077621656807,0.8065476190476191,0.8222222222222223
text1983AH,3,Yahoo,en,0.47368379669371763,0.4231177464510798,0.3377875222761237,0.4195337797427225,0.9199999999999999,0.9
text508T,1,Yahoo,en,0.463138079889353,0.48342983658109706,0.3231609949890486,0.4388260034990711,0.6676534250063662,0.4989177489177489
text691AH,3,Yahoo,en,0.4585035056012229,0.3588322801473471,0.345410229932299,0.4294083084552348,0.7180337024087023,0.7083333333333333
text1075NE,1,Yahoo,en,0.4806810801599206,0.5005681487824345,0.40264814492847034,0.44115673732239197,,
text1264PG,2,Yahoo,en,0.3977199571119624,0.570418254151204,0.34009899569887064,0.4630803074779169,0.7058620391953726,0.6677248677248677
text1085SC,1,Yahoo,en,0.48715390462346553,0.4732326616472957,0.3502164338505255,0.4386255458093994,0.8015873015873015,0.7111111111111111
text1151PG,3,Yahoo,en,0.4727835367004641,0.4736704471998589,0.36187910785040767,0.4358629633727673,0.7115600448933782,0.6788359788359788
text107T,3,Yahoo,en,0.4981273458973827,0.36966896758673556,0.3174718538473194,0.45648222362883695,0.814484126984127,0.8388888888888889
text386T,1,Yahoo,en,0.41201725670812184,0.49544629481720687,0.2961293307795624,0.41896032632526625,0.7687074829931972,0.7238095238095238
text496SC,2,Yahoo,en,0.4903634659089065,0.4218828974642928,0.3227165618543022,0.50110619697018,0.9199999999999999,0.9
text843SC,3,Yahoo,en,0.45373599006802495,0.46823838977847276,0.37664492255651955,0.45492312006884517,0.9199999999999999,0.9
text22AH,2,Yahoo,en,0.4502147240391651,0.42455288475696623,0.3274413955848648,0.4672764385070007,0.7139204545454546,0.5291666666666667
text1869PG,3,Yahoo,en,0.41654860176261416,0.42004663164447315,0.37377140225415856,0.42356027803796725,0.6387084020210955,0.40787545787545787
text1766PG,3,Yahoo,en,0.4198581138537404,0.4007356377992567,0.3544028641691921,0.4297596543921487,0.6610604211320156,0.6351851851851853
text668PG,1,Yahoo,en,0.4102069946297178,0.47558585319935043,0.35607112337261587,0.4565324944289232,0.6515922552106764,0.6398148148148147
text768T,3,Yahoo,en,0.45084147110470146,0.4311330438698335,0.3286563805889299,0.4404361164982778,0.8015873015873015,0.7111111111111111
text1390AH,1,Yahoo,en,0.4902790779397174,0.3850984333127191,0.35564643575966287,0.4314270392305786,0.814484126984127,0.8388888888888889
text339NE,3,Yahoo,en,0.42269517497990505,0.39302921624903026,0.34738456278285396,0.41656775212205926,0.7131831131831132,0.6185185185185186
text409NE,1,Yahoo,en,0.473686723002017,0.45257819103972946,0.3780724918201517,0.46704332802039317,0.814484126984127,0.8388888888888889
text138FR,3,Yahoo,en,0.49255205352346654,0.5541080863580862,0.36032235527580436,0.4364912511650343,0.7027195027195027,0.6222222222222222
text1790SC,1,Yahoo,en,0.4656030699989283,0.4157879132571335,0.3527206280320212,0.4276188818075676,,
text795PG,1,Yahoo,en,0.4639315525291295,0.4293359701522967,0.3469572286617148,0.42423206600121527,0.7653061224489796,0.6476190476190476
text1330FR,2,Yahoo,en,0.45848410305316945,0.42190794499618023,0.37550692952677633,0.37231580929409086,,
text150AH,1,Yahoo,en,0.4601365560336798,0.3501455994985406,0.3468379831746158,0.44797913846562015,0.7271780303030303,0.6458333333333333
text1870T,1,Yahoo,en,0.5135426880920908,0.46986960850597215,0.35110922099576447,0.43431607358177016,0.7182077182077182,0.6034391534391533
text1454PG,3,Yahoo,en,0.4804657217785556,0.37215272212143297,0.3742781137917459,0.4812547421986536,1.0,1.0
text587AH,3,Yahoo,en,0.439685807940723,0.4627197965433258,0.33631877876507676,0.4615953926957326,0.7269298602631936,0.8002645502645502
text122PG,1,Yahoo,en,0.4600527758102497,0.4522411193142901,0.3361032524433903,0.45230036863187756,0.7229797979797981,0.55
text1572SC,1,Yahoo,en,0.42413436685382205,0.37651342792447706,0.27508414127445047,0.42595245727097664,0.6296270225937745,0.6624542124542125
text760T,3,Yahoo,en,0.4583182266117099,0.3714806255757563,0.3596272349800186,0.44944080506104545,0.7568027210884354,0.6571428571428571
text525PG,2,Yahoo,en,0.4260736288431389,0.5062832345851215,0.3672832567721022,0.41372448104792114,0.7195224528557862,0.6708994708994709
text1528SC,1,Yahoo,en,0.5584941941363697,0.4464096749811037,0.33152280844936066,0.4994514767553462,0.7568027210884354,0.5714285714285714
text1066SC,1,Yahoo,en,0.44154456694166494,0.5133030536714746,0.35208090772734874,0.4417203663396792,0.7093319180819181,0.7053968253968254
text1545AH,1,Yahoo,en,0.44481174845516885,0.4803980333392095,0.36038248270920703,0.39014010014963474,0.6822368807662926,0.7
text1474PG,3,Yahoo,en,0.4501093926930081,0.4189479579431733,0.3265903384009728,0.4808503691188383,0.7171396504729839,0.6640211640211641
text1304FR,1,Yahoo,en,0.4534295619748607,0.4932839057471288,0.3415108340465169,0.42995143926291335,,
text1362FR,3,Yahoo,en,0.4652046257321264,0.5329766916127798,0.35814201472135226,0.4411558637988708,0.6857712682054788,0.7773809523809524
text1888T,3,Yahoo,en,0.3990202061973271,0.46354190462129785,0.3516934616702249,0.4456241987537351,0.7452690166975883,0.7857142857142857
text1848SC,1,Yahoo,en,0.4505346652278122,0.42001786473484576,0.34863550107902136,0.40679625738773995,0.7710884353741496,0.8095238095238095
text1241SC,3,Yahoo,en,0.4871911845630325,0.424961974961975,0.3850389415686908,0.4838640059350771,0.9199999999999999,0.9
text1069PG,1,Yahoo,en,0.4126942126233577,0.37775632096085127,0.3482375117833394,0.42576179761033006,0.7255830589163922,0.7595238095238096
text1144T,3,Yahoo,en,0.46662065134554626,0.37021871268637624,0.33891069812204205,0.45687817487259474,0.6910780396074514,0.6038095238095238
text233NE,2,Yahoo,en,0.4396095166180709,0.37746314291768823,0.34777317748191305,0.43337087292800996,0.7568027210884354,0.5380952380952381
text1397SC,3,Yahoo,en,0.44048149825965344,0.49855834967153484,0.33553969742082124,0.46521501204983984,0.8065476190476191,0.8222222222222224
text1088AH,2,Yahoo,en,0.4873014226320293,0.3945433651316004,0.3485544129260096,0.42747590306412553,0.745269016697588,0.7
text536T,2,Yahoo,en,0.4871795403644834,0.3590095325055217,0.3467245777858568,0.4105451813495976,0.7653061224489796,0.6476190476190476
text751SC,2,Yahoo,en,0.46123673468992576,0.42955415224017757,0.34797130992057634,0.4680866906500638,0.6642156862745098,0.5354978354978356
text1696PG,3,Yahoo,en,0.4912793156883529,0.3616497769906861,0.37881195307439613,0.45484526470804676,1.0,1.0
text829AH,3,Yahoo,en,0.4166133990913517,0.3979170275029408,0.34475704305340743,0.4806099311542682,0.7212121212121212,0.5125
text1044AH,3,Yahoo,en,0.439882629293386,0.422320463496934,0.3334731928738305,0.4845066496835406,0.6324275902719453,0.6316944959802103
text118AH,3,Yahoo,en,0.4791663602350199,0.3818079143079144,0.3263269266960666,0.4700663990172315,0.7936507936507936,0.5555555555555555
text1177NE,3,Yahoo,en,0.45580048139792206,0.3905322525280506,0.35840686798072224,0.4436997622224564,0.6978962214256332,0.7154761904761905
text1982PG,2,Yahoo,en,0.4362905434803998,0.4360275992351464,0.35642055815565155,0.4104938034754027,0.7129068462401796,0.5232804232804233
text322SC,2,Yahoo,en,0.49537354912188736,0.4181434504567919,0.35567167743943623,0.4377991824557496,0.7254103535353535,0.5083333333333333
text886T,1,Yahoo,en,0.42518230152406,0.4513790716620905,0.34839685351250965,0.48493166075507227,0.6680283224400871,0.5851851851851851
text189PG,1,Yahoo,en,0.45293200953177054,0.3762083583715462,0.34272440255802483,0.46265070795119717,0.9199999999999999,0.9
text1221T,3,Yahoo,en,0.48293288789069644,0.41456709956709964,0.4063564769078792,0.46005696843080246,0.7602040816326529,0.6476190476190476
text220AH,1,Yahoo,en,0.4475036315024195,0.45173964122411936,0.35022527124413616,0.42257476706295044,0.7344065656565657,0.7011904761904763
text922NE,3,Yahoo,en,0.46146611055143055,0.49776684590548503,0.35152019974461585,0.4159749578271277,0.727840909090909,0.55
text237NE,2,Yahoo,en,0.4458740504147076,0.396925806927153,0.34437150987468135,0.4668403583613374,0.8015873015873017,0.6
text1820SC,2,Yahoo,en,0.48799963553363934,0.34602389480438284,0.35388136591573965,0.42621294909744334,0.7108003108003108,0.5222222222222221
text1649SC,2,Yahoo,en,0.4138301688758487,0.4193840062936739,0.3318450794455008,0.4636215517834642,0.6843797379091497,0.6685714285714286
text245FR,1,Yahoo,en,0.5223033285593293,0.4322111875053054,0.4136187468930671,0.4256955419486147,0.7936507936507936,0.611111111111111
text475T,2,Yahoo,en,0.485319559478381,0.4567661335954017,0.3337063082154102,0.49536453668454306,0.7271780303030303,0.6124999999999999
text466T,1,Yahoo,en,0.4440155193828628,0.4834603190640344,0.31835566515219554,0.46619256553288385,0.7296085858585859,0.6791666666666666
text257PG,1,Yahoo,en,0.48926820617738936,0.5283340046914707,0.35136387076974396,0.4617174936278707,0.6126249113205635,0.5977777777777777
text848NE,2,Yahoo,en,0.4427632486425989,0.5144138635371663,0.35581366468178344,0.3701131959533312,,
text1500NE,2,Yahoo,en,0.41888962680632497,0.38190454196646123,0.33784235528653994,0.48994280375815014,0.7254103535353535,0.6666666666666666
text543NE,3,Yahoo,en,0.45560014179433134,0.543565343437466,0.40492306259813354,0.4627466956282534,0.7936507936507936,0.5555555555555555
text1694FR,3,Yahoo,en,0.5035492820563346,0.4910753855198301,0.39889796557570273,0.43802056230936043,1.0,1.0
text1211T,2,Yahoo,en,0.4747120854945925,0.45831478428709227,0.35524622058941424,0.461877780962887,0.7076785714285715,0.702857142857143
text1853T,2,Yahoo,en,0.4474793788662544,0.4482519702519701,0.3357282516430804,0.47507556566832254,0.640296666912379,0.6353174603174603
text717PG,1,Yahoo,en,0.5011997014407008,0.3442437442437444,0.3557894162279226,0.41290196952864555,,
text1910SC,1,Yahoo,en,0.43901916809034447,0.408474348780471,0.35788838097661824,0.4171770675092913,0.9199999999999999,0.9
text57AH,1,Yahoo,en,0.5144938658656425,0.5034644034644035,0.36066887332784425,0.4186574292862759,0.7271780303030303,0.6458333333333333
text1939FR,1,Yahoo,en,0.45414583641091555,0.4698053408579725,0.41229530726300684,0.4427367980172081,0.814484126984127,0.8388888888888889
text100PG,3,Yahoo,en,0.4412246420790969,0.3919890421203445,0.33298238237938044,0.4288850293413283,0.8065476190476191,0.8222222222222224
text997T,1,Yahoo,en,0.4607672415130244,0.37784025490753,0.3621770077590369,0.4463892100691228,0.6985264735264736,0.5533333333333333
text538T,3,Yahoo,en,0.46798597907485456,0.40773428850351934,0.3653826289028356,0.4778003280084276,0.738604797979798,0.7970238095238095
text1568FR,1,Yahoo,en,0.464355163895946,0.3737549076894249,0.3581313023027251,0.43254501067235734,0.7653061224489796,0.6476190476190476
text673FR,1,Yahoo,en,0.49672148625750157,0.3613738892686262,0.33226056318269237,0.4008432746139005,,
text1743SC,1,Yahoo,en,0.4943525916798901,0.41816356177987185,0.3409607046651399,0.43407827371908553,0.67643630878925,0.6144300144300144
text972T,2,Yahoo,en,0.4818655709065577,0.40667977333504,0.3222353888949171,0.47555077098335263,0.7271780303030303,0.5583333333333333
text634FR,3,Yahoo,en,0.5020954686073176,0.33804860451201907,0.4006510084424403,0.4382017577167514,0.7214045214045215,0.7108465608465608
text1327NE,1,Yahoo,en,0.47610395493645513,0.34008932139026277,0.343945168824865,0.4319581722031235,0.6163228547087651,0.5187074829931974
text1482NE,1,Yahoo,en,0.4034334591164924,0.41135796029499105,0.28504076676809115,0.4428934237119046,0.617166652829451,0.5974644403215831
text1145T,3,Yahoo,en,0.4793597066143507,0.43419126225248655,0.33104910090317063,0.45456692783924746,0.6657092907092906,0.48787878787878786
text1109NE,1,Yahoo,en,0.4817616835815563,0.4504242266942802,0.3780807564768244,0.44215943171860433,1.0,1.0
text1323PG,1,Yahoo,en,0.48194695101198154,0.4332593101343102,0.34185830930904076,0.46132503374739625,0.7205041871708538,0.7037037037037037
text1444AH,3,Yahoo,en,0.4737151203366719,0.45758208385659366,0.3436471767124904,0.48781283730953295,0.8065476190476191,0.8222222222222223
text1309AH,1,Yahoo,en,0.4861043341022229,0.3893463651358388,0.3572021047113128,0.3979544316884471,1.0,1.0
text246SC,1,Yahoo,en,0.45000840936935443,0.45230764605764606,0.36084605048782215,0.4144964473253439,0.7002183002183002,0.5851851851851851
text1503SC,2,Yahoo,en,0.4868438861584786,0.45295665663312723,0.4004210596561889,0.4762380903022905,0.814484126984127,0.8388888888888889
text1192T,3,Yahoo,en,0.41704983954972524,0.4203028951999994,0.34196941134927034,0.45468611991215463,0.7024225774225774,0.6497619047619049
text291SC,1,Yahoo,en,0.49662651241185635,0.44558610249399716,0.3124497084525457,0.510604577027861,0.70336083669417,0.6693121693121693
text812FR,1,Yahoo,en,0.4320345517571357,0.528394331305408,0.34657567427317404,0.40910019738938314,0.7653061224489796,0.6476190476190476
text832NE,1,Yahoo,en,0.4887426144518461,0.44648663125117416,0.39491000822785305,0.44350603501400576,,
text1458PG,1,Yahoo,en,0.4655909134088988,0.3867731711013444,0.3285445450645268,0.4676246091769358,,
text658NE,1,Yahoo,en,0.48119859143014304,0.428417687343816,0.34624228425998493,0.4476627018887124,0.7936507936507936,0.611111111111111
text1697AH,3,Yahoo,en,0.47654647922697946,0.40359024728772613,0.328218941836384,0.4423041833457754,0.8015873015873015,0.6
text1372T,3,Yahoo,en,0.43176382265498275,0.4592538543879159,0.3588572378002837,0.44497898878470915,0.6962637362637363,0.5133333333333333
text144FR,1,Yahoo,en,0.48825737606799224,0.4138371004967644,0.3975507067062378,0.43215081799030114,1.0,1.0
text1427FR,1,Yahoo,en,0.4990455007773334,0.4667600076690986,0.39074586139292217,0.4484912393344088,1.0,1.0
text963SC,1,Yahoo,en,0.43242912000595635,0.40828738505255285,0.3458967191031436,0.44388241993990296,1.0,1.0
text935SC,1,Yahoo,en,0.4497590677396121,0.4099500756013362,0.34684687503180983,0.42380751657134813,0.7024225774225774,0.616904761904762
text680T,3,Yahoo,en,0.4837884298982075,0.3903292963075571,0.3459109671411005,0.4572436397957655,0.7534013605442177,0.47619047619047616
text1217PG,3,Yahoo,en,0.40894290896990926,0.4932551768678597,0.3561692779795149,0.4207665032654305,0.6590278658390113,0.7703962703962705
text309SC,2,Yahoo,en,0.48764228143364535,0.4451823063814012,0.3638507560465007,0.4010933081756656,0.7653061224489796,0.7095238095238096
text1812FR,3,Yahoo,en,0.43535190818830427,0.495566646757123,0.35187812446915123,0.4269734219405628,0.7710884353741496,0.8095238095238095
text1002FR,3,Yahoo,en,0.4943078377739625,0.3682635911403853,0.3487882636471564,0.42661423546989735,0.7180337024087023,0.7125
text506SC,1,Yahoo,en,0.4183424364317132,0.4237647988167249,0.3489600987519719,0.46237754947173354,0.6351019689692458,0.5474358974358974
text1823AH,3,Yahoo,en,0.43139965982737044,0.43277599411649165,0.3260374784222538,0.48850896332306076,0.7602040816326531,0.7095238095238096
text1960PG,1,Yahoo,en,0.47315990049127504,0.4316267942583732,0.3204750387235954,0.49542177107380053,0.6361798250059121,0.4875180375180376
text1297SC,1,Yahoo,en,0.5046503472319392,0.48000483000483,0.38775607284699243,0.48764230385327534,0.7710884353741496,0.8095238095238094
text1971T,3,Yahoo,en,0.4818783733225868,0.45270245329694625,0.3433884512311389,0.4649830472676392,0.814484126984127,0.8388888888888889
text615AH,1,Yahoo,en,0.45652640398213723,0.40320312017717275,0.3491712391813674,0.4422662890983034,0.6749861101465379,0.7167388167388167
text1274SC,3,Yahoo,en,0.44958671474957707,0.49135141255707854,0.3518203447159681,0.4391624941173255,0.7313762626262625,0.7125
text333AH,2,Yahoo,en,0.4789354134902602,0.45292309035220163,0.35827259765451275,0.4348461913038039,0.7710884353741496,0.8095238095238094
text1310PG,3,Yahoo,en,0.47415779759441135,0.39614842829128544,0.33896981572576035,0.4597455388377262,0.7687074829931972,0.7238095238095238
text863PG,3,Yahoo,en,0.44522813252079874,0.3871004247135467,0.33775880491930477,0.453304762274765,0.8065476190476191,0.8222222222222223
text97SC,1,Yahoo,en,0.4594593495083175,0.4272869302916847,0.3615409627516773,0.4497521594962359,0.6119781805193705,0.5467687074829932
text1218FR,3,Yahoo,en,0.4832607311697199,0.475481218128277,0.3910943187878788,0.42478825616039717,0.733080808080808,0.6553571428571429
text38FR,3,Yahoo,en,0.44558915406131067,0.5152103887398004,0.3424331082423775,0.4167782990380243,0.7327020202020202,0.7833333333333333
text1203FR,1,Yahoo,en,0.4906999975692569,0.44273776876718046,0.36145661473109403,0.42965921303818116,0.9199999999999999,0.9
text1615NE,1,Yahoo,en,0.4292270998468974,0.35874999395007495,0.3476386163061601,0.44327412156445783,0.640743372554518,0.7186147186147186
text1941NE,1,Yahoo,en,0.47554553417772333,0.45314901148234465,0.3622359639083621,0.4715131341868017,0.9199999999999999,0.9
text1990NE,3,Yahoo,en,0.4886544648906997,0.540365361287636,0.34046892587704075,0.47584732077068154,0.9199999999999999,0.9
text1256FR,1,Yahoo,en,0.4626231697348765,0.39196068011804897,0.34724278610439013,0.4267232848034164,0.8144841269841271,0.8388888888888889
text1659SC,1,Yahoo,en,0.4575638212533769,0.37517641613476105,0.36563153992863145,0.39183487172325493,0.7936507936507936,0.5555555555555555
text906PG,3,Yahoo,en,0.4864332492674371,0.37454199547222805,0.35310595626162344,0.4548412506351902,0.727840909090909,0.6666666666666667
text1694AH,3,Yahoo,en,0.45779515688851136,0.39023728412673636,0.34159489055952447,0.46850919582770206,0.9199999999999999,0.9
text693SC,1,Yahoo,en,0.47024922633434796,0.40997680822476756,0.32376268230030386,0.5182993524089999,0.9199999999999999,0.9
text657AH,3,Yahoo,en,0.4044362631302219,0.38496874857168967,0.34606032265486925,0.43887661346698664,0.7213181879848547,0.6703703703703704
text1074PG,1,Yahoo,en,0.47995216778115934,0.42501928271159045,0.38502385544124224,0.5172297658617588,,
text380T,3,Yahoo,en,0.4755852369127805,0.46664334254574896,0.3555306225419963,0.45046117110435074,0.9199999999999999,0.9
text1521NE,2,Yahoo,en,0.4673003526073038,0.4201018426018427,0.3885267352504807,0.49684910898453066,0.8065476190476191,0.8222222222222223
text1614PG,3,Yahoo,en,0.4872413774696131,0.40453921078921073,0.39413570705782935,0.48127004883028435,0.6947802197802198,0.53
text1683PG,1,Yahoo,en,0.44026650736015727,0.43586395389674065,0.40749440184970304,0.4674978251154032,,
text1822T,1,Yahoo,en,0.47669202550692913,0.5205932244393783,0.32184421923738116,0.43899042628602675,0.6294702771975499,0.7097402597402597
text1244T,3,Yahoo,en,0.43353395122652394,0.5257218971504682,0.3821525009256343,0.5057957158435318,0.8015873015873015,0.7111111111111111
text472PG,1,Yahoo,en,0.4484319992732378,0.49866698660816305,0.34844040697496004,0.440534442104397,0.6226673156340675,0.593040293040293
text1873SC,2,Yahoo,en,0.4419109925309046,0.47833325523980735,0.34839851038073244,0.4191204160829676,0.9199999999999999,0.9
text956NE,3,Yahoo,en,0.44628687679340956,0.45705095243267796,0.36411106858362363,0.472290692531929,0.7254103535353535,0.5083333333333333
text338SC,1,Yahoo,en,0.4226458643736788,0.41739898902815603,0.346342848168762,0.4413578254196401,0.6063453201137451,0.6224598930481284
text241SC,1,Yahoo,en,0.4181958194554674,0.3766324808172217,0.2710726632874607,0.41758033521669896,0.6006065415184385,0.48477633477633475
text312FR,3,Yahoo,en,0.46927940754077646,0.39595152508310405,0.34534125143272437,0.441804683613441,0.7619047619047619,0.6238095238095237
text1930SC,2,Yahoo,en,0.45268900277727175,0.3619616232757161,0.36195679199615804,0.4271472584524077,0.6665559438216347,0.5777777777777778
text1305T,2,Yahoo,en,0.42451938764037905,0.3222798625690719,0.36142307600151463,0.45461811959876053,0.7237330570663905,0.7378306878306877
text434PG,1,Yahoo,en,0.4935118510033721,0.42146865480198803,0.41570829552981375,0.46793243413359886,0.7296085858585859,0.6458333333333333
text1576SC,3,Yahoo,en,0.43791733387689763,0.4365114477359375,0.33463389161678286,0.4941915466678912,0.6996203796203796,0.6271428571428571
text1936AH,1,Yahoo,en,0.41027904999729015,0.4466349827588046,0.3540233427409953,0.4197966008812805,0.6989385614385615,0.6661904761904761
text1616FR,1,Yahoo,en,0.4862035390274987,0.4789966691304484,0.37286632626590566,0.41487495588511725,0.7602040816326531,0.7095238095238096
text1527FR,3,Yahoo,en,0.46205974754144774,0.5684862523097817,0.36507365023302196,0.43836635264725127,0.7327020202020202,0.7166666666666667
text1562PG,3,Yahoo,en,0.42994228326631895,0.3496473582092276,0.35992347662412016,0.41470189229512633,0.7710884353741496,0.8
text318FR,2,Yahoo,en,0.4233669010845773,0.4179144320380663,0.368985744780216,0.42578537475076245,0.5713363648018425,0.45708589655958076
text790PG,3,Yahoo,en,0.4509532607173366,0.4131229627159687,0.343886021833898,0.45919764714698297,0.7081368631368631,0.7549206349206348
text1838SC,2,Yahoo,en,0.48931171357581127,0.3875947723773812,0.35782908651522927,0.40629289168828125,0.9199999999999999,0.9
text1231AH,3,Yahoo,en,0.47387949450638084,0.4202263631237348,0.32709586154391934,0.4639794089177532,0.814484126984127,0.8388888888888889
text394SC,1,Yahoo,en,0.4483779207571441,0.373617408232793,0.3440969019483006,0.4715797056570613,0.7372790404040404,0.7428571428571428
text1080FR,3,Yahoo,en,0.45874373198696466,0.47756986073065777,0.3541780186723262,0.43744945708179334,0.7097222222222223,0.6916666666666665
text1588FR,1,Yahoo,en,0.4704988738359639,0.46294471881987165,0.34863017751182734,0.40505138784880307,0.7653061224489796,0.7095238095238096
text618SC,2,Yahoo,en,0.497834199068685,0.4095503039586708,0.3255084732508239,0.4620533403172636,0.6184929105981738,0.6103174603174604
text1773NE,3,Yahoo,en,0.4613563184137156,0.49754601459146913,0.3479989066014679,0.41524802898466634,0.7452690166975883,0.7857142857142858
text1214T,3,Yahoo,en,0.4717451390616826,0.4774975736514197,0.3394575152481393,0.464826373406848,0.7568027210884353,0.5380952380952381
text328FR,1,Yahoo,en,0.47912360354771005,0.49404057645392674,0.35636980222160286,0.44411667818270056,0.7186965811965811,0.7708333333333333
text744FR,3,Yahoo,en,0.4733479993422735,0.4748539748539747,0.3896063644229591,0.44718308050514854,1.0,1.0
text1498PG,3,Yahoo,en,0.41833711789401284,0.3901872288740191,0.3588088331373486,0.4301949999867847,1.0,1.0
text1469T,2,Yahoo,en,0.4330172603361144,0.4671637331441252,0.34770122283638016,0.4698078637857469,0.7082448415781749,0.7523809523809523
text1882AH,3,Yahoo,en,0.4781280052702342,0.4207719363969364,0.323027683359406,0.47849731153146247,0.9199999999999999,0.9
text116FR,1,Yahoo,en,0.4642984014284578,0.34398179586088073,0.3253813285587938,0.44741090463483807,1.0,1.0
text36FR,1,Yahoo,en,0.4756143598119794,0.45220926688386,0.36087610231948974,0.4065985748798223,0.7271780303030303,0.6458333333333334
text309PG,3,Yahoo,en,0.44533468089369393,0.360922276324753,0.35149598356273043,0.4589652403273458,0.7139428472761806,0.6582010582010581
text1361T,3,Yahoo,en,0.46356202748709424,0.3666245082047672,0.34171028208476156,0.4434648533862527,0.685111547856646,0.7042328042328041
text472SC,3,Yahoo,en,0.4910880223094172,0.3950924450924451,0.3586043479468356,0.43749851716951765,0.814484126984127,0.8388888888888889
text1173SC,2,Yahoo,en,0.49233380281579764,0.57997906604756,0.3688738080292038,0.43824797174320385,0.7344065656565657,0.7011904761904761
text752FR,1,Yahoo,en,0.5387765838236397,0.6708544663998575,0.36037880801913424,0.3942250219508004,0.6515230383651436,0.4951770451770452
text588T,3,Yahoo,en,0.4581163017227897,0.42508035174701847,0.3549404017591982,0.4721709404296728,0.7676870748299319,0.7952380952380953
text1603T,1,Yahoo,en,0.4848518517927285,0.3825790083925253,0.356294578379454,0.44488447228636635,1.0,1.0
text237AH,2,Yahoo,en,0.43097240840901085,0.48305521877503294,0.3626349865289114,0.4199090631998322,0.7121471121471121,0.6222222222222222
text444NE,1,Yahoo,en,0.4705004880477247,0.4292691852058823,0.36500674557049173,0.3878070415597893,,
text1328NE,1,Yahoo,en,0.4861830874401032,0.39161498870968037,0.33394115101017563,0.46521720747791623,0.6288760606581815,0.548015873015873
text1210FR,1,Yahoo,en,0.49632577456277766,0.44542078752605063,0.40246281461396216,0.439859615727758,1.0,1.0
text439NE,3,Yahoo,en,0.4493622612369319,0.4491374541313968,0.34754396031892937,0.436360487807508,0.8015873015873015,0.7111111111111111
text796NE,1,Yahoo,en,0.4708889895401235,0.5045930458430458,0.39663486333460835,0.4759675248716962,0.6880819180819182,0.6223809523809524
text1344NE,1,Yahoo,en,0.4106804352398261,0.43680216276314127,0.32122386843173517,0.46927133919364594,0.7112050449550449,0.6958730158730158
text688AH,1,Yahoo,en,0.4265915489806747,0.3413699320275474,0.34863288291519123,0.43418222261698874,0.7710884353741496,0.8095238095238094
text646NE,2,Yahoo,en,0.4490971703488851,0.4316452208146918,0.3264030441338175,0.46830906419858226,0.8065476190476191,0.8222222222222223
text387AH,3,Yahoo,en,0.4578686023434863,0.3688174096367372,0.3382481762859541,0.45046089841431713,0.9199999999999999,0.9
text410NE,1,Yahoo,en,0.4286586001085848,0.4041952220080162,0.3731102909534556,0.4117758755453936,,
text175SC,2,Yahoo,en,0.44343370981517727,0.4525653604063916,0.34978304734052434,0.45954194196319303,0.7121527777777779,0.6541666666666667
text101FR,1,Yahoo,en,0.5018141455197871,0.36337105492230154,0.3647756491991098,0.42036331590763704,0.7296085858585859,0.6041666666666666
text912PG,3,Yahoo,en,0.4813824458211048,0.47753798489092625,0.3154802971786271,0.508955719892341,0.7322307322307322,0.8253968253968255
text349SC,2,Yahoo,en,0.48104216773387776,0.47720128873975026,0.3553148193481845,0.4141543733184601,0.6946645946645947,0.6259259259259259
text25FR,3,Yahoo,en,0.4341241940465305,0.4607411738533658,0.3498222614933057,0.4316772436610649,0.7113873780540447,0.6867724867724867
text141FR,2,Yahoo,en,0.503582877526618,0.49930825089233,0.3709911627110365,0.41994356216345174,0.7237873237873238,0.7515873015873016
text1047T,1,Yahoo,en,0.4691151799268272,0.49997865382480755,0.3549646935190206,0.44447396704648257,0.7936507936507936,0.611111111111111
text1445PG,1,Yahoo,en,0.5134083023894472,0.48535062162589027,0.33762028183301895,0.4803320867828321,0.7254103535353535,0.6666666666666667
text1051SC,2,Yahoo,en,0.46031200957945445,0.387854549079039,0.35267886293361594,0.43223035700915197,0.6669164169164169,0.4536796536796537
text1233PG,1,Yahoo,en,0.46402758747096307,0.40680839352057824,0.3455784933670928,0.3984253888182952,,
text667AH,1,Yahoo,en,0.4563391449470378,0.41492980928853623,0.3354071719558068,0.4620141705309284,0.6235450482133665,0.6683989621489622
text487T,3,Yahoo,en,0.48321376365663704,0.35391059364776506,0.3467438220161414,0.4375802157513818,0.9199999999999999,0.9
text730AH,2,Yahoo,en,0.41827836258675755,0.40515868028122914,0.3423198402774128,0.4446056728365611,0.7710884353741496,0.8095238095238095
text1815PG,3,Yahoo,en,0.4488976665389429,0.3590315121127444,0.3372444488759367,0.43557129601651917,0.9199999999999999,0.9
text819SC,1,Yahoo,en,0.44179854473444635,0.47592513869109604,0.3441054598341564,0.4256513427108805,0.6102643187022871,0.5915178571428571
text1162PG,1,Yahoo,en,0.4581092015587388,0.401801861095315,0.3603189247851829,0.3959307907582739,0.7024225774225775,0.5538095238095238
text35FR,1,Yahoo,en,0.4074074291124492,0.6045427361753891,0.34374026502995214,0.4129799093118487,0.6496629670242435,0.6511155511155511
text1377AH,1,Yahoo,en,0.4084638543983569,0.47942131466158927,0.36255556120831456,0.4463789812689312,0.6352713876966084,0.49399092970521546
text30AH,1,Yahoo,en,0.4519125538692743,0.4176962045604238,0.3610328353430219,0.4584255485527442,0.6318043872427274,0.6370336013193156
text1860FR,3,Yahoo,en,0.41240426010941034,0.3938200130902209,0.31342145709024855,0.47186647964753514,0.6351595772648404,0.5637362637362637
text133NE,1,Yahoo,en,0.487866644876443,0.3412578351353862,0.3372638623142259,0.4801844074615505,,
text1406PG,1,Yahoo,en,0.4911210358972891,0.41618831330585343,0.35682897344211734,0.4290779962299796,0.6128364243283597,0.5469246031746032
text62NE,3,Yahoo,en,0.45536928487108774,0.3771590387232099,0.34185694933154404,0.46645464227629496,0.722973322973323,0.7182539682539683
text279NE,3,Yahoo,en,0.4642622778790251,0.4979305594690209,0.3412419298579459,0.4027352185511121,0.8065476190476191,0.8222222222222223
text976FR,3,Yahoo,en,0.4309771946043446,0.32556714513867735,0.35932586095320973,0.4179705631219151,0.7006693306693308,0.6661904761904762
text1161FR,3,Yahoo,en,0.47510549950355935,0.47821105365223016,0.3685346122605481,0.4498095441504701,0.7602040816326529,0.5809523809523809
text1376NE,2,Yahoo,en,0.44545548826294057,0.45083491825778554,0.35212117072578364,0.45427068921422004,0.6441471206415241,0.5975690975690975
text1130T,3,Yahoo,en,0.5213085245813125,0.4194094967532467,0.3374677275756694,0.4742011966002739,0.7676870748299319,0.7952380952380952
text1766AH,2,Yahoo,en,0.4473719089701941,0.502328047974884,0.34959017004105686,0.4488637454243795,0.6600776674306086,0.6655844155844156
text324T,3,Yahoo,en,0.489350541154488,0.4296324829323393,0.3506385476137665,0.4752674892581639,0.7226970560303894,0.7023809523809524
text1725SC,3,Yahoo,en,0.46043885940809126,0.4707106700011756,0.360723574834752,0.4327768712078166,0.7205905205905205,0.6997354497354498
text1082AH,3,Yahoo,en,0.42145401534927895,0.4896708835162544,0.33800261736481757,0.47405444236956734,0.7114935064935065,0.692063492063492
text1442AH,3,Yahoo,en,0.5052115731892789,0.4932267732267732,0.3111866381100537,0.5083274519123401,0.8065476190476191,0.8222222222222223
text1167PG,3,Yahoo,en,0.49568062072288666,0.3896703296703297,0.3511775947129675,0.4506967676082953,0.6545133651751299,0.5646164021164022
text5T,1,Yahoo,en,0.46032120854858477,0.38243500943500935,0.36285730595192717,0.4503422857464428,0.5699486211041621,0.4604890059435514
text1445T,1,Yahoo,en,0.47300595611475493,0.4641725558392225,0.36628202170497803,0.4161045599940392,0.6630885454414867,0.5956709956709957
text1217NE,1,Yahoo,en,0.4786654981174013,0.4295977072572818,0.3563575651077998,0.4709633461752319,0.5976537345245402,0.482480264833206
text74AH,3,Yahoo,en,0.48339085141107263,0.4568172693265798,0.35744581008177057,0.42913311041948954,0.7108003108003109,0.5333333333333332
text1539PG,3,Yahoo,en,0.47853532864986925,0.4824501080315033,0.3462731549325931,0.43951814584317417,0.9199999999999999,0.9
text836AH,1,Yahoo,en,0.5275786716389552,0.35087942673081995,0.3563890438712068,0.4035140853258907,0.7653061224489796,0.8285714285714285
text148AH,1,Yahoo,en,0.42098993576351634,0.3751305502096501,0.29205967215495865,0.4034961048376604,0.5643231104714207,0.5292169818485608
text886NE,3,Yahoo,en,0.44266953231025685,0.42400729354722244,0.34524687007477833,0.42396719304223063,0.8065476190476191,0.8222222222222224
text297SC,1,Yahoo,en,0.4153394201857297,0.4288362913478378,0.2833445076325545,0.40836817132492326,0.6100487738382476,0.5977777777777776
text1476FR,3,Yahoo,en,0.4771103874630156,0.4454019575196046,0.3390487708494872,0.43996627960942275,0.7040663040663041,0.6148148148148148
text1502NE,2,Yahoo,en,0.518873934910971,0.42307070034342775,0.3884169537710742,0.4719449601931003,0.8065476190476191,0.8222222222222223
text772NE,1,Yahoo,en,0.49366947862316135,0.33304681429681426,0.3317234632865562,0.4714385392820526,0.814484126984127,0.8388888888888889
text1260FR,2,Yahoo,en,0.5115638086952973,0.4493123835229098,0.35011572577037003,0.45217779202249925,0.7000099900099901,0.5333333333333334
text930AH,1,Yahoo,en,0.5086812189747051,0.46468790468790466,0.3037355067587832,0.491757319648486,0.7205905205905206,0.7626984126984127
text1830SC,2,Yahoo,en,0.4023603288603066,0.4231092543103104,0.367499212809785,0.4571347922336459,,
text1035AH,3,Yahoo,en,0.4804527243309494,0.46079903002979916,0.40569085776188696,0.48427017230597147,0.7186965811965812,0.7708333333333334
text1087NE,2,Yahoo,en,0.45836169790813786,0.38262934903206397,0.3336366739226249,0.47177021480831244,0.7653061224489796,0.6476190476190476
text433FR,1,Yahoo,en,0.4882428478768971,0.514963618583528,0.41589676902259315,0.43675312153135293,0.9199999999999999,0.9
text984SC,1,Yahoo,en,0.4962438835069972,0.4618834258916338,0.3317439229922066,0.42687764061550876,0.5525135219845141,0.7622710622710623
text310T,1,Yahoo,en,0.44811715710198263,0.41322441730604975,0.40413520901760913,0.5053186301410995,,
text1722T,3,Yahoo,en,0.48232447164702474,0.420999796986639,0.3416221671907371,0.4781599296832676,0.7205905205905206,0.7441798941798942
text1939PG,3,Yahoo,en,0.4560894366015559,0.38593765472239533,0.33871763472711974,0.4276044605698042,0.7676870748299319,0.7952380952380953
text1176PG,1,Yahoo,en,0.5238719441666382,0.4813630813630815,0.35367874059853477,0.45842607726497153,0.738604797979798,0.7970238095238095
text1504FR,1,Yahoo,en,0.4898724613791764,0.4594322407823552,0.3372060751909511,0.4695547632586515,0.6601625498684323,0.503030303030303
text1554T,3,Yahoo,en,0.4851825794194052,0.4598344776916206,0.34660846819102187,0.42229697996132887,0.7237330570663905,0.7616402116402117
text1173AH,1,Yahoo,en,0.4870611188846411,0.4252729296846945,0.33834486458991886,0.4444983803807743,0.7065033731700399,0.7259259259259259
text257FR,1,Yahoo,en,0.4346723884690669,0.4650333424990653,0.3703534367646856,0.42851461646949074,0.6404413812308549,0.673809523809524
text901SC,1,Yahoo,en,0.4698470870653037,0.44285037159841245,0.3677074457658704,0.4212325781026547,0.7125960459293793,0.4862433862433862
text1765NE,1,Yahoo,en,0.5374700724926862,0.606672612610251,0.3673825365569303,0.38480009229587525,0.7568027210884354,0.6571428571428571
text15PG,3,Yahoo,en,0.4251374905924535,0.48203139428907443,0.33987543918948604,0.46471751603011263,0.7368371212121212,0.7095238095238094
text983PG,1,Yahoo,en,0.47540805482047355,0.4227089680185653,0.3314906424875818,0.4290887064310985,0.7139204545454545,0.5958333333333332
text1717FR,3,Yahoo,en,0.4586120272670871,0.46779861603956624,0.3576277666690613,0.4223134248506367,0.703906093906094,0.6357142857142858
text851NE,3,Yahoo,en,0.4506356641368191,0.39951978591297466,0.33454214263229176,0.45668604409231023,0.7162660256410256,0.6916666666666667
text1192FR,1,Yahoo,en,0.47366199241834117,0.35608076092786967,0.3491954092138212,0.4390756752627893,0.623051080863581,0.6602678571428572
text378NE,1,Yahoo,en,0.45392163176482164,0.4093711814562654,0.3392996196819622,0.46168564879807106,0.9199999999999999,0.9
text1463T,1,Yahoo,en,0.44652993111271055,0.48478236046020967,0.36096045882768557,0.409526988249606,0.738604797979798,0.7845238095238095
text205AH,2,Yahoo,en,0.4953073495805869,0.35682661922986997,0.3331741590166348,0.46277252481838593,0.9199999999999999,0.9
text1353PG,3,Yahoo,en,0.46167306230273014,0.3109754134754134,0.36221544083397106,0.5142902581483865,0.623260034272822,0.5431890331890332
text1611FR,1,Yahoo,en,0.4872061517981303,0.4220965427487166,0.34946907035384744,0.4008594467162981,0.7936507936507936,0.611111111111111
text1763NE,3,Yahoo,en,0.4250013393584172,0.41290141957529053,0.33198564635392613,0.4706673366132559,1.0,1.0
text940NE,3,Yahoo,en,0.41076212985138916,0.38207188984140134,0.3703099575418127,0.42527083464566307,0.5960876264762247,0.4983946608946609
text21FR,1,Yahoo,en,0.4894749837896343,0.4348989117177971,0.4002771075217785,0.40782999142050286,1.0,1.0
text858SC,3,Yahoo,en,0.3911950242946287,0.3604784534351097,0.3266173628767196,0.4589406113926995,,
text13FR,1,Yahoo,en,0.49643902127662687,0.4631720259747941,0.354310704284741,0.4249167979009559,0.6524825134732256,0.5492063492063491
text1709PG,1,Yahoo,en,0.5000231646454444,0.3387439562071915,0.35954948353744315,0.3799861075556166,0.7344065656565657,0.7761904761904762
text1112AH,3,Yahoo,en,0.41616483792390935,0.389757976686769,0.33169463562080664,0.48646829632883754,0.8015873015873015,0.7111111111111111
text59PG,3,Yahoo,en,0.44755364684151955,0.3612453299544804,0.3468650276868964,0.42942997802169275,0.8015873015873015,0.7111111111111111
text440PG,2,Yahoo,en,0.41426211645670324,0.44772282395197216,0.33848680238390194,0.4557567453626139,0.7313131313131314,0.6636904761904762
text1867AH,3,Yahoo,en,0.46746329883150706,0.4691216305767389,0.3746377634503919,0.4579568606778612,0.8065476190476191,0.8222222222222223
text1229PG,3,Yahoo,en,0.5003361300872178,0.4092397803119146,0.36293834334654934,0.44303297525134067,0.765986394557823,0.7999999999999999
text578SC,1,Yahoo,en,0.5312790220717637,0.4668883200133199,0.3377095083174445,0.49618748945514357,0.7163256496589829,0.6396825396825396
text1533PG,1,Yahoo,en,0.4778938097731966,0.3926467051467053,0.36372066230940836,0.44795625475969036,0.9199999999999999,0.9
text238SC,1,Yahoo,en,0.45975275726134224,0.37538569171841213,0.3411961935994939,0.4426093104784848,0.6294652715705348,0.5418803418803418
text1908FR,3,Yahoo,en,0.499051462597045,0.5155702280912365,0.40273515230390877,0.46370647013247523,0.7653061224489796,0.7095238095238096
text950AH,2,Yahoo,en,0.48840673296078285,0.3805609849088111,0.3953060359588591,0.4474828380985025,0.814484126984127,0.8388888888888889
text453AH,3,Yahoo,en,0.46674198773931386,0.4221485394507309,0.3628035917025832,0.45400116582470973,0.6580748972389839,0.6761904761904763
text1142T,2,Yahoo,en,0.42768507651972815,0.5242195452029245,0.3589558855883693,0.4286188508913424,0.7138787138787139,0.7116402116402116
text921NE,1,Yahoo,en,0.4227790848515488,0.39823291604876226,0.3413061563103878,0.43649271787080945,0.6643511717041128,0.5887445887445888
text1529SC,1,Yahoo,en,0.4600312834593413,0.3923588152346323,0.3154886159695082,0.45189456604969297,0.9199999999999999,0.9
text502SC,3,Yahoo,en,0.4712523278045166,0.4606426359942983,0.39893199213326086,0.41225701529607256,,
text639NE,1,Yahoo,en,0.4692016330373301,0.49663916399638686,0.30953940660305496,0.48171171220776365,0.8065476190476191,0.8222222222222223
text345SC,1,Yahoo,en,0.4090091841781152,0.4314702626807887,0.33566613506764703,0.47770935140349496,0.7568027210884354,0.6238095238095239
text1242NE,3,Yahoo,en,0.4725097253813449,0.37472055049909714,0.3328175808066295,0.44686087478868947,0.8065476190476191,0.8222222222222223
text131T,3,Yahoo,en,0.4670530263551935,0.45186903374403353,0.3294126244955516,0.463548557151745,0.7163510101010101,0.7000000000000001
text1325FR,3,Yahoo,en,0.4573615062273698,0.39972886163397586,0.37017915709648114,0.4266805612917562,0.6688159387286885,0.6470418470418472
text1635FR,3,Yahoo,en,0.4070178461803258,0.4629809579334125,0.3374051374285444,0.42708974073253886,0.9199999999999999,0.9
text1286AH,2,Yahoo,en,0.4390026703496618,0.4051051444099571,0.32381222707737783,0.47973167643087955,0.8015873015873015,0.7111111111111111
text1620AH,2,Yahoo,en,0.47503514645185896,0.45242033928308417,0.3517902843895798,0.4329779500202975,0.7653061224489796,0.7333333333333333
text915NE,3,Yahoo,en,0.48455280691426267,0.4063099293868525,0.34824798989690464,0.46594653206568076,0.814484126984127,0.8388888888888889
text943T,1,Yahoo,en,0.4831701131564714,0.4184005696200818,0.35345805235515293,0.4710126348635704,0.814484126984127,0.8388888888888889
text357NE,1,Yahoo,en,0.4350553232050323,0.5108058210160051,0.34375281163239024,0.4689317539809479,0.7125960459293793,0.7031746031746032
text799FR,2,Yahoo,en,0.50381517638846,0.3629052661786937,0.356161526783411,0.4450010101338093,0.7052108385441719,0.5915343915343915
text724SC,3,Yahoo,en,0.5306257439926612,0.42937503109916914,0.32974632686792554,0.45836899239871026,0.9199999999999999,0.9
text1840T,1,Yahoo,en,0.4328344775099919,0.4588785697429153,0.3897220342869114,0.48218986014921533,0.8065476190476191,0.8222222222222223
text374SC,2,Yahoo,en,0.4385841295676019,0.4198780108780109,0.3449283529582494,0.4545908669785574,0.8015873015873015,0.6
text180T,2,Yahoo,en,0.47066174798219945,0.400819207788517,0.34555796024154595,0.45842785910715145,0.7181213847880514,0.6703703703703705
text75NE,1,Yahoo,en,0.4678683612336536,0.4763481532712302,0.3513939876966159,0.47149049852896535,0.9199999999999999,0.9
text670PG,2,Yahoo,en,0.4591259964089423,0.4371387908863994,0.32466055057718046,0.4669292797639438,1.0,1.0
text1236NE,3,Yahoo,en,0.44203016425844954,0.43207610807820057,0.34201401497538586,0.45410846708466707,0.6357993399789065,0.5822344322344322
text199NE,1,Yahoo,en,0.473994047600375,0.386429773929774,0.33588953261971266,0.4691185910172424,0.8015873015873015,0.7111111111111111
text654AH,1,Yahoo,en,0.5016107510357797,0.3671314421314421,0.3569703110323779,0.44235277854919364,0.7344065656565657,0.7011904761904761
text414NE,1,Yahoo,en,0.48572045612597414,0.4089672673006008,0.3583780949802169,0.4436636991083083,0.7186965811965811,0.7708333333333333
text1283NE,1,Yahoo,en,0.4447416351769302,0.39293880368108847,0.3433977774124492,0.4650003430831804,0.6554207082281948,0.6803030303030304
text1001NE,3,Yahoo,en,0.45736318467865417,0.386995670995671,0.38879130774047466,0.459169400259609,0.9199999999999999,0.9
text1365NE,3,Yahoo,en,0.47567946827072216,0.42194363244294847,0.35361144069210476,0.474331456285808,0.7056043956043957,0.6544444444444444
text1832NE,3,Yahoo,en,0.48217256756449783,0.3812339469316213,0.32212320782987686,0.44096921861553784,0.7602040816326532,0.7095238095238097
text1635T,1,Yahoo,en,0.468132815605548,0.43071660959361485,0.3479819796879687,0.42924127017114405,0.7676870748299319,0.7095238095238096
text1000PG,1,Yahoo,en,0.4160100040536961,0.3786750293151676,0.3618079059760358,0.40575625934486337,0.6527116674175497,0.5147186147186148
text135FR,3,Yahoo,en,0.4721015157721535,0.4667124779320229,0.3469164970836174,0.40219767140031665,0.7568027210884354,0.6571428571428571
text387T,3,Yahoo,en,0.4197328503596285,0.4244211289092877,0.36035305860999167,0.42139187960243585,0.6991858141858142,0.6033333333333333
text1436AH,1,Yahoo,en,0.3954099459476868,0.5578727089110512,0.32578744658327385,0.4596190719183431,0.5625103965301783,0.524658058815813
text1701FR,3,Yahoo,en,0.4381674156964539,0.42344430764427926,0.3388017391211382,0.4386971173627921,0.7035037878787879,0.7625
text1950FR,1,Yahoo,en,0.45992413274392446,0.45342945853326483,0.3535122900723742,0.43050807772180527,0.7229797979797981,0.4541666666666667
text1998NE,2,Yahoo,en,0.44456555566495104,0.37485708477968527,0.3257098911397611,0.46409158889574126,,
text1677SC,1,Yahoo,en,0.45996425272153885,0.40863512411577685,0.3712484563337906,0.40513881283551506,0.6445525578652513,0.4592796092796093
text951SC,2,Yahoo,en,0.4641517617719062,0.4927151112671473,0.37579107358381103,0.518162513520545,0.814484126984127,0.8388888888888889
text903T,1,Yahoo,en,0.47444934528730737,0.3932295624603317,0.3396135923353402,0.45897493636044717,,
text444T,3,Yahoo,en,0.4825196710276894,0.5286226977403446,0.3435516984799095,0.4546262697194234,0.6934300267633602,0.6952380952380952
text1554AH,3,Yahoo,en,0.41058221117568383,0.37258332532708743,0.28853077736134086,0.4030010994375102,0.555495406767987,0.4297477884434407
text1046NE,3,Yahoo,en,0.459977213254492,0.4993383877104806,0.3790926330183443,0.48244033617174986,0.9199999999999999,0.9
text1354T,3,Yahoo,en,0.471844122380546,0.40693042327789253,0.3402311343183695,0.5002316598220489,0.6990659340659342,0.6330952380952379
text1768AH,3,Yahoo,en,0.45391716973199797,0.4222014981673076,0.34701299421781906,0.42458459059038595,0.6590974868354899,0.4962962962962963
text1413T,3,Yahoo,en,0.4573883322567958,0.3976509297273293,0.34200424635912113,0.44777370635861713,0.655652497728736,0.5590608465608465
text1178SC,2,Yahoo,en,0.49380149614278973,0.33173294480860277,0.34414214221793726,0.4568333766461485,0.7075393742060407,0.7111111111111111
text1121NE,1,Yahoo,en,0.48626549564494087,0.3402394827394827,0.3911902797112756,0.43131199500606376,1.0,1.0
text1133T,1,Yahoo,en,0.44556967999211294,0.47404485220104653,0.34813261635194137,0.4279671005085539,0.7149788483121816,0.6015873015873016
text1049AH,3,Yahoo,en,0.4437765456822914,0.4864514712340798,0.3286299990977385,0.45722984910131415,0.7936507936507936,0.611111111111111
text667PG,1,Yahoo,en,0.4627882918534423,0.3960553122134058,0.3706394525152494,0.4440366325267258,0.5757071710212546,0.4427689594356261
text168FR,3,Yahoo,en,0.4594726847893995,0.3946127946127947,0.3572089881665151,0.40214484713745535,0.9199999999999999,0.9
text1916PG,2,Yahoo,en,0.41680698359050183,0.4353534721219941,0.3528689540362577,0.45716582194339844,0.6454804976361042,0.7094912494912494
text1957AH,2,Yahoo,en,0.49016749920996,0.3501001160040062,0.4156912549878725,0.4424276938473541,0.9199999999999999,0.9
text1989T,2,Yahoo,en,0.4388128786265227,0.4675182723259646,0.3260463554276288,0.45089473810396374,0.7602040816326531,0.6476190476190476
text1954AH,2,Yahoo,en,0.4678235789025348,0.37754800330703386,0.367800460270173,0.4295026575688636,0.713997113997114,0.6444444444444444
text1038AH,1,Yahoo,en,0.46567637046292587,0.516755320702689,0.38395151821937984,0.4558319053435522,0.9199999999999999,0.9
text44FR,3,Yahoo,en,0.42884768564632797,0.38543448135307595,0.35314318946741613,0.43927439103514127,0.6270358783676344,0.7267551892551893
text688PG,2,Yahoo,en,0.4567677422899833,0.37313970751470754,0.36467755505518573,0.41446241005268614,0.6462656280767737,0.5437229437229436
text533SC,3,Yahoo,en,0.47945765621433056,0.4455893885881097,0.3341450297996329,0.45675513903909326,0.7245470578803912,0.7193121693121693
text1686AH,1,Yahoo,en,0.4602898804195207,0.42222315311869946,0.3586513318964526,0.417545948327204,0.6101690207778041,0.6039186507936508
text450SC,3,Yahoo,en,0.5026315900211543,0.5242610083519175,0.32715880715697854,0.4484329282991254,0.8015873015873015,0.7111111111111111
text1526PG,1,Yahoo,en,0.4710053264996928,0.4289097266369994,0.345682336084974,0.4386290169939807,0.6864583492034473,0.7783068783068782
text1708T,2,Yahoo,en,0.4678270409801831,0.3573928655324004,0.3147538348082585,0.4422511747783092,0.6864583492034472,0.7486772486772486
text1057NE,1,Yahoo,en,0.4721258827389505,0.42838855044737384,0.33614660451899875,0.46664166699454285,0.7313131313131314,0.8011904761904761
text962NE,3,Yahoo,en,0.43849485940903776,0.42689039355706015,0.3586052770780504,0.4130872900892006,0.7296085858585859,0.6541666666666666
text1516T,2,Yahoo,en,0.4412690860825698,0.41771352461580163,0.3362243642819432,0.4842088621188106,0.6265841797091797,0.46081349206349215
text1237AH,2,Yahoo,en,0.4870120350692166,0.4676101517893398,0.34400818841309205,0.438610880468705,0.7129068462401795,0.6232804232804232
text1499PG,1,Yahoo,en,0.44262289445351527,0.38211552000479326,0.34895137957277106,0.46284407736005484,0.6440305215653512,0.6299603174603174
text105PG,3,Yahoo,en,0.48790072866889256,0.38454082954082963,0.4155186674830393,0.42845533578299133,0.8065476190476191,0.8222222222222223
text1608NE,1,Yahoo,en,0.4531221284860694,0.33576081386538903,0.3553134174132928,0.4254945471170695,0.7710884353741496,0.8095238095238094
text1054AH,3,Yahoo,en,0.4360478645653754,0.4702104584757646,0.351281548618826,0.4564372144333141,0.7237873237873237,0.7626984126984127
text1003T,2,Yahoo,en,0.44976491527169415,0.3287462675248176,0.3289408383894959,0.432131759308938,0.9199999999999999,0.9
text1810T,1,Yahoo,en,0.43446812662178447,0.4620765272149354,0.3449644680870849,0.45531841956201696,0.8095238095238096,0.8666666666666666
text1186PG,1,Yahoo,en,0.45900879641220366,0.3676158636684949,0.3752578936991784,0.42291793862817745,0.6382188547355703,0.5075396825396826
text214NE,1,Yahoo,en,0.45685761652942486,0.4873707687661175,0.35848388249315316,0.4767260714880095,0.733080808080808,0.7303571428571428
text7NE,3,Yahoo,en,0.4892879629485173,0.45438099681284755,0.40908368324487,0.46668452487907836,0.7619047619047619,0.7428571428571429
text987FR,3,Yahoo,en,0.42366579572487667,0.471353117446515,0.35301946798578593,0.41807959105680337,0.6184348831946085,0.5606227106227106
text1599NE,3,Yahoo,en,0.45184790760740456,0.4220847667095129,0.3584990622136186,0.4269900034868268,0.7186965811965812,0.6958333333333333
text687SC,1,Yahoo,en,0.4729096730042833,0.465005735005735,0.35592194806631694,0.4183554823216833,0.7653061224489796,0.7095238095238096
text1044SC,1,Yahoo,en,0.48284804038329426,0.4907568640127978,0.33521279186242764,0.4939947641008194,0.6436475804896857,0.5960317460317461
text1977SC,3,Yahoo,en,0.46298848570817286,0.46431470632237887,0.333898653735591,0.4539330232331891,0.7181213847880515,0.6486772486772486
text968T,3,Yahoo,en,0.478175091911697,0.4552666899377424,0.34877023720968203,0.4835644947022468,0.6763440236234354,0.6642857142857144
text1255T,3,Yahoo,en,0.48683622593542014,0.3762581644934587,0.3694099822663399,0.4851543115301093,0.7047802197802199,0.6044444444444445
text1958PG,1,Yahoo,en,0.4334732515333202,0.36263971284471014,0.3443539255686765,0.42390729519022763,1.0,1.0
text569PG,2,Yahoo,en,0.45050756366314265,0.3960448801597127,0.3400791118613841,0.4604891376687934,0.6966533466533467,0.5557142857142857
text1041NE,2,Yahoo,en,0.4519586431099863,0.509444483714027,0.33959392517966586,0.4601300124086406,0.814484126984127,0.8388888888888889
text461T,3,Yahoo,en,0.4693824511342502,0.48941519055218585,0.34305862594741127,0.44017791421493674,0.9199999999999999,0.9
text1511SC,3,Yahoo,en,0.40397380402688143,0.46184444242191736,0.34033280928578574,0.4622571149316476,0.711205044955045,0.7806349206349206
text1882SC,3,Yahoo,en,0.45886354778447547,0.47656736445663783,0.3404221697710779,0.47029718095894585,0.8065476190476191,0.8222222222222223
text1482FR,3,Yahoo,en,0.42066539155356913,0.41309099182768366,0.35931676607868646,0.404734983251454,0.6528941327993186,0.4557539682539682
text78AH,1,Yahoo,en,0.4481198621732641,0.41610715539053805,0.3630229010677225,0.3788153742427116,,
text1879PG,3,Yahoo,en,0.44239466267152716,0.4237124560902757,0.35313815545697047,0.4380245939172697,0.6587195484254308,0.6324675324675325
text1879FR,1,Yahoo,en,0.4933836130672844,0.4239828652178327,0.4188692025349471,0.42675076685585905,,
text958T,1,Yahoo,en,0.48816874678945305,0.4699621549285602,0.3449893891392878,0.4837597556326379,0.6633871120422978,0.6709656084656085
text945NE,1,Yahoo,en,0.5057944931624363,0.36551684588965294,0.3641681140715144,0.40375533209024916,0.7296085858585859,0.7291666666666665
text272PG,3,Yahoo,en,0.45911770755411074,0.41454457104330444,0.3548313680315884,0.42020295456116386,0.7619047619047619,0.5523809523809523
text528SC,3,Yahoo,en,0.45756586154778106,0.42680677326006033,0.342527930029939,0.44498461993304217,0.7568027210884355,0.6571428571428571
text420NE,1,Yahoo,en,0.4592698785915577,0.47220791686032315,0.34130841822631675,0.40442865260220073,0.6925137362637364,0.6533333333333333
text1294T,2,Yahoo,en,0.44844446851843095,0.48058389293355935,0.33340053110231915,0.48992099081324425,0.9199999999999999,0.9
text1336FR,1,Yahoo,en,0.4606681448803942,0.47462501769566984,0.35821629391110343,0.3973842015698555,0.70000999000999,0.6566666666666666
text793T,1,Yahoo,en,0.4138962645587664,0.4618421397535348,0.3475824719076716,0.4451367043136742,0.6205131583392453,0.5703703703703703
text1981SC,1,Yahoo,en,0.4761485860212919,0.3940284831530803,0.3672432543706965,0.4509296202846657,0.6495643607195465,0.5488756613756615
text1201PG,2,Yahoo,en,0.4550368465263749,0.4007661325602501,0.3454443363707354,0.462377664187951,0.7738095238095237,0.8428571428571429
text573NE,1,Yahoo,en,0.46632204296950025,0.42994652182295195,0.3977541243232536,0.4558424924401415,0.7254103535353535,0.5916666666666667
text1020AH,3,Yahoo,en,0.46247226625022275,0.39169005448730104,0.33394459011412586,0.45986553655004836,1.0,1.0
text1775PG,3,Yahoo,en,0.4105524021380882,0.39350680937148946,0.3431471782398992,0.4598907654884719,0.765986394557823,0.7999999999999999
text65AH,1,Yahoo,en,0.42503038495704865,0.42146052799944683,0.26734701075831085,0.44505749960785723,0.6542519281147526,0.5871961371961372
text1355NE,1,Yahoo,en,0.5107915113201739,0.4780100108225108,0.36445106940465655,0.3803406556151189,0.9199999999999999,0.9
text395FR,3,Yahoo,en,0.4184854934148574,0.42119070726349683,0.3686019823291807,0.4395863049654039,0.6217655971479502,0.5767821067821067
text483SC,1,Yahoo,en,0.46231424525693715,0.4988563905230572,0.3777152619982948,0.4755767145881239,0.9199999999999999,0.9
text396FR,3,Yahoo,en,0.5210026880111827,0.4870506703984214,0.3470353226116204,0.4461297726815153,0.7081368631368632,0.7515873015873015
text1926SC,1,Yahoo,en,0.5128707366101155,0.4812494796869796,0.37499497289650835,0.49738496703857354,0.70336083669417,0.726984126984127
text802SC,2,Yahoo,en,0.49410374822775693,0.42417106702820995,0.3470841108680106,0.4157305181323293,0.738604797979798,0.7970238095238095
text1905FR,3,Yahoo,en,0.4878163694748563,0.41783933658933664,0.4058536540646778,0.43843819780324317,0.7710884353741496,0.8095238095238094
text500FR,2,Yahoo,en,0.49553806170309705,0.350871457739237,0.35764839320759595,0.4506235476764112,0.6575756691565515,0.5892857142857143
text1422AH,3,Yahoo,en,0.45505681859592584,0.4411074391293543,0.352641566721606,0.43438230901399505,0.7033608366941702,0.6788359788359789
text390T,1,Yahoo,en,0.418619516535669,0.43625107441179595,0.36363399154726034,0.4729296945888692,0.639966712069283,0.6193528693528694
text1300NE,2,Yahoo,en,0.4044970159711279,0.42831269329143157,0.34151928283206934,0.4882938973934957,0.56366483727394,0.5475749559082892
text896NE,3,Yahoo,en,0.46117118322620126,0.4266891271993311,0.3552277352755251,0.40625977357996973,0.6906368867153181,0.7343915343915344
text1896PG,1,Yahoo,en,0.489366075126051,0.3884159616033761,0.39299649352091987,0.43107270318413055,0.9199999999999999,0.9
text26SC,1,Yahoo,en,0.44893317178993747,0.38177143790006135,0.3703697378772251,0.3939692001815666,0.7182077182077182,0.6775132275132275
text1503AH,1,Yahoo,en,0.4427417795474179,0.4716508707283297,0.36243053550665444,0.43809329190414015,0.6991858141858142,0.49571428571428566
text862PG,3,Yahoo,en,0.4945351596721923,0.35748925260203446,0.3464204617812199,0.42874642038907484,0.7568027210884355,0.5761904761904761
text912FR,3,Yahoo,en,0.5279368061425733,0.49013241660300483,0.36689567025663067,0.45965026117141267,1.0,1.0
text1997PG,3,Yahoo,en,0.40656705716435887,0.41595133878731044,0.3452240530971503,0.43162635108564773,0.6499658444124389,0.5970899470899472
text1391FR,1,Yahoo,en,0.4964371629847256,0.4013385188686553,0.34929865761050366,0.43308518707594823,0.7163510101010101,0.7000000000000001
text1526NE,1,Yahoo,en,0.45911802588274947,0.38674180565576693,0.34883110309757176,0.41724376758529674,,
text1286PG,3,Yahoo,en,0.4293394024948123,0.5443312295250798,0.3481883947584339,0.47448324774580225,0.9199999999999999,0.9
text1538PG,2,Yahoo,en,0.49242507855940265,0.4314318617890046,0.36415643359155736,0.4531314372800611,0.7653061224489796,0.6476190476190476
text884FR,1,Yahoo,en,0.48644348944459903,0.3963331384063092,0.40001785638419696,0.43179938990610106,0.9199999999999999,0.9
text1579AH,2,Yahoo,en,0.45516655342360074,0.41930130151397094,0.3538193587478549,0.42570394847487425,0.6365789987639326,0.6956349206349207
text1241AH,3,Yahoo,en,0.48053201681281665,0.4927842023817255,0.357390457493425,0.44210417512442307,0.7602040816326529,0.5904761904761904
text743SC,1,Yahoo,en,0.48526824828980325,0.43313740606548423,0.3601842532150699,0.4508037017270689,0.6974775224775225,0.5557142857142857
text101T,3,Yahoo,en,0.4706339679353921,0.5058463895925196,0.3251239334420515,0.4989911995399204,0.7013736263736263,0.5730952380952382
text1574SC,3,Yahoo,en,0.4517924433845293,0.3652188535960464,0.32852319541020947,0.46511167543729776,0.6457423173947943,0.5920634920634921
text1389NE,1,Yahoo,en,0.48815663595593173,0.3805516778065797,0.3477226998097528,0.45487407127800167,0.7125960459293794,0.6100529100529101
text500SC,1,Yahoo,en,0.4800994455692218,0.36873942324922715,0.39701856534997715,0.45928116349939024,,
text1293T,3,Yahoo,en,0.4541325715685211,0.5087890179995442,0.38405221271343487,0.47846424981492025,0.8065476190476191,0.8222222222222223
text1817NE,2,Yahoo,en,0.46393107240166975,0.3754692924986193,0.35584244871258014,0.4791772787437206,0.5912330879204558,0.40634920634920635
text1546T,2,Yahoo,en,0.5025066971846047,0.44769624243308465,0.4088198732173376,0.4441647616643138,,
text127AH,1,Yahoo,en,0.480049878438772,0.4112387884446709,0.339874996833361,0.41644495630663836,0.7602040816326531,0.6476190476190476
text454T,1,Yahoo,en,0.49439651667238144,0.5105473935828891,0.34512726862258697,0.4767683085221338,0.8065476190476191,0.8222222222222223
text215FR,3,Yahoo,en,0.4793911660119509,0.504713844806724,0.3965307552930769,0.4320426900452022,0.7653061224489796,0.7095238095238096
text703PG,1,Yahoo,en,0.4794593858688444,0.44750424178995607,0.3802688038024498,0.5034115664649648,,
text1068PG,3,Yahoo,en,0.44585364973249986,0.3418468100053776,0.35127019459804415,0.4173436154981437,0.7361742424242423,0.7886904761904762
text653PG,3,Yahoo,en,0.45362543632624935,0.36531876026528415,0.3314216425164001,0.48226919377652305,0.7205905205905206,0.7256613756613758
text1268PG,3,Yahoo,en,0.4311593046775964,0.36777948842380465,0.3584312041480351,0.4286549452470534,0.6437480184821684,0.5612332112332112
text1671NE,1,Yahoo,en,0.4558452058377999,0.3896001775652295,0.3376193329472808,0.4614146793038287,0.7653061224489796,0.7333333333333334
text751PG,1,Yahoo,en,0.48810996527789785,0.39949444617866475,0.34629622192631804,0.4169846252046896,0.7568027210884354,0.6571428571428571
text523FR,3,Yahoo,en,0.42357411994104327,0.35355642570436413,0.2934140612064326,0.3898481767716346,0.5683018587502526,0.38832713180539274
text1256T,1,Yahoo,en,0.3849429613446163,0.4823585255459692,0.352418782088413,0.4602475479524669,0.7568027210884354,0.5619047619047619
text1567SC,3,Yahoo,en,0.48228983133576153,0.441126826472639,0.3274257874823092,0.4593530152691664,0.9199999999999999,0.9
text1310AH,1,Yahoo,en,0.4212679554528646,0.4084558771122238,0.34390770493725437,0.470714674791313,0.6271657840951319,0.47217261904761915
text1882FR,3,Yahoo,en,0.535726611155719,0.35034632034632035,0.41061122054390625,0.4497956798760604,1.0,1.0
text734T,3,Yahoo,en,0.4898589505280343,0.5456296903665322,0.3545967253354624,0.41508455452756465,0.7067994505494506,0.6744444444444445
text503SC,1,Yahoo,en,0.494090873603697,0.43468433119168415,0.3991505262324003,0.43798184206575036,0.8065476190476191,0.8222222222222223
text1607SC,3,Yahoo,en,0.48913855292894187,0.40048007548007547,0.37050107790769643,0.4057945273096039,0.8015873015873017,0.7111111111111109
text830PG,1,Yahoo,en,0.43029447539856147,0.4293742324223606,0.34316543722521037,0.43181431854410046,0.7355113636363636,0.7095238095238094
text754AH,2,Yahoo,en,0.4515274444848671,0.41770945694390654,0.3294136449666497,0.4508082707913137,0.6487782860557628,0.5343915343915344
text89SC,3,Yahoo,en,0.46364047867208596,0.3133771841307726,0.3402437757850774,0.4360137100279622,0.6340643786754468,0.5980158730158731
text1881FR,2,Yahoo,en,0.4285848660379263,0.3495891819952156,0.35461478118004885,0.4352830234227325,0.616693378531785,0.6032377344877345
text225SC,2,Yahoo,en,0.5386517082558796,0.39590904097824514,0.40762448238397986,0.4917335298237339,0.7121527777777779,0.6541666666666666
text957NE,1,Yahoo,en,0.4762573653301899,0.4814125598439324,0.33359910583819363,0.4424984762933642,,
text1420FR,1,Yahoo,en,0.4894213905324827,0.44770082858318155,0.39689269904209523,0.4234791913244883,0.7653061224489796,0.7095238095238096
text905NE,1,Yahoo,en,0.48296804368592633,0.4583535073154451,0.4051362440888556,0.44831017516403876,0.7313762626262625,0.6166666666666667
text1808PG,1,Yahoo,en,0.4109130422726598,0.4343353323240919,0.36412106390072274,0.3853474547384144,0.8015873015873017,0.7111111111111109
text1507NE,2,Yahoo,en,0.4749648200127145,0.4471038309358854,0.3517448444146477,0.4369643218845488,0.9199999999999999,0.9
text1778PG,2,Yahoo,en,0.4272544611824368,0.3064560286143657,0.3261544227412475,0.4518492894688743,0.6540640187699011,0.6353835978835979
text1763FR,3,Yahoo,en,0.47555258080890483,0.4740972222222221,0.35339652709983965,0.44805645101015895,1.0,1.0
text1458FR,1,Yahoo,en,0.4088575032573958,0.443529262917149,0.37334574624771255,0.3912842047141087,0.6255894535321023,0.4940205627705627
text1487NE,1,Yahoo,en,0.447546055608075,0.3977280404340152,0.3250492400463867,0.4608362794800382,0.745269016697588,0.7857142857142857
text1277NE,1,Yahoo,en,0.4940976850186775,0.486511510720102,0.34645151661361967,0.44520282252743537,0.814484126984127,0.8388888888888889
text725FR,3,Yahoo,en,0.5208445490454541,0.38350885225885234,0.3999434912521556,0.46533628085064244,1.0,1.0
text563FR,3,Yahoo,en,0.47477369647003714,0.5228865408532927,0.3750446006630415,0.3823715050276047,0.7057436390769725,0.6396825396825396
text1581FR,1,Yahoo,en,0.41244116520496055,0.41853746849910534,0.35660860885316453,0.44345468893411544,0.6180039934639476,0.5028571428571429
text475FR,2,Yahoo,en,0.46069264180312786,0.3625128626676614,0.3467490123146095,0.4500153599819263,0.9199999999999999,0.9
text1242PG,1,Yahoo,en,0.45631881851890677,0.3740755698857808,0.34958547420175845,0.42608621036285266,0.8015873015873015,0.7111111111111111
text1886NE,1,Yahoo,en,0.43833167119291544,0.44326894324572336,0.3370867808425798,0.4315719592337026,0.7163510101010101,0.6041666666666667
text299NE,1,Yahoo,en,0.5096846628613291,0.47689853719265485,0.3206168763752735,0.5558028333035603,0.6329451441007504,0.5088407888407889
text473PG,3,Yahoo,en,0.48435736482978803,0.38883364348070243,0.31858455243801126,0.4661866655940058,1.0,1.0
text1318SC,1,Yahoo,en,0.4257325090248905,0.33395552607111945,0.35740174342282105,0.45261907384190947,0.559795938816854,0.4969025126919865
text1166FR,1,Yahoo,en,0.4836997195594107,0.5458481333481333,0.39640082645828595,0.44207504759207894,0.8095238095238094,0.8666666666666667
text1624T,1,Yahoo,en,0.49652688693784486,0.43856661856661866,0.34588112886805905,0.4455346212870819,1.0,1.0
text67T,3,Yahoo,en,0.4627241915484314,0.49704203566948657,0.33836348397554866,0.47861694474285393,0.8015873015873015,0.7111111111111111
text1990PG,1,Yahoo,en,0.4651835622988771,0.3290561528613001,0.3425764449763832,0.4441762966479965,,
text621AH,1,Yahoo,en,0.48923726563908737,0.45369766454195176,0.3553624724404117,0.4261975983946671,0.7181213847880514,0.6428571428571428
text1838FR,1,Yahoo,en,0.4599776928894836,0.4266417379794988,0.3470414148507278,0.45352901613637314,0.6797385620915033,0.7737373737373737
text268NE,2,Yahoo,en,0.4406142175162375,0.4116091945879179,0.33505447906474967,0.5262169789397616,0.7090045756712423,0.746031746031746
text1594FR,3,Yahoo,en,0.4643468431689753,0.4806040895285746,0.3403433918327757,0.4275409796990866,0.7296085858585859,0.625
text1385T,3,Yahoo,en,0.40992035501802215,0.4176302412330619,0.34273812762520295,0.4617261169679568,0.738604797979798,0.7845238095238096
text1255FR,1,Yahoo,en,0.46971442945563346,0.4688724373321897,0.38565136054860943,0.4785058591480534,0.7121527777777777,0.6541666666666667
text919AH,1,Yahoo,en,0.5020949142151986,0.28520570338752155,0.40354258546405014,0.4639137356565375,0.8015873015873015,0.7111111111111111
text1190PG,1,Yahoo,en,0.41650326735535126,0.37641170290229314,0.3568153390206932,0.43458072190759606,0.7625850340136054,0.7095238095238094
text829NE,1,Yahoo,en,0.4523209508185418,0.3283241240868358,0.33673468244519356,0.4036284950255539,,
text1678PG,1,Yahoo,en,0.44727776597598395,0.3859558565789215,0.3553098115722049,0.44257225481584894,0.6882758418052536,0.7085714285714285
text1671T,3,Yahoo,en,0.4526070260111341,0.3909025272952265,0.34453793918757913,0.4485818093207238,0.7100405767072433,0.7164021164021164
text1645NE,3,Yahoo,en,0.4219988276784152,0.40371470816234073,0.3601514476289628,0.4073226027083555,0.7431818181818182,0.8273809523809524
text1076T,2,Yahoo,en,0.4383402245119527,0.4516613634509943,0.3588111403287018,0.47261566880908,0.633297117473992,0.5884615384615384
text1019T,1,Yahoo,en,0.4576225440682628,0.4143520157555245,0.3413728340633608,0.4587529385780101,0.7254103535353535,0.6125
text1643FR,3,Yahoo,en,0.4480451019687212,0.4010683545196055,0.33759676745212086,0.4572711569046732,0.814484126984127,0.8388888888888889
text290SC,3,Yahoo,en,0.48625714720804303,0.435928429786326,0.3488984522414886,0.41245883578447845,1.0,1.0
text1322FR,3,Yahoo,en,0.44285312886546035,0.4548582209306859,0.3541005400543288,0.42402197794627533,0.6044036056373889,0.5598214285714286
text1897NE,3,Yahoo,en,0.45302282648970454,0.3937500845610579,0.3505560381778025,0.43975620674135774,0.8015873015873017,0.7111111111111109
text1373T,1,Yahoo,en,0.45641670964810116,0.3781264240179652,0.3461611221723836,0.4348820710004222,0.6373021715126976,0.6307692307692307
text817T,2,Yahoo,en,0.46753741981710606,0.4783792472091704,0.35047839617286536,0.4545536702023417,0.7205905205905205,0.7256613756613757
text22T,1,Yahoo,en,0.4877632930304214,0.37663125613493253,0.4098788130011807,0.45700186609168186,,
text341FR,1,Yahoo,en,0.5289127307291368,0.3731826017120135,0.39486038139154767,0.4201666665164728,0.7676870748299319,0.7095238095238096
text1429AH,3,Yahoo,en,0.4423073041147544,0.4815515222954669,0.398108034497206,0.45792591128722954,0.7121527777777779,0.6541666666666666
text1950PG,1,Yahoo,en,0.4436499497727715,0.5309233427839565,0.3143795647688723,0.5395065511932112,1.0,1.0
text738NE,3,Yahoo,en,0.4379492297046141,0.5425872451842413,0.32889742286084683,0.47560950795653095,0.9199999999999999,0.9
text935PG,3,Yahoo,en,0.4497789807938072,0.39195011978809685,0.3355107641214505,0.45401912659788074,0.6447558289663553,0.5909090909090909
text1945PG,2,Yahoo,en,0.4927281034031337,0.3405842106718202,0.3341585792737467,0.4316449680449931,0.727840909090909,0.6333333333333333
text1975SC,1,Yahoo,en,0.45472440351618865,0.39636126695871965,0.3457648774208389,0.4938902090816714,0.587099300231484,0.46851851851851856
text1731FR,1,Yahoo,en,0.4850110395429085,0.3649533006675864,0.3245394886747477,0.4450259981848607,0.9199999999999999,0.9
text959T,2,Yahoo,en,0.526152105834123,0.4500432900432901,0.3421481690980371,0.45577878860623794,1.0,1.0
text414AH,3,Yahoo,en,0.4677695761120296,0.4439317626817627,0.3386901117643301,0.46572868850356297,0.7129068462401795,0.6232804232804233
text628T,3,Yahoo,en,0.47682580193637847,0.4632304786716552,0.3326171707313174,0.42765707776392275,0.7568027210884353,0.5380952380952381
text736SC,1,Yahoo,en,0.494137947930143,0.4129565187044413,0.3524244754934572,0.47040203048536505,0.7653061224489796,0.8285714285714285
text647NE,1,Yahoo,en,0.43127781903989115,0.4502421383226335,0.3334419476103291,0.4412979720818552,0.7653061224489796,0.7095238095238096
text1936T,1,Yahoo,en,0.45445686585868883,0.5243947705201574,0.3552480029460827,0.42459419439425394,0.7619047619047619,0.7428571428571429
text1877NE,2,Yahoo,en,0.4438215685657918,0.44612765922184733,0.3459696261457817,0.43949527118103987,0.9199999999999999,0.9
text535SC,2,Yahoo,en,0.4521464246151751,0.40008659158001136,0.3623290110649975,0.4500275632328506,0.6530281483938606,0.5031746031746033
text758PG,3,Yahoo,en,0.42739791258793774,0.5538646908646909,0.3516335752384879,0.45403399968506525,0.8095238095238096,0.8666666666666666
text1846PG,1,Yahoo,en,0.4942838351691373,0.38193302542333024,0.32967552837337377,0.4769467200501847,0.7131831131831131,0.6148148148148148
text488T,3,Yahoo,en,0.451139524683483,0.38806021049578,0.35678125101659885,0.44148624994634633,1.0,1.0
text567PG,1,Yahoo,en,0.4840044790327982,0.41179717834984586,0.37689423368062314,0.4825539896718987,1.0,1.0
text973NE,3,Yahoo,en,0.4903182059765879,0.35752378192217754,0.3435149022187276,0.4381555889983256,0.7936507936507936,0.611111111111111
text1264T,2,Yahoo,en,0.49470813335263425,0.44279192907992343,0.3590880742958607,0.46604020459148454,0.6462014765420339,0.36153846153846153
text949AH,1,Yahoo,en,0.4880920172447034,0.3609597347097348,0.3529805147825675,0.4396606093880247,0.7355113636363636,0.7095238095238096
text1987PG,1,Yahoo,en,0.461680785283246,0.38892096847880786,0.3539652642016923,0.448199104392709,0.6419766164348207,0.6541125541125541
text44SC,1,Yahoo,en,0.48409531243258813,0.5013380482988324,0.3227078782774327,0.45182668248907176,0.7568027210884354,0.6571428571428571
text972PG,3,Yahoo,en,0.4455727168452325,0.4258759758759757,0.36338631999148724,0.4211409609154878,0.9199999999999999,0.9
text1625NE,2,Yahoo,en,0.49908632214327925,0.5385345047109753,0.363783676195903,0.40798318178843074,0.7687074829931972,0.7238095238095238
text1779FR,1,Yahoo,en,0.5143237398134296,0.5436446269779602,0.36649848470285523,0.38584856624427066,1.0,1.0
text1099PG,1,Yahoo,en,0.5689928575849221,0.6214372317313496,0.34748452104578065,0.46413851185017274,0.7296085858585859,0.6583333333333333
text634SC,1,Yahoo,en,0.438846596055137,0.37282927969728336,0.34070807008394355,0.4623560255114579,0.5385010273231912,0.5868719664174209
text1940SC,1,Yahoo,en,0.49384081396012547,0.39287454872493244,0.34415736583813905,0.4386169015400364,0.8015873015873017,0.7111111111111109
text392NE,1,Yahoo,en,0.4747396441459833,0.5510439702747394,0.4019072876293532,0.5110241092320386,0.7428030303030303,0.8053571428571428
text1697FR,1,Yahoo,en,0.4799329414235533,0.4280587816455822,0.33297414714573664,0.48527792204738285,1.0,1.0
text565AH,3,Yahoo,en,0.4799482213087796,0.47530534324792684,0.3354774147212849,0.46026173484731675,0.8065476190476191,0.8222222222222223
text145NE,1,Yahoo,en,0.4264597512941188,0.42138794686233,0.3463405437248283,0.442274094063058,0.6357644407461341,0.5924867724867725
text992FR,1,Yahoo,en,0.5137856897454999,0.5041646420204297,0.4099005886132599,0.42908051049904405,1.0,1.0
text1028AH,3,Yahoo,en,0.43215659003927515,0.5530028546366851,0.3407031915568866,0.42815725088599066,0.7710884353741496,0.8
text1754NE,1,Yahoo,en,0.42456868802647674,0.3942297261973414,0.2890665907513219,0.41782924285534023,0.5408803364933749,0.48401091661961226
text442FR,1,Yahoo,en,0.5068065649811134,0.4204170102642307,0.3569824020523131,0.4490827295307734,0.7229797979797981,0.5416666666666666
text1108AH,3,Yahoo,en,0.45384390808926883,0.41680151680151684,0.3348999120541236,0.4715294455810974,0.7676870748299319,0.7952380952380952
text1889AH,2,Yahoo,en,0.45614872576277804,0.4582617555092582,0.3758559896255483,0.4421674002401797,0.9199999999999999,0.9
text320T,3,Yahoo,en,0.5356821495060667,0.41119395008283904,0.37863327293430404,0.5008491742158466,0.7568027210884353,0.6571428571428571
text1669PG,1,Yahoo,en,0.4470478384758193,0.40307549905505224,0.3627972109823994,0.4672357136455004,0.654245333986046,0.5204365079365079
text1432PG,1,Yahoo,en,0.48851209592380024,0.39217586706703556,0.3553719726516768,0.42620418956171885,0.6591757915287327,0.48787878787878786
text390FR,1,Yahoo,en,0.4334735134419949,0.40333522941882055,0.36876464134456544,0.41339178947373567,0.5820528413385555,0.6261337868480725
text1868SC,1,Yahoo,en,0.49964275854948526,0.43420987122612525,0.359203025428996,0.4050794155994158,0.7236426767676767,0.5375
text618NE,3,Yahoo,en,0.45463093128676213,0.40368514818514806,0.35741703363296323,0.41277375380033154,0.7285037878787879,0.6583333333333333
text753NE,3,Yahoo,en,0.38459118574666346,0.49841149354894976,0.3393416730653271,0.46301019957860207,0.7181756515089848,0.6714285714285714
text893AH,1,Yahoo,en,0.5011790816997024,0.5070893208593744,0.39497469247120853,0.4586156433335856,,
text199AH,1,Yahoo,en,0.45964837552848836,0.4780761599511599,0.34358747477249985,0.4353385420027548,0.7687074829931974,0.7238095238095239
text1107FR,2,Yahoo,en,0.47891724237290695,0.4444804198575359,0.4166447570874249,0.4205854804287928,,
text121AH,1,Yahoo,en,0.4042876545996158,0.4221130559595633,0.34003622616845397,0.46648732788905506,0.7192437192437193,0.7034391534391535
text375T,2,Yahoo,en,0.45009590260968957,0.4183973290181328,0.3576118116243483,0.46705529840997195,0.7619047619047619,0.7428571428571429
text883PG,3,Yahoo,en,0.40930926863345723,0.5056327892462346,0.3488498604967266,0.4420915719630896,0.5870269855856264,0.6396825396825395
text1243NE,1,Yahoo,en,0.4383657254283472,0.44370529380650825,0.3538271237884329,0.42877725579298237,0.6543644264232499,0.49913419913419915
text795AH,2,Yahoo,en,0.46526425000600685,0.4039732252397556,0.3541091508055442,0.4518266091358287,0.5773645581418055,0.4257409257409258
text584PG,1,Yahoo,en,0.4482289534404184,0.4236660345099547,0.36296578874938,0.45034028141396965,0.7186965811965811,0.7708333333333334
text1352SC,2,Yahoo,en,0.504310429782005,0.549148259148259,0.34416178721561486,0.45102065058620905,0.9199999999999999,0.9
text1586PG,3,Yahoo,en,0.47384425351170356,0.4997019878985823,0.3644229698568928,0.48570376971308993,0.7676870748299319,0.7952380952380953
text1955AH,3,Yahoo,en,0.44202566662003157,0.41459219865102204,0.3509331245968987,0.47508142936408215,0.6493769097147748,0.683028083028083
text1563FR,3,Yahoo,en,0.465000439109545,0.46515966546926296,0.3437529566745455,0.4659646149097368,0.712032967032967,0.7477777777777778
text868AH,1,Yahoo,en,0.45828174595076365,0.3869207486924489,0.3610978402116423,0.48681508417893876,0.5565647333612509,0.5541549953314661
text714PG,3,Yahoo,en,0.4572459428815918,0.5257027160873313,0.3968319827579296,0.48451274937343264,0.7710884353741496,0.8
text1440T,1,Yahoo,en,0.46348725460028106,0.4815538120416169,0.333825732674425,0.4494855206505084,0.6792268189327012,0.7062049062049062
text625PG,3,Yahoo,en,0.4569018822583798,0.3686929236884633,0.35488647125069017,0.48506428320036254,0.814484126984127,0.8388888888888889
text424FR,1,Yahoo,en,0.48386797471277926,0.45116914125011276,0.3605362065716865,0.417924027354937,0.7229733229733228,0.8293650793650794
text1141PG,3,Yahoo,en,0.4810557049892578,0.35603081725530716,0.332983567212546,0.45639616817210554,0.7296085858585859,0.575
text356AH,1,Yahoo,en,0.41652970966903125,0.43585286078892194,0.3594682282199714,0.3917794299174592,0.7296085858585858,0.575
text671NE,1,Yahoo,en,0.48820963835517583,0.4086181117329649,0.3391587243023401,0.4675807587621862,0.642495740986453,0.6301587301587301
text970FR,1,Yahoo,en,0.5080782288563578,0.49654771075144094,0.36411649968120835,0.4202536039173489,0.7710884353741496,0.8095238095238094
text980NE,1,Yahoo,en,0.44754848000534336,0.38685178534561426,0.3595021348244501,0.40815309594709265,0.7327020202020202,0.7166666666666667
text577FR,3,Yahoo,en,0.4517460731239117,0.40152595644407696,0.3557069144264976,0.4093204614631618,0.6323437553158916,0.5778388278388279
text1796NE,1,Yahoo,en,0.4894482378401197,0.40786645433027013,0.33041234077116066,0.4850243037732478,,
text277PG,1,Yahoo,en,0.48171472464679327,0.46541656056361935,0.3574146499856813,0.4380222336059665,0.7568027210884353,0.5380952380952381
text188SC,1,Yahoo,en,0.4070417763753907,0.4153190927066541,0.330401546242286,0.4920178400721571,0.6234197114518322,0.6472222222222223
text863FR,3,Yahoo,en,0.4841562195127773,0.40894119769119763,0.340146656509237,0.47667520237880573,0.7024225774225774,0.6654761904761904
text436T,3,Yahoo,en,0.449436906845415,0.4268537018537017,0.3367877980056252,0.48463147244378474,0.7653061224489796,0.7095238095238096
text364FR,1,Yahoo,en,0.4420806959920076,0.5130949251250003,0.3654172288831498,0.40292560920448506,0.8015873015873015,0.7111111111111111
text1490AH,1,Yahoo,en,0.4539913219781497,0.3596237449590589,0.34148945517643753,0.43078122551934034,0.7676870748299319,0.7095238095238096
text1915NE,1,Yahoo,en,0.4813095459231446,0.5256247285659051,0.34334584526357337,0.44987912641064776,0.7108003108003108,0.5925925925925926
text798NE,3,Yahoo,en,0.4182052526258006,0.44152917316796897,0.3211235659063036,0.5011254621839412,0.7710884353741496,0.8095238095238094
text1700NE,3,Yahoo,en,0.48543488225276327,0.3656889443163954,0.32963519914896355,0.4554637390916061,0.7186965811965812,0.7708333333333334
text1085FR,1,Yahoo,en,0.4866194236276773,0.36283467993994306,0.3407693988153938,0.41466526390293795,0.727840909090909,0.6666666666666666
text1179FR,3,Yahoo,en,0.44178882835957967,0.41850650757851554,0.35845143584536876,0.41242710845179487,0.617073506203941,0.5800366300366301
text1241PG,3,Yahoo,en,0.44658960543617193,0.3868420570842716,0.36061299697021065,0.4171854283708149,0.720464257964258,0.7791666666666666
text156SC,1,Yahoo,en,0.40958923802631103,0.38591068877402557,0.3549715525695414,0.4242327365303055,0.6966533466533467,0.5828571428571429
text535AH,3,Yahoo,en,0.43732278600580127,0.4481808449607636,0.34394610665397907,0.44253903648145754,0.7403724747474747,0.7970238095238096
text1632T,3,Yahoo,en,0.43228078539561454,0.5173857253857252,0.3558142728313727,0.4395596833152845,0.814484126984127,0.8388888888888889
text98T,3,Yahoo,en,0.45761743306264124,0.3616321771645601,0.35462798729443457,0.4643488965289671,0.7710884353741496,0.8095238095238094
text1773T,3,Yahoo,en,0.4943284666500593,0.47908081501831506,0.37399756251540206,0.5283501826270303,1.0,1.0
text908SC,1,Yahoo,en,0.4301380008639915,0.5348059768514314,0.3687427615449738,0.4328295877524621,1.0,1.0
text1174T,2,Yahoo,en,0.4799293613235877,0.46736923207511444,0.3458783579119056,0.45576494689825325,0.647483527824085,0.5433455433455433
text73T,1,Yahoo,en,0.4852101862202762,0.39972996032488006,0.34081636278316474,0.43777683156959785,0.733080808080808,0.6345238095238095
text232SC,1,Yahoo,en,0.43703636887994773,0.48770933558167584,0.3465684377856749,0.4215437373911627,0.8015873015873015,0.7111111111111111
text488PG,1,Yahoo,en,0.45072083802912116,0.33630813630813644,0.3613148539659786,0.4159943469280395,0.6982417582417584,0.5230952380952382
text1921FR,1,Yahoo,en,0.4675857045149906,0.36834266346358174,0.364271503434022,0.4156405857297358,0.7009496676163343,0.7417989417989418
text293FR,3,Yahoo,en,0.48412908959027345,0.510990440768834,0.3514497253367539,0.4152271180067514,0.7121527777777779,0.6541666666666666
text61NE,1,Yahoo,en,0.4557034080291297,0.32921950158941105,0.352045001474521,0.46554437436601465,0.7568027210884354,0.5714285714285714
text1101FR,1,Yahoo,en,0.424152255715829,0.3791249521855051,0.292790305006538,0.39934039351654965,0.5496338632054034,0.4430461073318216
text680FR,1,Yahoo,en,0.47975062909747596,0.42919668051247006,0.35292128147576407,0.4764687885352621,0.5809567774884168,0.45130718954248367
text867PG,1,Yahoo,en,0.46005557643085787,0.3484008512854666,0.34068050795338356,0.49312131942275467,1.0,1.0
text1258PG,2,Yahoo,en,0.4448344721023898,0.46177043686838226,0.34095928804082853,0.4330183266685306,1.0,1.0
text910AH,2,Yahoo,en,0.4613171319704936,0.4017576813491354,0.3525234865572922,0.45858232074849953,0.6206498804469819,0.5560846560846561
text965FR,1,Yahoo,en,0.4569167502253844,0.46601908452594937,0.3581119048375811,0.38712750644938493,0.7676870748299319,0.719047619047619
text267NE,1,Yahoo,en,0.46212489697620834,0.45972274690762066,0.3325858999088269,0.4442264429629567,0.6895654345654345,0.6628571428571429
text1926T,3,Yahoo,en,0.42690672236960187,0.4613085496064218,0.35647764066170357,0.44384640279258236,0.7296085858585859,0.7291666666666666
text766AH,1,Yahoo,en,0.4774831934592108,0.3848106844422633,0.3507677946071585,0.4100264999502244,0.9199999999999999,0.9
text1868FR,3,Yahoo,en,0.48432174563797437,0.41718928493438284,0.3392440293657077,0.4172848354022088,0.8065476190476191,0.8222222222222223
text689T,2,Yahoo,en,0.49092802002114727,0.4529192764486883,0.38260204342567006,0.4851939739338553,1.0,1.0
text606T,1,Yahoo,en,0.42567154906707055,0.4675325102971116,0.2943262284968954,0.41486583594682763,0.5908472758747112,0.6722222222222222
text1351AH,3,Yahoo,en,0.43876638861837447,0.45967932034731634,0.3461490954783352,0.4621873318843129,0.8015873015873015,0.7111111111111111
text443T,1,Yahoo,en,0.4212776437771426,0.37603466804588054,0.35517241336295086,0.3988767971869165,0.8015873015873017,0.7111111111111109
text1461T,3,Yahoo,en,0.4754706181420802,0.384870772846005,0.35098738163140814,0.4510820124676054,0.9199999999999999,0.9
text498AH,1,Yahoo,en,0.4574241657017845,0.3499898157674826,0.34588310718446835,0.3983309640895637,0.7355113636363636,0.7095238095238096
text415SC,3,Yahoo,en,0.4718908765836529,0.44223012325023436,0.3465691981189124,0.46517086636474564,0.5593151686937265,0.410530303030303
text1176FR,1,Yahoo,en,0.5619535613542153,0.5827712077712077,0.3464926269285279,0.41732472754000266,0.8095238095238094,0.8666666666666667
text888FR,2,Yahoo,en,0.5037184812760528,0.4097536176728723,0.3596518118357283,0.42094063486312505,0.7002183002183001,0.5851851851851851
text1844FR,2,Yahoo,en,0.4880809025736349,0.44057424057424055,0.35861093312594544,0.4275892804830822,0.7761904761904762,0.819047619047619
text68PG,2,Yahoo,en,0.4607503092721567,0.5340711427089134,0.35083156184826064,0.46307280451785926,0.7149788483121816,0.6285714285714286
text134PG,1,Yahoo,en,0.4369574462988326,0.3458479545572039,0.35710893327064397,0.4625972630432991,0.6158935037439042,0.5721320346320345
text156PG,2,Yahoo,en,0.45463265227669575,0.47244338771745187,0.3524555779254263,0.44854894613765184,0.7327020202020202,0.7166666666666667
text1981AH,3,Yahoo,en,0.43843978875630496,0.4233857476919676,0.347616297048298,0.4485952166435926,0.8015873015873017,0.7111111111111109
text1694SC,1,Yahoo,en,0.42772928363370044,0.36674241212625786,0.3718259545891066,0.4053471008315454,0.6312482634687603,0.4537414965986395
text1880PG,3,Yahoo,en,0.4367537723911121,0.4076040698589717,0.35704909827790576,0.41586333896991184,0.765986394557823,0.7999999999999999
text16PG,1,Yahoo,en,0.5292036629583612,0.44569301666075867,0.360610681120965,0.3986168678146489,0.814484126984127,0.8388888888888889
text560AH,1,Yahoo,en,0.4752986570881214,0.49124911261708715,0.34139192461736834,0.4637974972803299,0.8065476190476191,0.8222222222222223
text198AH,3,Yahoo,en,0.48901761344101746,0.421119092547664,0.3901484750317334,0.45579662828267015,0.7271780303030303,0.575
text1282FR,3,Yahoo,en,0.5008565635234178,0.41917497706971385,0.34328160769219174,0.4370925437126132,0.7074775224775226,0.764920634920635
text1713PG,1,Yahoo,en,0.44941814834267046,0.3866879332788423,0.3475921702749781,0.4367132993654106,0.7040521978021979,0.6792857142857144
text875PG,1,Yahoo,en,0.4786428298197991,0.4894825026403973,0.3888446220156727,0.4390911655411942,0.9199999999999999,0.9
text548AH,1,Yahoo,en,0.4232499134286823,0.5107342905639084,0.3341357442766831,0.48562128406818905,0.7170879120879121,0.8022222222222222
text334T,3,Yahoo,en,0.4170315173966827,0.4248399438364441,0.34570540917685566,0.4506194414870564,0.6359207580233291,0.5333333333333333
text1792PG,3,Yahoo,en,0.48569526087608794,0.40345448456062266,0.3696727934538995,0.4867528828580139,0.9199999999999999,0.9
text1929AH,3,Yahoo,en,0.45387453622785695,0.3824050972607848,0.33405896155230774,0.47890827297061206,0.8015873015873015,0.7111111111111111
text1556T,3,Yahoo,en,0.4786939873799547,0.44296093465501346,0.3328107486296595,0.4814330761903227,0.7145833333333333,0.6333333333333333
text204SC,3,Yahoo,en,0.5308346696992484,0.6191392352423066,0.34949216688882295,0.46252729682398924,0.621652208140728,0.5083333333333334
text635AH,1,Yahoo,en,0.457430038733362,0.37265240595072513,0.35082358322317725,0.42176870242911435,0.7687074829931974,0.7238095238095239
text701SC,1,Yahoo,en,0.48206199492565077,0.515743797825841,0.32554030531280476,0.415752559959721,0.9199999999999999,0.9
text1752PG,1,Yahoo,en,0.49010548229778333,0.47966633243641543,0.35073647040926614,0.4304792361217149,0.7653061224489796,0.7333333333333333
text257T,3,Yahoo,en,0.45427131740102367,0.4113089161748547,0.33674028805850686,0.48398278087502294,0.7237330570663905,0.694973544973545
text1601AH,3,Yahoo,en,0.47037627433859425,0.45303838673403896,0.3642000550985098,0.4132059781176355,0.6433891612200436,0.6292328042328043
text1250FR,1,Yahoo,en,0.4609485254650002,0.35830992649837473,0.36668380831815195,0.40328817807439926,0.7152896486229819,0.6158730158730159
text235T,1,Yahoo,en,0.46351633381278856,0.5737936040567618,0.37462094556478076,0.5586921232001627,1.0,1.0
text957AH,2,Yahoo,en,0.45324280031251224,0.396233347549137,0.3571912514213758,0.4354945497428481,0.7676870748299319,0.7952380952380953
text828NE,1,Yahoo,en,0.5150565091422714,0.5068196248196248,0.32836630700077085,0.5122600334426675,0.6730819180819181,0.7126190476190476
text1539NE,2,Yahoo,en,0.5247059268997795,0.34817135726226633,0.32955661178707574,0.484767111129362,0.9199999999999999,0.9
text1695PG,3,Yahoo,en,0.4681283343854943,0.4721198562249874,0.3277739935924509,0.46961932347258944,0.7355113636363637,0.6595238095238095
text659SC,1,Yahoo,en,0.4920047592758573,0.4166689056445417,0.3534428282563295,0.429518378399897,0.596102581801497,0.48258636788048553
text1027AH,1,Yahoo,en,0.412683972654138,0.3819946160282294,0.35879408188003953,0.44083092714240496,0.6539187936246761,0.512987012987013
text923FR,1,Yahoo,en,0.48401153510878253,0.42959946749996425,0.3567113326443739,0.39737634960269314,0.7710884353741497,0.8095238095238094
text49SC,2,Yahoo,en,0.5220818420043012,0.4683567461345238,0.3385962050108033,0.5135999990076152,0.7162660256410256,0.6916666666666667
text1467FR,1,Yahoo,en,0.4942419271239528,0.40565383838811325,0.34142158553123786,0.47086017330566754,0.6880819180819181,0.5642857142857143
text1368T,3,Yahoo,en,0.424522698889292,0.44560222915215403,0.33179717142526244,0.4617920678717173,0.814484126984127,0.8388888888888889
text1019PG,1,Yahoo,en,0.4450178014959081,0.4158193594179752,0.33673414616733194,0.4370088756133528,,
text208AH,3,Yahoo,en,0.4395875181868073,0.4600966038914373,0.33596970505913626,0.45720421723473564,0.6239600481927848,0.7006493506493506
text1852PG,3,Yahoo,en,0.49909120872535034,0.3901515828345097,0.33983777811430715,0.4316071584111562,0.8015873015873015,0.7111111111111111
text862NE,1,Yahoo,en,0.48526462622248506,0.46671557697772514,0.393092216314762,0.4471443266517365,0.8065476190476191,0.8222222222222223
text707AH,3,Yahoo,en,0.44499693580550315,0.4615719076245391,0.35643888808809154,0.41401208578817833,0.7313131313131314,0.6345238095238096
text899T,1,Yahoo,en,0.45546055426190907,0.45065174476939157,0.34304736800114105,0.4085138331285121,1.0,1.0
text1249T,3,Yahoo,en,0.4296113260380019,0.5713739464436757,0.34837308498247366,0.4241733580917638,0.7653061224489796,0.7095238095238096
text695PG,3,Yahoo,en,0.4489623111136383,0.4279262515700797,0.35482780913216033,0.43397388100923,0.720464257964258,0.7125
text1383NE,1,Yahoo,en,0.46377932369591424,0.42454877003896613,0.35016833575110706,0.4673129221099048,0.7361742424242423,0.780357142857143
text1930AH,1,Yahoo,en,0.4508373243849417,0.4867739242110371,0.3360139541596563,0.43479669125854714,0.8015873015873015,0.7111111111111111
text1284SC,3,Yahoo,en,0.4434786942118036,0.43343337422035105,0.33690220257321174,0.41690231569629277,0.6154097496706192,0.5276190476190477
text1303PG,3,Yahoo,en,0.49120659685836726,0.40599434730450756,0.3549892218169417,0.4262374583278911,0.720464257964258,0.7833333333333332
text1593SC,1,Yahoo,en,0.4617112404714996,0.35292568660301715,0.35199880381753446,0.4161894575372092,0.9199999999999999,0.9
text663AH,2,Yahoo,en,0.48919831367071703,0.4762086163954806,0.38512379744854525,0.4914624055944024,0.9199999999999999,0.9
text605FR,1,Yahoo,en,0.44688581567184904,0.4387901986517904,0.3476488986985506,0.4546157463274034,,
text327PG,1,Yahoo,en,0.5243204789545867,0.4519853128417143,0.3606842535191904,0.447006664936021,0.7296085858585859,0.6083333333333333
text124PG,1,Yahoo,en,0.45564520316268975,0.39175413668877695,0.34227544698589507,0.459763604987443,0.7075393742060407,0.6444444444444445
text1963FR,1,Yahoo,en,0.45986792925432946,0.4419953033032259,0.34803773293679435,0.44836445502945255,0.6461651985355547,0.5507936507936507
text1003SC,3,Yahoo,en,0.5130328696984648,0.549477268221263,0.3411650219323958,0.45509244600285625,0.7653061224489797,0.6476190476190476
text224T,1,Yahoo,en,0.4982921574972333,0.3328404794468142,0.36315556030122803,0.44859080596124157,0.7653061224489796,0.7095238095238096
text1900NE,3,Yahoo,en,0.4641395748808307,0.3810671468789473,0.3398829705647266,0.41571504646549784,0.6910302197802198,0.61
text904SC,3,Yahoo,en,0.4703196980644682,0.4201708187987388,0.3477073064393108,0.44497391742035985,0.7653061224489796,0.7095238095238096
text6AH,1,Yahoo,en,0.4978035506841785,0.378928316128316,0.3494352743963667,0.46565007501709194,0.8095238095238096,0.8666666666666666
text214SC,3,Yahoo,en,0.45679680715152404,0.4276977164623668,0.33079726765021356,0.47156091444927734,1.0,1.0
text408AH,1,Yahoo,en,0.4574091303161351,0.4235240658034774,0.35749037193593974,0.43069076528430733,1.0,1.0
text1955SC,1,Yahoo,en,0.4650372206442165,0.49015054015054,0.3567121802870118,0.4435768953746079,0.7687074829931972,0.7238095238095238
text320PG,1,Yahoo,en,0.44990269017184553,0.43383934659997214,0.36062909374526814,0.40645107991020385,0.7568027210884354,0.6238095238095239
text1750PG,3,Yahoo,en,0.45142736117916993,0.4544055481555482,0.34503711207669224,0.4497930890659523,0.7710884353741497,0.8095238095238094
text1611T,1,Yahoo,en,0.463229468161194,0.4014845614157902,0.3564536790675088,0.441996323508627,0.6484150114082706,0.6417027417027417
text652T,1,Yahoo,en,0.41259375025701817,0.4619226676316459,0.3222138854027634,0.5216741379294162,0.6389026865807051,0.5150183150183151
text112FR,1,Yahoo,en,0.45692272832087294,0.42838155634310093,0.36200479907356653,0.4271035896646462,0.5643813040586622,0.4806349206349207
text1094PG,1,Yahoo,en,0.49380469382328385,0.36279744220920684,0.3967760249480814,0.4808983210314525,1.0,1.0
text1114SC,2,Yahoo,en,0.48613907295349956,0.41053497197349487,0.3492738281577688,0.3922879801384343,0.9199999999999999,0.9
text191T,2,Yahoo,en,0.5277784063906676,0.4747386897119518,0.32525306040033547,0.47332386888804756,0.7710884353741496,0.8095238095238095
text890T,2,Yahoo,en,0.48163676916353027,0.45963406678360946,0.34362913065288325,0.41838206530782573,0.9199999999999999,0.9
text765SC,3,Yahoo,en,0.4581847285507927,0.3762403371213036,0.3498333510898625,0.4382351513523866,0.7032467532467532,0.6121428571428571
text1471NE,1,Yahoo,en,0.4750661793258792,0.46486692320025647,0.3614447594912268,0.4305814355334895,0.7710884353741497,0.8095238095238094
text172NE,1,Yahoo,en,0.48441237814903104,0.4156832185901953,0.3588251527254919,0.40912917577633223,1.0,1.0
text388PG,3,Yahoo,en,0.4801370430539035,0.5121542369861697,0.34110565447893126,0.46301119453684986,0.7710884353741496,0.8095238095238094
text1637NE,3,Yahoo,en,0.4941354446879699,0.34397644397644395,0.38891001812385645,0.45823701244156156,,
text801AH,1,Yahoo,en,0.4865547011323755,0.4687741271074606,0.3789280729846551,0.47115023642115517,0.7139204545454545,0.7
text248NE,1,Yahoo,en,0.4628042771760963,0.389101035957761,0.34569204157248373,0.4517939959600851,0.7047076380409715,0.6582010582010581
text105NE,1,Yahoo,en,0.48640183294105893,0.44634074634074616,0.39835031770049906,0.44700275602088396,0.9199999999999999,0.9
text675PG,2,Yahoo,en,0.5045610199050956,0.4842607112775179,0.34077426871397887,0.4260065789882325,0.8065476190476191,0.8222222222222223
text267FR,1,Yahoo,en,0.4552027943134277,0.48734335465104694,0.3720200632174694,0.4152700238043436,0.7228948135198134,0.7791666666666667
text411SC,1,Yahoo,en,0.47420718340924933,0.40732140894844265,0.33645855019667115,0.47246345046676863,0.8144841269841271,0.8388888888888889
text656SC,2,Yahoo,en,0.4820003614623883,0.37986837011227265,0.32507983701301285,0.4461426928836309,0.7676870748299319,0.7952380952380953
text670SC,3,Yahoo,en,0.5020153571622574,0.47132589632589633,0.40579413960790367,0.46594292484796573,0.7936507936507936,0.611111111111111
text1086SC,1,Yahoo,en,0.42339941209325055,0.3858901893657309,0.35451325440713594,0.4293169414888722,0.6818472703766821,0.5309523809523811
text887PG,3,Yahoo,en,0.47599225244273985,0.4769848976455919,0.3925191293795533,0.48083149239992373,0.7936507936507936,0.611111111111111
text1629T,1,Yahoo,en,0.47466650171169944,0.4651633986928104,0.34171799016956966,0.4266965257286403,0.7676870748299319,0.7952380952380952
text353T,3,Yahoo,en,0.4098682829339609,0.3942306148069423,0.3414659326292568,0.46173031905470885,0.7255830589163923,0.7595238095238095
text1003PG,1,Yahoo,en,0.4462804145964258,0.4179553289847407,0.3371475016781256,0.4503916660027468,1.0,1.0
text671FR,2,Yahoo,en,0.5042922648796319,0.3949731405196993,0.41753642456809753,0.44398083520583365,0.7247474747474747,0.6166666666666666
text870SC,3,Yahoo,en,0.4402049975940812,0.46983240501042356,0.3417470150390241,0.4830961054389922,0.7285037878787879,0.625
text1316SC,2,Yahoo,en,0.4902583418520447,0.41200069096402453,0.4191932683147237,0.4726613851539646,0.8065476190476191,0.8222222222222221
text85NE,1,Yahoo,en,0.3956959531443016,0.465112793938133,0.35469188432634174,0.44270224097868893,0.6577621724680548,0.558874458874459
text480NE,1,Yahoo,en,0.4847442616769283,0.4387471925492011,0.3621619917114146,0.40543644239002674,0.6966533466533467,0.5209523809523808
text84T,1,Yahoo,en,0.4222647668676693,0.48241720319282627,0.34170943070399884,0.4561794159418793,0.6620554024578793,0.48578042328042326
text1775T,1,Yahoo,en,0.4510126677898696,0.45995366674792504,0.3446260398501484,0.4852238551810838,0.7224405224405225,0.7293650793650793
text376T,2,Yahoo,en,0.4941534654364027,0.423346554568274,0.39366962216450413,0.4623398099591061,0.8015873015873015,0.7111111111111111
text188AH,2,Yahoo,en,0.4204423804600132,0.49583605249239926,0.34158329433549534,0.46826516157055453,0.7121471121471122,0.5555555555555556
text859NE,3,Yahoo,en,0.4714834041123241,0.46912709213810794,0.35303249266812553,0.45181459472802166,0.7313131313131314,0.6553571428571429
text1574AH,2,Yahoo,en,0.46555769317708706,0.41504588986654983,0.3963775768564685,0.45358613290743593,0.7452690166975883,0.7857142857142857
text928FR,1,Yahoo,en,0.49908215085356505,0.42288343144744533,0.32460855887884643,0.4333707502548724,0.7296085858585858,0.6041666666666666
text1437PG,1,Yahoo,en,0.5127086553120146,0.41447793148880113,0.357570022994429,0.4319700321416542,0.6902874902874904,0.6851851851851851
text1196AH,3,Yahoo,en,0.4694054634111689,0.4989372370054188,0.35666045817693365,0.4569004150346156,0.6895654345654345,0.5871428571428571
text823PG,2,Yahoo,en,0.49564593316124905,0.4064755879041594,0.3424794828745926,0.45179250649463143,0.6299403021442496,0.5496031746031745
text1838PG,1,Yahoo,en,0.43121420291505125,0.3288083834263099,0.293091464371104,0.39549493069967345,0.7152896486229819,0.6137566137566137
text1980SC,3,Yahoo,en,0.4423739214621811,0.4055557688147819,0.3610884763425975,0.42950863005758594,0.7296085858585859,0.6583333333333333
text1225FR,1,Yahoo,en,0.4701494901087188,0.5382833659466519,0.35672026674208285,0.4178699069243416,0.6536115103936311,0.40317460317460313
text1290NE,1,Yahoo,en,0.49499776162946896,0.38493525967210185,0.36916511860807466,0.40317816378830074,0.7139204545454545,0.7
text179NE,2,Yahoo,en,0.46546479871987795,0.4369821064919103,0.40715240629087,0.43419205630839525,,
text1194T,3,Yahoo,en,0.5143980267165514,0.38402088107970456,0.3495813014694615,0.454517230954673,0.8015873015873015,0.7111111111111111
text765AH,1,Yahoo,en,0.433650279100956,0.42039433757010947,0.3293454338982117,0.4728510540058189,0.7015651015651017,0.6777777777777777
text151NE,1,Yahoo,en,0.4560398862335151,0.364438601231054,0.3353428138577935,0.4210999478308705,0.7015984015984016,0.5776190476190476
text1278NE,1,Yahoo,en,0.47115220443166844,0.4344924015378559,0.36763982423990965,0.4210307610114923,0.7254103535353535,0.5083333333333333
text1036T,1,Yahoo,en,0.5336930966069466,0.3528555186643423,0.3522391609462806,0.45387900242414114,0.7676870748299319,0.7952380952380953
text1633FR,1,Yahoo,en,0.46748251469081875,0.3131847356446285,0.3568995712029841,0.5016113932888763,0.7139428472761806,0.575132275132275
text1430NE,3,Yahoo,en,0.42905668921708867,0.4547722461845429,0.3333445671891487,0.44404558844702374,0.7254103535353535,0.6875
text806NE,1,Yahoo,en,0.48701224093943474,0.4141771528135167,0.4054213413671373,0.42864814939660384,0.8095238095238096,0.8666666666666666
text1526SC,1,Yahoo,en,0.4996191138502937,0.38577212193491267,0.3525023610043597,0.3996704634366613,0.7710884353741496,0.8095238095238095
text857NE,1,Yahoo,en,0.48274891218457594,0.5143874483839882,0.3518886093856916,0.44159022866166975,0.6221217661879258,0.6430272108843538
text1978T,1,Yahoo,en,0.49956442533056433,0.40474000582711517,0.37580295043502226,0.40836722247663587,1.0,1.0
text842T,2,Yahoo,en,0.4309287415334739,0.4942010702364454,0.33430194212253267,0.4702514699339057,0.7066533466533467,0.6782539682539682
text654SC,3,Yahoo,en,0.5017393916968762,0.46614032420668583,0.33934338159593286,0.4340605975121251,0.7568027210884355,0.5761904761904761
text920FR,3,Yahoo,en,0.4515333722808615,0.46814897759245583,0.3549098241868231,0.42455235701996397,0.7602040816326529,0.6476190476190476
text81AH,3,Yahoo,en,0.4712105620163947,0.4143003812736254,0.3273119977367962,0.4581379032552572,0.814484126984127,0.8388888888888889
text701FR,1,Yahoo,en,0.46326044937792016,0.39927321469944965,0.3633073423127367,0.4108059746385586,0.720464257964258,0.775
text1476T,2,Yahoo,en,0.4569279403754896,0.47006502428701286,0.367619152433666,0.438884654882473,0.6618659118659118,0.6482683982683983
text457FR,1,Yahoo,en,0.4776267508378967,0.4101449340709897,0.3557675614322972,0.4253777343873669,0.6525419025419026,0.4623376623376623
text1647T,3,Yahoo,en,0.4755417611390852,0.5026517709391335,0.3256022818261622,0.4942194726112787,0.6966824352118469,0.6792857142857142
text1493AH,3,Yahoo,en,0.4965053336015878,0.3536562536562536,0.33694942489720586,0.4826973109818516,0.7344065656565657,0.7761904761904762
text768AH,2,Yahoo,en,0.5052859253520704,0.4197768807524905,0.4017889328712665,0.43197584348998225,0.7534013605442176,0.47619047619047616
text110AH,3,Yahoo,en,0.4790597166619335,0.3846691809007985,0.3396636304563507,0.4338579056931003,0.9199999999999999,0.9
text684AH,2,Yahoo,en,0.4489598311542314,0.4735610282258294,0.32535420996966596,0.5221331879299846,0.7033608366941702,0.5804232804232803
text564T,1,Yahoo,en,0.48812882718532513,0.4206997557414841,0.3652981322942679,0.42946026838397405,0.7653061224489796,0.7095238095238094
text958PG,1,Yahoo,en,0.49074972246240905,0.4010624654263505,0.3566623297845,0.40600355621677786,0.7229797979797981,0.6166666666666667
text819PG,1,Yahoo,en,0.505483592446912,0.4182108834209675,0.3825228314363214,0.4767004794955765,0.9199999999999999,0.9
text1238SC,1,Yahoo,en,0.431670325009048,0.43012360124505855,0.36280148104919296,0.4157551299271153,0.6495523740105784,0.674025974025974
text1305AH,3,Yahoo,en,0.4362783894229335,0.43987607003518286,0.3345359648430985,0.4596010877121344,0.8065476190476191,0.8222222222222223
text1958AH,3,Yahoo,en,0.42385624068481426,0.29423697016289596,0.3438305581663152,0.4637237493024623,0.7795918367346939,0.8238095238095238
text269FR,1,Yahoo,en,0.529149126606481,0.47033429770002666,0.34839166109822245,0.443061924973839,0.7017632367632369,0.574047619047619
text422T,1,Yahoo,en,0.4413512035635314,0.5195584860650887,0.34458537943263023,0.44260786158640614,0.9199999999999999,0.9
text12SC,1,Yahoo,en,0.486522826358448,0.5112748362748365,0.3454776041159353,0.433800813227925,,
text1405SC,3,Yahoo,en,0.3942057040590975,0.44252087155710584,0.33214745595598744,0.47320634150761687,0.7035037878787879,0.7625
text315FR,3,Yahoo,en,0.4353156926933805,0.45315800865800837,0.35841145914635303,0.471604468544483,0.6676534250063663,0.504978354978355
text604PG,1,Yahoo,en,0.49201254005766687,0.39606830916119445,0.3422530563470513,0.4461778716565878,0.6575262972321796,0.6303030303030304
text1377T,3,Yahoo,en,0.48913904704682704,0.3909132137703567,0.39963105286508943,0.4614092224042612,1.0,1.0
text545T,3,Yahoo,en,0.4540853644561684,0.39412076518919265,0.31903847307797223,0.4458736636660903,0.7313131313131314,0.717857142857143
text903SC,1,Yahoo,en,0.4480699783372224,0.4122049921282656,0.34612751583048,0.47693839409133115,0.6662504162504163,0.4848484848484848
text1199T,3,Yahoo,en,0.4565470910560943,0.4275063101150057,0.33838285991609357,0.4786678545719775,0.7676870748299319,0.7952380952380953
text173SC,2,Yahoo,en,0.4374265944512102,0.5235740584814712,0.34992351027079255,0.4516097753984559,0.5843638704931345,0.44100529100529107
text1238FR,2,Yahoo,en,0.4267618474456334,0.32361889326663607,0.35403535108129763,0.431986150445484,0.8015873015873015,0.7111111111111111
text1180FR,1,Yahoo,en,0.49247951814775925,0.43080380267880264,0.3525134925273377,0.3731867918290373,1.0,1.0
text128SC,1,Yahoo,en,0.4489440012714568,0.43064657468687384,0.32945009060786956,0.42612199912203286,,
text1374T,2,Yahoo,en,0.4553492960572208,0.3781896528410062,0.3620566746058878,0.4663099443704253,0.6584815993722877,0.7515928515928514
text1514PG,1,Yahoo,en,0.4501497076971314,0.38171193885479593,0.35865911331165656,0.4355185664948655,0.66243586135227,0.714935064935065
text451FR,3,Yahoo,en,0.45779239233942665,0.40600006811079453,0.36567065938929355,0.38738570848344356,0.7015984015984017,0.6754761904761905
text1913PG,3,Yahoo,en,0.46347174046581535,0.32181910923740975,0.3515099486762737,0.4527731653481182,,
text556PG,3,Yahoo,en,0.4778355039824409,0.425767437362832,0.3384480919527622,0.45513284941059495,0.7936507936507936,0.611111111111111
text352T,3,Yahoo,en,0.484830798370607,0.46789641890072287,0.3700747089056073,0.4217094916185023,0.699845154845155,0.5352380952380952
text1865T,3,Yahoo,en,0.430487169982529,0.46109936626321907,0.3359161933439179,0.48540354611453557,0.6620655380910798,0.6944444444444445
text1089AH,3,Yahoo,en,0.4346028968255022,0.3811536317094495,0.3474563866459421,0.4477110487119944,0.6117739244954832,0.6291756854256855
text1498SC,1,Yahoo,en,0.4473313979717199,0.3788269941882744,0.34153426798960845,0.417274680858298,1.0,1.0
text1876NE,2,Yahoo,en,0.45534107555835535,0.376882015672566,0.35568428547175596,0.4459022351661613,0.6467987207151293,0.6816017316017317
text1280FR,3,Yahoo,en,0.4606303584821848,0.563019203019203,0.3816453327501712,0.4989150327827867,0.8015873015873015,0.7111111111111111
text266PG,3,Yahoo,en,0.4299084976666182,0.4912258362718249,0.3462778448112886,0.44712124360715844,0.720464257964258,0.7083333333333333
text29T,3,Yahoo,en,0.4588199580463356,0.5287487974987974,0.38754292217357256,0.48202171051940534,0.8095238095238094,0.8666666666666667
text1110T,1,Yahoo,en,0.5694682322979853,0.7269625807015836,0.3525262322152166,0.452199640090529,0.7761904761904761,0.819047619047619
text1832FR,1,Yahoo,en,0.4415769387175295,0.4508331184066478,0.3612525016138635,0.42913803972397285,0.7296085858585858,0.6041666666666666
text1632SC,3,Yahoo,en,0.4867221548663453,0.3876942501942503,0.3643729532505761,0.3913176747380457,0.7653061224489796,0.7095238095238096
text1395FR,1,Yahoo,en,0.4866128492119784,0.4701650416766695,0.35205936740999155,0.47874686466211225,0.7071428571428571,0.7164285714285714
text467T,3,Yahoo,en,0.43604086626989147,0.42149192526551016,0.33864005616837817,0.4536061991885856,0.6595759761394436,0.554978354978355
text106PG,3,Yahoo,en,0.42556948465429406,0.4166121099590651,0.35034241059146665,0.4365377798631004,0.7194681861348527,0.6518518518518519
text1402PG,3,Yahoo,en,0.4112200731847432,0.3900228916128873,0.3445176732945229,0.45890509153037906,0.727840909090909,0.5916666666666667
text1472PG,1,Yahoo,en,0.47114317718503335,0.42671840354767177,0.34908207713748535,0.4358386765907154,0.7625850340136054,0.7095238095238096
text105T,1,Yahoo,en,0.4630120609032783,0.46643934645271534,0.3330391276415438,0.4773867842248092,0.6981143856143855,0.6790476190476191
text1767NE,3,Yahoo,en,0.46858038288419834,0.48581126146833264,0.30731635656048495,0.48182047926347243,0.7361742424242425,0.7886904761904762
text1417AH,1,Yahoo,en,0.46037306598692074,0.34228276964126014,0.3501415817562978,0.44095815938193744,0.7452690166975883,0.7857142857142857
text1494FR,3,Yahoo,en,0.4278820109142647,0.38730313044535675,0.3724879408527305,0.4159484829416825,0.6314541471749711,0.6007122507122509
text1558AH,3,Yahoo,en,0.43492067689693326,0.47363521177199736,0.295303838376558,0.449418539464574,0.6412922113289762,0.5750000000000001
text1367FR,1,Yahoo,en,0.4730880909035056,0.45919875578966474,0.3391688328596763,0.4528486304315963,,
text1794NE,2,Yahoo,en,0.46402443798103904,0.362457668442247,0.31969065774314603,0.4873507099303346,0.647609526266647,0.5652777777777779
text1213FR,1,Yahoo,en,0.4545427350187685,0.3735188690700873,0.36107525695996234,0.42789472298782594,0.6810230945525063,0.6590476190476189
text1997FR,3,Yahoo,en,0.5495067200280546,0.5563358935326898,0.34964685372617077,0.4275006400378675,0.7313131313131312,0.6636904761904762
text182FR,1,Yahoo,en,0.42016501049986804,0.47145162715889394,0.3610784706439968,0.4166172771315457,0.716325649658983,0.6698412698412699
text1211AH,3,Yahoo,en,0.44438596418469956,0.38238760025234464,0.3535064741694486,0.46636815143807464,0.7271780303030303,0.625
text1048NE,1,Yahoo,en,0.4892582603039301,0.41326909401072087,0.4113194383577486,0.4311102560785215,0.9199999999999999,0.9
text297T,2,Yahoo,en,0.4639914011269166,0.4147261468690039,0.3258578554835208,0.5072895292850912,0.7452690166975883,0.7000000000000001
text1848AH,1,Yahoo,en,0.4807891029378173,0.42658481869008186,0.38017241644147803,0.521598323779159,0.7355113636363636,0.7095238095238096
text1436PG,2,Yahoo,en,0.4855585874055244,0.4504894056751642,0.4070676606579998,0.4616098929053992,1.0,1.0
text1421FR,3,Yahoo,en,0.4885431558433218,0.4487574154240821,0.34777530427661635,0.45011825911797415,0.7271780303030303,0.6291666666666668
text864AH,3,Yahoo,en,0.46419981723593656,0.4062823666390625,0.34301496879858606,0.42324132939670017,0.8065476190476191,0.8222222222222223
text1397NE,3,Yahoo,en,0.4221588030369054,0.33055988014377974,0.35879189237716247,0.42274883703576815,0.7602040816326531,0.6476190476190476
text589AH,3,Yahoo,en,0.48186634291135383,0.4127514393818742,0.34491095539964584,0.4176182955294357,0.7059343434343435,0.7666666666666667
text60T,2,Yahoo,en,0.4815302294989405,0.3610970295544126,0.34347586995527096,0.45197855624558514,0.9199999999999999,0.9
text1410T,3,Yahoo,en,0.4919873787728488,0.3811231722885859,0.3939863090673612,0.48694568211178746,0.9199999999999999,0.9
text1342NE,2,Yahoo,en,0.4595870200363376,0.3637088830493463,0.3567096169583004,0.4585288195522432,0.6382000576710497,0.5806471306471308
text1571PG,1,Yahoo,en,0.4783348845342027,0.4414653664653664,0.4124478890972497,0.41809833632227295,,
text1586AH,3,Yahoo,en,0.49062784546847504,0.4630138595254873,0.3453850028267304,0.4262752633374258,0.733080808080808,0.6845238095238095
text499NE,1,Yahoo,en,0.47363437288041427,0.4342046579759246,0.3703801962432133,0.40909311682954613,0.814484126984127,0.8388888888888889
text1776AH,2,Yahoo,en,0.4294545305646299,0.44565480893829496,0.37819888101099775,0.4626359714899079,0.8015873015873017,0.7111111111111109
text1863T,2,Yahoo,en,0.45772471896684985,0.39715161518713116,0.3448607800470147,0.501537849510173,0.6624298577955698,0.55244708994709
text1628PG,1,Yahoo,en,0.4860312308117057,0.3850951488092391,0.36825550920640543,0.41997795282894235,0.6922817922817922,0.6518518518518518
text1298NE,1,Yahoo,en,0.4787454910850378,0.46737065048457327,0.34066856899961157,0.42708234080553187,0.7653061224489796,0.6476190476190476
text1577AH,3,Yahoo,en,0.4650319002279938,0.33224394413635905,0.3331902374393906,0.44645186869460596,0.6973126873126873,0.6209523809523809
text1823NE,1,Yahoo,en,0.45253507738580345,0.4010116435851729,0.36362656918952624,0.4059249572184549,0.7074775224775225,0.6606349206349206
text55SC,1,Yahoo,en,0.44129693814144577,0.4080317118778657,0.3387225012167236,0.4257946583442049,0.6704767306371584,0.6283549783549783
text656AH,3,Yahoo,en,0.4111302468298218,0.5115196571091017,0.34581757784435246,0.43820712264516076,0.6220965950349351,0.4341836734693878
text831PG,2,Yahoo,en,0.4160719196053217,0.4907496087626559,0.3481484624404323,0.4265001508593983,0.7181213847880514,0.6005291005291005
text1625T,3,Yahoo,en,0.44631359557687716,0.3719660045836517,0.35419041893940734,0.4603600963359693,0.7568027210884354,0.5714285714285714
text1804NE,1,Yahoo,en,0.43826605931410834,0.40863818363162435,0.2880941788097129,0.4865860805515178,0.6421276092328724,0.5991341991341991
text1654FR,3,Yahoo,en,0.5123062001302686,0.5159922649776599,0.3526148045174281,0.4397866940454814,0.7236426767676768,0.5874999999999999
text533AH,3,Yahoo,en,0.4552960117304174,0.4751090158933294,0.3430922345035,0.45784397701055424,0.7355113636363636,0.7303571428571429
text1872PG,1,Yahoo,en,0.41725243145890195,0.37374764222132617,0.3729191906413001,0.4152701282582526,0.633770357609367,0.6368131868131868
text1966FR,3,Yahoo,en,0.48225427716469055,0.3927661900774028,0.36336979584067614,0.41512037923372797,0.7229797979797981,0.6166666666666667
text141SC,3,Yahoo,en,0.4274654706826649,0.33302308292325883,0.3285410270511311,0.4489800917827125,0.5855177218980137,0.5480901451489687
text834NE,2,Yahoo,en,0.39883440128817416,0.4803596214586925,0.33212622315422335,0.4474471753753933,0.7073126873126874,0.7182539682539681
text1356PG,2,Yahoo,en,0.46375903867393015,0.37101117301213743,0.33553887870192983,0.48226144704051754,0.7212121212121212,0.5499999999999999
text1362AH,3,Yahoo,en,0.464943077053418,0.4611398949634244,0.34835682966036036,0.4584674008561892,0.7002183002183002,0.5555555555555556
text279AH,3,Yahoo,en,0.5245968160882319,0.5320861105620462,0.3242671576612136,0.4834796449377785,0.711489898989899,0.6250000000000001
text1227PG,3,Yahoo,en,0.4633321925877243,0.38994511831882067,0.3499746868065278,0.45956981600448243,0.7653061224489796,0.8285714285714285
text855NE,2,Yahoo,en,0.479675289172918,0.3580773231936023,0.31411705936222467,0.4635028749522375,0.6763440236234355,0.6661904761904762
text1015PG,2,Yahoo,en,0.4811049540756647,0.4610693500399383,0.3460428775915339,0.4316631564207608,0.720464257964258,0.7791666666666666
text301T,2,Yahoo,en,0.4900924485983376,0.4798043666464719,0.32039390014236063,0.4617818211036792,0.7254103535353535,0.5958333333333333
text1506T,2,Yahoo,en,0.48382796865386335,0.4444061424103441,0.3667750206092055,0.38935827979415916,0.7676870748299319,0.7952380952380953
text602FR,3,Yahoo,en,0.47450734369921854,0.3959058082107302,0.3448628967720062,0.45125951276120885,0.6532874127539525,0.5843822843822843
text1803AH,2,Yahoo,en,0.49034588267084817,0.4409877082145989,0.35794941477415215,0.44789966620501215,0.7653061224489796,0.7095238095238094
text872SC,1,Yahoo,en,0.47630607393036656,0.4239570970340202,0.3465891199419535,0.4607428365494505,1.0,1.0
text47PG,1,Yahoo,en,0.4456236589112244,0.4003926669132405,0.3608791273477393,0.4134391907001907,0.6855269730269731,0.668809523809524
text1099T,3,Yahoo,en,0.4879377344902505,0.46026871026871025,0.4086541989645594,0.4541441769925636,1.0,1.0
text948AH,3,Yahoo,en,0.4804402773893961,0.4304094609667365,0.34115636557332285,0.42403457491153396,0.8065476190476191,0.8222222222222223
text1513SC,1,Yahoo,en,0.4618076897518404,0.464475551454718,0.31760299483434684,0.4319337151759676,0.7653061224489796,0.6476190476190476
text57NE,3,Yahoo,en,0.4806837936496747,0.4238785204694295,0.32101255573389265,0.4042719423568694,0.7368371212121212,0.780357142857143
text1171T,1,Yahoo,en,0.42552891439777063,0.4873031902737782,0.3431704252077147,0.4668100460563363,0.7194681861348529,0.6703703703703704
text1201NE,3,Yahoo,en,0.49596407891545125,0.41379460875259205,0.3659683552556938,0.4386527133079425,0.7327020202020202,0.6625
text1449PG,2,Yahoo,en,0.4777952078463237,0.375770508003401,0.354447293314638,0.44545315367987215,0.7355113636363636,0.7303571428571429
text545SC,3,Yahoo,en,0.4207982847138837,0.43841667778009413,0.32930475332709497,0.46743941060974387,0.7247690581023913,0.7320105820105821
text153NE,2,Yahoo,en,0.4603175150624657,0.4077532349981909,0.35558241831112203,0.4144885590476012,0.7936507936507936,0.611111111111111
text1224AH,3,Yahoo,en,0.48461828047701355,0.49641902215431605,0.31916594537781295,0.51762840383305,0.7676870748299319,0.7952380952380952
text508PG,3,Yahoo,en,0.41738901738203055,0.4259539236380991,0.3217890026272584,0.455947864927457,0.7653061224489796,0.7095238095238096
text900PG,1,Yahoo,en,0.4856790246441041,0.3840682528465335,0.35097076642201525,0.43076352480318436,0.7653061224489796,0.7095238095238096
text1321AH,1,Yahoo,en,0.4556599392789994,0.38520636724046886,0.3694504907302002,0.36997639852391395,0.9199999999999999,0.9
text1301NE,1,Yahoo,en,0.4180656870678891,0.4514155458306755,0.2833870433743417,0.4104667454784118,0.547301570449235,0.4585598845598846
text6NE,2,Yahoo,en,0.48517097625577604,0.3791080618727677,0.410605505248679,0.4534179099628174,0.8095238095238094,0.8666666666666667
text1743AH,3,Yahoo,en,0.4867683122629057,0.4107448335218513,0.3602015589439145,0.44614133445311416,0.7149788483121816,0.6476190476190475
text1813T,2,Yahoo,en,0.4392015786829267,0.3851368328641054,0.3540354183730215,0.4664395202629778,0.7368371212121212,0.7428571428571429
text1684NE,3,Yahoo,en,0.49752868822193175,0.3601058995723839,0.3809602866857887,0.4687736845118031,0.7619047619047619,0.7428571428571429
text967FR,1,Yahoo,en,0.4296047106542149,0.431812927849817,0.3377949402336279,0.4231134431071122,,
text870NE,2,Yahoo,en,0.45581916825876967,0.3851738882032999,0.3388923510615907,0.4419584802844735,0.6867923253217372,0.7019047619047619
text795SC,3,Yahoo,en,0.46459741458588827,0.4588707550952448,0.3540595650742265,0.40217746834078716,0.8065476190476191,0.8222222222222223
text1741SC,3,Yahoo,en,0.4865031258586863,0.4828546005965363,0.38238184874770476,0.49746667489916746,0.9199999999999999,0.9
text1776SC,1,Yahoo,en,0.45905316003300534,0.4975130844878743,0.344392540234547,0.4664373977047308,0.6943868631368633,0.7335714285714287
text823AH,1,Yahoo,en,0.4535965243182158,0.38811455939602385,0.35772617906757886,0.4563955750493274,0.6551259198318022,0.5982683982683983
text1959NE,2,Yahoo,en,0.43272665565661894,0.4840656518622618,0.3569535691283167,0.4678671310077769,0.6516613106106139,0.6927248677248677
text1181SC,3,Yahoo,en,0.428075797072979,0.42870538781087203,0.34911580412101645,0.4514850110142531,0.7568027210884353,0.5761904761904761
text657T,1,Yahoo,en,0.45142580667070864,0.3922174351858982,0.3397080431536073,0.43223570731508354,0.7076236263736264,0.6577777777777778
text1181AH,1,Yahoo,en,0.500066609822894,0.4024243856950624,0.343384617912517,0.41810141632032927,0.7676870748299319,0.7952380952380952
text1507FR,2,Yahoo,en,0.5162480889158076,0.4033029144058557,0.34307735713348536,0.4323037212900604,0.733080808080808,0.692857142857143
text698AH,1,Yahoo,en,0.48335390205327217,0.48742290473059685,0.3917895736770024,0.4906028960615078,0.9199999999999999,0.9
text1091AH,1,Yahoo,en,0.4879902240012387,0.3636389369953383,0.3434849627751122,0.4690397282721101,0.7653061224489796,0.7095238095238096
text1220FR,3,Yahoo,en,0.4739915888278187,0.5269803019803019,0.4142663290373857,0.4640369375487405,0.7761904761904762,0.819047619047619
text366T,2,Yahoo,en,0.44893017418202286,0.35642111382521746,0.35221763862088784,0.4285455554226879,0.814484126984127,0.8388888888888889
text84NE,3,Yahoo,en,0.4889283446120785,0.4245714081240397,0.3604448432108415,0.452093304211861,0.7195545195545194,0.7219576719576719
text1854FR,1,Yahoo,en,0.47272824893770676,0.4875366300366301,0.2910113722746133,0.4698760228202959,0.8015873015873015,0.7111111111111111
text1720FR,3,Yahoo,en,0.47823202857031116,0.4783604068829786,0.3629910394761583,0.4097982573588149,0.7186965811965812,0.7708333333333334
text952FR,2,Yahoo,en,0.4653452687652628,0.4810542171007287,0.4074170377600164,0.4413140390929843,0.8065476190476191,0.8222222222222223
text864NE,1,Yahoo,en,0.48340705255508964,0.5014610389610389,0.37740185736445386,0.5061372193455644,,
text1784SC,1,Yahoo,en,0.4568249391828348,0.3361347692407755,0.3231730997648424,0.47696009861382743,0.5506052767181834,0.578780284043442
text889PG,3,Yahoo,en,0.45200712634443546,0.37534252308955846,0.3345745708976455,0.42449439014751794,1.0,1.0
text1528FR,2,Yahoo,en,0.5237973163757655,0.5080722145238274,0.40383218150989586,0.42589766296583215,0.9199999999999999,0.9
text889FR,1,Yahoo,en,0.4907454782641753,0.3908811316051137,0.34379124574527864,0.41791087711853436,0.9199999999999999,0.9
text1047AH,1,Yahoo,en,0.461040813891322,0.3610706033732348,0.33585284022714196,0.4581888123528422,0.7205041871708538,0.6925925925925926
text1490NE,1,Yahoo,en,0.45516905807091274,0.4022055788192828,0.40750684312182284,0.4742181918930134,1.0,1.0
text1541NE,1,Yahoo,en,0.4573075961117033,0.3283165425749159,0.35195016454093764,0.4764649125225039,0.6343131768344257,0.512430426716141
text372PG,1,Yahoo,en,0.4665661999503998,0.4786736625351017,0.39661405071566375,0.4709820109556127,1.0,1.0
text952PG,1,Yahoo,en,0.4492441112808871,0.4427412951137544,0.35169208637860583,0.4041023447311386,0.6475311582122727,0.44743589743589757
text799T,2,Yahoo,en,0.47652514760933834,0.37683878621378625,0.3396354651438136,0.4626222999986792,0.8065476190476191,0.8222222222222223
text1705NE,3,Yahoo,en,0.44672481478173914,0.41870286411412644,0.3433700425684298,0.4330206576149496,1.0,1.0
text805T,3,Yahoo,en,0.44860216051960145,0.36153482880755605,0.3599202816037379,0.4216527636154517,0.727840909090909,0.6333333333333333
text1645T,1,Yahoo,en,0.5102220705527337,0.4699012153781892,0.40321581722770805,0.43007199398021223,0.733080808080808,0.7011904761904761
text1432FR,2,Yahoo,en,0.4966759097295604,0.33782397625108623,0.3376938048006512,0.45075362963776905,0.814484126984127,0.8388888888888889
text967SC,3,Yahoo,en,0.4752893028766949,0.5141180368453094,0.367874659115527,0.45614601311783204,0.7064285714285715,0.7111111111111111
text1799SC,3,Yahoo,en,0.4684464151301797,0.41295540441077977,0.3529212528797238,0.4318653289708579,0.7064385614385614,0.7014285714285714
text898NE,1,Yahoo,en,0.4272957717706125,0.4248493031746198,0.33893651277706865,0.4390992198743909,0.689276973026973,0.6142857142857142
text1263SC,1,Yahoo,en,0.4860230964331428,0.389393842025421,0.39496544022239083,0.4576833845936974,,
text371FR,1,Yahoo,en,0.45707807981500176,0.4840930330520185,0.4006897427267313,0.4467358500899968,,
text1046FR,1,Yahoo,en,0.4653096205244909,0.36493146414811084,0.3424098747844007,0.4458694871068814,0.7170853837520504,0.6592592592592594
text318AH,2,Yahoo,en,0.42628319993772223,0.5502971019290481,0.35985122360406874,0.43294687438935625,0.6618814192343604,0.5298701298701298
text1710NE,1,Yahoo,en,0.47202958130510436,0.4409280641838781,0.3430562467142206,0.5028971971494238,0.6524723778400249,0.5353174603174603
text1682PG,2,Yahoo,en,0.4988492426042687,0.3855352200527175,0.40317291223967844,0.46995201647054086,,
text713SC,1,Yahoo,en,0.48098402861255557,0.4326854004646045,0.37743864653099063,0.5175080794312935,1.0,1.0
text1929FR,1,Yahoo,en,0.4395549849624247,0.34126299698426654,0.3728348069974255,0.41757761245659547,0.5635191015097136,0.4357142857142857
text1568NE,1,Yahoo,en,0.48151293224641273,0.3834491531859953,0.3322689806511924,0.46302637088269155,0.814484126984127,0.8388888888888889
text885SC,1,Yahoo,en,0.4827659157972152,0.5027109455452029,0.35860691831888536,0.41588288702667514,0.9199999999999999,0.9
text615T,1,Yahoo,en,0.4832129053654426,0.39566828484026945,0.34074956561748776,0.47006904489845464,0.5908919290100574,0.4292568542568542
text1265PG,1,Yahoo,en,0.4788486211709953,0.4482304288642959,0.34876668673696976,0.43471339574812873,0.7121527777777779,0.6541666666666667
text1933PG,1,Yahoo,en,0.43526661360124547,0.3250124542726601,0.3382859256487345,0.46549478672782,0.5900942148703088,0.5137721755368814
text590SC,1,Yahoo,en,0.46482230221389464,0.4156667338652631,0.35006057346298153,0.43212117438928627,0.727840909090909,0.5833333333333333
text1773SC,2,Yahoo,en,0.44977364632428174,0.5760513660966148,0.3505549978646387,0.4692324508409246,0.6581263359338226,0.5868686868686869
text1904SC,1,Yahoo,en,0.4882437431194997,0.4708659520097429,0.3598757819721005,0.4762408112657731,0.7182077182077182,0.6849206349206348
text840AH,3,Yahoo,en,0.47125296177702736,0.42361722721722717,0.36577627094010057,0.4553530803857074,0.9199999999999999,0.9
text661FR,1,Yahoo,en,0.47214764005076854,0.4646008087522623,0.36584762330176746,0.4229378080053989,0.6686729788334067,0.6463203463203464
text1860AH,3,Yahoo,en,0.47929560813105954,0.3995162187708771,0.3477616832652974,0.4190248936989732,0.7254103535353535,0.6666666666666667
text1569SC,2,Yahoo,en,0.42542732358090063,0.3248474667333838,0.36359178480912835,0.4486719205176148,0.6637004070634102,0.5625661375661376
text1721AH,3,Yahoo,en,0.4807338064454968,0.36688515566066565,0.3523550151995298,0.44259533457549505,0.9199999999999999,0.9
text584SC,1,Yahoo,en,0.4993678332104111,0.5162927865566816,0.3650598306367176,0.4228440949898228,0.7121527777777777,0.6625
text10T,3,Yahoo,en,0.42736114349472987,0.5144503132392402,0.3349532266515087,0.4631658115101324,0.7676870748299319,0.7952380952380953
text1590NE,1,Yahoo,en,0.42299806283835295,0.41442395252379766,0.35468727076091905,0.4262019403483854,0.6201809125517854,0.5568027210884355
text608PG,3,Yahoo,en,0.4666323867802733,0.4218002072623921,0.34045505939867415,0.4383478478524602,0.9199999999999999,0.9
text1080T,3,Yahoo,en,0.4778234690461955,0.4981963629022451,0.36392371741629065,0.4927414985060238,0.9199999999999999,0.9
text40PG,1,Yahoo,en,0.4490125275709298,0.4448454225322443,0.349661578064299,0.4419580280281733,0.7936507936507936,0.5555555555555555
text1522PG,3,Yahoo,en,0.5151484413518467,0.4122479670866768,0.40659170135954587,0.4661257211560016,0.9199999999999999,0.9
text1997SC,1,Yahoo,en,0.4995170462430736,0.4328090474053206,0.3755455575166502,0.4157251367218226,0.7125960459293793,0.5417989417989417
text1700FR,1,Yahoo,en,0.4522992049392895,0.5655401973900428,0.34985400923673415,0.44593147059111116,0.6524723778400249,0.5712301587301588
text1889FR,3,Yahoo,en,0.4463731430964965,0.49209147355739313,0.33429867888305204,0.4327567097245771,0.7195545195545195,0.6775132275132276
text835PG,3,Yahoo,en,0.49784469578485835,0.35669683325933327,0.35243776804504257,0.4363870629043846,1.0,1.0
text1838AH,2,Yahoo,en,0.41620791201900165,0.4078065766920252,0.35736114707058736,0.4563505235853965,0.6606915811461266,0.6235209235209236
text825FR,3,Yahoo,en,0.4934643310121157,0.3481676152130697,0.3615260495423313,0.41868670535193314,0.6635341782400607,0.39870129870129867
text1098FR,2,Yahoo,en,0.49050601374305325,0.5339262871371594,0.3476410919307017,0.4777125461566735,0.6187181085884647,0.6410714285714286
text1795AH,3,Yahoo,en,0.47153495689030867,0.43160705035705016,0.38857468397090883,0.47346114151466595,1.0,1.0
text501NE,1,Yahoo,en,0.4776447088370013,0.44496334669515764,0.34766828465939226,0.4557985818405962,,
text132NE,2,Yahoo,en,0.40243276954167445,0.4384109538624863,0.339844274727107,0.4478556798681792,0.9199999999999999,0.9
text103AH,3,Yahoo,en,0.4008251811672074,0.42358306673921725,0.35621112796774296,0.42983260115422695,0.7710884353741497,0.8095238095238094
text18SC,1,Yahoo,en,0.44678508016170504,0.42654365310615305,0.34949621292680383,0.4038215672168514,0.6628681775740599,0.5932900432900433
text1371T,3,Yahoo,en,0.4116481872535714,0.4146356797704835,0.35669629803708774,0.4432391587308419,0.6484811907219028,0.5853174603174603
text1905PG,3,Yahoo,en,0.4818665415379397,0.5075417637917636,0.3825554245374496,0.48436974497142815,0.9199999999999999,0.9
text1137SC,1,Yahoo,en,0.47735435473603877,0.4456040939736591,0.34469482586057554,0.48146410227325015,0.7738095238095238,0.8428571428571429
text67NE,3,Yahoo,en,0.45096089991681765,0.41386930987374926,0.35727702101424286,0.3937873167692078,0.7710884353741497,0.8095238095238094
text1521PG,1,Yahoo,en,0.49655602192589193,0.39286326316401493,0.33412227903450337,0.41329386143631974,0.6601011488511489,0.7419047619047618
text976SC,1,Yahoo,en,0.5203553029803976,0.38871898710608405,0.34701594639834454,0.39403959221945384,0.7296085858585858,0.7083333333333333
text1272AH,3,Yahoo,en,0.46367349255569124,0.36276101158039836,0.34072585573004915,0.46920625799767435,0.6731937466844587,0.7644961519961521
text181AH,2,Yahoo,en,0.4275339852773438,0.5527919292486961,0.35899478719426886,0.4084498337858095,0.7097643097643097,0.6222222222222222
text1477T,3,Yahoo,en,0.5034009829252096,0.4678233952427502,0.32222582733275096,0.464557332979487,0.7687074829931972,0.7238095238095238
text1915AH,1,Yahoo,en,0.4896085458109308,0.4371171913741574,0.3589795375918013,0.4176639981465029,0.7170853837520504,0.5820105820105821
text1053PG,1,Yahoo,en,0.552448871124756,0.6833014872420367,0.3489857477603452,0.4661633994758971,0.6973126873126873,0.5676190476190477
text1214NE,1,Yahoo,en,0.48271443791962043,0.44911014911014924,0.3865313075399686,0.4575087953627274,,
text1996FR,1,Yahoo,en,0.4944285049562106,0.5191635664486344,0.4071879169550333,0.4338784096328555,0.7653061224489796,0.6476190476190476
text672T,2,Yahoo,en,0.44265201038955293,0.4427931790431789,0.3599483021913596,0.4500957843264903,0.7602040816326529,0.7095238095238094
text453PG,1,Yahoo,en,0.47799444054722184,0.4055803534526938,0.4051356816651008,0.4648886400244012,0.9199999999999999,0.9
text900FR,1,Yahoo,en,0.49660803684915705,0.4474799580309755,0.33056312209509636,0.4299262268862558,0.6246311790439775,0.5803854875283446
text1884SC,3,Yahoo,en,0.40239251107232726,0.49591677539067724,0.3475794994751134,0.45982864779842986,0.6595365418894831,0.6445887445887446
text1565SC,3,Yahoo,en,0.4776030130933492,0.4023770647119984,0.3389700456841613,0.4470439886671219,1.0,1.0
text1983T,3,Yahoo,en,0.433037900600311,0.4507762745403029,0.28728112782030085,0.43691670831073026,0.6553518640657845,0.7616161616161616
text89FR,3,Yahoo,en,0.4785228740996372,0.4593788174031141,0.346553383922243,0.4363649594753765,0.720464257964258,0.7833333333333332
text26NE,3,Yahoo,en,0.45671507783382553,0.39031536096753483,0.32826961197973775,0.46791703440599386,0.814484126984127,0.8388888888888889
text1207NE,2,Yahoo,en,0.48088259325563804,0.38050276307948955,0.34222514587802527,0.4557427778483374,,
text1031FR,1,Yahoo,en,0.4917189350212115,0.4489163932483771,0.36151160343651606,0.48980978515143114,,
text1891NE,3,Yahoo,en,0.4894765196854628,0.40734899476318237,0.34401417143591256,0.458288879336956,0.7254103535353535,0.6625
text1403T,1,Yahoo,en,0.4793444264826021,0.3694581873153303,0.34778498669415137,0.4391551455944414,0.6473973395026026,0.465934065934066
text407PG,1,Yahoo,en,0.48322941253719903,0.39852416102416105,0.33210379504165655,0.48740460604316393,0.8065476190476191,0.8222222222222223
text478PG,1,Yahoo,en,0.4469214115644625,0.42370414924861366,0.34892601789187333,0.44840188193835884,0.7344065656565657,0.7011904761904763
text618PG,3,Yahoo,en,0.4877930178928696,0.5631120615495615,0.3730099093239385,0.4547662198811899,1.0,1.0
text927SC,2,Yahoo,en,0.4616947235493167,0.43062920101353447,0.33082651982004,0.4437717712670186,0.6225210339319142,0.5386054421768708
text1602NE,3,Yahoo,en,0.4675663966120908,0.42699100142281937,0.31515568320720216,0.45052015925638955,0.7254103535353535,0.5
text50SC,3,Yahoo,en,0.4891938897822817,0.4559690711285496,0.416480912324027,0.4325511657352747,0.8015873015873015,0.7111111111111111
text1968SC,3,Yahoo,en,0.42383774521219925,0.5401364517835104,0.33685027775753895,0.46203656042292723,0.7710884353741496,0.8095238095238094
text749T,3,Yahoo,en,0.46855844332157653,0.4466404807313898,0.33651755677114015,0.39578135470254494,0.7568027210884354,0.6571428571428571
text463FR,3,Yahoo,en,0.48780995222727497,0.43171807767396014,0.40710524542004295,0.44847463108449587,0.7710884353741496,0.8095238095238094
text1058FR,2,Yahoo,en,0.5365468242372279,0.5123338932337235,0.40874892542963115,0.43858103702245904,0.7338068181818181,0.7208333333333333
text1152NE,1,Yahoo,en,0.516385731016851,0.502284628621527,0.3594461101282382,0.3898148306440137,0.8065476190476191,0.8222222222222223
text1953SC,1,Yahoo,en,0.40420293929487006,0.4722341771068981,0.35125180190268585,0.47262941159880206,0.5374270719000859,0.5482038429406849
text354T,1,Yahoo,en,0.47504512196549836,0.47878935889591795,0.33553391917291625,0.49059223297267435,0.6674146248488354,0.6904761904761905
text125FR,1,Yahoo,en,0.4635212965685201,0.3927940277816437,0.3470569986161688,0.42709178102536743,0.7344065656565657,0.7761904761904762
text1583T,3,Yahoo,en,0.46130530071177744,0.3924395087033601,0.35217265758208127,0.41678830235573944,0.7149788483121816,0.5841269841269842
text1224SC,3,Yahoo,en,0.43699322625948345,0.4416233261687808,0.345962018647997,0.417753533251533,0.6539859657313217,0.5865079365079365
text649FR,3,Yahoo,en,0.44983467112222975,0.3985592276575882,0.35901395574156636,0.4239219854984717,0.7254103535353535,0.5083333333333333
text1453NE,1,Yahoo,en,0.44844677857056614,0.3617519683346013,0.3402249699983091,0.44193070328010975,0.7568027210884353,0.6571428571428571
text1655FR,2,Yahoo,en,0.4807062175757888,0.42292719626052955,0.3770790176040806,0.49579994991850435,1.0,1.0
text1387PG,3,Yahoo,en,0.42399054979281875,0.4033164078343716,0.33831540383217035,0.4713307507507357,0.6630885454414867,0.46255411255411255
text26AH,2,Yahoo,en,0.4822640060367919,0.41583819757014356,0.4022404981968352,0.4441209444687824,0.9199999999999999,0.9
text367SC,3,Yahoo,en,0.48211326149927286,0.4357772016425265,0.3655823905877544,0.4422524129252001,0.7653061224489796,0.7095238095238094
text1986T,2,Yahoo,en,0.4401843269054178,0.40840796051867423,0.35694480832591086,0.44755087374962077,0.7108003108003108,0.5296296296296297
text1852NE,2,Yahoo,en,0.45085411200143244,0.42441886293696235,0.3559339340639494,0.43946984716751003,1.0,1.0
text1366PG,3,Yahoo,en,0.4504814946715268,0.400426582616125,0.33883094136761244,0.47007921131199587,0.7170853837520504,0.6592592592592592
text439SC,1,Yahoo,en,0.4672844669143119,0.3956256065485941,0.3121957115921938,0.48617675327051163,0.6497385879976973,0.5496503496503498
text504T,3,Yahoo,en,0.4409298310538837,0.43303724712393427,0.3121993466619476,0.4956518654702055,0.7676870748299319,0.7952380952380952
text1209SC,1,Yahoo,en,0.4254764568556544,0.4897234050514591,0.3486006424137397,0.4709833121247416,0.668065742932053,0.5867965367965368
text1876T,3,Yahoo,en,0.4697003740463311,0.46023088023088016,0.35308258525225095,0.4063301386347506,0.814484126984127,0.8388888888888889
text289NE,1,Yahoo,en,0.4523351716292803,0.522740865788994,0.3674411621594708,0.4059565971467405,0.7653061224489796,0.7095238095238096
text1803PG,1,Yahoo,en,0.4450421037904814,0.5062497889467747,0.3374362608976959,0.42926671514836734,0.7285037878787879,0.625
text1462AH,1,Yahoo,en,0.4195860783658937,0.45609934936857993,0.34591045528718556,0.4287851612577356,0.716325649658983,0.6767195767195768
text755AH,3,Yahoo,en,0.41361028838644487,0.38756299319603865,0.35442155477304105,0.40796116957929995,0.7035037878787879,0.7625
text1516AH,3,Yahoo,en,0.4791700270441421,0.38669000082043575,0.3397720395340307,0.4441956110197317,0.8065476190476191,0.8222222222222223
text1006NE,1,Yahoo,en,0.48798315291799277,0.38493339993340003,0.36718216028688094,0.5071465280209927,0.9199999999999999,0.9
text1500T,2,Yahoo,en,0.4838290596594401,0.39199695942023305,0.3619704728809843,0.40273951747827313,0.7205905205905206,0.6330687830687831
text594SC,1,Yahoo,en,0.4762074962869403,0.4418904586825244,0.3911233062740543,0.4653681621788231,,
text1150FR,3,Yahoo,en,0.45032378328855954,0.46304586617086607,0.3577738857774018,0.4809608050053991,0.7097643097643098,0.6037037037037037
text1337SC,2,Yahoo,en,0.4645977388178266,0.39355465248817034,0.3198627895585573,0.4466709723431827,0.6666960490489903,0.48961038961038955
text1292AH,3,Yahoo,en,0.45868279499369263,0.44504050211770774,0.3507532378300946,0.4418407378423481,0.7108545775212441,0.7513227513227513
text685AH,1,Yahoo,en,0.4578043544731075,0.3513108742992947,0.3564537730969146,0.44542372194153323,0.6588550338550339,0.44199134199134194
text757NE,2,Yahoo,en,0.48546787584262374,0.48511115515164105,0.3942410826280486,0.46994503925255604,0.9199999999999999,0.9
text771AH,1,Yahoo,en,0.46095263117758734,0.376437815046592,0.3419994130071798,0.46523163896843495,0.7062637362637363,0.6877777777777777
text1335FR,1,Yahoo,en,0.4946111821257103,0.4008894328402337,0.3219009276574142,0.47535407204711155,0.7676870748299319,0.7952380952380953
text1943FR,1,Yahoo,en,0.4641704016414277,0.38340676728784134,0.3444152606533976,0.430786827966483,0.6966533466533468,0.4809523809523809
text1593PG,1,Yahoo,en,0.49603973463347906,0.39713251283185774,0.3644652021091568,0.44780910344727104,0.626372505350521,0.5251700680272109
text306T,3,Yahoo,en,0.47134513516478527,0.5761734792984791,0.32543966343123687,0.49111032749095135,0.7344065656565657,0.7761904761904762
text432PG,3,Yahoo,en,0.4397786669586299,0.4760583065407627,0.3530812068335008,0.4296473511764562,0.8065476190476191,0.8222222222222223
text1836NE,1,Yahoo,en,0.41137726369981004,0.41928554763603604,0.34517842678194605,0.47417566846534587,0.6313990177584105,0.5551587301587303
text153SC,1,Yahoo,en,0.46563390550974426,0.4385699231777662,0.35134190079453614,0.42394474396948306,0.7710884353741496,0.8095238095238094
text105FR,3,Yahoo,en,0.49483505110208187,0.417923191976538,0.37062788620498266,0.4167743764163631,0.9199999999999999,0.9
text1594AH,2,Yahoo,en,0.45188808033943095,0.42418499794368714,0.34017400393274994,0.39415754421877824,,
text363AH,3,Yahoo,en,0.421787148059097,0.4524058957831122,0.35231233345138463,0.41385904963209014,0.7125686813186813,0.778015873015873
text1338T,3,Yahoo,en,0.46588449484861194,0.3391135103411319,0.37602511249803555,0.4023614146516338,1.0,1.0
text1263NE,1,Yahoo,en,0.49374422327457385,0.39166859891894085,0.34238143936901805,0.4256463864589887,0.8095238095238096,0.8666666666666666
text210FR,1,Yahoo,en,0.40242186974799293,0.5283198510507346,0.2891613325160196,0.4060393624080281,0.5472042460454897,0.4465040010494556
text184T,3,Yahoo,en,0.41271635305826054,0.4841371143476407,0.3251225281381207,0.489532835124899,0.7139428472761806,0.6047619047619048
text1965PG,2,Yahoo,en,0.47716311151585056,0.4593249420980512,0.33484926292857614,0.4660971203758724,0.8015873015873015,0.7111111111111111
text1839AH,1,Yahoo,en,0.4819032817782479,0.38923013923013927,0.3914242472890013,0.4625846331163207,1.0,1.0
text627PG,1,Yahoo,en,0.4659424301958994,0.3602251730711936,0.35061840318074466,0.4334450686725272,0.6606329452515773,0.6175324675324676
text874SC,3,Yahoo,en,0.47187569931796125,0.4290551056508502,0.33265425578200175,0.46278140390458405,0.9199999999999999,0.9
text1412SC,3,Yahoo,en,0.47569207996027574,0.4451138043243307,0.3438377925968482,0.46547411654203913,0.683972073677956,0.7399711399711401
text1054T,2,Yahoo,en,0.41926719092651427,0.4251041017725861,0.37466905121766136,0.4184856079444045,0.6021073766498182,0.5731150793650794
text1526T,3,Yahoo,en,0.4986865932631584,0.35434770529955295,0.33502760809460014,0.4903161402249148,0.7024225774225775,0.6257142857142857
text1123PG,3,Yahoo,en,0.484323871260975,0.42343073593073605,0.40464481048534756,0.42359598671527815,1.0,1.0
text563PG,3,Yahoo,en,0.49746415243546116,0.4080194460894356,0.3366213490213223,0.4695762943158754,0.733080808080808,0.6553571428571429
text373T,3,Yahoo,en,0.4937973669037021,0.399219620249032,0.3677372655585343,0.4042708942997568,0.6598417921947334,0.3619047619047619
text532NE,3,Yahoo,en,0.4797187468539457,0.5603555967841682,0.40144892134114185,0.4541737065570152,1.0,1.0
text932NE,1,Yahoo,en,0.43812880042976204,0.4752377252377252,0.39916459024847945,0.44423249147161065,0.738604797979798,0.7845238095238095
text494AH,1,Yahoo,en,0.4784172638677971,0.476851877697466,0.35119051103645404,0.4794861287735847,0.7181756515089849,0.7158730158730159
text1910FR,1,Yahoo,en,0.4719559694811339,0.5553373983059623,0.41359417723401815,0.40211242907727907,1.0,1.0
text1802AH,3,Yahoo,en,0.4291021244119888,0.4620730588508629,0.3389008240619305,0.4514317942247562,0.7710884353741496,0.8095238095238094
text1139FR,3,Yahoo,en,0.5283229416251464,0.4031555189449927,0.34071327039999566,0.477117211810807,0.6565395388924802,0.6034632034632035
text563NE,1,Yahoo,en,0.4615334892958633,0.3669741807899702,0.3326847473244304,0.48845283066687595,0.6413884998443823,0.5327380952380952
text1524AH,3,Yahoo,en,0.4208915986785069,0.3975653115776148,0.3585595817399233,0.4385237515338845,0.65630195791767,0.5592592592592593
text1635NE,3,Yahoo,en,0.49916569963530794,0.4915776815776816,0.4015164309192982,0.473958511167175,0.7687074829931972,0.7238095238095238
text1112PG,1,Yahoo,en,0.4303912519215694,0.3308763841078082,0.35391518442105546,0.4243861085661621,0.7254103535353535,0.5875
text147AH,3,Yahoo,en,0.45037463014969953,0.4662004447865194,0.3605559276334611,0.44975716190466664,0.7018831168831169,0.611904761904762
text1231PG,1,Yahoo,en,0.4894261623795416,0.3658316220816221,0.3474652549555442,0.44504276896617895,0.8065476190476191,0.8222222222222223
text120SC,1,Yahoo,en,0.4516453461276754,0.4499778899702174,0.35229401730765236,0.4425377380452199,0.7344065656565657,0.7761904761904762
text1429NE,3,Yahoo,en,0.3832670198124589,0.6195104505305173,0.34082344555949545,0.48827545371289494,0.7368371212121212,0.7428571428571429
text36PG,1,Yahoo,en,0.474334415903894,0.4525004333159414,0.345479348879871,0.4370422993237713,0.7254103535353535,0.4708333333333333
text1584AH,1,Yahoo,en,0.47833877145149023,0.440931674179756,0.36169373779304825,0.4161456126034929,0.7254103535353535,0.6333333333333333
text1593FR,1,Yahoo,en,0.534701878290363,0.4449038298303004,0.40901507065717013,0.4574881530850473,0.8065476190476191,0.8222222222222223
text596SC,2,Yahoo,en,0.45043486521905624,0.3968177677156005,0.3374059732565185,0.48746356921750195,0.6071733746976203,0.6352813852813852
text1814FR,1,Yahoo,en,0.45134604967756264,0.5297320630425963,0.3625728394729988,0.41895118275334525,0.6742424242424242,0.6707070707070707
text1521FR,1,Yahoo,en,0.46201116865325037,0.38803987111212174,0.36964894732995085,0.392967370327441,0.6752291825821237,0.6797979797979798
text1849SC,3,Yahoo,en,0.46100831242510104,0.43088791583373603,0.3483111831617586,0.5059660237640045,0.6662420450636395,0.6247474747474747
text1793SC,1,Yahoo,en,0.4712545134941612,0.4470228184513897,0.3533761020580588,0.4648069675317016,1.0,1.0
text944T,1,Yahoo,en,0.4411327080487724,0.4693090849110137,0.3616869588152592,0.5085574030806308,1.0,1.0
text1837AH,1,Yahoo,en,0.41442054713148074,0.4725350454792424,0.3536413474381355,0.46378378219893335,0.6186544742554972,0.6790598290598291
text1960T,1,Yahoo,en,0.4894576790718196,0.46847654161379637,0.3444634747953799,0.4425801163535388,0.8015873015873015,0.7111111111111111
text1443T,2,Yahoo,en,0.5202636138578113,0.4522109449840543,0.38781022565731527,0.4395631221197246,0.7568027210884353,0.6571428571428571
text447SC,3,Yahoo,en,0.4735379871746747,0.5189935211428424,0.3394689009347516,0.41693683612108606,0.8065476190476191,0.8222222222222224
text1540NE,1,Yahoo,en,0.448629278924951,0.39941959261181226,0.3577358453312416,0.47028604475644875,0.6392656587366509,0.5424908424908425
text827AH,1,Yahoo,en,0.4952599802532209,0.44697687327124064,0.3715689920161098,0.42924205354480555,0.6946645946645947,0.5777777777777777
text1149NE,3,Yahoo,en,0.493902348428813,0.386419953312368,0.3441573904329494,0.44722129734080496,0.7568027210884353,0.6095238095238095
text1366NE,3,Yahoo,en,0.4842177630091364,0.4939925542866717,0.34668329528455005,0.46761677887607567,0.6936825674325674,0.6699999999999999
text1232T,1,Yahoo,en,0.4725080974558957,0.4018597094912884,0.37501826578128056,0.4153803856292073,0.6503163034219536,0.526984126984127
text564FR,1,Yahoo,en,0.4448603535995014,0.46000283549078796,0.3665772326649134,0.4023223926419311,0.6663752913752914,0.47965367965367955
text398PG,2,Yahoo,en,0.48705918651346686,0.47417921584588246,0.3310358373008939,0.4859348756867144,0.7568027210884353,0.6571428571428571
text242NE,1,Yahoo,en,0.4437971865691044,0.6166466299851711,0.3557252959602152,0.4614959587881947,0.6236029713181992,0.5146258503401361
text116NE,2,Yahoo,en,0.4910886246853157,0.3767562684229351,0.32985805875547314,0.46751134448453974,0.688228021978022,0.5733333333333334
text1952T,1,Yahoo,en,0.4661720711541469,0.3792627345340019,0.34649923667417715,0.4439460863410159,0.8065476190476191,0.8222222222222223
text154NE,1,Yahoo,en,0.4614051954139349,0.36345768772388204,0.32906795134826083,0.4413978793679778,0.7170853837520504,0.6111111111111112
text461FR,2,Yahoo,en,0.5083216489064208,0.624907974166306,0.34971335467476256,0.4364040649661295,0.814484126984127,0.8388888888888889
text1964NE,1,Yahoo,en,0.42744246613581444,0.37334559721588967,0.3472863805723325,0.45622490010622385,0.5629474386417737,0.5600840336134453
text1163AH,2,Yahoo,en,0.43032770076653626,0.34701886597341347,0.3697040389807024,0.40153914959473136,0.6489363727947319,0.5119047619047619
40fxk9sDmyhh7S6V6Uuimg,1,Yelp,en,0.4879283225280475,0.46796091447625976,0.30826377861951537,0.4883245730416857,0.7296085858585859,0.6041666666666666
zmFn_KhpZPFsvz6Zp9_ogw,1,Yelp,en,0.49657610544312086,0.5081448330897136,0.35703488836432745,0.442147550946633,0.632514005868697,0.5429100529100529
zVU8PV5i9mKTJtBNIv_2Sg,1,Yelp,en,0.46163079087742703,0.44952262903466095,0.33625413127882947,0.42815820352942296,0.7936507936507936,0.611111111111111
bc0dLKd-9LYrRK9GmmWmXg,3,Yelp,en,0.4341023073112393,0.39326807232812494,0.3254644629838684,0.4738268814204233,0.6997252747252747,0.5664285714285715
4DrOVgI9rdBFb67kZ26miw,3,Yelp,en,0.4620787526044875,0.44325095956674876,0.38751029743944426,0.5133033112277121,0.7313131313131312,0.5803571428571428
OXOVo3ZY6XE_k08gha2nXA,3,Yelp,en,0.4503095518284397,0.4217045847678802,0.3471783961834791,0.4854978892589177,0.7237873237873237,0.8108465608465608
-I1Arja8KXGbZvwH3JQykw,2,Yelp,en,0.39949015028279267,0.4143238959982425,0.34328344238797875,0.45560006323695773,0.7269298602631936,0.7267195767195767
q6uXJY_QG-qV6zYiAo-WKQ,3,Yelp,en,0.4634570735025915,0.5152782823237371,0.3897821779426013,0.5240907069918884,0.7653061224489796,0.7095238095238096
ApzqwFxKU5rkyu9HFjv5oA,1,Yelp,en,0.41006099357494574,0.4439041316398525,0.2924581815044982,0.43458446828440045,0.5828781813362185,0.6333493991388729
4Bpe8G4nxbYMgSqZ0_24ug,1,Yelp,en,0.4597788616086049,0.4562571295980905,0.3503818761566868,0.4751132129631087,0.7013736263736264,0.643095238095238
PmU1Ob2xGBzk5OWwm4bwKw,2,Yelp,en,0.4239105588812643,0.3573241012968724,0.3438292403205027,0.43409497663224966,0.6010118081284068,0.656235827664399
Wkrvjvo1_l1PiKMOLieiBw,3,Yelp,en,0.4423476506576434,0.35907603199269855,0.34751791328071024,0.4306743198850044,0.7024225774225774,0.6469047619047619
ZG_fo3doBo3kaeW3a0Yrkg,1,Yelp,en,0.4352714375160943,0.4294097457410149,0.33804777155607646,0.4539045887402796,0.7653061224489796,0.7095238095238096
QdvyaVuhvSonD-V5-8YPYg,3,Yelp,en,0.44986819656783283,0.3410774759831363,0.36388526795795256,0.4587998560511119,0.7676870748299319,0.7952380952380952
MCCbEtg58ze8VL-EITFu4g,2,Yelp,en,0.42314029640811335,0.5131263920949828,0.3399163627044231,0.4701006564081396,0.6978071311404644,0.7857142857142857
s59B3zmgo5aZDhYqOBMsNg,3,Yelp,en,0.4091718355728959,0.4055562061971864,0.3613393522718596,0.4580448184949228,0.6302040776785021,0.49642857142857144
zmUo8oLt-OgOxaKG52aepw,3,Yelp,en,0.4731456619067673,0.49765413926102586,0.3461104161619006,0.4389900285425576,0.7182077182077182,0.57010582010582
XOp1WBC0NHSMHRuk_zDpww,1,Yelp,en,0.41872946209938455,0.4545169737168577,0.3296089816762089,0.4654068792007062,0.6335505782462305,0.4632275132275133
exy99i_b8uECj6_mh6Oz7g,3,Yelp,en,0.4124076758902547,0.3984358641372959,0.35016673704455525,0.47056220252587805,0.6295664597924323,0.6114512471655329
DWJ3H3z_bB-pZfObDaro_A,3,Yelp,en,0.466100816979717,0.44180443399193386,0.33938753784174047,0.4555255281421688,0.8015873015873017,0.7111111111111109
54YD32GLga7JAdjs3Igpew,3,Yelp,en,0.40558323919040223,0.3672027366249719,0.28237113127224023,0.41945511759182924,0.6351695514902446,0.5211193568336426
9v5rO2uA40CDg6t3y9vkow,3,Yelp,en,0.4512784920629423,0.3373174211409506,0.3653588767724696,0.42129463297710296,0.7035037878787879,0.7166666666666666
uKxvEldmDwO63BwHfNlBeg,3,Yelp,en,0.40865899363791186,0.44100973987268705,0.3557739111955925,0.4442925436421246,0.6015738164707993,0.536872930990578
12ZGjTtgD14MLVnBrQlvBw,1,Yelp,en,0.4818647071591263,0.3952043221551025,0.40985797347168557,0.44339159272057144,0.7710884353741496,0.8095238095238094
F8Sib-KcHxFI9nG1afB84g,3,Yelp,en,0.47591986915781676,0.39356225459248967,0.3552926945401939,0.42025633221411,0.7653061224489796,0.7095238095238096
LDwYlwWSDrZGGhdOG-pllQ,3,Yelp,en,0.4491313695622923,0.45714812606570304,0.3469922705686397,0.4270389428797603,0.7042957042957044,0.6897619047619048
CJ1uc0INGc4ktyd64ulKgA,1,Yelp,en,0.4474039938904996,0.40546678137714526,0.3470319855435787,0.4594364589819015,0.6262065591786954,0.6557387057387056
Vb-5kRwtj0e7HcYeuaBzYg,3,Yelp,en,0.4130241393878236,0.36669195467615073,0.3427598877938632,0.4533036208532855,0.6342734900977934,0.6289682539682541
oy0bejXK0lmqgH1NPnBvfw,1,Yelp,en,0.4218003545966087,0.4166190897963006,0.29445771871811705,0.3933246256902894,0.5386533431055232,0.5657171717171718
P-geQ9s3D1HjjRUQ0aZBxQ,2,Yelp,en,0.46985113803874656,0.4513802428508308,0.3500177683504805,0.45853037268715197,0.7296085858585859,0.6041666666666666
1fmKmK3_VSJ6IOV2yxDfVw,3,Yelp,en,0.4122167988695668,0.39969594155475896,0.27497336086291724,0.4181722640905692,0.5914455470024745,0.6031746031746033
-Aw8BAt08nv5nwrWjHkmSA,3,Yelp,en,0.41811995494778115,0.48020269738184157,0.3185900989580699,0.47310006348076256,0.6324722319304361,0.6528138528138527
FKx4xYsf9NTay8qlkyu0ew,3,Yelp,en,0.4492339524933755,0.41290432194375476,0.3400094334488366,0.49808886264678787,0.6580380403909815,0.5510822510822512
cxpFOKt_jfXxzi6fMKwjoQ,3,Yelp,en,0.48586301002459226,0.46544391171087984,0.3411238669186379,0.44513652629415174,1.0,1.0
S7PFFLSe8FKsMk63VCvLCg,3,Yelp,en,0.46229685723140407,0.48253274503274485,0.3526411900086446,0.4604956931996781,0.7653061224489796,0.7095238095238096
jO1DCI8EVZZtsmVMaPAG7Q,3,Yelp,en,0.4133898293561883,0.4639328161605722,0.33317351329997497,0.4850637974200548,0.646308681575397,0.5797619047619048
LFAeBEC7PQLfzt0w5AWh_w,1,Yelp,en,0.42781674624670996,0.47260949750779374,0.3321994238570265,0.4636248063470252,0.6582739156268567,0.611038961038961
h4sw6JkSGNqHafPVcgZgVw,3,Yelp,en,0.4617205154284141,0.307934899277404,0.3233644538605743,0.47252953116694946,0.7214045214045215,0.7071428571428572
QCWE97QqDTtg7HJ6nFnXnA,3,Yelp,en,0.45493786385592067,0.407836187934872,0.3683365352170888,0.45414915463960676,0.6443305218904704,0.4941146155431869
Gshw2Tc8UT2gJn3Xks3TJw,3,Yelp,en,0.411938196989935,0.47598963781316705,0.31854407024252235,0.46288807949674005,0.7237330570663905,0.7357142857142858
J31onYZ75C1MdL-JNkL2DQ,3,Yelp,en,0.4095154224542917,0.44877514601411655,0.34651149738174647,0.4789279512476697,0.689600885679317,0.7825396825396825
AduRtvntzmTG9Jl2ld6e0Q,2,Yelp,en,0.41762862177345417,0.45984528789745205,0.3555733536560481,0.45029892829006224,0.7018831168831169,0.5957142857142856
bgD3UWo_jdGNccwsQwmNsQ,3,Yelp,en,0.4221421708919031,0.36922028779613897,0.3443241565156518,0.4416612367292796,0.6631761695906433,0.5921957671957673
Sxs3PuHMQ-AydVPUr1GBZA,2,Yelp,en,0.47045784372195226,0.36616879815615083,0.3708633109680108,0.4012981812082292,0.7653061224489796,0.6476190476190476
4UKK8UFUm7BwV5VFbLuM1w,3,Yelp,en,0.412604612067339,0.3831027819333985,0.3582890220044299,0.43355794271469983,0.66006216006216,0.4510822510822511
AZlmav3EtfbZu_5BIF0RMA,3,Yelp,en,0.40373551766161514,0.4841953689313964,0.37275774789671556,0.424381172826005,0.6327306612611067,0.6162698412698414
Qmxf_shYPiUKhJlu9KZa_g,2,Yelp,en,0.45397210447842623,0.41422749090765265,0.36426800770098106,0.44858209492763423,0.5937110770972225,0.46732403399070077
yhZ0swkDryfLlkM9WPMQkw,2,Yelp,en,0.414082250368118,0.4296205729255265,0.3357260370269493,0.4659900881106896,0.6455094149804069,0.6333943833943834
TqJNEtjKqx_tMNgPbe7VpA,1,Yelp,en,0.4540161413040399,0.34451695566528107,0.3640709690778693,0.46689417386921944,0.6651681651681652,0.4164502164502165
72CJH5x4iQZIEH-INl6rgw,1,Yelp,en,0.4390038647945232,0.4624714506813896,0.3657414225012467,0.4522939417749953,0.6296650066575105,0.6595767195767196
RbmYdagTMs5qRFNakLwSfA,3,Yelp,en,0.43650732193213493,0.40162710292178344,0.3409827280652084,0.4674851348871025,0.643600103671698,0.6392195767195766
XsFhavj4KZpYy6mBsW5k4Q,1,Yelp,en,0.4896495596660324,0.3878563355836084,0.3255537044966485,0.5088733186287198,0.7653061224489796,0.7333333333333333
6-q8aj2Tq_QUUsTP3k_08A,3,Yelp,en,0.4806270047410343,0.42848484848484863,0.36197315710486017,0.47119901961856997,0.6582648922141956,0.6671957671957672
638jKaVp4VtbOJl8gKuBsg,2,Yelp,en,0.4319039451623751,0.4195227452230846,0.3329873062584085,0.46271044196751304,0.738604797979798,0.7845238095238095
DBXr5KdvryAWWUKO7Ma9dw,3,Yelp,en,0.4448202020703921,0.5639267913658157,0.33604695473933927,0.45303919541225823,0.70336083669417,0.5730158730158731
Jl8Wda1EMHCel1xSeMp4KQ,3,Yelp,en,0.41539070967329383,0.5093660829946624,0.3474768887910761,0.46793312775550644,0.6544233395837674,0.5767676767676767
CJcyv591XyGsDE_ituC0mg,3,Yelp,en,0.3909598787672074,0.43807317488196895,0.33371876717268567,0.4860429520903144,0.6050820345336014,0.6662157287157288
3bFYB6923ySeFsNJ7_oN7Q,2,Yelp,en,0.42014085044912713,0.39503955276204855,0.339918014596705,0.45756835182907546,0.6377586122168166,0.6696969696969698
9d_uGJJkZ7P8gTblJCSRiw,2,Yelp,en,0.4482009237539145,0.37602798477042887,0.3347055292637495,0.4856851039752712,0.629662135321965,0.5275793650793651
OO9T_kjJrlN8Y37EzKR_GQ,3,Yelp,en,0.4528615026860556,0.37135732498127444,0.3328748892169961,0.4491343551518898,0.7090277777777778,0.7708333333333334
ZNEtFf5Ms2tdr2GqTQyi1g,1,Yelp,en,0.4510782941328982,0.37838179673200906,0.3670454330176182,0.45290691389254667,0.7122013788680456,0.8031746031746032
cKUOFdtOGqjXITze8YHi9Q,2,Yelp,en,0.45916805824609985,0.38684094105555655,0.33146995690228875,0.4369420258129596,0.6698473095531919,0.5454545454545454
pJXQOt2RmXgj1PrimW96fA,3,Yelp,en,0.48455464244054464,0.3336339783148294,0.3446351763602835,0.47960865796681273,0.6322008948653686,0.6575396825396825
C9hErWu1k8jCCRCBRFCvWg,1,Yelp,en,0.44982112750652975,0.43255785395506574,0.36537981936494357,0.43083648626371024,0.7192437192437192,0.6034391534391534
l9ZoJFm_4TE0di5rwC2JEA,2,Yelp,en,0.45301553437108383,0.41308514963485715,0.35088838803545946,0.4373605915574156,0.7710884353741496,0.8
klQ2f-820NW6nmsYH9LuQg,2,Yelp,en,0.40382321491801787,0.46323405871734075,0.35206686982885094,0.45866771444573673,0.5605078984260699,0.5356209150326797
r5tX2mEOYxFW_FzHjG3YbA,3,Yelp,en,0.4732696311198051,0.47273093487927254,0.3464942515971948,0.45593961166968217,0.7105494505494505,0.731111111111111
ATEw3l3lf2CrhkbXjz5KqA,3,Yelp,en,0.45838260351530336,0.42465039440845886,0.33296253647043816,0.46701965005696255,0.7096203796203796,0.7101587301587302
57CfGcN7-j2PYtiFeyJvVQ,2,Yelp,en,0.4260093872327303,0.47155894996437625,0.36914991945817993,0.40825422437418074,0.689276973026973,0.5676190476190477
zA7yVKjo2RQ_0BaMcrZs7w,3,Yelp,en,0.4414229811090485,0.5587239441231038,0.35843998462725746,0.4627709156645039,0.7002183002183001,0.6037037037037037
zY7Ddgfh9QtZLJf5tlhzhw,2,Yelp,en,0.47448876463786865,0.4324243063291874,0.32855359258419903,0.45510103960987636,0.814484126984127,0.8388888888888889
JLc7cOgmzgim1QlqXdDNuA,2,Yelp,en,0.40532501818681144,0.43438655346550065,0.34505700440379844,0.4684037230291974,0.7125686813186813,0.7413492063492064
oESTJSMAjhJ_8qehHx3J0w,1,Yelp,en,0.48212362018172383,0.4236438098938098,0.3432773825588847,0.45528799189564273,0.6610644257703082,0.5837662337662338
ljDH75jgyqvA4J5hmWWGxA,3,Yelp,en,0.4156107452202421,0.3922670368694585,0.35327200042748236,0.42894852167229636,0.6691813088871912,0.4569264069264069
37lrwoFupAFwvLnL43T8bA,3,Yelp,en,0.4553013781933793,0.42054549982181544,0.35399421994909136,0.4592258341908024,0.6510753497305354,0.44285714285714284
DdNguO0pzUvHR_6SW2xTkg,2,Yelp,en,0.469996537086492,0.4554294425617955,0.3276752260869668,0.48352417773600576,0.6397870579855874,0.5585317460317459
3j48Urx6X5Ak-6S3FPSKjA,3,Yelp,en,0.4189306202184714,0.37917864541872137,0.28113563654492635,0.4193352721321939,0.5837137797544423,0.5855379188712522
hOG2QomA5ZdDExBUGZS2-Q,3,Yelp,en,0.4524262036431804,0.4343213364260041,0.33379880005815415,0.46843473756972626,0.6084795166246236,0.6267006802721088
979l8tvjgIYEJeWHT_sxGA,2,Yelp,en,0.4398395081422949,0.4391206546945649,0.3537963342243032,0.47447227401614694,0.66242985779557,0.5648809523809523
uSi5fBrP8bH3dq9V3bN-Qw,3,Yelp,en,0.4705430635909098,0.3841886836567686,0.3561919718946317,0.46923361516533835,0.6958291708291708,0.6176190476190476
ofLaA36f19HXGXikZqC5jg,3,Yelp,en,0.49682494069399247,0.3665640878966746,0.3334769483675352,0.5006164167147662,0.7296085858585859,0.7291666666666667
kBiywFn-4GolvcbS228MgA,2,Yelp,en,0.41267122287074576,0.39825577239291254,0.3408106460386746,0.4606079737477287,0.6574309548380756,0.4690476190476191
ogUpAbhctrdUJ4T8DKTBmQ,2,Yelp,en,0.45866896702549687,0.49387778887778894,0.36319988666058783,0.43968148945149427,0.7936507936507936,0.5555555555555555
D7zYb-8AiNzLAQnvMJpnpQ,1,Yelp,en,0.47466388104638374,0.4096739239596381,0.3598560330525312,0.4861167093102753,0.6637992944591241,0.590410052910053
j6fecH_D2ce-DLEm3VKakQ,3,Yelp,en,0.4605076602465516,0.3733091919547027,0.3634777082392233,0.43227900537588254,0.670685177467298,0.7645622895622896
6cguyMF27761uk2GPAyk8A,1,Yelp,en,0.48001025401256125,0.42474541798071214,0.40566084742766495,0.4977001233825422,0.7236426767676768,0.675
7l_NjDwxlotj0kHaltaDkw,3,Yelp,en,0.38620505626176155,0.466609570411815,0.3530875434572437,0.44837436927745566,0.7355113636363637,0.7303571428571428
5NYPA5XdQVovDVjLWZdPqQ,2,Yelp,en,0.4445166634888252,0.4831238824652575,0.3201200166178601,0.4985721291943206,0.70336083669417,0.6544973544973547
NWzLuyTIk7eXCRDHgqJLzg,3,Yelp,en,0.46671169951069075,0.4343715227861569,0.4064134229859019,0.4649929386433933,0.9199999999999999,0.9
BTLrVXYhqO_QZZ54XBCB_A,2,Yelp,en,0.4604355525642524,0.49426616743689905,0.3883334943605081,0.5359949705095864,0.8015873015873015,0.7111111111111111
2SuNXvsMAnOS-dOaHIyvRw,3,Yelp,en,0.41820090850305797,0.3592674031791082,0.3583677005423949,0.4272962814315304,0.6496249761193795,0.5404262404262404
nHZXr986FeOW9d-eKzW-uw,2,Yelp,en,0.4810893235822439,0.4064337492572786,0.3544767683403422,0.4306610769228081,0.6988714988714989,0.5259259259259259
7SNf-EY_bbE2Md4BOiS-iQ,1,Yelp,en,0.4456428544575457,0.4608021029778641,0.3452673120087598,0.4432018539319861,0.6739332414466105,0.5465367965367965
KSU2gGhcfHuXBcqpKq9U_w,3,Yelp,en,0.41115432956744336,0.426414238358414,0.35333236512882454,0.4534304727111415,0.6361990556456502,0.5271825396825397
GsVeNJA1T-NOJ5GAgDRORg,1,Yelp,en,0.4526516275249332,0.40669690370320605,0.35902766551642734,0.433548992147076,0.7056043956043957,0.7044444444444444
ZnRAK1Xy2DAEWk_oQeZUew,3,Yelp,en,0.39849548018636927,0.42973700770498685,0.34826500046775155,0.4632531778039299,0.6146294908632741,0.552971681096681
b_xGkXI1griSm5lhvZVXTg,1,Yelp,en,0.4892639903087725,0.3546915731327494,0.35261352385452155,0.4584785796711969,0.7081368631368632,0.703015873015873
xKP6qqXFCu2hrpIFKpEeqw,1,Yelp,en,0.47573651235092324,0.4380593661081466,0.3617546260860737,0.4697079026630238,0.7139428472761806,0.5862433862433862
fPTTH4FdpF-Bz7yI4eUoGw,3,Yelp,en,0.4442751251107346,0.3722353324506434,0.33496542278273117,0.48437405301628106,0.7129068462401796,0.6232804232804232
kqexK4Lo6XIxCwPM8GniXw,3,Yelp,en,0.415522544691614,0.43587683497814206,0.32069868796105705,0.48381125855883966,0.7047802197802198,0.6111111111111112
5DaqHKYpSJM1PJmvGGWe9Q,1,Yelp,en,0.3944232508934045,0.437427872625204,0.3386906165100032,0.448612803408055,0.6933379120879122,0.64
1QAE1djvFPgUnMPGSxSn6w,3,Yelp,en,0.46149894480772646,0.34417410065827003,0.3545128514216543,0.4361285929331606,0.7226970560303893,0.6785714285714286
Iw9KI31ZEYbUNxSaMkmdVw,1,Yelp,en,0.45367714469081843,0.3979671282528024,0.3525898487514173,0.4586198798824326,0.7271780303030303,0.6833333333333332
1Kc_trDSrz6drMOVJ2DP8g,3,Yelp,en,0.448551873680367,0.38208149926637297,0.3613994896836392,0.4228607486432366,0.7568027210884354,0.6571428571428571
1jBVUPzzcF_7F15rsQi7NQ,3,Yelp,en,0.49169679371187147,0.4145660533551316,0.34639974494282905,0.47221921786907317,0.7255830589163922,0.8076719576719575
RiCWRP1-qJCWZcQf_kPkLQ,1,Yelp,en,0.45640835563666976,0.4404657888067813,0.3490930674276257,0.45767647155380314,0.6424685078709848,0.5843253968253969
T9swH7xnizGI1ZAn2_1PGg,3,Yelp,en,0.417296634884595,0.3581449319621725,0.3642662315817783,0.4516473051494806,0.6444900300937453,0.5904761904761906
KXR5RACA65fbr4j5w-H3BQ,3,Yelp,en,0.4461973552758072,0.4117259231996072,0.3523651566781475,0.42155804793752116,0.7676870748299319,0.7952380952380953
UJqJWussgZavisFOWic4RA,3,Yelp,en,0.48076628214989436,0.4400230566387236,0.33388351350562434,0.46405319312592613,0.7094535094535095,0.5814814814814815
EYmFn86eq7XZD4RkOF4Zig,1,Yelp,en,0.44070577715780357,0.42427360221477844,0.33302990095111584,0.4653697543130079,0.7254103535353535,0.5583333333333333
b45gy8Z-vASJO9nwQyC1gQ,3,Yelp,en,0.4578102524300657,0.38815518635463225,0.3658912994585167,0.4410038014973443,0.69989010989011,0.5697619047619049
DRR1bqQKNg6ZAEmcNK0-Ug,1,Yelp,en,0.4126772605270534,0.4186948734074714,0.35834545109982924,0.4485609877072579,0.6274541029862238,0.5581349206349207
PnxW9K0tGDTrBWAchge6Iw,3,Yelp,en,0.4028107468965495,0.38203719763529936,0.34515339977240356,0.4656400016975876,0.6337429340525316,0.4644688644688644
UgFxfn9WXncZ4C1qs95RmA,1,Yelp,en,0.4782111214396131,0.5336466836466837,0.3377489202563438,0.4774552493097077,0.6578496323078367,0.5891774891774892
XM4AiCPsvCP9rLe5uoPVfQ,1,Yelp,en,0.41364824712186,0.43609009079350547,0.2907167438619006,0.40605984973355463,0.5550794620971019,0.488375350140056
G09_yFukFtV077gs1L_4GQ,3,Yelp,en,0.4529071843818092,0.4055326933517832,0.35591585940153303,0.46101554223387914,0.7710884353741496,0.8095238095238095
jnYhqz6a-E_6YvrcLzGMcw,2,Yelp,en,0.49524393484036294,0.3445543093270367,0.36158292701877454,0.4453750972552353,0.6730819180819181,0.7126190476190476
POID_EJrzJctOp3RODRY8g,3,Yelp,en,0.39700950194587936,0.43196247638972074,0.3564486082414733,0.4608098522115795,0.647304331089161,0.562037037037037
XqR5QMe3GQeh8VnCViqFkA,2,Yelp,en,0.4905372512594583,0.34021932483470957,0.3803293336002645,0.44298462318310555,0.8095238095238096,0.8666666666666666
SLctk3NALjgmBvHYHvByUA,3,Yelp,en,0.4104726897693759,0.3692007543110484,0.34736591262370403,0.43712602337412504,0.7296085858585858,0.7333333333333334
hAgFJD4IKPF5lof-cl3hlA,3,Yelp,en,0.45393622202331635,0.39863251527404925,0.35570738621146475,0.4265109120695778,0.7313762626262625,0.7125
WJXHBUQRpwAmVo0wwyAGaw,3,Yelp,en,0.39740174878346063,0.4212159555931883,0.33792527452376364,0.45145613644819327,0.6602319249378072,0.5354978354978356
eE8go8VsA8trl4cIUl0fRA,3,Yelp,en,0.42347936582622764,0.44438973715794255,0.3457129876099959,0.4262905317959018,0.7149402680652681,0.6958333333333334
rInpBVPeEBzCikakDgLUMw,3,Yelp,en,0.4430626738041407,0.4246171718206433,0.34462604887897036,0.46958752207507737,0.7372790404040404,0.8178571428571428
W3MDuJxHknuMVy9FFCJlmQ,2,Yelp,en,0.41895456755971733,0.3484951266244014,0.36537066517094274,0.42039793923282975,0.6333504530721518,0.518452380952381
ToaH1r1K4mDJWF6r4cZNJg,2,Yelp,en,0.4273166678632631,0.46322758346822496,0.34702241751052604,0.4971044854610041,0.6544832757145213,0.5274392274392274
1cQoCOsiWqPnB05wO-fmVQ,2,Yelp,en,0.45233147175724653,0.39943198145780046,0.33933871423152817,0.4374954447365274,0.6770329343858755,0.7222222222222221
y8oazOqHFuYuLsrmKFfa-g,3,Yelp,en,0.4363547852370295,0.33019632552905454,0.35475736152922216,0.4385298871133324,0.6615126359708403,0.5480519480519481
r9WycsZU4Njz_CA3lp3DhA,2,Yelp,en,0.45432127023013863,0.3999554525902564,0.34839139504427563,0.47058720725007364,0.6564221382332837,0.557142857142857
LSZ0KpYhYUlgGINOt-vkzg,3,Yelp,en,0.4209656546179734,0.37906522442126145,0.3520717900595432,0.41442280923030694,0.6497791271686713,0.6905483405483405
bm8nWWN2ASuAVRZ6gyv1Wg,3,Yelp,en,0.44775646974371064,0.3797722391987097,0.3393421361249532,0.44320083242715125,0.7271780303030303,0.6083333333333333
BamUN7tyUWlm2EbHd-4FVA,3,Yelp,en,0.4421611053763427,0.43632056300298083,0.3619412711717004,0.43628408179743683,0.7247690581023915,0.6955026455026455
9aadXe1qZdtv0IBr-xbaLg,3,Yelp,en,0.4601758308887638,0.3932933762508832,0.34897856514420916,0.45076120254590263,0.6527999629603908,0.6257575757575758
Uf5NdZp-hS3m6shR9guTxg,3,Yelp,en,0.4251006271757546,0.4259369737923659,0.34727560627183934,0.4934082975864667,0.6510652140973349,0.4992063492063492
C8t5pKNfzpdaH8YSFDVEpQ,1,Yelp,en,0.460252266167544,0.39972178792999213,0.35930439060707664,0.4287192631164371,0.6709001782531193,0.7140692640692641
Zbipczs9DnCfIS0zd4dIQQ,3,Yelp,en,0.43010114826443446,0.4812880762071882,0.32104445860974856,0.48566663754477835,0.6330059933503485,0.6506235827664401
SxXicwdD_INOHVYwUEqmzQ,3,Yelp,en,0.4505001611625809,0.3720230386897054,0.337432147597353,0.45210714157037973,0.7237330570663905,0.694973544973545
22OeBPD1QiO6OkzaQqNreg,1,Yelp,en,0.40350762424539166,0.43491515029832295,0.3583682463036466,0.4418367156742963,0.6580380403909816,0.5675324675324676
XHKpyYQ897Gb1ffQGSXpbA,3,Yelp,en,0.448600959972019,0.45330999214900114,0.34642210278028546,0.46978129801358237,0.6115795862752385,0.6075132275132274
2r0XqX1Db-NnRPiq9XMcRQ,3,Yelp,en,0.47336925415100206,0.4058022081277895,0.36236946143115634,0.5035214550533369,0.7625850340136054,0.7095238095238096
f-gK5s0YnBUKacieqvEB2w,3,Yelp,en,0.40210448733053705,0.4139607626713593,0.36993539428311223,0.4406998803745659,0.6397974500805106,0.4693310657596372
_zEr2qp8sU3eFFoWfH4mTg,1,Yelp,en,0.41801536452168225,0.35034010728025156,0.355166967277529,0.46676317921591304,0.6636224737829015,0.595959595959596
zCYlhzVURHA6hWZzmpn4bg,3,Yelp,en,0.40075472169422116,0.3419455487179944,0.3500274932987017,0.4501119420176918,0.61096656565459,0.5750264550264551
tzCb3rppgABWcc_w0wBuRg,3,Yelp,en,0.4603328916113546,0.3591967143050734,0.3316016314002867,0.46249968760549753,0.6367464519286382,0.6645909645909646
iA-IDb8dczl6___fyUEsLQ,3,Yelp,en,0.46071785300292584,0.4981207423067886,0.35017320314139677,0.4693195539359952,0.7139428472761806,0.6343915343915343
3Hasa1b9v_CHmxWV4L7BAg,1,Yelp,en,0.43955690378481255,0.4577642787320206,0.32401156491269234,0.45434693940429627,0.7568027210884354,0.5619047619047619
8vaw9GLH08PmduP3GsJPyQ,2,Yelp,en,0.42586481120844444,0.6053502059531063,0.34772935338595157,0.47235724797827194,0.6744449846054125,0.6588744588744588
wP2J_lHyLq649yt07EJnfg,3,Yelp,en,0.42038476268132247,0.4606134835237002,0.3367296069015478,0.5394127757032067,0.6009179679016635,0.5586309523809524
NiONdcLm2zDKxbEjl0FTwA,3,Yelp,en,0.49147338263017876,0.38616300514696233,0.33973165557508006,0.4571283307471005,0.7057979057979058,0.6888888888888889
ZWo3KvNivBmirbNAQVaFJQ,1,Yelp,en,0.45224716444612695,0.43026121083772384,0.36694316163359014,0.443742020264491,0.7098901098901099,0.7575396825396825
WQ1FLCdvu6_ZVZrXTQ7XRw,1,Yelp,en,0.45196825987124384,0.3692938051824679,0.36432840219464124,0.45919548735187404,0.7075137362637363,0.7066666666666668
bciKPDdp3OpdH3dImArYMQ,1,Yelp,en,0.45198116668457433,0.4656910397295013,0.3429163647800596,0.4462527131100382,0.7189353856020523,0.7052910052910053
vLSi8gVxcotSIl_v88rQcA,3,Yelp,en,0.4245492381513906,0.480329539142514,0.35147923045849006,0.4725549326488207,0.6536115103936312,0.5378968253968254
6GxsqURup3yP9_SWl6Z4Ow,2,Yelp,en,0.42667582921127667,0.3598734661428159,0.3371294418836608,0.43752812204203984,0.716325649658983,0.6936507936507936
iHK_vPVC7fUFuglRFjDggw,2,Yelp,en,0.4506255086822889,0.38890445716609,0.34933803476266584,0.4480409800373848,0.7100099900099901,0.7092063492063492
ArTLKDrMsBRp6-V52W6-6A,2,Yelp,en,0.44895330678768025,0.3960088915789841,0.3383902329082772,0.4468344609915226,0.7212121212121212,0.5208333333333334
60ounadBwcU6ZSbS5EZBfA,1,Yelp,en,0.41332144709176044,0.4000271421585474,0.2908012043974711,0.4061372631857039,0.5764068158582666,0.5017740429505135
tWiUHTkysGwWaQUOvjCQiQ,1,Yelp,en,0.429254530154555,0.4068602568602564,0.35001838670617424,0.41864262919390366,0.698866501145913,0.734047619047619
kQkFa4cRSGD3SsBV2CQdfg,1,Yelp,en,0.40234159681397386,0.45463661419801765,0.3677973603674308,0.44185748664617386,0.7044418081918081,0.7369047619047618
9hqqIyiRzV_XA_wB6BMyMQ,3,Yelp,en,0.4278833953370948,0.39589352476577017,0.3549242548921988,0.4568792283091779,0.7194681861348529,0.7126984126984127
7ivVqXrdzDHqUWLU5_oX0Q,3,Yelp,en,0.42572586950919905,0.38852599775454844,0.34832635358588554,0.4318562005931109,0.7063186813186813,0.643095238095238
biPjej6C7bN-qvwT6Mex6w,3,Yelp,en,0.463363057870247,0.36715031119318253,0.37409996417502067,0.4139933246679123,0.7355113636363636,0.6595238095238095
gGHVIz1_oVknT5NhKP6A8w,1,Yelp,en,0.46316001956954606,0.37123592515936993,0.34807048568067317,0.44424476886994413,0.8015873015873015,0.7111111111111111
gx9eABySDxgKb_NXDYjHxw,1,Yelp,en,0.44652352661287636,0.4100304307851476,0.31866901265004133,0.48147259240678086,0.6918543956043955,0.7195238095238096
pIyaIJdVa_Kl8vebITpIew,1,Yelp,en,0.45730938217380085,0.3802306966541622,0.3567210318062659,0.44915894524528777,0.7006693306693307,0.6114285714285713
ZLvRXnrzh26O5t7gCFwInA,3,Yelp,en,0.5099715766190446,0.49641525141525145,0.3535037880120856,0.46289909193357476,0.7687074829931972,0.5714285714285714
ngpOYX62J3c7nBX7moCzww,3,Yelp,en,0.44268201867861545,0.3828588200965756,0.34160501272247334,0.460194355688136,0.6541721832981657,0.7084360084360084
cDA-6oRM_shHLMdMYHX4pQ,2,Yelp,en,0.4617908145107605,0.39756064889530934,0.34679403558146177,0.4611065614779873,0.6815297202797203,0.5804761904761905
J1PTjZvCGieme_Jo43NvDg,1,Yelp,en,0.3605632041823529,0.4385637475638573,0.3430109553361499,0.42282420339103705,,
8omL8tvpc_y3smxByLUn9g,3,Yelp,en,0.4263336554956839,0.34381604926801235,0.30374637229696555,0.4763410462254381,0.6697224344283167,0.4837662337662337
mjYus-iLdgubSWHw8m5W7w,1,Yelp,en,0.45918274108274293,0.3121404011730149,0.35234980917144004,0.4773429593958752,0.7108003108003108,0.4592592592592592
F3gGECYo4o0SldUCFBRq-Q,3,Yelp,en,0.47583219889033357,0.4229379416879415,0.3322605372148916,0.4901330972367254,0.7619047619047619,0.5523809523809523
viWciVFlio9jqs3XSvfuaA,2,Yelp,en,0.4903611997129295,0.3982701580262556,0.3533007922477485,0.4579755077204827,0.7247690581023915,0.7171957671957672
XDre87Ohl4_zvEzevaLHJQ,2,Yelp,en,0.46145404659444766,0.3721906254664874,0.35916295344418947,0.41635049668843693,0.7386047979797981,0.7261904761904762
bIWRD_4W_9VQY2x_5xdqaw,3,Yelp,en,0.46648742940457144,0.4493628856085604,0.3448900424490267,0.4609181387574853,0.6436753648827953,0.5073260073260074
FVtdxl-r1fPuTkFPQO1rVw,3,Yelp,en,0.4540613639932926,0.37048854550053684,0.3559456446169403,0.44329300994230725,0.6357662436319557,0.6367063492063493
dH5lp9Ztqnk8a5G_8z1aiQ,3,Yelp,en,0.421141652609914,0.3882089067467626,0.35342324200894903,0.44969585344880325,0.8065476190476191,0.8222222222222223
r2sPTv6_1ejRiOG-czhe2Q,2,Yelp,en,0.4665875662437926,0.39887264036200193,0.3694637600087028,0.4396759603852423,0.7214045214045215,0.6626984126984127
TFcEaCCJZAuz7z8mOAItiA,2,Yelp,en,0.48793128551004933,0.36149129234070937,0.3417703863940341,0.4485180185086523,0.7108003108003108,0.5666666666666667
ScLPr1fUtc9fOnr1vJuhxQ,3,Yelp,en,0.44524173515490123,0.4045440261987987,0.35901230419991254,0.4431705506155765,0.738604797979798,0.7928571428571428
Sw6mWDlle2kwKBGdF5HmfQ,3,Yelp,en,0.4577350612779397,0.34923562791983837,0.36085541345919003,0.43757677916872145,0.7173708236208236,0.7000000000000001
ESRv3Lqw8r0tMF5O0fjUCw,3,Yelp,en,0.4531072495339088,0.4304988601142445,0.357904711537593,0.410152884624104,0.7073126873126873,0.7053968253968255
nZYFnKkWBzH98ESC3rp5uQ,3,Yelp,en,0.4048355907233487,0.41755415005095287,0.35002265106633274,0.4737528757108535,0.6744449846054124,0.6533189033189033
Tca6wuqV_ifS4RqK6Kd34A,3,Yelp,en,0.42878341580914675,0.4611460922416884,0.3295849018256662,0.4847017726303357,0.7795918367346939,0.8238095238095238
eXqFXV7IkHzo4XOOUx14FA,3,Yelp,en,0.4648562085288397,0.5090916799250133,0.3495320368259779,0.4508136472465325,0.7009390609390611,0.4990476190476191
9lVNz4q6_wIJUkwXeukJLQ,1,Yelp,en,0.5024563629314579,0.42190958087772495,0.3579499475483448,0.4685764287399616,0.7313131313131314,0.6345238095238095
1cYvSiaB1Xa48jTjmL2r8w,1,Yelp,en,0.49780047890753626,0.42590586156762633,0.40392282847005717,0.46715043845732057,1.0,1.0
NmQm_Hul1qS4WoeF1rvhdQ,1,Yelp,en,0.4500147603743639,0.416285892756481,0.34896511516719353,0.4547464591816661,0.6991858141858143,0.5966666666666667
ay5fG0JVsFShPFiJ9N-JjQ,3,Yelp,en,0.48764791813680325,0.37676936469176786,0.37016049577822546,0.4331720600569324,0.9199999999999999,0.9
xgFVNQCYc6hgho-hzPWyOA,1,Yelp,en,0.434026073686478,0.44372501600465514,0.3599102788311243,0.49346841989614965,0.616321307500743,0.554861111111111
kq4fs7Q7JDsPmELYWqGbQw,3,Yelp,en,0.45552275463087694,0.33239008798219316,0.3517232998846471,0.4599696695842278,0.8015873015873015,0.7111111111111111
9wVube2g027SUCbai23rqg,3,Yelp,en,0.4182383521407805,0.3714212668805032,0.34992293549894093,0.4562998913074066,0.6291842373752312,0.5235260770975055
ahF7oKprvUYv3At5gEQ45w,2,Yelp,en,0.4905360559744447,0.3690894318713868,0.366454815063173,0.470140899529133,0.7313131313131314,0.7386904761904761
QvZaJNqrrVj_l-gyPz2Z3A,1,Yelp,en,0.49448334653024206,0.43056181424187173,0.36252443087918357,0.4437762332778975,0.7462752525252525,0.8107142857142857
WekLyZ_jGhbwag8rduP_lA,3,Yelp,en,0.47431545824603505,0.5218357740671817,0.3393263297196256,0.4648370515933525,0.7285037878787879,0.625
Ld1-4STmN0Qe-xVyX5N8Iw,3,Yelp,en,0.4094968460430038,0.3627198660222199,0.27925100355357185,0.4277338209910061,0.6672446490557945,0.6170995670995671
XZbkHGhOo_Pu-ypw4j_bvw,2,Yelp,en,0.4199952160195628,0.3882174667244214,0.3725673622185598,0.4168919612911478,0.6521150418209242,0.48441558441558447
sB-Lx1QF2hI8yQpb_SdINA,3,Yelp,en,0.4443897070250847,0.4018592637309213,0.35691929212391077,0.449195889856481,0.7194681861348529,0.6703703703703704
GifRhXPlxytoRkhyEWbqjQ,3,Yelp,en,0.4862794906077182,0.4149836170512864,0.33522249845633945,0.439191391444039,0.6854286889581007,0.6290476190476191
1CpDgSzeGxpo5DM9MRZXsQ,2,Yelp,en,0.4501320380860002,0.3918802864968831,0.365862959990696,0.4318827550881802,0.8015873015873015,0.7111111111111111
FUYQ99EUHg2TOHMMTy7cFQ,3,Yelp,en,0.3991171334621372,0.405041820262828,0.33314540252110897,0.48217579713869935,0.6864583492034473,0.7338624338624339
8Mkhxopb8jzL748V-oCVKg,3,Yelp,en,0.4097449519503555,0.404252594750523,0.30317339840939267,0.403299957870418,0.5955854353967881,0.590877749701279
db7i0JVq9s_AKVvOoHBNxQ,3,Yelp,en,0.4020242441417202,0.42791233897281933,0.35573154051750094,0.44537203345445464,0.6523383622454829,0.5384920634920635
9HebYLRstsuqti5_7P0hEg,3,Yelp,en,0.380790848960863,0.4501508683777075,0.35132790067797737,0.47241826873920795,0.6687506142808001,0.6939935064935066
7KgfshQrZ9O9iMIABtm59Q,3,Yelp,en,0.41430357899517783,0.3821695504332629,0.37553270830627933,0.4268029355385168,0.7245470578803912,0.7558201058201058
hNrTy0Ygw2w__LFgRN-dMw,3,Yelp,en,0.4632655435142381,0.4018172290764145,0.356953085937577,0.4490419699739958,0.8015873015873017,0.7111111111111109
QOreEvrNP6iEZo58gCIuBg,2,Yelp,en,0.40894712365080066,0.3827504221677824,0.35681916655297513,0.4510256794398204,0.6450360150288704,0.6254745254745254
i97Bt0ulP8sIEHz5pSRTDg,1,Yelp,en,0.48988697961903666,0.3944856620503679,0.35996929741981787,0.41699487915451894,0.8015873015873017,0.7111111111111111
00ITXtcMZ1lKorsTbL8sKA,1,Yelp,en,0.46934046003979246,0.4793210665303689,0.3639750821220484,0.4399083504339728,0.7125960459293793,0.7031746031746031
WTBZoUYPne_lsXD2v95fsA,1,Yelp,en,0.48733458865734347,0.3916680719110387,0.3210862953206585,0.46253891757010174,0.8065476190476191,0.8222222222222223
Wqw7YrOVrBecuVpcPGkO6w,3,Yelp,en,0.4249657806793056,0.38646176862353304,0.3634594789286601,0.4104391033141291,0.612972511794785,0.5365079365079366
xXMbtC0bRW4P_QryB9bMng,1,Yelp,en,0.4815449658949757,0.3752922018879466,0.37050533219120385,0.4319172185605629,0.7676870748299319,0.7095238095238096
u8NNXExuaSHcr4rSrI5D4Q,1,Yelp,en,0.3997090869809975,0.37933494513219246,0.3467794361219761,0.4671509974418871,0.6455722811759963,0.5409645909645909
egvjp70Ww4g1QAhKP92bbQ,3,Yelp,en,0.3969172452614373,0.45562152774105946,0.35722578836850244,0.44244441142220464,0.6506802647959768,0.5876984126984127
zdWQtnrWzGZGXW4qolAtjQ,2,Yelp,en,0.4318312702805968,0.42756718854734577,0.33929145688298823,0.47529661314343447,0.7056593406593408,0.6728571428571429
ZkEBqstj-ACQPVu1PzmHRg,2,Yelp,en,0.4391040858381116,0.4283014975825432,0.3529491372439552,0.4883390606063251,0.6614945512004335,0.4796536796536797
q8dgKSX2H6hHPu62k1DjBg,3,Yelp,en,0.44017004820571565,0.4330143654198274,0.34818221877331973,0.4596662825253261,0.7081368631368631,0.7096825396825397
c51VoXUeG0KdGGx-Ee51xw,3,Yelp,en,0.4547948850370706,0.40347351703626977,0.35423939073075417,0.4236179132922168,0.7139204545454545,0.6999999999999998
_0zpVW6YeumcztzbPzc1nA,2,Yelp,en,0.40297050710402527,0.40519994204197957,0.27099124201526453,0.43005779841108766,0.6038598967347535,0.6498412698412698
h8MtXPfTGZeC92flVZmDGA,3,Yelp,en,0.44336684111558067,0.43530902751213507,0.3420745295468796,0.44990824066759555,0.7213181879848547,0.6957671957671958
1dCwguKPnwHUgrI2pzncdA,1,Yelp,en,0.5301530441180303,0.44363767545585725,0.4015740858487858,0.4485450713080851,0.9199999999999999,0.9
2sfu7MvxXewhRD5rr24goA,3,Yelp,en,0.38813905567907325,0.4908070541862974,0.28325734950058634,0.4081489144184553,0.5786997597746457,0.466017316017316
_gnQu_MzmeEm2Fh4Ode_yg,1,Yelp,en,0.4422395620403941,0.45164777552320795,0.36589820120396616,0.44964465003534254,0.693610507139919,0.6128571428571428
v9gBt3uqUqUJQzl9TXMn6g,2,Yelp,en,0.4234210045857351,0.3784931522057423,0.2792595749837561,0.40728313842788455,0.6047221345609303,0.4214716655893126
4_OyAzfa1z1e_0sDBI0Gfw,1,Yelp,en,0.4156629259760143,0.4224146510863796,0.3474701623888319,0.4236858722576642,0.594324950019285,0.3965919701213819
sdkJ2-Oy0_LO3Clw6J6mNQ,1,Yelp,en,0.42698005982512777,0.34309131780816093,0.352474168294667,0.4370488510346729,0.6365029702332355,0.4452947845804989
RkNHU_-5S2WOjKVKrxcAIg,3,Yelp,en,0.41226882601919584,0.427532544705112,0.2921164145310063,0.42175433708878746,0.5743884707387407,0.5629870129870129
dVcpoMrZNbHlmU9qu-eYsA,2,Yelp,en,0.44371657732717773,0.4117768205691591,0.36221756054741067,0.45297856941004205,0.634228663050936,0.6750875050875051
Y842zLaf6gJjDHUC3ssogg,3,Yelp,en,0.44305059645180633,0.3860553210978906,0.36540113033156185,0.42712555216682885,0.5930095075073325,0.4450817700817701
5mHGXfC4eVPIeYt5RV2UgA,3,Yelp,en,0.4171673423377146,0.5442019917798462,0.36494493026033925,0.4675110995394252,0.6911500999000999,0.6195238095238095
hCaAzhLFkM_FnxU658Ix0A,2,Yelp,en,0.4234951323781501,0.41473809678835843,0.3585441411744425,0.43213370090977865,0.6480662784068355,0.6619047619047619
m-kF7UF3nCPO1KxuMFcMdA,1,Yelp,en,0.42480219293827437,0.371555597285883,0.36304964656254135,0.4081674675481822,0.7180337024087023,0.6458333333333334
2IANNlhdnOsYhbgRSHpxYA,2,Yelp,en,0.4397042302143036,0.4250288661617763,0.3423784828726691,0.45953745939208684,0.7083379120879121,0.743095238095238
8YemFuUV2HQ5C6SmzSynqg,2,Yelp,en,0.4835068822459939,0.47240519560464156,0.3587601867878001,0.4610543486765078,0.6981368631368631,0.5657142857142857
Bst8b497_GHgsMMnunN1og,1,Yelp,en,0.48379015973431494,0.3811685708138797,0.35426789155658006,0.46210873722487,0.9199999999999999,0.9
SsR56CtOdG44wwlDQjQUdA,3,Yelp,en,0.4657019198672329,0.38738007230306104,0.3724013802043329,0.4088500919225807,0.7096203796203796,0.7168253968253968
mbZiBt_f2YOJ78S5vo2tNA,1,Yelp,en,0.48531709357049213,0.3700294673366889,0.342126136621151,0.4187513542977936,0.8144841269841271,0.8388888888888889
p9sE1W5-EAhEKJI_clSU1Q,2,Yelp,en,0.42481855327869356,0.4355571683277991,0.3353792397340373,0.4757851363760649,0.6451572163646466,0.46776556776556777
Y914T4fKnDbwRmvcYFG6vQ,1,Yelp,en,0.43286820898196304,0.4377555568239497,0.3526088122805811,0.49976418833780994,0.6011808016234536,0.6652625152625153
Xt2Nig5nndCt2HDT4pQ-RA,3,Yelp,en,0.42328212779312363,0.4485222574637866,0.34177785552370715,0.46726137628521347,0.716325649658983,0.6936507936507936
Sd69G-QUAm-Ojl8L4qkWKQ,3,Yelp,en,0.4558044254726985,0.34103843838666814,0.34880199339488616,0.4730289290222089,0.700156093906094,0.756904761904762
mEpamMc1zPJYAAJJAJ6V9w,3,Yelp,en,0.45908350692166106,0.32946041037224877,0.3504723518259521,0.4495033059047296,0.6614945512004335,0.5112554112554112
CUe72xnZLjz4h27V-Aa1qQ,3,Yelp,en,0.46547183505142853,0.48086313086313087,0.4067615993484147,0.4460881808579647,0.9199999999999999,0.9
IFLs0IP8O16NBthfy-uCmw,2,Yelp,en,0.4235528343337126,0.3517963128489443,0.37211961141127603,0.4452327867559019,0.5764485296743359,0.42318295739348366
-dwfuRRPqAg3YeL3XsCAmw,3,Yelp,en,0.42005420949741573,0.3529157059056152,0.2851403499800303,0.413751270102259,0.5680653286049548,0.5447245564892623
duvPONn-Lv2sK8m7nCqm_Q,1,Yelp,en,0.421838317658128,0.36319861373691464,0.3632888192942891,0.4660805585123314,0.6480170922123791,0.6362914862914862
p4GNAzzCIeU-LnnKVljzoQ,3,Yelp,en,0.38294467619216443,0.4324436214966567,0.3558291802898362,0.43001289730869213,0.6568068154755461,0.6504329004329005
COyzVILA-Ph2qgK66HBzbQ,1,Yelp,en,0.44487556154317764,0.4122506779792469,0.3471094571480209,0.48968996556323774,0.6272970569893583,0.46660997732426307
F2up7H0b19laVGHfCI6SPA,3,Yelp,en,0.48555371660113505,0.345169116597688,0.34741696650378334,0.49724526825429605,0.806547619047619,0.8222222222222223
1P3eCLKdnNkQROzmhgpQ5g,2,Yelp,en,0.4896688039706499,0.3888113678845943,0.3105372550327089,0.46331853753271834,0.6891308691308692,0.5900000000000001
JEmtDSrk5Z5mjkg1_js3Wg,1,Yelp,en,0.490386867949913,0.4257707824339404,0.3680569571593598,0.4321795977030292,0.7033608366941702,0.7248677248677249
_YdoXIXscuxrp5pCxhOmaQ,3,Yelp,en,0.4084507796191829,0.41720494220967586,0.3473308258281909,0.466275669892273,0.6243795438394982,0.5425396825396827
eXAFI9k0Rx_XorJlGtDNow,1,Yelp,en,0.4701349758932904,0.42307385596859276,0.34398195743212817,0.4523728531472116,0.7355113636363636,0.7303571428571428
n5sqTF5o61hBFmL_o-PwnQ,3,Yelp,en,0.4889351719639994,0.47171682013310984,0.33888424915830256,0.49787263259077574,0.6756748153806978,0.6676767676767678
bGidcya8kL48bHEH0bA7Zg,3,Yelp,en,0.44403493750416567,0.5071222803975884,0.3494935054894773,0.4459797050061267,0.6575924075924076,0.6521645021645022
HENyzqKqR2SjYr6JV3lJQg,2,Yelp,en,0.4795214113849995,0.41460255839955085,0.3584427026526671,0.42883177045182647,0.7056043956043958,0.7111111111111111
djfa761gw78Y-oUrGOoBNA,3,Yelp,en,0.43937995027087334,0.4426262212446423,0.3541062857730256,0.4428915013862091,0.6768819415878239,0.7256854256854257
fcEBV70rEpGFoH_og07hog,3,Yelp,en,0.4114375745727269,0.39879655888076243,0.36206515854969434,0.4279863259155628,0.7568027210884353,0.5619047619047619
vf0nzr_XLzpSHNKuRcNx1Q,3,Yelp,en,0.42016953719484584,0.4102429508112847,0.2885673825519963,0.4313291057004961,0.5997866116449793,0.5619047619047619
MiCyNL1qDCQpB1GGoCnp6g,3,Yelp,en,0.44997434414208776,0.4258117283785733,0.34118866244228613,0.4262327856452281,0.7005494505494506,0.5864285714285715
npSLJ6Fp2VccQO3EdjC0Dw,3,Yelp,en,0.4389298623677978,0.39187700643582984,0.33708399448317694,0.45497040933962846,0.7002183002183002,0.6333333333333333
IWPhp9yzaRAhX2jxt149Hw,2,Yelp,en,0.48355468833611986,0.3845290563777959,0.3583353510408155,0.45330560291902827,0.6395656287297155,0.6138528138528139
MOTU5O3BZbSRov4hK5xYCQ,3,Yelp,en,0.41062774527505397,0.41064092506647054,0.34400809893344453,0.46501061325358056,0.6466369887422518,0.5376623376623377
XG2jElV3uX_x2I04dpKzmA,3,Yelp,en,0.4024766442652235,0.47762165715957855,0.3467449121256704,0.47789755745517365,0.6297479889258248,0.5025510204081632
jLvSufOuqxozx2iudp8RVg,3,Yelp,en,0.4419094170333139,0.4795856695105755,0.3285278433321214,0.43177679219014314,0.7065576398909732,0.6952380952380951
AEnkw2Kab_8TZFMcyFd5wg,3,Yelp,en,0.4153725632278307,0.5026495449731848,0.3465279860922832,0.49393644724385555,0.7042769730269731,0.7035714285714286
efMH2_aWgUQzw19bP_v1bQ,2,Yelp,en,0.4390711160048736,0.592513563477268,0.3582912774667868,0.46301276388204826,0.6371648184005163,0.5487179487179487
JSg8H8to0wiLJW5MlqWqEw,3,Yelp,en,0.422272377795683,0.4490441741055974,0.348472085516139,0.47245776342026535,0.6620356767415592,0.48095238095238096
d5dYddRfcGaX54sUsLPKFg,3,Yelp,en,0.43285332300743545,0.4321006766134068,0.3448910467708862,0.44946689970693815,0.6560722168984553,0.6896164021164021
ukUPTPoUb5drr9p4UXmcpQ,1,Yelp,en,0.4010932591609096,0.41206029122706506,0.3398327649819808,0.46795956085556156,0.6250380710508588,0.5571717171717172
FO1qsiXrBUVvpG3WqMHdCw,1,Yelp,en,0.4479183238060112,0.35465338049095235,0.35393353030963604,0.44568268318033316,0.8144841269841271,0.8388888888888889
6_XzKWWpEUnDsh6Zzo7DWQ,1,Yelp,en,0.4349304934101788,0.48927177454053705,0.3669157750254963,0.45861951340894674,0.7710884353741496,0.8095238095238094
IXBa604iZBWLHfsHFUMxQw,2,Yelp,en,0.4819730651140934,0.4176923305452716,0.3542364672931349,0.46617313687705564,0.7344065656565657,0.7761904761904762
U_RWUVYqnANSeHdxP7wsDg,3,Yelp,en,0.48848762647764715,0.41294872261258825,0.35230108044480446,0.4697076181050601,0.7205905205905206,0.6626984126984127
4cUg9K1I_kbDJePcqJIb5Q,2,Yelp,en,0.46002683762495633,0.43170619322580106,0.3514568694579128,0.42770504925192493,0.6958291708291708,0.4576190476190477
riFj2evo2LSDWFMxGHgl3A,3,Yelp,en,0.44390328846503185,0.44045248670917087,0.3629043835694953,0.44872760044252036,0.6516080807340631,0.7435897435897437
DhA_zGxQzzC9hftN-jYOPA,2,Yelp,en,0.380141423519353,0.4739274354719346,0.35781975787730763,0.46335334089116736,0.6504398250528282,0.5732142857142858
iNqZUb0l0bxVnzooBuTLWA,2,Yelp,en,0.4512120662258181,0.4326196375837522,0.34192103233452076,0.40621814135827444,0.6692877517219623,0.7123809523809523
WRU7PLmReFlDzZnjUi6ylw,3,Yelp,en,0.4310548672106789,0.37266852972960485,0.30293867663426416,0.40549123599903225,0.6378586325954747,0.5807081807081806
VpoelJp_xL0Xy42fcrVeNQ,3,Yelp,en,0.49580357286480525,0.416984719825629,0.3476497668119531,0.4672655703322853,0.7039060939060938,0.6790476190476191
U1bZ02MkJf9qet5Z99HZ1Q,3,Yelp,en,0.4243978250789631,0.4002033858853416,0.3440493270230302,0.4694999571907003,0.5747853487474308,0.41097060833902943
_kZJSpHQiCjnK0ChanRxvQ,1,Yelp,en,0.49445794844635477,0.40868531193608604,0.3473329033198531,0.4613936529342733,0.7139428472761806,0.6825396825396826
wHkZ54FlwxjYjzC7DNd7eA,3,Yelp,en,0.390304523927727,0.42869176786184876,0.33138520521190185,0.4709005802739326,0.6587195484254308,0.5720779220779222
ZvlgkL23ni6MKhpIoBTKRg,3,Yelp,en,0.4813907115318341,0.4054308423587599,0.4013667062068625,0.45804305305902887,0.9199999999999999,0.9
7lML4LqsG_E0DXQ4xM-Ryw,1,Yelp,en,0.4282326565215153,0.45114055649659357,0.3293754060309586,0.4865374373043382,0.6179241384092642,0.5603174603174602
rINCJagxQFR7q4KkFRp9KA,3,Yelp,en,0.45901555097265934,0.4149034039583298,0.3580258722481746,0.498503571008567,0.6123930543983458,0.558095238095238
cGo30g18YbCUD0ZB_W-bUg,3,Yelp,en,0.40285146427123475,0.3781764772829553,0.3421873492126229,0.4682366990293208,0.5523996918673908,0.5777296777296779
aq5YVNy-QhpxSukDqGWXTQ,1,Yelp,en,0.4837890340479462,0.41681940730288347,0.34512814615406945,0.5068471279802282,0.7271780303030303,0.625
s4DLSezr-TUjaVa_EiA9kg,3,Yelp,en,0.49493185773642867,0.38654903654903666,0.3490869522776097,0.4522460308764875,0.7428030303030303,0.8053571428571429
POGcpeTg60CRfQlDamVc3g,3,Yelp,en,0.47527095360634125,0.5168663875806734,0.3948751069171618,0.4586667812672566,0.8065476190476191,0.8222222222222223
GkoTDCm5akWw5l4O41skKg,2,Yelp,en,0.4256934559684203,0.47836145622523313,0.3330787646908051,0.47425004230096535,0.6166750914092414,0.6645909645909647
iLm339DWMbsvxJiRcL4DAA,2,Yelp,en,0.4888303857394151,0.4849497543124995,0.34500544945800543,0.44646275457895457,0.7372790404040405,0.7220238095238095
GzzFbTQTW2kur2ok0QZ2fA,2,Yelp,en,0.41550299824434833,0.3875114882012334,0.37099585400169754,0.46580725189253636,0.6210566206041318,0.6664835164835166
4HTrV9WWPmu_279Euvupmw,3,Yelp,en,0.3971904268004441,0.45706494472588866,0.343592976818097,0.4755087480662726,0.5843594448970697,0.5201680672268907
UG-WOGWKLch6qHLWJBZdIQ,3,Yelp,en,0.4123604700009751,0.38890010249659346,0.3496171647313662,0.4497490560224003,0.6966786889581008,0.7085714285714284
fMJG9nwrWiCN1WCqdFpiGw,3,Yelp,en,0.46849143700647994,0.4530873224403926,0.342620832607054,0.4306006257773826,0.7372790404040404,0.8178571428571428
p-Yt0-JBqOTsQoRAXE2Pcg,3,Yelp,en,0.44490659743622973,0.4337710240990783,0.3494211779281965,0.462509847234905,0.7330808080808081,0.7011904761904761
zs8c74SeRpncik3GHnvjbw,3,Yelp,en,0.40935220868366035,0.400098129848884,0.3424131667637221,0.45277203165670654,0.7152896486229818,0.4936507936507937
N-qmRjSPTwBJXlnrpMkc8g,2,Yelp,en,0.44818126493517835,0.43430472500333844,0.3527328713155983,0.4394366075217531,0.7057436390769724,0.6433862433862434
8nsPMx5azDNn4q4iyntSEA,1,Yelp,en,0.4288343406275959,0.43246635666212857,0.35356785199756696,0.4320998127630855,0.6320595036433546,0.44200680272108844
T9vrx8gWE-FVKEExq8__9w,2,Yelp,en,0.4087459745327699,0.412588893596144,0.3759496652787697,0.42408552121971566,0.6378059258310974,0.6143338143338143
6j15xCag3aEs1LfPX9pIEQ,3,Yelp,en,0.41374021992412846,0.39084168065018227,0.35862399466648154,0.43475409927611486,0.6386625242662394,0.6834554334554336
bSBFTof9gO-FFaeERsLDkQ,1,Yelp,en,0.46420168199035544,0.6161455704025364,0.351013691429476,0.4866991309589717,0.7057979057979059,0.6851851851851852
Kh7iaYDaUOw9H02Qz0hQvA,3,Yelp,en,0.4460317145435592,0.41925918525918526,0.3340223787554424,0.4509345171187327,0.8015873015873017,0.7111111111111109
qUGOhDgaPtGbGAzxIpuYFA,3,Yelp,en,0.4721470009523246,0.4661355928022594,0.3466827202291005,0.5008653140096878,0.7216265216265216,0.6923280423280423
c3npzYE-SZQYbebw6-k3fw,1,Yelp,en,0.4190173436586592,0.38674350071408875,0.36015100044350645,0.43546406115157377,0.6428241646411151,0.6428571428571428
CyxbAU6ni84K7j3ZNdzuNA,1,Yelp,en,0.46056950876337277,0.5216378284701266,0.3424781337975765,0.5053980678085029,0.7296085858585859,0.7291666666666666
3XZw6EkxSdjGVAcifjLURg,3,Yelp,en,0.4140403078180538,0.4029090544599281,0.3579250129820534,0.43813528785407535,0.6270783263725017,0.5481292517006804
J6rT8Pz5fpwJJZHnU-ntPw,2,Yelp,en,0.4188534170783423,0.4689311887903436,0.33865324064543567,0.4553201835563065,0.6687356760886174,0.4991341991341992
qRZk9STzIo-JaThfVWApIw,1,Yelp,en,0.4793502783573602,0.4150887015073866,0.34362663705603064,0.43707898768973263,0.6642295612883848,0.5982683982683983
bj3MzobYzbxD3zc1jOcHFw,2,Yelp,en,0.44214042947063037,0.47593433930231804,0.34586303214337294,0.414636310951207,0.7180337024087023,0.7083333333333334
wNruTA4D0EuPnQAh8uJgRg,3,Yelp,en,0.48297264789725647,0.3857357087357087,0.3430458980467788,0.4652042361479496,0.8065476190476191,0.8222222222222223
Abaaeihqis13tEr42AghPA,1,Yelp,en,0.414080271578729,0.4517278799631741,0.35331039861571745,0.47748009782640616,0.5605210473055477,0.4962861699703806
2qzJeltKbbWvFpUl5mQ7GQ,1,Yelp,en,0.41652617960325194,0.3986348758701347,0.33955496614086805,0.4703958367711294,0.6187510508282567,0.6117923742923743
fpgIeuz8Dv5F79whJNK4CA,2,Yelp,en,0.40751400306778135,0.46552379843740116,0.354036372937032,0.4461996095639534,0.6778686999275234,0.7274170274170274
DQJWEtX-HY_Qk9BjqJuhHQ,2,Yelp,en,0.3947654081980478,0.49416045814972875,0.35386796327149805,0.4713507659855094,0.6436448828089695,0.5246753246753247
chPnSOFvkhGiOmfefbs2eg,3,Yelp,en,0.4223849177408969,0.3797622329084352,0.3560923334760342,0.4701007570026796,0.6958291708291708,0.5128571428571428
KjtinE_DjWG8jOgiqO5qPw,3,Yelp,en,0.47562700084975373,0.41257566326193784,0.39077915600675256,0.45680261667545746,0.8015873015873015,0.7111111111111111
hH8IliLYE53hw9xRlJ9bkA,3,Yelp,en,0.4313399651974812,0.4497981574862315,0.33339854059448804,0.47949730790435874,0.8095238095238094,0.8666666666666667
XfJP3IyzB1zoFsasxaFi1A,1,Yelp,en,0.4007013586945978,0.4360263744906857,0.34904461330348924,0.4676477474775622,0.577579687497795,0.37865079365079374
SfCc5X6hZwmLWtkFVE8cYw,1,Yelp,en,0.4345404685814371,0.4220445962706023,0.35930830134762143,0.4506291140612645,0.7100099900099901,0.6525396825396825
Ij1XU_MKd-uPNENNgE9law,3,Yelp,en,0.48452394783523905,0.325716291381253,0.41628701689920017,0.4696041152778506,0.9199999999999999,0.9
VyIUh4PRTS_z1ag7qb-1-w,3,Yelp,en,0.41163157193580585,0.4552875107479529,0.3485741056854389,0.4511219007232337,0.7224405224405224,0.7256613756613758
eMDIeqWe2QKBCPsFtaY3iw,3,Yelp,en,0.4261925290786883,0.29726705706741996,0.3469462035383831,0.46953545830590177,0.5685169750995137,0.35563492063492064
R1LEx0o_DawJHp-EMqYhlQ,1,Yelp,en,0.4478900576069981,0.4108414295256399,0.3212107521010952,0.4638750284381881,0.5993675238199819,0.543968253968254
XGeiaaKx-Jq3Ri7g3VWWYg,3,Yelp,en,0.4678911409715473,0.4575763254991199,0.3088005630748016,0.4342914005470141,0.6478073758743265,0.6063492063492063
DVcVHqBwhjvnEwJx07p-4Q,1,Yelp,en,0.4492248436248117,0.4770368451649659,0.3618604143727292,0.4025151127081482,0.6621119281045752,0.6202380952380953
hptXL1d5xWdYcOcOrsLNjg,3,Yelp,en,0.40228594495639775,0.4298819222286712,0.33910949960468334,0.48923458106119944,0.5692145646481417,0.5628882813093341
n5xIDwys1RA07QLTr9KtWg,3,Yelp,en,0.46576095550874314,0.35091006686382364,0.35063180752466716,0.45681501742711494,0.6934300267633601,0.6952380952380952
IT8LNjTE91wUk7wEx4VLhA,2,Yelp,en,0.4609756218163527,0.45837091149322806,0.36087963540356566,0.44050241475034657,0.7054395604395605,0.6944444444444444
ODRs5xdjVs-NchMyXkJYCA,3,Yelp,en,0.4583168217745673,0.39213750400972774,0.3389111010352002,0.4590221673641032,0.6299564592987665,0.5218037518037518
T0W__vAUZvRwldJWCPlsOQ,3,Yelp,en,0.4500643524583621,0.37088407508207005,0.3481446057106557,0.427959146854556,0.6472901711291805,0.661050061050061
ZwYbCFcj9u_YAB5yIGdFDw,3,Yelp,en,0.39799841368575056,0.514967788656514,0.3706457138472732,0.43984096088191676,0.6241514096311205,0.512892316017316
zW611AxH7ZY7V_oDmsATpg,2,Yelp,en,0.43657612470697316,0.40222815263013,0.3455104766356278,0.4823101800271932,0.6445498945498946,0.6415584415584416
y63ilXPF4Eyz0sjydWNGOA,3,Yelp,en,0.4697639268801438,0.46874367893041063,0.3268497817332863,0.44175738052032965,0.7074775224775225,0.7601587301587301
FKEskvuuC2LUrUUDOJ860A,3,Yelp,en,0.43985596185413217,0.5042049134440436,0.38628129026236985,0.47044829074092265,0.7229797979797981,0.6041666666666666
XmX_0zEkIhyKLZoLO4NZYw,3,Yelp,en,0.4537859670714782,0.3413864093872938,0.3689064807120313,0.4432904627383979,0.814484126984127,0.8388888888888889
07QQwsMRegA3eMhwfaIfig,2,Yelp,en,0.38930312834809494,0.4062607100536262,0.33118868750546343,0.47847399208754166,0.5776329928719199,0.606247347423818
EViTAqCQFYIYu8_drDQNOQ,3,Yelp,en,0.4658485243239591,0.47395152273201063,0.33570050257915185,0.4481744431750467,0.7602040816326529,0.7095238095238094
RR2D6uAjEMnHO8tBzAFe4A,3,Yelp,en,0.48592838649199704,0.3820811019181079,0.35821809641451463,0.40987285466090734,0.7121527777777779,0.7374999999999999
qxKM_b4Hon8ITukDkJBRkg,3,Yelp,en,0.471699926030888,0.3872946534942508,0.3574829361231911,0.47741224898105866,0.7309343434343434,0.7041666666666666
5acr7wys1_J0Plsa2p0oWg,3,Yelp,en,0.4170740166971977,0.5101972426533828,0.3467475140554099,0.4593868874252561,0.7044418081918082,0.6045238095238096
I7NAdbxQTd0pVYUeBPaQZQ,3,Yelp,en,0.45335565681139584,0.3916953750445212,0.36022363254152573,0.44480806247463095,0.738604797979798,0.7220238095238095
vg0MQQ_i0hDqUMb3rFtoCw,2,Yelp,en,0.4206440693720464,0.35429522133967056,0.35413752441427165,0.46134478444253374,0.6946645946645947,0.6222222222222222
HXLB8ZEpZLiiiB4PpSgIQQ,1,Yelp,en,0.48172827624773473,0.3933944108866707,0.3433775521846457,0.46752913248315425,0.7236426767676767,0.5916666666666667
ddRrVl9Em-qY-D2JSBDCWA,2,Yelp,en,0.4382597774812695,0.4891766631893757,0.36454860450304677,0.42657511154988415,0.7313762626262625,0.7125000000000001
IfHPh9OyL0LTWvgnJdop9A,1,Yelp,en,0.4293777642423722,0.45126361491511313,0.3345649291444556,0.49985947481150533,0.6171756685343642,0.5970238095238096
jdMiHyS19Toma60s1YxDhw,1,Yelp,en,0.49168563029137297,0.3347217597217597,0.3438737547131428,0.43516655378466307,0.6603757205361483,0.7373737373737375
im4b-tMpze6pox-uWU4u6g,3,Yelp,en,0.41092281030361444,0.3992557361389486,0.299686161304397,0.4047052169846911,0.5584815627140749,0.39642529187983727
SPgh-ABAC0CztTM2jWFzmw,3,Yelp,en,0.40393097796203353,0.38185244528433376,0.3311606260219893,0.45908644036117197,0.5799007689384992,0.4633520074696545
v6D_YbXXCmA-DeGa_ODFSw,3,Yelp,en,0.4337577643021876,0.4366640611996647,0.3528617640103924,0.43001570921994037,0.6257925639891584,0.7244708994708994
FvfEApQ-3mPy7UmAsKzVnQ,3,Yelp,en,0.5007995614274886,0.3428573498874789,0.34012121780363674,0.4763257030109426,0.6329659760721429,0.7261337868480726
5Nm3ZagnijtWoItJetsxaQ,1,Yelp,en,0.4653087501540276,0.39619209426194724,0.35895541190522656,0.47943208254828584,0.7108003108003108,0.5518518518518518
Tb1Px4qXsf4bTXTTxQYApw,1,Yelp,en,0.45984679662943817,0.40455281679771465,0.3395357591256245,0.4934088536582727,0.6252021449818933,0.5375721500721501
MlxS0q9wHqnAc7uxYNFFqQ,3,Yelp,en,0.4026010554380922,0.3785389664623554,0.2874616306069614,0.42821279702072196,0.5771989967403413,0.4550885225885226
hvwi5JG-B_ACoi6_AYV-yQ,2,Yelp,en,0.4984417288839005,0.3354040236393177,0.3436280757406632,0.4342714273456354,0.9199999999999999,0.9
mGa_uXCQJjcb7hDtVDV6dA,3,Yelp,en,0.4618756972833043,0.42330631994268375,0.343653413956592,0.43821115765925756,0.65984323553983,0.6233465608465609
qTmCaUnKJEgzd48LbbQ_IQ,1,Yelp,en,0.44917728982230076,0.39135869685869684,0.3322732378972989,0.4302552511189645,0.9199999999999999,0.9
wru6tdmuL9j6F8iD8wWYcA,1,Yelp,en,0.4186597592765908,0.4238410837342166,0.33737979060955336,0.4392304825873475,0.5506406576396067,0.42339105339105343
Y0d13hC0i0LBr0RuD2ViHw,3,Yelp,en,0.4560251799651862,0.4259786768852281,0.3648115865421296,0.42294036757550907,0.7229797979797981,0.49583333333333335
AUPW6fyw1OI2dzqca0jAHw,3,Yelp,en,0.43742469880999313,0.4579778268264188,0.349738112049444,0.45862637450935173,0.6461109581852617,0.45158730158730154
TxAiv073Dc6OdTDouCyDkw,1,Yelp,en,0.4820960467134059,0.4538947772500402,0.33376486720817894,0.4668221093560779,0.6795981795981795,0.7217893217893218
0nVb9YTuHz81PfrhNiL6Lw,3,Yelp,en,0.3803187848179162,0.4612797891278905,0.30753149642929184,0.49940097191353316,0.6450797643618852,0.6182539682539683
9ZAL83WYOB9X1SptLgzglw,1,Yelp,en,0.4973851389356671,0.4744053244053245,0.37650454286112495,0.40216187050636504,0.7254103535353535,0.6625
vhkDaUBUEPaqnUc-ChV3rA,2,Yelp,en,0.3987117471271159,0.46084930614293834,0.3605733805059115,0.4475010106780187,0.6569591399312761,0.6454878454878455
1tJUjkFHZHyMLhrQB-yXCQ,3,Yelp,en,0.4548460381096472,0.5042986389853397,0.3307817935278993,0.49724164011881333,0.7058620391953725,0.6597883597883597
xyo4ijHMReXYyP3JGveZZA,3,Yelp,en,0.48522774310160677,0.3527673573591942,0.3593452502245047,0.4757418069324666,0.7653061224489796,0.7095238095238096
TmlUrYUk2MMDSyxKRhyXTA,3,Yelp,en,0.42612885464978517,0.49483734881512415,0.33749690969081997,0.4922673383194981,0.814484126984127,0.8388888888888889
xpLK5mcaRgzMVj1mYLwgFA,3,Yelp,en,0.45200917230014337,0.44131963148844955,0.3243311753899836,0.45172074900008535,0.814484126984127,0.8388888888888889
NdZQmh5BR0-JsDdfl4ljvw,1,Yelp,en,0.44974054448788303,0.3515478068440853,0.3570592783316818,0.44990846251793903,0.6119877509214091,0.5004960317460317
bwWQdFw6TQ9z-toAjs9yJw,3,Yelp,en,0.40167257889703006,0.4355034253379706,0.3569085739197997,0.48937600501696066,0.5819335571604788,0.4929505135387488
Z2cHMMxBIgD5JBLIpYx1Lw,3,Yelp,en,0.4389637297069406,0.4099340491128148,0.32463777281136386,0.4649750343684887,0.7093319180819182,0.7696825396825396
eEkohbQg8tT-VZYv2hN2Rg,3,Yelp,en,0.3976156105171072,0.5019884711769765,0.33463947633965035,0.4775356975005078,0.6342179062767298,0.7086580086580088
xFBr1B-2KNnqEgBEettdaA,3,Yelp,en,0.42381816357226954,0.5025353770140266,0.3427646192036328,0.48441876018701524,0.7182077182077182,0.6515873015873016
MkiPUkdUZMJhjnsGQh7C7A,3,Yelp,en,0.47105707758052506,0.4654147996253259,0.37476117346749066,0.44283253077380175,0.738604797979798,0.7928571428571429
bCpNvG-JEKdw2eMwh3pslQ,1,Yelp,en,0.4410566200765785,0.3660008880008879,0.3495932837934751,0.45657649930714234,0.8015873015873015,0.6
UGy-qmWzp_GtLqy6Xcln4g,1,Yelp,en,0.4691999443022048,0.36940160081464435,0.34509102090301197,0.42755275992884645,0.6973126873126874,0.4742857142857143
w1SCWQ99vq8uOBdJm_Qtdg,3,Yelp,en,0.48163353605572284,0.3713227341134317,0.41854302023632334,0.4628386391828642,0.7313762626262625,0.6166666666666666
thbN4v-2phaZy3uuOZrvOw,3,Yelp,en,0.49385018968264605,0.41365187519033686,0.42120375651788733,0.47793665169635613,0.8015873015873015,0.7111111111111111
oR86u1TeVJ-0Lfqvriz9QA,2,Yelp,en,0.4468133833208135,0.4912235425393319,0.34336760625007723,0.47004948251315454,0.7761904761904761,0.819047619047619
UEzuC9SSbXXbzFXNiGWNSg,3,Yelp,en,0.43348391091138017,0.4422139082717829,0.3483033335926052,0.46878234312664346,0.7163256496589829,0.6417989417989417
T4sOzKOCOn8qQshYnWwJ1w,1,Yelp,en,0.4170735425724831,0.4233975124545567,0.3464388176641472,0.47555189999932673,0.7653061224489796,0.6476190476190476
q43ax8a_83BBVvl87GqYlQ,2,Yelp,en,0.4556748093466462,0.3805103464310624,0.3452448980477019,0.47884872036854353,0.814484126984127,0.8388888888888889
dHTfkp71y86i0oa8_dgCSA,3,Yelp,en,0.45374593060256746,0.38287145620544655,0.3210052267303363,0.48964758301341405,0.6754317429451119,0.5563492063492064
ZD7uTmruHK0quYj9e_G6tg,3,Yelp,en,0.45224134953594536,0.3542336264558486,0.35141766793172247,0.461239372289099,0.6507422402159244,0.552991452991453
oZgWO8KcH987QBCKHreNOQ,3,Yelp,en,0.4529917406797942,0.3636085391924491,0.35776643557700843,0.4582777300879177,0.6945104895104894,0.6369047619047619
zQ5TEokC2H65phbVH3-wRg,3,Yelp,en,0.46104700248717856,0.47585268267086445,0.34628341787329936,0.5104619461523553,0.7296085858585859,0.7291666666666666
19viWo-zncoQa4GGgvGudQ,1,Yelp,en,0.441655976833867,0.4789413351135838,0.30875958515342206,0.48095922128312635,0.7075936409269743,0.6878306878306879
uvoyS539kM5La4PPv_gr7Q,1,Yelp,en,0.4793747752569336,0.48818181818181816,0.35773771346791117,0.45968361803991664,0.7653061224489796,0.7095238095238094
r3eqS8cJbrRMClE9SU1zKg,1,Yelp,en,0.4169243556217772,0.4205215630183539,0.35067025993076417,0.4464079020543811,0.7062637362637363,0.7244444444444444
RXLmm75V_QN6doMh8pgjLw,3,Yelp,en,0.4102676987409323,0.4108087037572537,0.36147220712530537,0.47827567252894937,0.6702114730189597,0.5287878787878788
PD8JjJPSv6gP82OVlrAnUg,3,Yelp,en,0.42307797438940176,0.45479261116515995,0.3329855971803033,0.47533289057342565,0.7355113636363636,0.6595238095238095
tf-cssgLa8IrQXRpimS0Vw,2,Yelp,en,0.4128330080700157,0.4093692103263663,0.2754212669745813,0.42532707106063194,0.6272085078718769,0.6229843073593075
k1Uz_FOthOJzFzzyUYG6cg,3,Yelp,en,0.445622062282285,0.43732903011487384,0.3309847024906513,0.46059109537399634,0.7710884353741496,0.8
6pYTilI3VrQgT_xlyK42KA,1,Yelp,en,0.49161188421724306,0.43234363102784146,0.39241688387560386,0.48579356495662684,0.7016826923076924,0.7958333333333333
UZ3s_tUBDb5TWsq6O3Pr9w,2,Yelp,en,0.4808259906302104,0.431581798440351,0.3484692041648945,0.48906109176121504,0.7024225774225775,0.6473809523809525
F1PiX_YKiFXHNxUBLpSJ8w,3,Yelp,en,0.43127855595706127,0.4104970318495859,0.3384877296268669,0.46945505628346196,0.6455815426403662,0.6807359307359309
tAizG4wh2ygfV5zmtogrFg,1,Yelp,en,0.4640734849618614,0.5057193484022752,0.3336942843239119,0.4195302490423897,0.6949741435035554,0.6895238095238094
QGUYDCcaJUk71KXUJjbWKA,1,Yelp,en,0.4030669269799521,0.44630730670143354,0.3673514697513895,0.4292168400248903,0.6126428372352285,0.527529761904762
7dP-OkRxzzxvn6hX2f7Q9g,3,Yelp,en,0.48431236882070894,0.47653645028484554,0.39943605229196616,0.4789942262263059,0.8095238095238094,0.8666666666666667
LtCiFdef-OYK7U-xpWpFsw,2,Yelp,en,0.4472922570749632,0.39213969790892855,0.35242950696837444,0.4747708516505726,0.6632608877190921,0.538961038961039
bmpip-lqYe9dOJAjmYZXvA,3,Yelp,en,0.4581426772801268,0.4323566759844881,0.3316535199561719,0.48355182341687214,0.6392746505076563,0.5857753357753359
C0yYvDx0JfJbZUUfzsk41w,3,Yelp,en,0.4210722082496597,0.4943077362888682,0.3445918066855018,0.48070551923463467,0.7254103535353535,0.6208333333333333
_lNqIA9miU63OT5jYVFhPQ,1,Yelp,en,0.43737377699753704,0.35592874006335534,0.35956591970917284,0.4353631205145518,0.6415911745633108,0.4923687423687424
vxxqaz2JqPyUiitVQIHijw,3,Yelp,en,0.40876573678102923,0.4000662703185765,0.26850350841056936,0.43682915135411265,0.5745518885159852,0.5600858206121363
o_DSicmdy05lwHe67ovSoQ,3,Yelp,en,0.472505368888892,0.43460608835608855,0.352591718665003,0.4529485670699218,0.738604797979798,0.7928571428571429
TLD40NwB1_McX6VqizzJ-w,2,Yelp,en,0.42796607161862477,0.47344754604369965,0.3395625686243172,0.48069147072847834,0.6325844494583077,0.5321428571428571
hQCBUqXmVB2QuQ2MVv3Apg,1,Yelp,en,0.44205043124078663,0.4658300574236247,0.31216197423375747,0.4584179631263427,0.6243627082299851,0.6399877899877902
BwokiKnjfIzSUvsBgbjKHQ,1,Yelp,en,0.4302147234891314,0.4725713903255581,0.3634656230522244,0.4527161382830122,0.6178851390155738,0.5404232804232805
N2q6mb8ttotUmudk4eBgBQ,3,Yelp,en,0.4522206523772698,0.4515310738973839,0.354348372187813,0.4241062827394472,0.6579791886390184,0.6585978835978835
W1oUoAMeQ0MTsM4rsqx46w,3,Yelp,en,0.41437758396502233,0.4256595550182661,0.3614678501582671,0.4669297521557704,0.6250467825303351,0.5278814935064936
zhGYHKzwpUt_uMaaObyRtA,2,Yelp,en,0.43783343700841404,0.41756555627250286,0.3587993332784164,0.4237888950870974,0.7602040816326532,0.7095238095238097
x20RjRCOpo7FIgCB8_mXxg,2,Yelp,en,0.40115650036787004,0.4320423247762218,0.3393566085044278,0.510693057723789,0.5261373215056001,0.5638364161091434
8cfVQ2YYdO8H_6w5j-BVRw,1,Yelp,en,0.4047114672473326,0.3893851383664425,0.284984589403003,0.41295616228582416,0.6320595036433545,0.42210884353741507
EJx916ZOe2U0I7667vbS4w,1,Yelp,en,0.43070387585603054,0.420002734659664,0.3687952633266089,0.49229264897192304,0.6742091093695372,0.612914862914863
m8LLJTwOMW3SpaxNBrlGqw,1,Yelp,en,0.4150992107594953,0.3748511452785941,0.36676496964112243,0.4108593088769614,0.7355113636363636,0.7095238095238094
qHcwx9X4cWrVhGg1QUtfyg,3,Yelp,en,0.4514565892457644,0.46642407367755145,0.3141107805840321,0.49729233560551434,0.6294300024021388,0.5043956043956044
GzCEz13WvMLK3bbO8gW0yA,3,Yelp,en,0.407414982870185,0.4524496701502211,0.3429620042501364,0.4605706902740959,0.7008154345654346,0.6057142857142856
dyRJ4p0ZvjdbG0SGYnXyzw,2,Yelp,en,0.4158123370379226,0.44929577775166,0.3449797065453059,0.46470454550719537,0.712032967032967,0.7611111111111112
3gT1xAhK7AD12NCJKn68Ew,1,Yelp,en,0.44876033686859823,0.40122471774257507,0.3516642763048503,0.44764601571005175,0.6749706027780894,0.6025252525252525
NeS9y5gNa3WthnaXru_HHg,2,Yelp,en,0.4197524472531659,0.4285846487885258,0.3451419552944037,0.45774484921995223,0.5569094934354353,0.4433954933954935
JIj1xC25OU32fwWhkOIYqA,2,Yelp,en,0.45904090813462045,0.35633345729051746,0.34556612162969746,0.4352581169031126,0.6261181478346834,0.5663265306122449
AfwVK9hRBIVLLwCZHRC6IA,3,Yelp,en,0.4472685908256317,0.42119362999553267,0.34866924942768873,0.454346921150878,0.7431818181818182,0.8273809523809524
H8pGm5P5pCh8yp6jR3-JLQ,2,Yelp,en,0.4801853589452813,0.4181830669330669,0.3558202594820799,0.45530644121308167,0.7005494505494506,0.6197619047619048
4ns1dZVVAYq6AxF6683T_w,2,Yelp,en,0.46032505013170816,0.3921341137564605,0.3757371784763783,0.4446744854962696,0.6627171847760083,0.504978354978355
_HllgJ9hI2WG2F1DQhdZZQ,1,Yelp,en,0.4144549178102898,0.37349397929007705,0.34706631016124373,0.4593564291929638,0.6412808777797336,0.6068376068376068
26MzE8EbIkqogQ5VQW5m0g,1,Yelp,en,0.48211060558898394,0.3853711720378388,0.3348278862670055,0.4491026527812688,0.716325649658983,0.6137566137566137
kRseNyEC80uPPqKz3hF9vA,3,Yelp,en,0.41756535569364217,0.3371274172714991,0.3320567724579823,0.4504348768564913,0.64821202153826,0.6546296296296296
w72cKob_T-1MvbjHpZyQQA,3,Yelp,en,0.43550006846336076,0.4364013515005748,0.35924786666418795,0.4592507405617708,0.6985264735264736,0.5700000000000001
zeq0O_Q8V7uuMvd-3Gt5uw,3,Yelp,en,0.4386080452752767,0.4674888803340184,0.34039872434006035,0.45280716452678527,0.7313131313131314,0.7386904761904762
JcR10hsuw8tvLeTrkZlpww,3,Yelp,en,0.4275452314223028,0.4070125644853496,0.35491826366782364,0.48445369330400834,0.6656256142808,0.5851190476190476
bpWvFWR9atwvdYxbgvg9tw,2,Yelp,en,0.40543626218274653,0.4201300745844525,0.3560082449922395,0.4392677186456083,0.6398531001909653,0.4351648351648351
wrH6BmB4dNahOH7VdlYEfQ,1,Yelp,en,0.4893668672873021,0.45933527625256965,0.3406672538436798,0.5249106964786799,0.7063186813186814,0.6530952380952381
9UC5QI707SDPMMa2yychxw,2,Yelp,en,0.4582401977299239,0.42697068538853516,0.3650589248055636,0.45894501789984726,0.6499658444124389,0.6060846560846561
hUnjwmNm5j-Wl3Ba4ayXzQ,2,Yelp,en,0.4261197059018272,0.32744217036064194,0.3674224035495105,0.43928729336707234,0.6382981452815045,0.6685185185185185
6N1r7P6EjiuhSvoXogb2kg,1,Yelp,en,0.452804787969376,0.40911184403831463,0.3333507295635313,0.44256373171816443,0.6215102003362319,0.47780032467532474
vNqA8sHPSyMgBiihPRo4DA,3,Yelp,en,0.5268726545637499,0.40072092939740006,0.32965501764640287,0.46969576576071803,0.8144841269841271,0.8388888888888889
-BhDl3tbQM2oj7CqF9nBrQ,2,Yelp,en,0.4383455687982817,0.4561555376812728,0.360395504492427,0.45489940580248467,0.6113934017192388,0.5784126984126985
59YuUFbYk61S364jFr_7-g,1,Yelp,en,0.417020415351171,0.3597090849621213,0.33408049991564265,0.4620503682818309,0.6152276383127969,0.46445578231292517
2oRtQoGuFy3qAWb0KrmzbQ,1,Yelp,en,0.4411652880611445,0.41672298894521115,0.36064130250902643,0.4389691564874593,0.7295454545454545,0.5803571428571428
j6jTRtZdp5YpSfSkBJTkhg,3,Yelp,en,0.4429400720736144,0.4108684640176677,0.35729990674815393,0.4537674001563572,0.6436861384229805,0.566056166056166
NlAHxz6rERVoNPp-FyeNKw,3,Yelp,en,0.470698515809422,0.41104846315630617,0.3466298734036443,0.4459506070730928,0.8015873015873015,0.7111111111111111
s5Cox9GDPEYhYKS3b4wveA,3,Yelp,en,0.45307469088875546,0.3903380132412389,0.36756425657135877,0.40658969639838893,0.6778686999275234,0.6793650793650795
Ymw3EoQ6MhcX4U3OMAvv0g,2,Yelp,en,0.4467789330136256,0.4245357353519707,0.35092749863894995,0.45234464723290524,0.7002183002183001,0.6333333333333333
7Ry0XPXGhKqhJ_CnwPcMgA,1,Yelp,en,0.4897210209520216,0.4282264032264033,0.34778545444965586,0.44546734915396674,0.7710884353741496,0.8
GxEcE9KL5MtvpkWt9w7O2Q,2,Yelp,en,0.46363617493114734,0.3771868888335606,0.36461544930867734,0.4652536047723989,0.676881941587824,0.6793650793650794
yvw_0Pt2nWpqPkNmfcxdRg,2,Yelp,en,0.4872400003333159,0.36780460280460286,0.3996198038910515,0.4670009267176737,0.7619047619047619,0.6238095238095237
PXbq39tJsZzqwS4ggi3ZvQ,3,Yelp,en,0.39318676674275915,0.49941920986812643,0.33311472660129354,0.4922691919823774,0.638422925856081,0.6316017316017316
SrEpxE5MA7Y6VN5Ry39oMg,1,Yelp,en,0.4281235284252114,0.47547377293139986,0.3742903869177722,0.40465329340722783,0.6291058016773962,0.6361111111111111
cgRFRxP9jgZU2-SouzEkeg,1,Yelp,en,0.45065188045800825,0.39529549970726435,0.33685417786377864,0.4604626363460113,0.720464257964258,0.7833333333333332
PrVfhaFCVoLHi-wgk-3euQ,3,Yelp,en,0.4441630294579301,0.4622040580023772,0.34128215470548895,0.49961538182110715,0.6538418145035793,0.5376984126984127
r8f_w1lBN9stdr1gxwPQMQ,3,Yelp,en,0.4227980813293128,0.4731055920598401,0.330339520983259,0.45698034084550243,0.7296085858585859,0.7291666666666667
Qcvs1wcF1HYNCgXxsxhXlA,3,Yelp,en,0.4166111208443256,0.3387209618175104,0.35690307245785075,0.43282433620270416,0.7237330570663904,0.694973544973545
tPoCbXferydoVn5q-eEOmQ,3,Yelp,en,0.4109596292074939,0.42540518753645884,0.3508776322711145,0.47041417274317227,0.588754722688932,0.4302054154995331
7yTIr5dJznQdu0QbgnlILg,1,Yelp,en,0.4561593650984468,0.4090948549941762,0.36509855007452324,0.4804267846573809,0.7170853837520504,0.47989417989418
tBxBWzM0KPhudrzEJcNUug,3,Yelp,en,0.4685754767097337,0.5012153506718724,0.3443618743703157,0.4688311973321887,0.7676870748299319,0.7952380952380953
JIxJ66ZIAC9tAssEGsAQtQ,3,Yelp,en,0.4258613626723825,0.4710944179160495,0.35317396133593565,0.4640194815946242,0.6181601446486644,0.5764739229024942
VmhI6BAGJnlxVDn0laShrg,3,Yelp,en,0.4759638567542111,0.43397799311112,0.37389639299160776,0.44153684447323943,0.7738095238095238,0.8428571428571429
aLc35dN0Z_x2W1kdQ1Z0kg,3,Yelp,en,0.4434952833178393,0.45324280239534454,0.35548091018387845,0.4737640083458768,0.6635695511293597,0.644011544011544
PIJ9mLb3veH41aXJB6N-nw,1,Yelp,en,0.4639618645656471,0.42648372036127125,0.4073305611949057,0.4708174362534258,0.9199999999999999,0.9
ivOI8hoBKWy9_6MOW2yV2w,1,Yelp,en,0.40951755160510317,0.4325518718555017,0.30879486918781907,0.3888301554964363,0.7006693306693307,0.6
-3MThSZO4rbh21vfHLwpLQ,3,Yelp,en,0.47906205983892886,0.5161315292894239,0.35238625239130317,0.460237941837527,0.648340874811463,0.38113553113553117
tvZLuIIT2hL3NrfN0gI9SA,3,Yelp,en,0.40929941174566725,0.43490574333303067,0.3648234148446559,0.4061881611924801,0.6188502103315223,0.5696825396825397
imMZzfLAExXvhp-Rc8gGNw,2,Yelp,en,0.4622114797480754,0.3856267805882949,0.34846795456466156,0.42047315669713636,0.6498027646731207,0.5059523809523809
ICh6A2vNc3iIQnpclzf2pQ,3,Yelp,en,0.4310234186156577,0.4602416093496132,0.3463447684692667,0.4898605279422633,0.6066637613594137,0.5817460317460318
PCV2WBICl01QYq7j4l_7Lw,3,Yelp,en,0.43815515115898895,0.40317105569141737,0.34233393893390307,0.4180079997938488,0.7093319180819181,0.7001587301587302
nNMUNBK64PPd96c0_FjNhQ,3,Yelp,en,0.42474608452817697,0.3360562876525492,0.3429384003072206,0.44361243887208496,0.6380929345422378,0.5978174603174604
Cgq-yU5Mb74sEJgKUhFoEQ,3,Yelp,en,0.4115496973752126,0.44153566765064883,0.3517252190363984,0.4380595179337519,0.6027108640478426,0.3606442577030813
QBsCPdLoQAA3IGwSCsE5Mg,1,Yelp,en,0.432398684998496,0.45969617596455825,0.34831077191894527,0.46883708501696186,0.651373008155129,0.6598544973544972
EN_bU-eMbVZ3nFFvEEBapg,1,Yelp,en,0.45430852099199703,0.3953719161648853,0.3633624860629724,0.42112861746906816,0.663961038961039,0.4636363636363637
yOYLQHugjU1Mo7xRTe35VQ,3,Yelp,en,0.4883409853884873,0.4124876585402902,0.40241877422713573,0.4354966656433213,0.9199999999999999,0.9
iPpxWQVLkRXM_hF41qnh-g,2,Yelp,en,0.4483561264754013,0.41833695151002825,0.35936057819916045,0.4434293400839036,0.6501180954838076,0.5128968253968255
JVbjxJxhf_GAFdheHVkNaA,1,Yelp,en,0.4443347666056583,0.41397571078528184,0.3337958665307072,0.5018309802825045,1.0,1.0
mLmE0KMHQedVi0PIac_AcA,2,Yelp,en,0.4224988887615456,0.29677784118186595,0.3603003885739899,0.46413707555921646,0.7093319180819181,0.7363492063492063
LLhYgycPkkRZBLlR8jiCdQ,2,Yelp,en,0.49173866284927825,0.36735018667303226,0.39394524240410095,0.4500053951333016,0.7602040816326529,0.6476190476190476
7-0gfR8FGwHapgZYKSK1wg,3,Yelp,en,0.4121429124214268,0.37581236529784,0.2900159431077078,0.46661997475510325,0.6094354262453154,0.6590476190476191
syZbSWDtHc7LJwyv47XIcw,1,Yelp,en,0.42045788619927627,0.5140650332727161,0.35299219009701444,0.4584945873555327,1.0,1.0
T4vUwN-CC-9sX5K66ppgnA,2,Yelp,en,0.45216960521783006,0.3334142452410885,0.3348179639640369,0.4682820522064088,0.7602040816326532,0.7095238095238097
jws3QS8EvRrqN9A3hOfQvA,3,Yelp,en,0.4825097262838644,0.3807285807285807,0.3918216459681635,0.4578924941497506,0.7936507936507936,0.611111111111111
3YX3x-MAhr1ruSl_uquarg,3,Yelp,en,0.47272564372154563,0.3121084612760528,0.3626436255035638,0.4536246907273967,0.7361742424242423,0.7886904761904762
irhFaTf6WHaAHqmhs6HjdA,1,Yelp,en,0.4491225844842049,0.43291137275152597,0.3562096544677497,0.42580420209167574,0.7062637362637363,0.7211111111111111
NHhg_olmv4ioSe_-80H9Pw,1,Yelp,en,0.4441109179455103,0.4929190306548796,0.36722185444809036,0.43200959042677306,,
fLKby2oq65w2WoawfL3T0g,3,Yelp,en,0.4404348837981358,0.4686467592236823,0.32670027985106337,0.5025536866961426,0.6766200970746424,0.6715728715728715
SHi7cfLmY1qyLMOOkqapzQ,1,Yelp,en,0.39822980497649474,0.5414659057529209,0.3547941271356815,0.4137425099084093,0.6958291708291708,0.5242857142857142
E4cZBxbdecVt4LpAipUPkQ,1,Yelp,en,0.48504793035257604,0.4139905066964563,0.32992647522203894,0.4408777192276772,0.6943868631368633,0.7002380952380953
YneVs1-hQVSi59wBTCMvJw,3,Yelp,en,0.45037284274598766,0.41847766386343505,0.34844544264851224,0.4505030645750259,0.6362511631958226,0.7125
b53nFlAS6z1aY02-UiDGuA,3,Yelp,en,0.39977542780381503,0.4644018711832476,0.34695681549270674,0.4613109711939175,0.6243595126138229,0.5250992063492064
Gmzb9PI6oyteDCoNQqMp8w,1,Yelp,en,0.4824225749835529,0.44012488723656884,0.35454516138698683,0.45290495808170944,0.6422857843910476,0.5344932844932845
w9k5EV4KACgNenf4EgLX1A,3,Yelp,en,0.411253203111028,0.4229190752527711,0.274857692394715,0.456741073057407,0.6235253441855104,0.5476190476190477
GEn5y2ozGYqmEU9IVQguVQ,1,Yelp,en,0.44225595556355823,0.49405079329980517,0.3706799909758451,0.4375846880682076,0.6496190308547287,0.5940170940170939
rR3ZQrVy2hYdaqCtZVB3Rg,3,Yelp,en,0.4192645965179199,0.36845626028749445,0.3540740292335615,0.4183204776368854,0.6662619911283013,0.6210678210678212
aCc0vLZ2cKWb4ba3WfqA2Q,1,Yelp,en,0.40607838393138745,0.4431174046112128,0.3506353584177215,0.4348916619558375,0.7062637362637363,0.7244444444444444
SSOpV9or14llcLuAd6xfmw,3,Yelp,en,0.4582474161611825,0.3449553689266607,0.3371937769521492,0.48859086549425956,0.7568027210884353,0.6238095238095237
0rKMHVvWeMiF1uhJXGCUbg,3,Yelp,en,0.4580212920481,0.47688680828215707,0.36960532472052327,0.4932981947446347,0.8015873015873015,0.7111111111111111
e9VSMcswGNtZax-5PN99Zg,1,Yelp,en,0.4440635436312479,0.4351616856240335,0.37617080501532635,0.4229840944389362,0.5823302136746173,0.4924369747899159
0Hzys6cIU3RsX36cTHAVUQ,3,Yelp,en,0.4021213666495738,0.41809454259363904,0.3610111051201616,0.4409188165931664,0.5483436606071259,0.5032163742690059
L2Ec47rEb1kvz3uULGDz5Q,1,Yelp,en,0.4260503495400982,0.4573413434310253,0.31733909104122043,0.4743345891354078,0.6596907993966817,0.6365800865800867
rtyAhAAcSS-IQyTwO48qpA,1,Yelp,en,0.4233367319860649,0.5011095146043242,0.34089169367147615,0.46003368441961534,0.6695559342618166,0.541991341991342
hV4j36jlyeBwTW_9uQiTjQ,3,Yelp,en,0.4874463353682809,0.34037444610200024,0.3553462137599779,0.44279414516076143,0.7676870748299319,0.7952380952380953
P_4g1IHcjVTZ_vualJyG1A,3,Yelp,en,0.47681180620112096,0.3714203645054709,0.34843661249465674,0.4571668795993118,0.8065476190476191,0.8222222222222223
yFe0T_4cYwmj2j4cg_-Y1A,3,Yelp,en,0.4140960028560698,0.6366614443273481,0.3533871701180515,0.4217778254248507,0.8015873015873015,0.6
VCsazEj1LByXMyII3aFVYg,3,Yelp,en,0.3948842071314949,0.43447979255901537,0.35088171831369946,0.49860557701943586,0.6304156760758423,0.5640071733821733
hs8VkG2SfGcwZB8gjfqHTg,1,Yelp,en,0.4567442438785575,0.41212882674061074,0.3460982498629272,0.44858048830915515,0.6794954896559174,0.7129870129870131
N3rdFhD5z3RP4QbpZ1IdAQ,2,Yelp,en,0.44261521473435145,0.39838951630176295,0.3616995994892346,0.4690315256562024,0.7192437192437192,0.6552910052910054
39dAOR3mbvYf23X8CovNPg,1,Yelp,en,0.4704088102134765,0.4213151825060002,0.3419577209979169,0.4839676943310598,0.698720397249809,0.705
2VaJ-l2n8-mIUmH-PYqg9A,3,Yelp,en,0.43308204717520216,0.41920269832874857,0.34190942244972117,0.4862410249147214,0.6218045456435549,0.6327838827838828
BgZ1ejni17FM6mkwjxWfhg,1,Yelp,en,0.47554276925780986,0.4373472272408441,0.3516490658228785,0.44778077585189546,0.7254103535353535,0.5499999999999999
o_HpgN3AqAyhKAWXwmut4w,1,Yelp,en,0.41276089778466946,0.41491116117919835,0.35557792469385524,0.43768298481552625,0.6317313973324203,0.5163003663003664
hOae7OnB2WQW-VNOWQJv5g,2,Yelp,en,0.38153560606080794,0.49641204192932786,0.35603013437300346,0.45928935448927866,0.7113873780540447,0.6761904761904761
lp0-WowWqKKWcDyivFPpgw,3,Yelp,en,0.3988627764077834,0.3797424674433692,0.2884716996989469,0.40927218192229287,0.5779031081155389,0.4798981882315217
twPKNYzUv7bO4isfUXpwmQ,1,Yelp,en,0.4541211419854052,0.38325876148923393,0.33460033126881156,0.4956672970785834,0.6017489865495802,0.5897321428571428
97Jxp6X1liNfQF7YfQtfDQ,2,Yelp,en,0.4137577465406719,0.3607388590941221,0.3688590669744839,0.42372711934516616,0.6194817101655169,0.5705782312925171
lB7Cgm_kApXZQstonEVcXA,3,Yelp,en,0.4226977966234444,0.47429303831089537,0.33603705278123547,0.48308152797335047,0.6990659340659342,0.5526190476190477
Pu9fnTXJjquVBmOUta1mDw,3,Yelp,en,0.44214925892466145,0.3668205268243966,0.3584836500586912,0.4720107864746123,0.6405101742058263,0.5742376142376141
5j9fNju5E2FEiW0Pf1pG-g,2,Yelp,en,0.41444799069250793,0.4286769177614246,0.3521639373579853,0.44060121782869266,0.7063186813186813,0.6964285714285714
lrBsyf41yU1kT_mDryN8mA,3,Yelp,en,0.4344195541376252,0.48328568193302474,0.35014433144982066,0.4834187203355173,0.6728736949325185,0.580952380952381
azSOkq0Xf3B7jHM7SWrUwA,3,Yelp,en,0.449509083047349,0.4145964204222121,0.3181414468873641,0.4647517551140222,0.7005494505494505,0.6261904761904763
LR0EzhnRXSE_P4xzd3K_gA,3,Yelp,en,0.4255662988264952,0.33987719239962844,0.28833065645127287,0.420357846340178,0.5995120741230798,0.6030273647920706
Y0jshOebyD7EVTCRQJKarQ,2,Yelp,en,0.4034208330255373,0.4565019434347165,0.33588522298081747,0.4530198779642724,0.6561494233320858,0.5597735597735597
Aq0EsuI_21EK8KpIqsDlow,2,Yelp,en,0.4292280528432168,0.429220837033337,0.33696892101445597,0.48678959626135376,0.6058812532496743,0.6890109890109889
zi_DnBhg14pAZVQyVBQUcQ,2,Yelp,en,0.44506965068702675,0.4383711319285546,0.3281066691781042,0.44902740738652797,0.7076236263736264,0.7444444444444445
NxaXrrf3uf_4EgjmUG9mFw,1,Yelp,en,0.41782290504743935,0.4438765871520791,0.3668205411098684,0.44635140542058793,0.5899401168155026,0.45765639589169
frwTBKXUVBTG5ZZluuNtkA,2,Yelp,en,0.4558491795318558,0.3443821408408214,0.3609510850549915,0.45636034359579036,0.700939060939061,0.6088095238095238
8GMfHmv6krX3lmdX_e7KtQ,1,Yelp,en,0.4098143674765973,0.44482944361758076,0.3512537921271737,0.4720960367414035,0.620938265589172,0.4784361471861472
yg4YnGS7tOFTvCdE-RkQQw,2,Yelp,en,0.4370254906558155,0.3979266268282592,0.3548958923730137,0.4644805951741422,0.6528546273128316,0.4770562770562771
TxZKJDsmr4sTJtfQKASfdA,2,Yelp,en,0.40506733778616577,0.43525412295536114,0.3629989187979539,0.4508697031218853,0.6687356760886173,0.4506493506493506
LtbL6o2LBRX6ubJrYYZ6Bw,3,Yelp,en,0.44639837095644946,0.35354798118394115,0.35691540921390624,0.4554035082423807,0.7344065656565657,0.7761904761904762
RjRlbzUlIi14xLbizAhXKQ,1,Yelp,en,0.457156548134844,0.4356358956631188,0.3734776991438812,0.3864913230462378,0.7082448415781749,0.6788359788359788
gyzL1mY1Y99yb_Q9H-7XAA,2,Yelp,en,0.4635807682362142,0.3393354129401755,0.3551939391622449,0.44508166957878587,0.673906093906094,0.7454761904761904
iy5etVDgENgdeJYuZVoUOQ,3,Yelp,en,0.4323625718739643,0.5651153715092333,0.34881312391439695,0.45146355416230255,0.69989010989011,0.6297619047619049
K-4B4EMc0fBuy_DWZJDzhA,3,Yelp,en,0.44797868426651105,0.4884134955905901,0.3604341480150153,0.47279669153549686,0.6943868631368633,0.6607142857142858
GmW67LRKrdWiUxwZxnpktA,3,Yelp,en,0.47325159503977243,0.44778674778674776,0.3874004142369977,0.4911528799584737,0.9199999999999999,0.9
15b5vD8fMHS3pHVVnoP-hA,1,Yelp,en,0.4648554663322765,0.3575403490237933,0.34458187310170385,0.4339654466989953,0.6656633413599359,0.6808201058201059
m-tyKAj4BT1LXrdAlDJvZg,3,Yelp,en,0.3948366249283886,0.4410159742790028,0.3318877079829658,0.4982615512535375,0.8015873015873015,0.7111111111111111
BdrWT6oT0uRKyyvT7FTbkw,2,Yelp,en,0.4344019314822705,0.4659201836175518,0.3434865777142331,0.4846947509170336,0.6754503391345497,0.6538095238095238
Gf4Uk2E-goiAZn-9lKo3Zw,2,Yelp,en,0.469787903972127,0.45004769443272125,0.3379410126382473,0.47659750987690774,0.7568027210884354,0.6238095238095237
sOsOWchd_SnCVkTwVIVLGA,1,Yelp,en,0.4807863806423237,0.4205753925975533,0.33040605911351867,0.4479200352002271,0.7139428472761806,0.5920634920634922
tZYKvSQr2d5LhI_TGSTsWg,3,Yelp,en,0.44260435981024276,0.4305000051328736,0.34459787485092036,0.46261583355835506,0.5834151321661432,0.5958273208273207
IQPON-9vaDCtg5_DgcS19Q,3,Yelp,en,0.4657854456830821,0.5108030858030859,0.34521798876496324,0.4614608470565271,0.7710884353741496,0.8095238095238094
VZUqlxqA_jMVRHBp1P2SmA,3,Yelp,en,0.39513260963397034,0.43552782231234993,0.3180772083717385,0.47195807546302737,0.6255516626593777,0.4957482993197278
PpvacwWPOkRjOqDhCPa6CA,1,Yelp,en,0.48288087462809054,0.4795724774334397,0.364490136894355,0.4522653232206609,0.7676870748299319,0.719047619047619
sFSXB_k8TqeAs03Qkmr0Ng,1,Yelp,en,0.45474421839791734,0.380375062289956,0.344131626239382,0.42460704139589395,0.7163510101010101,0.7
UW5mXNeWemMe8PlFzzjSHg,2,Yelp,en,0.41075792591111954,0.3751231604843574,0.36548293459662956,0.46931309233322205,0.5581178215646138,0.4694285714285714
sEOyZG8FHmnGTtXq4JaNPA,3,Yelp,en,0.45706437052417936,0.3502919218828308,0.35352475699641484,0.43548233053555196,0.7254103535353535,0.6333333333333333
HH4uup3wsnVysBcgeN2fcA,3,Yelp,en,0.4155694642157051,0.40251051132976323,0.34322300532361466,0.4497281109345648,0.6493139213727449,0.7344155844155845
8RLjZO7pzo7R05P1EyZv3Q,3,Yelp,en,0.4003794003389703,0.45385957167801455,0.3567550809253123,0.42980839933163334,0.814484126984127,0.8388888888888889
FBv1p1zV2vRfuFRfg2qRCw,2,Yelp,en,0.4565398265361455,0.41737720932094313,0.3359094660009911,0.4713615127443126,0.7386047979797981,0.7845238095238096
aSzwpQpWcCPYlIKb5cu1cg,2,Yelp,en,0.44545888474173595,0.39621789321789314,0.3590320701988442,0.4272511409444413,0.7313762626262627,0.6166666666666667
8Mm-p375ecciHs0PPBqecA,1,Yelp,en,0.43021508190181285,0.34885475744299255,0.3458275074178315,0.4476396644895848,0.6029379249679584,0.4063932980599647
SvrE1iGi3wlFR1d6tBf_jg,2,Yelp,en,0.4825271411306502,0.4455152909800165,0.3364337484638213,0.4426658490587085,0.745269016697588,0.7857142857142857
bNy0jCdoXvapIWYnPz2OeQ,3,Yelp,en,0.47596943572730244,0.4343702815791652,0.31895970535212864,0.4634663633505791,0.6842701267834957,0.751010101010101
o_M9Vpf24j9PLP-oJjw5Ag,3,Yelp,en,0.4048690874836653,0.37226136516582164,0.3582601222743625,0.47575020195760953,0.6416515729376141,0.535909645909646
IsPNFye3SFmehOaKZ1cPBA,3,Yelp,en,0.4698415701129628,0.4977379564879564,0.3952372628659589,0.4684994354906743,0.7236426767676768,0.5916666666666666
7fiI6b06EqrKD0nag3clcw,3,Yelp,en,0.4154209830805328,0.40716384174924203,0.3334095491563842,0.4758681812559719,0.6621017871017871,0.6536796536796537
76XYgGM5Zb_kpj9IlbWWxg,3,Yelp,en,0.4836526243271648,0.3660482704280658,0.38997937426783497,0.4892210964387868,0.9199999999999999,0.9
TcyE6elLWjJZb_M-FDaEEw,1,Yelp,en,0.41201447769484667,0.43797994715062266,0.36738677647091633,0.41805366855497955,0.7237330570663904,0.7616402116402118
BXMbwULFUh-NEzWaoYtWiA,2,Yelp,en,0.4967604995847925,0.3975284716612468,0.3139836921830898,0.4494820377071153,0.6933379120879121,0.5730952380952381
ex1HSUW_zzefeMXojxQyeQ,3,Yelp,en,0.42804057998883566,0.4708364901378162,0.3450253808214772,0.47041201020357515,0.6643111790170614,0.598917748917749
i50gJJHaVAfBMtiBxm0AHg,1,Yelp,en,0.43629989398666086,0.3836464218043166,0.37115561176220435,0.4626503500164525,0.7054945054945055,0.7295238095238095
O0950Gpf5dLVjWABFnt-RA,3,Yelp,en,0.48917850351004016,0.4195181243744855,0.36429494885359387,0.4442502383375117,0.7139204545454546,0.5958333333333333
Cz9OvgR66e23zUjDcnxdNA,3,Yelp,en,0.44641404940106644,0.38999012508484104,0.35926101319919107,0.43048276814366176,0.7205905205905206,0.744179894179894
8VAg7TqPK8ChPo7TAHz0tQ,3,Yelp,en,0.48417125096443087,0.41148593953472007,0.3511951336841291,0.43828259465099556,0.7372790404040404,0.6720238095238096
jLm17mvn99QNnF_QvYAEIw,2,Yelp,en,0.4881292392678962,0.41809107410711693,0.3634330057477813,0.46247856612469884,0.6436856934631702,0.5014550264550265
LNOHi7QP5281mAkutgS2BQ,3,Yelp,en,0.3979299745243587,0.38560906790976585,0.28960854854296636,0.4126878864149774,0.5764083872484445,0.5051442709337447
p3xWaM3pCOIFRIvGBEHYIA,3,Yelp,en,0.49578093888381647,0.3680458430458431,0.34163413553725475,0.4622647521840968,0.7653061224489796,0.7333333333333333
6Ia89mbunYKdkXqiPcjORg,3,Yelp,en,0.4778414007444446,0.4799015268168783,0.33892612784006804,0.4484805089712681,0.7139428472761806,0.6211640211640211
yHLQy8W7lGQGM1XUj9bqUQ,3,Yelp,en,0.4609174293535989,0.32985366349336925,0.3635638395940088,0.42557102667588115,0.6601585663505168,0.6550925925925927
nekF4QCfJXtmv8mqrQpknQ,2,Yelp,en,0.47771799298501944,0.38989226194603765,0.33683087010318297,0.4712623721820239,0.7121471121471122,0.5333333333333333
Bfq7huE_Vyb-573asm9pHg,1,Yelp,en,0.49121603321784263,0.33727501812608196,0.34964852570985,0.4421362448105023,0.664218263676468,0.5919913419913421
cx5t0ISnEDA81U23EMrBFg,2,Yelp,en,0.4985533075611859,0.43791704511518764,0.40637016535158005,0.4794947563627644,0.7330808080808081,0.7303571428571428
OYUA5JhIJY9zgWw2UtsfkQ,3,Yelp,en,0.46093317009514645,0.40285616284915,0.343948063943959,0.4625416389536848,0.7445075757575758,0.8065476190476191
OZfZbt6akkk21aAtBeR79w,3,Yelp,en,0.4665797139250717,0.4899610725192119,0.38279541727108296,0.529959838585084,0.7710884353741496,0.8095238095238094
E9xLgLKCfRbfjlgGXjkh6A,3,Yelp,en,0.4542018231565756,0.32501571606641255,0.3617082509153955,0.4400737511700296,0.7056043956043956,0.7011111111111112
rOGDC7FHe_kZHcrwIeb9Rw,2,Yelp,en,0.44833049967023997,0.3833661083562181,0.34794378184459474,0.44595007766285294,0.6515045412104237,0.4121212121212121
zhfDK1V7BZrqgAgUgLghjA,3,Yelp,en,0.4462039622929886,0.4384696278380487,0.34369167638578824,0.45854136915477206,0.6644394672469539,0.586868686868687
Bcuec9BDFYSAsa2XoXadkA,3,Yelp,en,0.4794558328909977,0.4412517592330426,0.3440643523277731,0.43215291634514075,0.6894418081918083,0.5957142857142856
LmL9lKPqPOsgCIVb0PTYvw,3,Yelp,en,0.45066355789556034,0.43356825076498595,0.3519824881196082,0.4301484398613338,0.7254103535353535,0.5499999999999999
Sh6oG2HaHPLoBp5g2wZMGQ,3,Yelp,en,0.40320391623171553,0.39253368518074383,0.33947318408000854,0.4392138689810379,0.6543056616586028,0.538961038961039
9cbcpBsU2Fg2Y8R1KviYUg,3,Yelp,en,0.4464239556783208,0.40227068069283894,0.3635615088280441,0.4680610212147068,0.6805550361700093,0.6958874458874459
LUvsSZTt89k7NUUTTEvPFA,3,Yelp,en,0.4602122664614024,0.3453220588934874,0.3560941364898674,0.440325297495179,0.6416052557693424,0.5597402597402596
d-MNQ7wrFd1VLWajNpDPTQ,3,Yelp,en,0.43610128191063874,0.4281161708687742,0.3514410492210517,0.472299195417723,0.6650352571405204,0.571861471861472
xGtHI1sn4vHI95EumWwkkQ,1,Yelp,en,0.4577451897647824,0.42197963619532247,0.3473369684905876,0.4316807776843429,0.8065476190476191,0.8222222222222223
AC-dM1IM8hshUEhbRqUb-g,1,Yelp,en,0.45703903359993775,0.4215504495504494,0.3638981217750788,0.4024026229940686,0.738604797979798,0.7845238095238095
WlEpLIPeRT8iuKahb5YDTQ,3,Yelp,en,0.44161988284697706,0.3894013796224878,0.35144687317789475,0.4509287711888678,0.6762159409218232,0.6797979797979798
BgU2W6_Mf_ixA0qjh0CyIw,2,Yelp,en,0.41637051326323393,0.40977582923668343,0.360638647391913,0.40299367333396324,0.6231279178338003,0.6638888888888889
kCub9lJONereg0l0gZVo3Q,3,Yelp,en,0.46725579276800583,0.4856913304698597,0.36709576987647347,0.440033779395592,0.7568027210884354,0.6238095238095237
z7Iumxa4j6xLbb92Zu496w,2,Yelp,en,0.43042445445812083,0.35486894762618876,0.3531891815892655,0.42618418543707326,0.6128818272949584,0.47460317460317475
MbW8w4u94IeTG22LQoXM4Q,3,Yelp,en,0.468543432933638,0.47221620971620976,0.35488914322133885,0.47389298997695706,0.9199999999999999,0.9
cJ7fPFhZWQOtoiSRMXY-ZQ,3,Yelp,en,0.4498680997815476,0.4206549618936882,0.35640188457048383,0.4524752291897028,0.6577466650996062,0.5484848484848486
0SN2AjbHrsndEujM9F0lXA,3,Yelp,en,0.494435870388076,0.3564888270770624,0.39929492325349036,0.46341291367961374,0.8015873015873015,0.7111111111111111
56kHf03HU34G-mta8UXp2w,1,Yelp,en,0.48094123510610437,0.45185777108046005,0.34689403201680463,0.4697204549329609,0.7254103535353535,0.6625
yqDS-k-EvniI2-LJUj0EZg,3,Yelp,en,0.4347792923231386,0.42149545226015817,0.3140771176988019,0.47686266866463195,0.7452690166975883,0.7857142857142857
xjBF_F_0PrbvgcmXSUbw2A,3,Yelp,en,0.4053186838228333,0.43524409767249583,0.3037722113908575,0.3985157958667511,0.6578350374112758,0.649537037037037
bVlDNIBjFwoKhL6wQRO5sg,2,Yelp,en,0.42172183522172135,0.46642652455613187,0.3345586459065287,0.4819214559969498,0.6198698672953733,0.5634920634920634
TjSYl_nAdGsaDhOYuTHLCg,1,Yelp,en,0.44752639268115757,0.45667305009702336,0.3416970984493541,0.4580480532931961,0.656245432270974,0.5366402116402115
oeJhu-MAdcO0wSFoxsiw7g,1,Yelp,en,0.39725089696953625,0.4300977898720932,0.2989955453680488,0.4189890927260391,0.5350255554702666,0.5099755317146623
_AkYxgZm4lwfW94sa40Sxw,3,Yelp,en,0.395778300498374,0.5391143264278642,0.3383731909941023,0.4789750878321761,0.580481731572486,0.45756302521008396
bpWTW8_EQ8q2SXoP7cibuQ,2,Yelp,en,0.4311189996232673,0.4190374954263842,0.3515059854689648,0.44153807738944717,0.6740808211396446,0.6028138528138528
8fHuxFDbwAFfVknLL40Vwg,3,Yelp,en,0.4516314792350266,0.4449730971910333,0.35173362175122463,0.4576905399668572,0.7041208791208792,0.7544444444444445
OeKhxxh-flT6LgMXDRZVFA,3,Yelp,en,0.45828300794561533,0.3561565909458797,0.33418971245185336,0.4511400632450324,1.0,1.0
4-ARGcSTgKOO8dGYOkjS2w,1,Yelp,en,0.5030162245668087,0.38873418392051934,0.40022887317990213,0.3985166790687472,1.0,1.0
A6KI5e7P87soauEwj828Bw,1,Yelp,en,0.4875451184904062,0.4295120538980188,0.3469331758318303,0.4535008098131623,0.7186965811965812,0.6958333333333333
GOV3X503j0Tvhb4pMLAO2Q,1,Yelp,en,0.40796056782425777,0.424089915072887,0.3479436559078615,0.45761541220303875,0.5913152696373609,0.5755835667600374
a2iqqoYhPnzKdvmMz3i7Nw,3,Yelp,en,0.44785465645599787,0.4155387536043643,0.35312845424675293,0.4680182093796617,0.6762159409218232,0.6949494949494949
nXo1fNPKpzjIt1Y9-AGEfw,3,Yelp,en,0.4022889711363345,0.4198913563595036,0.30016893293548713,0.36953379128291475,0.601428835147346,0.5437229437229437
IDI_wM4HDgOr4ZcBgmWdDw,1,Yelp,en,0.39836910865264846,0.48009149990297145,0.35381172527157034,0.4501875714957044,0.6170125483748674,0.47777777777777775
zt-P_ka_o-s2Hv4GFa6weA,1,Yelp,en,0.4598362447882131,0.4823885728148196,0.36519889374220194,0.4329472084553433,0.7625850340136054,0.7095238095238096
NTEq7MHSYvwh6h4tX4mU8A,1,Yelp,en,0.4610286332823607,0.44115904420782476,0.39879928291721195,0.4686715444304943,0.7075393742060407,0.6851851851851852
KJ16AnI1-zB_CvJNJVP8kg,3,Yelp,en,0.4616021127080711,0.37393162393162394,0.3473211356539267,0.44408305913948704,0.7149788483121817,0.6047619047619048
79qaD8TP8Mb6P6LNfMDnLQ,3,Yelp,en,0.47103558650127725,0.3799781917428977,0.35532928745673015,0.43121709455100893,0.7676870748299319,0.7952380952380952
anW_8Mv5AW8xSOYJaN1w2g,3,Yelp,en,0.45552458168616256,0.38887845487845474,0.35151703745803153,0.4476683144319172,0.727840909090909,0.6166666666666667
xo_izdfP5K0T7cE5-TfUdQ,3,Yelp,en,0.471322773513296,0.4161209821924108,0.36624784159201207,0.4664789550027303,0.7327020202020202,0.7833333333333333
fgy8ZelBYZ-ufxJwNj2P7Q,3,Yelp,en,0.4862147677854049,0.47253600058478074,0.3318552613102556,0.48626392798392915,0.814484126984127,0.8388888888888889
RQMjg6QJoV2Kpnh-EY1g_w,3,Yelp,en,0.44596193657424776,0.4246922888101668,0.34188149201327883,0.4822948439366013,0.6302256387842797,0.5600443207586064
F2bO_ttnjsTK2YC-ZEQ10g,1,Yelp,en,0.441552047156108,0.3824954940968014,0.3310090913239437,0.5029131186593655,0.7017182817182819,0.6076190476190477
4tAKuSiimzqZ7YKCPiLMmQ,3,Yelp,en,0.42723328131323846,0.34195745289095647,0.336413673553855,0.46642347455319993,0.6446643451577662,0.6068783068783069
dNyKkwU70I4iVY--1yJeyA,3,Yelp,en,0.4683228619350758,0.4487700208288443,0.3472024171179188,0.50391603858238,0.6566892343982128,0.6235098235098235
hVjPr99rf2z-I0z6o8Yl6Q,1,Yelp,en,0.47280602745605504,0.4633389645584767,0.28273574644245436,0.5357208875638005,0.716325649658983,0.6195767195767196
BRQ0qD-N3d3Ny2oSR9QYuw,1,Yelp,en,0.40674695575191566,0.4248541022012133,0.34938585193087035,0.4326081168014521,0.814484126984127,0.8388888888888889
xw4kK45s90BmY46XirImhA,3,Yelp,en,0.4473880851599053,0.41357237837485095,0.3381514333864321,0.480501016200851,0.6510957652598519,0.641991341991342
iEr8A4lPLQ3NP9pdaPYDXA,1,Yelp,en,0.430126096510056,0.4120550231661342,0.35054619254527675,0.44188954401887964,0.722973322973323,0.6886243386243386
ZYzNmSlWmnE6GTqlBpR4DQ,3,Yelp,en,0.423522097988712,0.4641612360470491,0.3317468943502376,0.4880989125645838,0.9199999999999999,0.9
ZikaNmKfuOx9OV5hhAuVYg,1,Yelp,en,0.41898601978354927,0.41127187541506854,0.3527961389809586,0.46386912788256424,0.5704367348828899,0.5099439775910364
twXitLa5A0vRcA70jBWoKw,3,Yelp,en,0.45620495824429314,0.4491259884980861,0.346943524277836,0.43789056481986266,0.7710884353741496,0.8095238095238094
VtyyjDdLKADFBwFT4TIhJQ,3,Yelp,en,0.4288053325000248,0.4383404273396193,0.3365858846009471,0.4671453270034333,0.7676870748299319,0.7095238095238096
IN-6GAYlFUylBDVFUhs68A,2,Yelp,en,0.4422260574205681,0.3768260236931916,0.3358534743657174,0.48119067580907665,0.7139204545454545,0.625
6Wb6pcTJmKK71Gw2bFus8w,3,Yelp,en,0.4823634063560682,0.4331600011657401,0.41729030177863263,0.45202922987079436,0.814484126984127,0.8388888888888889
DOiwpGcvLWD_3C5cBQI3jQ,2,Yelp,en,0.44049853321334914,0.44087612790178016,0.3717565409987139,0.4238341478470405,0.5936040947554106,0.5285714285714286
Q-5uthojAHEEJOP-rkTqeg,2,Yelp,en,0.4069963964005388,0.36273206066484803,0.2824929362193849,0.40545537824629335,0.6129377110462637,0.5589646464646465
t8Z8KfDIv65TTfAUm68YBg,2,Yelp,en,0.4198001771306569,0.3844213477612858,0.27903993844751995,0.3903965500161106,0.5215818238129849,0.562280701754386
rTewi04uc4RAE8Cy0R18ZQ,1,Yelp,en,0.4633744326393904,0.5426651126651125,0.347175068906557,0.4713013497800623,0.7139428472761806,0.6936507936507936
TTCELxCaoTeJrO4Ck6VSNA,2,Yelp,en,0.4160743750072382,0.3910279481308297,0.34643923953168254,0.4160509566591399,0.6610489184018596,0.5597402597402598
g1yXveVmjyjL3LuhZtxKcg,3,Yelp,en,0.38770029524770505,0.5400159769317515,0.3469290095477613,0.48655953080622105,0.5943141811453008,0.4492742551566081
IYshAjRe6noD7DRTOlJ16w,3,Yelp,en,0.41714121540598165,0.388748311288087,0.3039956678382771,0.3731762789951566,0.5708423333669304,0.618058738646974
xkLtyKayC_dLaErUr1me_w,2,Yelp,en,0.4262054741635376,0.4398679326371633,0.3083846902747015,0.4791088233298541,0.6849000999000999,0.6147619047619048
Y-26XkXgzgTyeTx1t-WFXg,2,Yelp,en,0.46010692399179026,0.5575367575367575,0.339233183849251,0.4609416786319772,0.7296085858585859,0.7291666666666667
l2R-ZYkDZaR62mjQqdmZeQ,3,Yelp,en,0.47313594788978536,0.4691411569460349,0.2953318054214764,0.4723690410229625,0.7082448415781749,0.6788359788359788
Id2fVafMU5OY26s04SadZA,1,Yelp,en,0.4700961936542615,0.39803620451305055,0.314944179972353,0.4644067156969018,0.7653061224489797,0.7095238095238096
Wp0xIWB8Y5cXP1LLMf1NbA,3,Yelp,en,0.4532380526322198,0.4499097859812143,0.334865948015586,0.44704389569588016,0.7181213847880515,0.734920634920635
a04CeEqDFgO5yJPsd_WSTA,1,Yelp,en,0.42327118842320155,0.4601560569559209,0.34816297651637934,0.45802290195656065,0.7212121212121212,0.5125
Nh7azZIRkcoDW4EfXWO63A,2,Yelp,en,0.48037206382270436,0.40267152600485934,0.34204155414852055,0.46051804144396197,0.8015873015873017,0.6
0-3x38PHfwAI4cSaPi2KmQ,2,Yelp,en,0.4532880995769414,0.47989287135628583,0.336294314863264,0.46807141334243674,0.7710884353741496,0.8095238095238094
HcKFHSwdS9xGNd1UXDgIYQ,2,Yelp,en,0.43917082658847084,0.41346989547681573,0.35384229107112924,0.4717005121924907,0.7653061224489796,0.7095238095238096
OF9bl87QQf37rh7R4cjuDw,1,Yelp,en,0.4860472900835684,0.37962775994690895,0.34126170686009316,0.46267050860942277,0.6887412587412587,0.6338095238095237
HQvrm3qqZx_ncG4zMGJRWg,2,Yelp,en,0.47137810104321387,0.4400880981763333,0.351096344556413,0.45947595048642836,0.6471117540583485,0.5128968253968255
5qkUgC4xsXi-Gy3lU6Cisg,1,Yelp,en,0.40549491292807416,0.40319285146061956,0.3017750499629773,0.39748774182409485,0.5566623834258146,0.3338672438672438
sMSgZyUq_Qo5VJRKOoxzUA,2,Yelp,en,0.41829189983024434,0.41797869017813544,0.3726289399018339,0.3866657929875983,0.7187084520417854,0.6841269841269839
1IB8ZWhI6sLtwznuf_Xk8g,2,Yelp,en,0.4799168057858058,0.3995473109694833,0.3426437318895218,0.4076948752550281,0.7246827246827247,0.7894179894179895
X99szH6izOaDg2vhE6ZU1A,3,Yelp,en,0.41610018342253363,0.3443618021527907,0.3607359102476003,0.4526609315772537,0.6225875022793406,0.5077777777777778
iOfhjgXegsXFGdC8yfeV9A,2,Yelp,en,0.4618768459061457,0.3777654807066573,0.3424761438520205,0.4490731734010575,0.7139428472761806,0.6306878306878309
nNMbFyC7R6x95PtVIF-QRg,3,Yelp,en,0.43993139296794725,0.45274394970751225,0.36170288605278184,0.44600724348545273,0.6318022187031668,0.4510204081632653
S3I281c7XYAZalvpOlD44g,3,Yelp,en,0.42365458254318833,0.44294652107152105,0.346544974188764,0.48916577580808,0.6548658599742191,0.5630291005291005
928XGpwSWPmiexStB3Cp7g,2,Yelp,en,0.4516542001891334,0.38134926545169934,0.3564280497615938,0.44324702778295505,0.7568027210884355,0.5761904761904761
DFAyPMFrYs26yrML3RWwkA,1,Yelp,en,0.4664811164682345,0.4668030551009275,0.3872499026850608,0.4832582429520826,0.814484126984127,0.8388888888888889
aUtsgvP0VhL0_F6XvkuE7A,3,Yelp,en,0.4542793941700096,0.43183720779171264,0.36126811620630106,0.4226753015698533,0.8015873015873017,0.7111111111111109
S0ZFqarObr3u3SV10c8scQ,3,Yelp,en,0.4548783315824657,0.44729606844211295,0.3424448967759435,0.4542543977136553,0.9199999999999999,0.9
ut-nP_lLu1WzyHo7QnbTdA,3,Yelp,en,0.41991633664696315,0.37429782983292353,0.352615702091809,0.4526360288180618,0.6462032291753653,0.7216727716727718
8qvg5RGq0No1ddUE27ENxA,1,Yelp,en,0.4769852659319693,0.4006272859931396,0.40329442994904746,0.48819402367298326,0.7534013605442177,0.5714285714285714
EMrNvKZ9JBmYBVO8PJlayA,3,Yelp,en,0.4553419212191412,0.40009132111640755,0.35100530697657234,0.45350343144133426,0.6469948359460743,0.6517857142857143
pUnHO77QyqKuiDoGMYTgRw,1,Yelp,en,0.45395120733463623,0.38051384744185873,0.35124411749445594,0.4472508373266704,0.8065476190476191,0.8222222222222223
EN1LZ1mMxkWJ0yCEYH4odw,2,Yelp,en,0.4466582466552231,0.3720063374386682,0.3545321740161977,0.44746946987208647,0.621800713905977,0.6545454545454545
6k_DOWEQfqx1CVj55z48pA,3,Yelp,en,0.4504627706805946,0.42708376396933995,0.3611910260955345,0.43620821428420414,0.720464257964258,0.7833333333333333
M8wlrn4K8dawThDdalcyKg,3,Yelp,en,0.433452768442212,0.36825204274183865,0.32136312210963514,0.4448917150050472,0.7117445054945055,0.7606349206349207
mZRKgCbpev_6zPNauXobOw,3,Yelp,en,0.4332253674225013,0.31850439375731404,0.36283736707040115,0.4641511177256701,0.6328812148949449,0.500453514739229
zbihn0pA5MhMmUO3lOV01w,2,Yelp,en,0.4528797773863535,0.37152971297708115,0.3581006089894587,0.4717067831252711,0.65320994794679,0.6064102564102565
bDFV29JldJSOfFAgY2mt3g,3,Yelp,en,0.4179801922979466,0.41477113033716795,0.3466324368112616,0.47202667427658623,0.6221588816196941,0.708399470899471
4BKaS2-4-JjE02opxWaddQ,2,Yelp,en,0.49440652738012597,0.5460838710117245,0.3618353759517958,0.48293533332517724,0.70336083669417,0.6026455026455027
UndfB1fKtSFYHvDphWu0Bg,3,Yelp,en,0.47568644234797736,0.43617186906660577,0.3385625962984002,0.45562657490302705,0.9199999999999999,0.9
z5oIZ4jIvpVwM51DwOHulA,2,Yelp,en,0.4647358389669853,0.3310347603363797,0.34988091953383044,0.4396313403231879,0.7296085858585859,0.6583333333333333
nnbF9cOTHSUzmy80YtCx6w,3,Yelp,en,0.46521764234927043,0.3793935984054137,0.3541874868786114,0.4387603687777513,0.7205905205905206,0.6330687830687832
aF1qNjjDZop5IEbjI9D-JA,3,Yelp,en,0.43022417142202746,0.3040421906702277,0.3377512750093434,0.4296211802121011,0.6244967470871361,0.48486772486772495
ciBRmWMDOVWWfZCxyTLfng,3,Yelp,en,0.46487749574663795,0.4747939890797036,0.34346602762403167,0.42051215599571246,0.7761904761904761,0.819047619047619
QEPpmCUoyJ3xSj-DBcoO8w,3,Yelp,en,0.4314959114957875,0.43215227038756454,0.33948011569262554,0.4915348984147612,0.69989010989011,0.5930952380952381
cOMen13R-baeoVeqLAc_uQ,3,Yelp,en,0.40630029009035123,0.40171174197284637,0.29101817650255885,0.44150962055116044,0.5900840134499975,0.5541378374711708
Awx8-QdHS2f682K2HStpIQ,2,Yelp,en,0.4636206591372561,0.3231885887303843,0.352707442469305,0.4451101175922345,0.7330808080808081,0.7011904761904761
jbsY9L7M2V9eSCdyepJKPw,3,Yelp,en,0.4228092695538634,0.5021521863087692,0.3520350533642962,0.465446468277695,0.7020329670329671,0.6030952380952381
suHfy0_a1_B5Rjtk9h2jBQ,3,Yelp,en,0.40441069795045687,0.4403208898353549,0.2818873130333328,0.41945481651224525,0.6111202568019749,0.6604040404040405
pMWUSE65IV7J2psEw7anBQ,1,Yelp,en,0.49817968622880776,0.4379667739667739,0.35588838430547,0.4203834850928269,0.6564066308648352,0.6116883116883116
k_zv2s9_lHZiF0Vy4RUfdA,1,Yelp,en,0.4519475825822186,0.42570551573819543,0.36284447653623014,0.4400466662633683,0.6543825111936568,0.5359307359307359
o-hi-A9uGTu4L1pOyH-SHQ,1,Yelp,en,0.4216748051141925,0.34071537872363455,0.35086362256931786,0.41860457241041654,0.6892769730269731,0.47285714285714286
0_9i2TGFQXttrOesUPMrrA,1,Yelp,en,0.42221977508792824,0.3562493820403262,0.3085315980493342,0.40882983903404396,0.5844240319553528,0.526797385620915
mArPXQ1wQQv0TyXI7C-iOg,3,Yelp,en,0.37761949453035576,0.4793921751750585,0.28542685953874436,0.4132031958937091,0.5717240195328432,0.4987912087912088
v96cF9JHcvB2m8Jcu_TqMQ,2,Yelp,en,0.4146227858065451,0.43245678756514644,0.3556550374881214,0.44497710181447303,0.6220579830989328,0.5501700680272109
W_2ZCQljUfjlZ4FcnLVJ7g,3,Yelp,en,0.4479270285365907,0.43976702789133426,0.32424421516743085,0.49184246896469874,0.65036493398529,0.5585317460317459
dAnaZ8FJiefW6v5W65pcww,1,Yelp,en,0.4075249354815282,0.3596092807522043,0.3412952601162985,0.4648157408969077,0.7386047979797981,0.7845238095238096
fBf1brms1ynO7vAIGVPCzQ,1,Yelp,en,0.43645755958575233,0.3797812220048926,0.3497863844542117,0.45033650038922046,0.6488421257831195,0.6032467532467533
oujlMROrgQXZDrQMYoMFZA,3,Yelp,en,0.449914270343064,0.46490870354693153,0.342010077883962,0.4625844237028218,0.7121527777777777,0.6625000000000001
RIzxLmCYj_GYlLH0sxrlsw,3,Yelp,en,0.43119257886184004,0.4933041956211014,0.36116329194404256,0.45484355930724596,0.6586723390128962,0.6799200799200799
0f6V7-lb0zBKSEvx7kHPXQ,3,Yelp,en,0.4510096470998874,0.43086268158460655,0.361002563158282,0.428813263778098,0.6641711509165068,0.5442460317460317
HnVZ-qWKhxbJ7nD52AZ7kw,3,Yelp,en,0.4477350290351366,0.3999626784591001,0.3448133621957086,0.4551343345163023,0.6519923249900366,0.7663003663003664
jdUDWvx0OaEUhhnuZwlxoQ,3,Yelp,en,0.488029895958966,0.46391682844076604,0.33099775513992313,0.49520549979335365,0.7181213847880515,0.6814814814814816
C5ldq1owqUeqKIDGmi5Z4A,3,Yelp,en,0.4779164450067758,0.4255485590189536,0.3381381795923173,0.463787732817942,0.6929511664805783,0.5671428571428572
gbwcakYpwukvXB0G0CGQxQ,3,Yelp,en,0.46772630996264164,0.38561790538177576,0.3564158838504816,0.43023163765802486,0.6944660277993612,0.7248677248677249
dplp7tVIklPMdJrWUsQMFg,3,Yelp,en,0.4378129066322366,0.4268370013824557,0.3448652082740058,0.47915031412158715,0.6985264735264736,0.6233333333333333
USdcpIYj_B5btBbow2aPnw,3,Yelp,en,0.45470999176190013,0.40932438680600436,0.3388994121547323,0.45582540719603526,0.7152896486229819,0.5899470899470899
30reRgWKu7JwNhNRyGMhIg,2,Yelp,en,0.49716193855208657,0.38369783979051714,0.3746358495052583,0.4106475326091935,0.9199999999999999,0.9
Bwu4GP2xDXxb158bA1YowQ,2,Yelp,en,0.4184546177471466,0.39741438392957845,0.3474473101538763,0.4338392558143048,0.625628698936008,0.5172161172161172
T8TAythsFzkH8vNYhktCdA,3,Yelp,en,0.40523133528963656,0.43910395437710525,0.347094086021783,0.4505253518901394,0.6968472703766821,0.6873809523809523
QcvLl4IMvvdWzJ24wKAuxw,3,Yelp,en,0.4884225774563068,0.335079282419708,0.32784270456130954,0.4637340013669633,0.7348484848484849,0.8095238095238095
Ei7t1A2oNA0QDMIjWuHMYg,1,Yelp,en,0.40289265521268774,0.4072233996323064,0.3465484922799401,0.4328245130005919,0.5685329754232421,0.4800789853421433
mC4570o6-A4yLI3sJi0omw,1,Yelp,en,0.38179375155641554,0.4830648340708846,0.3462914163848393,0.4786455806508127,0.5741835880626779,0.4511503116766275
n5EF7cFLmuugGPb6DlGq9g,2,Yelp,en,0.4945358315140517,0.3371654091166287,0.4089395033995799,0.4606915410638927,0.7619047619047619,0.6952380952380953
LmztgUpm4eXfibCgr7pH1g,3,Yelp,en,0.45237274589298193,0.3741763124799034,0.3413538605985991,0.45326892480955794,0.727840909090909,0.6666666666666667
TxCDi83rdEP_Uy9q2u1Stg,3,Yelp,en,0.4836675530143818,0.4087966894216894,0.3451209951125797,0.42962009633753756,0.7236426767676767,0.48333333333333334
ZiagztvkLfA_EIVgj6mVaw,1,Yelp,en,0.44912945648798375,0.39699231257976053,0.34646439220872216,0.4006151830892218,0.7254103535353535,0.5375
nMJMXl7U4fYCZzWqzPJqRQ,2,Yelp,en,0.40479806255831025,0.45142408961810604,0.346944345385077,0.4872187601970442,0.5812839444020729,0.5989618406285072
p9BO8R8RQTCDRzCmVIAjFg,1,Yelp,en,0.4383760395363575,0.4730244710771935,0.350859511338829,0.45040923568814273,0.9199999999999999,0.9
oyz8qeRucMgBZ2hKtYrkvA,3,Yelp,en,0.3872927368041735,0.4895519604209128,0.33727774561167345,0.48906122234041016,0.6463282782748726,0.5873677248677249
9BscxlQ40RgEdSnMdyEbXg,2,Yelp,en,0.43835499032285663,0.3847035697451211,0.33013606150175695,0.4985685049355471,0.8065476190476191,0.8222222222222223
38o0lYD9pFy_lmEUd7KNqg,2,Yelp,en,0.4547588355892363,0.38446142335031225,0.3318471917249701,0.4570868916249078,0.6625474199003611,0.6638528138528139
ek9v-V4Eo-WewPvG6lbyzg,2,Yelp,en,0.47917303763916524,0.43054267695811804,0.3481381481699624,0.45455044761173835,0.7121527777777779,0.6541666666666667
GorzdbNwjciNyyTfcmldvQ,3,Yelp,en,0.44234898681576035,0.45100070968974176,0.34334737275763444,0.4619999876503649,0.6370726532158758,0.5884800384800386
7Xr45COo9-WexBBqwEExSA,2,Yelp,en,0.40823932480854647,0.43175965136280375,0.3592218951017678,0.44255215311425034,0.6633857628439671,0.6017316017316017
hHSXyv-bHCjfsJ5EaAX_zA,1,Yelp,en,0.415265875487123,0.4307659562659562,0.3328797155852392,0.46055895176976563,0.669666699900833,0.748611111111111
UZcLe8ubbUfv3RxwzEeNcg,2,Yelp,en,0.4807216525863523,0.3279800365034459,0.36263233762660674,0.4501171138756854,0.689276973026973,0.570952380952381
RwPUwHEFDA1u78d16W5yog,3,Yelp,en,0.4153070556097933,0.341655436439837,0.3512769492674294,0.4216024874684937,0.6304614689090394,0.5687157287157286
BW4qfkeaVQvS9A4tus0mAw,1,Yelp,en,0.4405454282086792,0.4652119092562306,0.33810338049931454,0.4708187232908549,0.6369050282985537,0.6312830687830687
KayUWGFqP2-9Tvnhyjfsgg,1,Yelp,en,0.4081854346679249,0.41712527370825925,0.3664509576899132,0.4483550496657188,0.5839257427311888,0.511671335200747
s5MbIKkZkuDwT4uV5giT0w,2,Yelp,en,0.4097938217223348,0.39650563335255606,0.3618390748659967,0.46663349264408166,0.5838123012759224,0.38991596638655457
TDn7INJVwbgNWFs1S-EDBA,1,Yelp,en,0.44639143915754376,0.4168109068469212,0.31961639917146156,0.47294793464388285,0.6146722114056093,0.5596315449256625
tE5OPTuOTDYPDaLuWQpnNQ,3,Yelp,en,0.4270813117640026,0.3240119258779239,0.35450684618908973,0.4602611414243109,0.6343300146705719,0.5390109890109891
MB2ScWZU8x8qw-UmQA2oGg,3,Yelp,en,0.4267275598271267,0.4698839944122961,0.34890146734143646,0.4681377848241335,0.679447186800128,0.7494949494949495
0Q_6enIfskc3S-pHXFsQGw,3,Yelp,en,0.44717145009631293,0.34918691900484605,0.3476446857828075,0.4595662344263168,0.7033608366941699,0.6121693121693121
tXco1j5xYY2uXrWMOpZXPA,1,Yelp,en,0.40941609756760783,0.45582559858110394,0.3487090409367634,0.45825621354256857,0.6645021645021645,0.45151515151515154
zXrsj9LApJMw5lbwB0JNSQ,1,Yelp,en,0.44534204969716673,0.34411596455074706,0.3405729590723825,0.4596742826713259,0.7139428472761806,0.626984126984127
-1fDL8BBv185AXgbeQXtgg,3,Yelp,en,0.4465625874348091,0.39273411773411765,0.36063688703687125,0.46677213015039987,0.6453402174266837,0.5340136054421769
YZIcP1Zr3v6epr7ZVCUvGg,3,Yelp,en,0.4556029710514863,0.34787342343986566,0.350138962654151,0.42101536599616574,0.7452690166975883,0.7857142857142858
h95DUsbzzV0rUqSGmOCHhg,3,Yelp,en,0.4281220489160869,0.33586825397970904,0.3267320839313762,0.47222241512833396,0.6531993279768048,0.5035714285714286
C6wS93yUQY_6FcOO85Wy2w,3,Yelp,en,0.45482146712379806,0.5624631495955026,0.34865326968504035,0.44924665380254397,0.7568027210884354,0.6571428571428571
2RE0hFS2G2bqdLeIVbA11Q,1,Yelp,en,0.44650084318628463,0.40107103051965204,0.3657329673135494,0.4714223391805327,0.6482993124150246,0.6089285714285715
rA6rOAObUiqw4dXDWFAPdQ,3,Yelp,en,0.4526832112048608,0.40857096681995453,0.34459378734324264,0.4520522563192065,0.7005494505494506,0.5566666666666666
eS7d9l_dS0p3yTQwolwwhg,3,Yelp,en,0.40227287497834485,0.390527692162079,0.35252777883497616,0.4516250584445861,0.7152896486229819,0.608994708994709
iv7VL9LYmJFoUn09d5-Z1g,3,Yelp,en,0.4104314958565447,0.4043315297534508,0.3552417277722055,0.46309460283849013,0.679892819598702,0.824819624819625
laDalD6JpAjJ3FSHSlcwvQ,2,Yelp,en,0.4673054527049991,0.43536522259025084,0.37268640641019957,0.42380720020178014,0.7005494505494506,0.6230952380952381
-kKFrtQWZbl_aREayQX5CA,2,Yelp,en,0.4332766779938926,0.4413442493401045,0.3248380952681645,0.46223472334771754,0.7121471121471121,0.6111111111111112
28rrhva8q2hfyzu4aIicMg,3,Yelp,en,0.39205139020134383,0.501335300688191,0.353755670690761,0.46458885324132143,0.7006693306693308,0.599047619047619
BwKIWLd-sp3YiG-yTNQ-2A,1,Yelp,en,0.44000987440804085,0.41411287807215397,0.32614829500872394,0.4740532264176883,0.6558343760356145,0.6669312169312169
psxeRA5NrQSEqYcUYPPUWQ,3,Yelp,en,0.4261526676169677,0.35422654964192607,0.3515172287683275,0.4572445119833681,0.6581477693416549,0.5517195767195767
8fPq3Z6NqOiETeCQykW03Q,3,Yelp,en,0.446090480443407,0.40889483338012717,0.3257270724193203,0.5240663051409301,0.7121527777777777,0.6625000000000001
ReGcWAZ4afDMWY5dU274cQ,2,Yelp,en,0.45781548199897293,0.4640302752802752,0.3685286280340511,0.46418921332116997,0.7096753246753247,0.7338095238095238
1uDulioDHbfaTmZafoxTNw,3,Yelp,en,0.44455017992773943,0.38873330917448556,0.3499757958982412,0.4650995301975068,0.5903310701115154,0.7386054421768707
2eE85-1RDZ2mGpQldkjvYg,3,Yelp,en,0.45898554372940614,0.418176834503365,0.33004025817770455,0.4868075910818465,0.7710884353741496,0.8095238095238094
A1kdvups6w7jP90CsnA7Hg,1,Yelp,en,0.44859795220197374,0.3655826839521369,0.32646213820708125,0.4308181725331246,0.6341217822773888,0.45798941798941795
lzlKAlu5gWcOJcfX7JNttQ,2,Yelp,en,0.43931196751416635,0.42537643399485486,0.3500888540754625,0.44812755695566614,0.8015873015873015,0.7111111111111111
PH0pfvuVQyxX_Hmb9tr54w,2,Yelp,en,0.4133672361063741,0.42812174926915386,0.3650897838749939,0.43688420257385197,0.626459018216537,0.522562358276644
QLj6wviNN86M0cPF7NOYsw,2,Yelp,en,0.41852269697462047,0.3720115409813887,0.2908791849268805,0.4042875837196538,0.6695559342618167,0.5800865800865801
zBxm4DD2bk9S8b8Az2GWKA,2,Yelp,en,0.4811376639161381,0.3717872552978936,0.3556804368015922,0.43951136177499756,0.7568027210884355,0.6571428571428571
wJC2Af20CrD1OJGvaCSSKw,3,Yelp,en,0.4791739869815581,0.43540936187995,0.36135314993452183,0.4312374217204481,0.7054395604395604,0.5744444444444445
Sfp0o1lJtvymEeiSZ_cgFw,3,Yelp,en,0.44406218131636876,0.4245001561593173,0.3493795735485588,0.42442047144615097,0.8015873015873017,0.7111111111111109
HukUGZLMMpwt4_3UiU6ugA,3,Yelp,en,0.4856963046895749,0.3890226175940462,0.3926543899201883,0.45528190982940436,0.7313131313131314,0.6345238095238096
0IhLphIFGtyhzQ2ET69zFw,3,Yelp,en,0.40231955134106223,0.4271931365873421,0.3493392540577262,0.4749642270594375,0.5826503268216667,0.46862745098039216
ffjqoa-DVEtCP7bNoUJrYg,2,Yelp,en,0.41739346095321106,0.4149447714168831,0.3613633675746926,0.4346285915480534,0.6429667221099447,0.5255555555555556
uon0agVsobxhbnG777mwJQ,2,Yelp,en,0.4536043005155617,0.39329595136046736,0.3541995052840507,0.4332734773938905,0.7761904761904762,0.819047619047619
qeuei7dpXwp1Xt4epkA3jA,3,Yelp,en,0.4771918609372241,0.4583486281160699,0.3486947208950911,0.49398895186068087,0.7687074829931972,0.7238095238095238
tFBlhAOyUxPBx2L0Mi10hg,1,Yelp,en,0.42752454642392623,0.4762900432900431,0.3370555865443587,0.4822968412875924,0.693610507139919,0.6504761904761905
LYKAC1YBeECvqXNAM6z_kQ,3,Yelp,en,0.4365651737747316,0.4286033064722969,0.33480456824704796,0.46632809736136405,0.6184450017169966,0.6536796536796537
qe1vZ5dfBw4_JOnSRpry_w,3,Yelp,en,0.4390181802065329,0.40858267634462464,0.3561426541939226,0.5054803330520035,0.676881941587824,0.707936507936508
2ePfjeNFErr3VbDj1d49xQ,3,Yelp,en,0.4133281645753916,0.45101238929479603,0.3381586394234624,0.45223928063243385,0.644518610119633,0.5670940170940171
Zl4J5yD-VvaWfxiZDC5Lqw,3,Yelp,en,0.43674298106608583,0.5404247736834521,0.3629158239161961,0.48923486103210967,0.6489940232532607,0.5957010582010583
q4AOyGj_PxkCfslUPVvbnQ,1,Yelp,en,0.44845777068745873,0.40349563290739743,0.35162375083750935,0.45259137408623884,0.720464257964258,0.7833333333333333
N6TZ8jZfO8CltYzU738GBg,1,Yelp,en,0.44346227565590485,0.5156315156315155,0.3447373106377285,0.4328045823442175,0.7653061224489796,0.7333333333333333
QO4E2QnXD5p_BZPKyJ2u4Q,3,Yelp,en,0.3953071849671409,0.45603289480127707,0.33722956562717277,0.4757101265679841,0.7059752747252748,0.7011111111111111
oO_5J8RCL7_aqmLQXrlPKQ,2,Yelp,en,0.4085761959664516,0.4000765508729497,0.36493349622763444,0.4274344682121656,0.6253037365111668,0.6871794871794872
fn9GNpnx6hufSkk_TQJlzw,3,Yelp,en,0.4272615382443302,0.39341741352375725,0.34740465106178353,0.4408308501096698,0.5686308498908692,0.3971825396825396
dz8ZJQGkaDmW9iz6yJIUZg,2,Yelp,en,0.4611135987725826,0.3309716866476413,0.32403525135820493,0.49508110555715823,0.7355113636363636,0.8136904761904762
ENjiys6Pc5xy2cFhGxji9w,2,Yelp,en,0.44208457900992054,0.43225708375896094,0.357149742384498,0.4721186298471222,0.7247690581023913,0.7171957671957672
gqyXKg8OQRHkxVuz4YsKHA,2,Yelp,en,0.46120049637915433,0.4002332573087289,0.35980219996515944,0.43112581171792386,0.7372790404040404,0.7220238095238095
90Fz1h6qAbnIolyHlw47nQ,3,Yelp,en,0.49974067664058064,0.4615196251559889,0.3500874465224496,0.4380715060064103,0.727840909090909,0.6666666666666666
2kr7jRKizQQAnf1wTX3xAg,2,Yelp,en,0.4949247951476544,0.35869994203327543,0.3411529344903903,0.4266637258284167,0.7568027210884354,0.6238095238095237
s5eHZhytdlmCmaUyDk5oLw,3,Yelp,en,0.4478757700781197,0.38337770444513275,0.3433174416920078,0.45565677855168873,0.6950462037962037,0.6102380952380952
_yt5DGRQ49fMpKzvCuAJpw,3,Yelp,en,0.4606303267272089,0.39706774420221325,0.3766420694889274,0.44158041249983127,0.6025539805529322,0.585204081632653
1p5NFyQ_F2RIj1VhxEJgQw,2,Yelp,en,0.4574444748324615,0.4119822497763672,0.34391212433076246,0.4684507155108773,0.7107361774028441,0.7052910052910053
JSzz3YnlVau9kpYFzRKCaw,3,Yelp,en,0.4392895531794976,0.3865428999354895,0.3654726370657288,0.43698320764473614,0.6538388082505731,0.5541125541125541
bJclfkfUChpky6NIzWdFKA,3,Yelp,en,0.4505455898942049,0.4622532263058579,0.34164785447367313,0.4791954614535876,0.7330808080808081,0.8053571428571429
apQDPZ8rNcepRm0rcP_VeA,1,Yelp,en,0.441419717802979,0.4086624315962616,0.35557117025878743,0.48794380906058493,0.6168040835593188,0.636904761904762
2LxoAVMqpdLhf0e96NmGhg,2,Yelp,en,0.422232362474798,0.4424523844883955,0.3374602620508121,0.41539902470769774,0.6326894691883249,0.5357142857142857
VJSBS_z4KG2ZA7U4Qk-Zjg,3,Yelp,en,0.42969585904042823,0.44673071207790344,0.31846287589841704,0.48770687091437853,0.671886936592819,0.629004329004329
63gzKNCp2_BQxeuhWa0BwA,3,Yelp,en,0.3919528784087623,0.49045250492432857,0.3511263491460829,0.4618134133191646,0.6136338299381777,0.541468253968254
tIhwy9eLZN95uf7lOyjmfA,2,Yelp,en,0.38895676649774036,0.4818132547823656,0.3566698745886785,0.4734362978799446,0.6088181176114051,0.5548148148148149
RO1ONljGvrjVA_f2PbFiRg,1,Yelp,en,0.4414338180921852,0.45312374700129776,0.3396824649844346,0.4600359644070103,0.8065476190476191,0.8222222222222223
Eb81K20H64MT9mWg_AGRDA,2,Yelp,en,0.4015480398416607,0.3567437301766202,0.3402373751857338,0.4578157956672645,0.631586938388409,0.5628968253968255
FJ9AJZ2ploOI-y8fYz7ELw,1,Yelp,en,0.4737629565723668,0.48493241176168006,0.3083098083075248,0.5069985851590598,0.7017632367632369,0.6121428571428572
i9Sq6SZUSTJz5E4dJw8jSQ,2,Yelp,en,0.49085137641167503,0.4513427649791287,0.31492251930113896,0.47391962043644903,0.6968472703766821,0.7045238095238096
Qud_xMEBFrj4bEAsPJJZUQ,3,Yelp,en,0.4592152898146622,0.33398656159477463,0.3604895365830269,0.48193774074894535,0.6285731634244219,0.3670370370370371
7Hd4WDMLoAn5a5FqauilEA,2,Yelp,en,0.5036125395202335,0.5122992133762883,0.3580569607301897,0.4338902153514939,0.7057436390769724,0.684126984126984
2mWBpJwBq1cr3uJf4O_h2Q,3,Yelp,en,0.4371736617695422,0.4195323833254865,0.3417220385528242,0.46214468681282406,0.7361742424242423,0.7886904761904762
DyOx8HOStjAEZDy_JnN-Xw,2,Yelp,en,0.4831778410186499,0.4318501186922239,0.3135058947268973,0.4731773575187847,0.7214045214045215,0.7071428571428571
75ZfUODpg8x7vWLqfhYM0w,3,Yelp,en,0.43613045178304016,0.5586005080191129,0.331067809551292,0.4562146706680597,0.6598417921947335,0.5450216450216451
zBTETBTyvbyW5f8uSxq0Fg,3,Yelp,en,0.41105078972042103,0.3873818505003067,0.34815196734576354,0.4890993969963558,0.6295260517514522,0.4363816738816738
SW33FkagEeGk5yvusKDdKQ,3,Yelp,en,0.4457265299091043,0.4384126200207746,0.3479701067116116,0.4519991172758968,0.6661549235078646,0.4510822510822511
wiIfYUjA2cTTUz4Qr7hSHA,3,Yelp,en,0.4096548285035563,0.4194835652390662,0.3546420098674523,0.45852392784833607,0.6236007359758425,0.5059451659451659
OM9NSZA9-xF1xcOSsX_nVQ,3,Yelp,en,0.46395916062694575,0.3502973659307289,0.35984510053120866,0.46873830577052367,0.6703884350943174,0.6002164502164503
AOJDMqdD5XTmYLNeg9Agkg,3,Yelp,en,0.39957804949029907,0.5179181524369644,0.35139703661811705,0.4395268085270223,0.6590247987306811,0.49956709956709955
iAbhJrDlUTftAQota63E1g,1,Yelp,en,0.4015516754968496,0.3886863623648085,0.28684027987496774,0.40189435746768554,0.558946170791459,0.4517384837384839
QlmNm8qd_QztV6BXCeBbhA,3,Yelp,en,0.40549967385717367,0.44210852728126865,0.2969540742417289,0.4116727634642184,0.5709780554647684,0.45088699179608266
ve3exE-O_ud-DX6kzwND9w,3,Yelp,en,0.4278689728115282,0.4000352955151713,0.35631083349588,0.4692827149083788,0.6490969666103356,0.7196969696969698
4V1xXcHV1Zpq4R0TYPn_BQ,3,Yelp,en,0.45447140019590754,0.4106326397077274,0.3394042941011003,0.4663255762257746,0.7192437192437193,0.7367724867724867
o0hOU0sG-IGo1-nHsCwqcg,3,Yelp,en,0.4076748016636075,0.38588434801504823,0.2922015080403507,0.3979681375536125,0.5607662871765876,0.5941391941391941
ZvEguciNnIZm7L0FAtitdg,2,Yelp,en,0.46721924092803296,0.5390229391267453,0.3540080239768202,0.4303448354083454,0.7368371212121212,0.780357142857143
8JiG-ffNTAKaJpaIMxiTXw,1,Yelp,en,0.45540657180684174,0.398128150719857,0.3621528810875766,0.47966036740639006,0.6311243857023909,0.4558874458874459
0a9cuUX1k_1yzymqW-SN0w,3,Yelp,en,0.4399901778240782,0.3761766039910054,0.3424273035115787,0.47375911209808763,0.6618814192343604,0.6054112554112554
vWCCllZXwa4ZOY40hRNGSw,1,Yelp,en,0.426110457401222,0.5302620502780349,0.33983626853352206,0.4579424917762302,0.7296085858585859,0.6583333333333333
eSysbkSoJbJlDSnjnrmQcA,1,Yelp,en,0.4096972828815771,0.42084507792923204,0.3338190090865015,0.4866744228972517,0.5922682334167997,0.637748015873016
y5jQjnditWhHCwbwPQ_plA,2,Yelp,en,0.4344329063924558,0.4435130229247873,0.317034096780085,0.4774876683672941,0.7223541890208556,0.7608465608465608
nURsQp2QzSjOEHvO1qqJtw,1,Yelp,en,0.44423223312392934,0.4766945223824584,0.3501078471362343,0.4718059815083488,0.6115839217143565,0.5870899470899471
9pXStpnNtO8oivCOAjIl6Q,3,Yelp,en,0.4997267974540344,0.3900376133705499,0.3395479262134069,0.45035631060446574,0.7212121212121212,0.5125
JUGzmeD07hl7ZsTBw6N5Mg,1,Yelp,en,0.43541637577550285,0.44809359359220835,0.31725375681129353,0.5035509210798135,,
7u-UBIkNcJ4Xmq0MeeMwXw,1,Yelp,en,0.4448192580775364,0.3876574946013244,0.3458505848611552,0.4518938496055299,0.6966533466533467,0.5428571428571429
OmPyP-OsgsjVzu0zHapcug,3,Yelp,en,0.4100112320124298,0.4321788235755844,0.34722737445557134,0.4837835240316882,0.7171396504729838,0.6640211640211641
8dC__CmDkszQq5MkXj2IFA,1,Yelp,en,0.44317414843993713,0.40427179662755225,0.36540320467312654,0.41889120036607985,0.8065476190476191,0.8222222222222224
t0EZcfi2vy2QKEx0IquYyA,3,Yelp,en,0.4245811305143515,0.3276154946704481,0.3669796615403696,0.45875364179684175,0.5797601121739052,0.4665266106442577
RHqmgTdg8jwHXuNDLUiQQA,3,Yelp,en,0.44444163761635896,0.41768647558935945,0.35657741715359653,0.4372175970305231,0.7271780303030303,0.6124999999999999
jnIgCAP9FHGyRyU3tBypJw,3,Yelp,en,0.46296202994479696,0.5128356277292446,0.35465581148750375,0.4389156218949575,0.7097222222222221,0.6
UosSrogg6B04RfU_Vq63Tg,2,Yelp,en,0.4445171734033939,0.46085212685558696,0.34656413191313556,0.44455102584258605,0.6549055519643755,0.5506493506493506
QtDx_yGyGipB_LWKs2JcwQ,3,Yelp,en,0.4503204772905634,0.38063325904113676,0.34725724182341844,0.47461647590411393,0.583907788821712,0.5206228956228957
BAQZA_IurZVn-L7ZEyz56A,3,Yelp,en,0.44433076634170693,0.4065172895916511,0.3432582575102493,0.4521274953830967,0.7568027210884353,0.6571428571428571
ZrakvnWEQ74elNpAIxP_Rg,3,Yelp,en,0.4418556784562098,0.41084118673252784,0.35577424750555153,0.4242648031043321,0.7344065656565657,0.7095238095238094
9Eb1xeXi-nyoiY-7IJ2tkw,2,Yelp,en,0.4752248320437419,0.44291840838899665,0.3485994586175249,0.44814112665135647,0.6440898626657141,0.5471916971916971
C1_pmW4YyD0EXcntJuGHtw,3,Yelp,en,0.40926207797348185,0.35981388711761375,0.3572272922501968,0.42692220443298373,0.6175795417160541,0.6082539682539684
4F0tS2yBSjLG_N_a-EEp7A,3,Yelp,en,0.4016027801919468,0.4225897476467812,0.28138342424489277,0.39941654782362346,0.5771311532962176,0.40960735171261486
gk61FWLkGMB0yXyFYrfPzQ,1,Yelp,en,0.4311880947030506,0.4619798482229495,0.36040062395023853,0.4628097389613448,0.7131831131831132,0.6518518518518519
uh2FtQ9shFy8pXxfI5Y-IQ,3,Yelp,en,0.4433174016849604,0.39269749519697844,0.3362503480179791,0.4425711866063337,0.6659267142529526,0.571969696969697
NI2xzy3xQaGQXec1_evbNw,2,Yelp,en,0.4782154796182769,0.3911108965730814,0.3636519742806304,0.4365026931049281,0.738604797979798,0.7845238095238096
Mqg3zIIlUsIAC-RPyXG3aQ,3,Yelp,en,0.4643164268017103,0.4911456964088543,0.3512908879534773,0.4580773362338912,0.7098901098901099,0.6708730158730158
EmL76-50Nz-t29CY4m3MNw,1,Yelp,en,0.48335074200817707,0.49533420375993625,0.3578566571776431,0.4375469740394478,0.7313131313131314,0.7386904761904761
g0P2FadctFRDi5wov9YjGQ,3,Yelp,en,0.4649572975512274,0.46437477842671504,0.32385917130282094,0.46372886602870217,0.7139428472761806,0.5603174603174603
Vhp9PIXmIaLjiOD9-8fDZg,3,Yelp,en,0.45864332760631416,0.42469123469123443,0.3386320517695354,0.4749338805347161,0.7170853837520503,0.6592592592592592
biheFkov2WTjaJIUqIKdzQ,2,Yelp,en,0.44336819783709736,0.439166576059159,0.34455526299048544,0.4360571428797159,0.6445579210091593,0.513690476190476
PrxzcoPVs4uRRLVUpyVnog,3,Yelp,en,0.3789966552737162,0.4846678904221507,0.3470223140820181,0.44149004728611724,0.6118646530440885,0.4806051587301588
MoLcD04zo5rXRtp68XAoLw,1,Yelp,en,0.5556027604740821,0.6551444426008888,0.3185080442318728,0.4978933825268793,0.7351325757575757,0.7916666666666666
BggX0T6Ok6hgAZFhY-l6tw,1,Yelp,en,0.4508107205364177,0.4105269642644287,0.3465361118753803,0.46883987699916346,0.5723235371036969,0.5036148062463853
5siCKbG_SO6GQLjPo9NpDw,3,Yelp,en,0.4651805335381161,0.4613198974432941,0.31750178157631437,0.5234494427736535,0.6786856933915758,0.7655122655122656
T-nijLH6wFt3BrzUFR4AMw,3,Yelp,en,0.4408901899944486,0.4546200334316355,0.3393768942699482,0.4487981213377019,0.6670789845923536,0.6443722943722944
-HwRfUAzaYx2EUPdATV49g,3,Yelp,en,0.43250176050243727,0.4444165970481759,0.35740376297973747,0.4326669617424601,0.7676870748299319,0.7952380952380953
4i2TogiNV3OxzuBkpPotiw,3,Yelp,en,0.47654915482676347,0.39100319969885183,0.36370951640951366,0.42692136356715116,0.7005494505494506,0.6233333333333334
L9L9qnEdFa23z_-9WGmdAg,3,Yelp,en,0.4470085973249777,0.3918928794165986,0.33916007918423985,0.4447039874223111,0.6688605512134923,0.5491341991341991
a68YyZiVVsYkwtADlYpSSA,1,Yelp,en,0.49037522884570645,0.3233732079885927,0.34142346411065955,0.4721954577909006,0.6991858141858143,0.55
g76YPLeEBz87U_YAsiWWew,2,Yelp,en,0.45997745059011425,0.35628936361455776,0.3159278692013543,0.48192967883481247,0.6800462037962037,0.5909523809523811
R8akGdZSUc3QmoqHIsbs2g,3,Yelp,en,0.43013879617712675,0.4648003816107264,0.33265985301162876,0.489516971387284,0.6476237470819514,0.606926406926407
5zBND9zYHfoIVeCsKrfJCQ,3,Yelp,en,0.48862933891510757,0.45097821833833307,0.32454775810502845,0.47161092608507427,0.6808795779384015,0.7914862914862915
k9ZTpwkVscqJntS9nbhikw,3,Yelp,en,0.4584798184547839,0.41565213858776545,0.3313609099773644,0.4561651467435977,0.7296085858585858,0.6791666666666667
0z9tQ1H16928woWizJhi_A,3,Yelp,en,0.4435723303975179,0.44937766481884117,0.33089138922649375,0.5152557314654989,0.7372790404040404,0.7428571428571428
EgT4Q40g8SX0lUNfdv5HyA,3,Yelp,en,0.457757772925969,0.45129941420457603,0.3217677648476185,0.4394886809127985,0.7355113636363637,0.6803571428571429
NWooUqCwIo2HfBQH9nXM9w,3,Yelp,en,0.45062459521364273,0.40151733223883945,0.34209678841948465,0.4401816817276033,0.7081368631368632,0.7682539682539683
ylKa8suAm0CCsgqFMSUyNQ,1,Yelp,en,0.41901679029695504,0.3593759393914191,0.2996437962737513,0.40925075814562967,0.5832313486402911,0.5193438140806563
t6DqVK-p3qja2xen_Otk9A,3,Yelp,en,0.450044734980343,0.41608097731996563,0.3465984558167812,0.47033996101110137,0.7254103535353535,0.5083333333333333
zxaEPQa13ciKjuXJnKni8g,3,Yelp,en,0.43418159412655927,0.39191641691641693,0.34452963667751446,0.44193813055005543,0.7653061224489796,0.7095238095238094
35FdqfzW3CkL4_lWs518Hg,1,Yelp,en,0.40589988078426337,0.401208820644308,0.34382090431779394,0.4503455956219307,0.6616167547765844,0.6305555555555555
HiadWh22GOOBThm6dzMT_w,3,Yelp,en,0.4083054555346434,0.4108511494381058,0.33509445075566335,0.4555976864518449,0.603085851190705,0.5163690476190476
x7gkibNJ6JLizbTj4aGRZw,3,Yelp,en,0.4306379588418641,0.3987231202603707,0.357664911105356,0.4512600325028562,0.6064696989357308,0.6489417989417989
kYOeFvaCLxviNOj7s4H1Kg,3,Yelp,en,0.4711235222829192,0.43611509263683174,0.36511515590681765,0.4046507470863953,0.7125960459293794,0.6174603174603175
EHM79sarzYcJAZkyArT_8Q,2,Yelp,en,0.48800417405283397,0.3791827649474708,0.34937692300931755,0.4337015220288757,0.7761904761904762,0.819047619047619
uTqBSp2RoMXvN2jl08Lt9w,2,Yelp,en,0.47024755687436887,0.45005433463025785,0.35184207374260923,0.4684623020993667,0.722979797979798,0.6166666666666666
wWG6ewCPmVHL_v4qJZc46A,3,Yelp,en,0.43519011269172825,0.4174823996093346,0.3475761506165997,0.476770927229511,0.6302994103373107,0.5162337662337663
PY3Sqplce6W0zxKCbylHGw,1,Yelp,en,0.4929611962813702,0.36379302245735773,0.36572230722408466,0.4107586973154756,0.672946483106911,0.562987012987013
vjbYdRM3a7JFw8BVmj560w,3,Yelp,en,0.4951789638818505,0.3585798384621915,0.34377374924388276,0.44083578971574094,0.7452690166975883,0.7857142857142858
nnicvswt-pHW5vWt6IDvQA,3,Yelp,en,0.48806329611017774,0.351840615232355,0.3386901446825308,0.4380229558103758,0.814484126984127,0.8388888888888889
1iUu69QuIvGlYG8XJv9MPQ,3,Yelp,en,0.4929528943377337,0.3873936483033609,0.33987313263425734,0.48494873051662196,0.9199999999999999,0.9
99wunwZt-impQyGIDUyxtw,1,Yelp,en,0.41610009471297305,0.4937570164040748,0.3483293666114593,0.4732940580059496,0.6428806902878109,0.5851851851851853
HW2g93OuZEIy3tOK32rdAA,3,Yelp,en,0.5267365112077477,0.4961706643524825,0.4167579541850547,0.4592444840208105,0.8065476190476191,0.8222222222222223
7GNfVMhPFJWF7X_rKLx33A,3,Yelp,en,0.47365347687477344,0.5632972143016063,0.40421073218852777,0.48321425667977813,0.8015873015873015,0.6
72LTlgj5WLMki3qN6h3WuQ,2,Yelp,en,0.45202623070705067,0.43454421735671717,0.34796721302076855,0.4823381249031712,0.6315686601727791,0.511904761904762
GIdttK_vqUZuIk_qa9qd8A,3,Yelp,en,0.4319814845349904,0.4442525597809744,0.32970947247261984,0.43699351207042186,0.6964885114885114,0.5461904761904762
zUf06m199GfkohI0MOQkPw,1,Yelp,en,0.4220667064535173,0.3860203933683086,0.3613796673575669,0.4846403504461983,0.6346833491560911,0.5608032708032709
eIJEpTsZwLHepmMhb72utg,3,Yelp,en,0.4517055772893443,0.40956164501518205,0.34973759786863823,0.4677213814576653,0.6309402812508402,0.6242115027829314
wkvaPnzBtJAu8HOIziar_g,1,Yelp,en,0.43475802743316916,0.41668170372557384,0.33971035365934193,0.458148222662034,0.6945329670329671,0.6199999999999999
1YmcV1ufsxoUPpGGzpSrhQ,3,Yelp,en,0.44171375343739194,0.389057358412197,0.3382340296124671,0.4853602506632044,0.7372790404040404,0.7428571428571429
ax5x477XLo7trW0UWHhN-A,3,Yelp,en,0.4119969321736998,0.36950569468046485,0.35863667447629305,0.4491629790209616,0.6043851311132012,0.6222222222222222
BLHWR4lxQ8WDP8pgXz0CJg,3,Yelp,en,0.450448102588287,0.41491366324529344,0.3388381630939768,0.48335036619303096,0.6559984133513544,0.5160173160173159
iVqcow8SsOlbvzSEpErp-g,1,Yelp,en,0.4052570570499233,0.41310886746461944,0.34799869417112267,0.46774472964202807,0.6932208967503085,0.5823809523809523
Nq0t9jjPTgS1A17uphE8-w,1,Yelp,en,0.4240271521554647,0.3205321654861034,0.3584597513087432,0.40726658340208827,0.7254103535353535,0.5958333333333333
2cJlmD6MJ4tVJYbEjVNwlA,1,Yelp,en,0.42748255671734847,0.4225982947419599,0.3397836880478871,0.4719095424632164,0.7372790404040404,0.6178571428571429
pvR7qZJfXz35XQz28HkCCw,3,Yelp,en,0.4123817775624515,0.40644183206716367,0.35798797409933925,0.4502261282863777,0.5644492434729674,0.5195326278659612
nDTuVu-pR3o8KiD-ndFb4A,1,Yelp,en,0.40888108931715555,0.42806528920969217,0.3564958505134465,0.47824519468616905,0.5760310252402112,0.6080846054530266
PLkMb8BnVGghYv7B0HEYQw,1,Yelp,en,0.4771950906866113,0.38312209600572783,0.33685956429508696,0.4987956754372304,0.7355113636363636,0.7095238095238096
S6wuU2a473LPsjFDOmMA6g,3,Yelp,en,0.46697122487334664,0.4638265309916027,0.3431191694999378,0.48761990758796697,0.7653061224489796,0.7095238095238096
Lc0I1SjtgCe0YPtCunkiVQ,1,Yelp,en,0.4929100469486292,0.3892619527874946,0.3653873165346933,0.45699803913422843,0.727840909090909,0.6333333333333333
oCpExyt12jk5yIB7r9rdzQ,2,Yelp,en,0.4859294575454461,0.4421182198973977,0.3614558660862429,0.42983546905535297,0.7568027210884353,0.6571428571428571
EtlsvcXI4Ws5NfqX5HHaOA,3,Yelp,en,0.45675166944215867,0.351376614817501,0.3549404019927162,0.44631521598142665,0.7024225774225775,0.6007142857142858
XzkY5PyClfzoFKcN2cLs-A,3,Yelp,en,0.4580632001988905,0.3773195107724302,0.36183313333251976,0.4090658203440905,0.6655763826816458,0.47532467532467526
5pfF894YilnKrN1ktF25Nw,3,Yelp,en,0.48701457412904864,0.4214007454773528,0.34035830075908535,0.4435160045358664,0.8065476190476191,0.8222222222222221
iJUDXqv5qf6IFDsOXLIKpw,2,Yelp,en,0.4031416320807555,0.3810469290636042,0.3413910263277922,0.4502747116221636,0.6315450153711024,0.4277777777777778
jRyweggWV14nKH7yaSAAuQ,1,Yelp,en,0.434802752716766,0.471515845265845,0.35664638307619423,0.45421472500702886,0.7372790404040404,0.8178571428571428
CapJXK3bpWmHlB6t5cR6fQ,2,Yelp,en,0.4795104516482391,0.45815467601181875,0.34713076952699906,0.4543418178803237,0.7094535094535095,0.5740740740740741
LFqEvdRRr1nCd6JbNc5hZQ,2,Yelp,en,0.37616967797678974,0.4280730695896898,0.32936990625387613,0.49593663528742377,0.6348961152366726,0.41446886446886444
UDP9rZysg-7gbj00MCmkMA,3,Yelp,en,0.5046560737970684,0.31688603234430873,0.3447157621982595,0.423093080965682,0.7205905205905206,0.6330687830687831
27asL7Jbzg3fad851Y6NbQ,1,Yelp,en,0.42383082761543844,0.4172423261645963,0.3631505708879812,0.41819182934383614,0.7710884353741496,0.8
kfpB1pHcw-rWEIyAJD0LDQ,2,Yelp,en,0.4098820629231146,0.4239201522018858,0.3519753879222238,0.4568298569286949,0.6196588403544926,0.6129100529100528
H_5dI8c7UXWGre59owEJrQ,2,Yelp,en,0.40966859420623547,0.48688618585492094,0.3472690025042939,0.48228684156769647,0.6141417090514988,0.5900021547080371
QkwN-NNiBHcT_JZ9KTVppA,1,Yelp,en,0.4096363217222127,0.3736482608589964,0.3300127145663776,0.4799299017516979,0.6510327907386732,0.6956709956709958
BVPrXyXG4uXpA0Qejs-6xA,1,Yelp,en,0.4213327975274079,0.4408806650584864,0.3554713555780412,0.43532763180851597,0.5622648458909436,0.45693400167084386
TlcoSI6mSDPFWB6UnX3Kgg,2,Yelp,en,0.4489443727358945,0.4348441436296405,0.3526779776171252,0.44012998855890084,0.7330808080808081,0.7303571428571427
FjmKJ-gWeikH7VhZVlXVMw,1,Yelp,en,0.42929821863375367,0.5025946866372397,0.34772282228355905,0.48573490967397126,0.6160643063133303,0.5611111111111111
xfjhQY7cK5NbA8ADd9wcuA,2,Yelp,en,0.4596636738850965,0.4621423832827341,0.34873934123285943,0.46824399876405426,0.6308121702858546,0.6459706959706961
TScyq0NEfw4pBopIBLykrw,2,Yelp,en,0.42428399057975463,0.35122234044056233,0.31208591872891733,0.3788732273696598,0.5928192591165338,0.5237654320987654
5STwgLtdIDCAh60RNEDd7A,3,Yelp,en,0.45435900989209194,0.45748990267137934,0.34544767809964316,0.46529176864642824,0.7077472527472528,0.6844444444444444
sh_C0z120IWhoe0-HhdLEg,2,Yelp,en,0.4586901628842623,0.49184119973593665,0.339356777680468,0.4756441918039327,0.6749861101465379,0.5470418470418471
oWCnl-mWuDfPCo8iX3LTCg,3,Yelp,en,0.4811796389109378,0.4220773806139659,0.330116487353446,0.4738018037444632,0.6901011488511488,0.6109523809523809
nWcJ527NmG3rFDVbbGFuhQ,3,Yelp,en,0.4086206705385807,0.4417899586042747,0.36803826498401065,0.41623002751734356,0.7271780303030303,0.6249999999999999
mdQV_xAo7Gd69irh3Y7Bbg,2,Yelp,en,0.4274112207031768,0.4445508442834645,0.3392241891725848,0.5138004443023508,0.659404939745497,0.7170995670995671
93q9elX55yhwnEb9ec0Fow,3,Yelp,en,0.4756676460881254,0.43517979792043954,0.33816815088835,0.4344948249668132,0.6636771381353425,0.5487012987012988
q9D6A1PUAB-ruTL5URZtWw,1,Yelp,en,0.44224554096597113,0.39658727710198294,0.33434938542147363,0.4649170149519742,0.7205905205905206,0.7293650793650793
CKYAJVKuVd983npOWAtb2g,3,Yelp,en,0.45575041114472153,0.3375950438450439,0.3297825284774662,0.4512693946354456,0.7082448415781749,0.7566137566137566
NC_WjrfsfqQTBHpUv7S2Og,3,Yelp,en,0.4160508967299165,0.4465485324860325,0.3448054022110352,0.4765923292579622,0.7212121212121212,0.44999999999999996
GI4kxAv7eGKtRsC_Bo4y-g,3,Yelp,en,0.42447240272088477,0.3651077547482775,0.36058621592065326,0.4312267736781993,0.6490645527216734,0.6240079365079366
dqoAQr6c_W_wAEdZvFkgYA,1,Yelp,en,0.4555788119124878,0.37705076654317626,0.3475106452462345,0.42509338009606246,0.704945054945055,0.7511111111111111
P80C9KYoljCrcMr1Q-GRgw,3,Yelp,en,0.4243844839584479,0.38950178568135185,0.3382728527505994,0.45236529920253044,0.7296085858585859,0.6583333333333333
St4IhorbMLAu-V7h-0b0EQ,3,Yelp,en,0.4509344884856288,0.3872477450763435,0.36583287662051445,0.4724676874783951,0.670328315241065,0.6591630591630592
Ku140rxLMngU2aIe0oqCtA,1,Yelp,en,0.45869122292748415,0.42567591323966286,0.36524561077230566,0.4225185039903379,0.644929631771737,0.4656898656898657
BEk9ZG_sfX_c5P6DhIbshA,3,Yelp,en,0.43211665291339413,0.44838547571097526,0.3284380680124754,0.4437233110430653,0.6991858141858143,0.5371428571428571
1HOv2pxzRBmgj3jFFPAZ5A,3,Yelp,en,0.48726002559585413,0.38167490404332527,0.35013529347022015,0.4359154528567602,0.7344065656565657,0.6553571428571429
lOoxqV6K2zGhm627k4v43g,3,Yelp,en,0.4493677607484124,0.39835566232976855,0.35601158727815624,0.4410727289901653,0.6531621639884024,0.5543650793650794
6Gq-o3V5_k3SZ_CpHql2Pg,1,Yelp,en,0.47573248086312875,0.4702407116692831,0.41657355136305985,0.500311372664283,0.7355113636363637,0.7303571428571429
nVCAP5sHV2CHAvrsXUH6Mg,3,Yelp,en,0.41893688766511283,0.4893548316148935,0.34335085875204835,0.4927932524148862,0.6624858203515325,0.6468253968253969
Y5cB62xyYNL6JkpnbECTGg,3,Yelp,en,0.4789670778623799,0.44777603530463933,0.3830246644981103,0.4915721815542475,0.8015873015873017,0.7111111111111109
gCnzNY2sj8yb51JwS9DEhw,1,Yelp,en,0.46114949938481165,0.42303308348189117,0.34355610483670534,0.46288642578059386,0.6170369156127669,0.6032967032967034
NJzssV9FJZDePzfXRSDfCQ,3,Yelp,en,0.4382813503127755,0.42392915165642414,0.35238168025346994,0.4472973147954654,0.7181213847880514,0.6867724867724868
h6P8J9P_v0GuLLS121M72A,3,Yelp,en,0.43683999695135367,0.48563887419769747,0.34066942391551397,0.4251409700830721,0.8065476190476191,0.8222222222222223
fME6IBWqP50Z5BQGcsJF9Q,2,Yelp,en,0.45050949401454443,0.3749089441935527,0.34177618126474896,0.46767791099443745,0.6223615846033301,0.5006802721088436
8p9MezJ9wgQlyvW1uOfpgw,1,Yelp,en,0.40663716246877635,0.44276564281283104,0.35412375395664447,0.45233580137792134,0.5820166837447861,0.4889483065953654
IcXKtEXe17XgD489Bol0cA,3,Yelp,en,0.4048956313381258,0.4789761052388931,0.358441777232338,0.46626671414261334,0.5616977718272821,0.5684904601571269
473M5z3jVvKpP8kZd2hLYA,2,Yelp,en,0.45371588791747774,0.372258498507491,0.3317628492274497,0.45942158911592945,0.6570112356683564,0.6174603174603174
T5N5UYN1Ln9iCA31ORMrrQ,3,Yelp,en,0.4063835517689776,0.42184396222090326,0.3572123568475398,0.45775057675671743,0.7015984015984017,0.6373809523809524
lbAuWgM0odpBJHmt8b_xsA,1,Yelp,en,0.45847771786214886,0.3468797926073467,0.34436245943055693,0.4576725974710151,0.6936285936285936,0.7000000000000001
6nYS9ddD-q-qKlfA4-uR6Q,3,Yelp,en,0.38926482410154656,0.4122373468494049,0.3362621138771617,0.4616455128102639,0.7006693306693307,0.6733333333333333
BKfgSvyS2E7zGpEdXGwoVQ,1,Yelp,en,0.44521499852521035,0.4890327265327265,0.36445882949233593,0.44101716531355334,0.7279658612991946,0.7748677248677249
U5_cxpFi_9UJME_uyC_OyQ,3,Yelp,en,0.46507741186960266,0.5506065689679135,0.3385008152708205,0.502027422296735,0.5799381627172666,0.4624649859943977
aqUT6uEdkEKJ7O4qSNGG_A,2,Yelp,en,0.4086909070950881,0.3601738548295672,0.3253651855855873,0.45690011918338536,0.6225497573691429,0.500170068027211
OOkGkujTqaLTKOwlQv2G-A,3,Yelp,en,0.45978965013521644,0.35841859939430787,0.3612120896347544,0.44175946348784495,0.7125960459293793,0.6158730158730159
7uCRCrw6lBDBhRbQOpcLiQ,3,Yelp,en,0.4861719444785229,0.44782568736355627,0.3540006519045426,0.43475477610110524,0.9199999999999999,0.9
Z6eOSzaksOuptwxKG6M2VQ,3,Yelp,en,0.45207652159162987,0.39099970622527,0.36551269014864646,0.42806544941962815,0.7074775224775226,0.6915873015873018
nyhRQDai_ARmzd0BuIIsdw,1,Yelp,en,0.4492229401348558,0.4633326122672324,0.36661249468938223,0.4789163646305656,0.7093319180819182,0.7596825396825396
how3_9GC2kFFoFAcevxhVA,3,Yelp,en,0.46137568964090125,0.5369618505199567,0.3893641282313552,0.49638578537847206,0.8015873015873015,0.7111111111111111
1zoCGbAazQpdvaJQbvXbyg,1,Yelp,en,0.4231512783019042,0.472926108515081,0.34984729893121225,0.47180631020187835,0.6456371286092648,0.61996336996337
F02s1Vm-iKlD7us77ONCYA,2,Yelp,en,0.4122660419369561,0.38699263170565856,0.3577216682365085,0.4636758194357724,0.5993055647767761,0.5732280791104322
h_YxSrz6jmL2zL4wraV6zg,3,Yelp,en,0.43997584489927516,0.3855475720860335,0.3395263913060328,0.46135116710164437,0.7568027210884354,0.6571428571428571
ecjd11SUgmSa1arV-Sf17g,1,Yelp,en,0.4263964286222502,0.36817634072536015,0.35167493694499735,0.45113202244366707,0.6324204925509274,0.5427994227994227
7g23jgqfeiGOXH8CJcjzkw,3,Yelp,en,0.4119834020677315,0.47778856898380434,0.30128413992343034,0.4294626193919953,0.5533330384623044,0.5465259740259741
6HS30EpKheXN2k95MzzQLQ,3,Yelp,en,0.4803905179167856,0.509454545751337,0.4052972288061749,0.46980785277842263,0.8065476190476191,0.8222222222222223
llFJIAuUMDa6Oigo_uAIbQ,2,Yelp,en,0.4554328067357349,0.4060488474842541,0.35419462080004344,0.4369116102627894,0.7237873237873237,0.8108465608465608
OqGq5yfjWt_CQEussmmjfA,3,Yelp,en,0.4996862339513795,0.375277949175008,0.35202890792300895,0.42023821081236845,0.7568027210884353,0.6571428571428571
VsbChZUPs_C3xY8JU6BL3w,1,Yelp,en,0.4846341366099823,0.4709268934424214,0.3399353412035462,0.4504069390541553,0.6257322398963265,0.6787878787878788
SlBlAfL0e9cSrCx0_0dxeQ,2,Yelp,en,0.4267940670531329,0.4177844781782966,0.35823565484111386,0.47482677250602107,0.738604797979798,0.7970238095238095
0tEGolccEcIJCeH9neiqPA,2,Yelp,en,0.4322568160716707,0.49665743978243954,0.324912883063092,0.4555007143530812,0.8065476190476191,0.8222222222222223
Mz7OdTPVgTbSlw1wcQa6Lg,3,Yelp,en,0.43540331943032634,0.5135254144485779,0.34751369755238104,0.48717332259823354,0.6990659340659342,0.6761904761904762
_ouz4W_Acfr12VFygMyYIQ,3,Yelp,en,0.4511442173297852,0.4138779706985938,0.3670681828039354,0.42748842837275774,0.7195545195545194,0.733068783068783
iE9oXLbXzfizYjV38hWDhA,2,Yelp,en,0.48331448462119475,0.3652781929636149,0.4024073140253372,0.4451549179821552,0.9199999999999999,0.9
tybJlNH4RC7IWXiHH76x8w,3,Yelp,en,0.47837944446129493,0.45683950036891197,0.32697284380693414,0.4524378030479206,0.7054131054131054,0.6592592592592593
wwaacsCsHSdat2QH9BpuNw,1,Yelp,en,0.4436287966454288,0.4067508177693528,0.3590077350133221,0.44834184712989067,0.6544542406481261,0.5554232804232804
__EghqNB6pJzr-K3_9sswQ,2,Yelp,en,0.4541268627157336,0.3937306574665773,0.3445288205607595,0.44037621451359366,0.7088861755528423,0.5984126984126985
BDAE4961GQ4gmbZtm2VAwg,3,Yelp,en,0.48849447890913045,0.386438312698817,0.382616242476582,0.46698747900479426,0.9199999999999999,0.9
4pn5FIWdVgczDh2pT3xdGQ,3,Yelp,en,0.4224542606928336,0.3822182722939079,0.3521319017630557,0.44452894395512776,0.7181213847880514,0.6465608465608467
QzsyjQXoQlNTJDdkFQ9rOw,1,Yelp,en,0.4146034304080352,0.3399319920004235,0.3589557175403179,0.44311652698434506,0.6309352834701132,0.5603174603174604
ri2qVV9brqignxXYfyTTkw,3,Yelp,en,0.4165947055328458,0.40285253141203325,0.3476919874271971,0.4528368128944141,0.7212121212121212,0.475
POGugz8_G-suD2oVwYg9rg,3,Yelp,en,0.4715860189867281,0.4078768453768454,0.3735677719993727,0.4757282105941236,0.9199999999999999,0.9
NmxHs2xQmrE87IHh-K4JzQ,3,Yelp,en,0.46232680213675126,0.49554564676515883,0.3892703946144499,0.46164767166566434,0.7452690166975883,0.7000000000000001
NgTo9u6ydgGRWvqcTDnKKg,1,Yelp,en,0.49231337270393843,0.38161971485867535,0.3565005424190064,0.4488915417194796,0.7097643097643098,0.5259259259259259
bTDdfXTKERHZIFR_dxycYA,2,Yelp,en,0.4564983313723954,0.35567406542281493,0.3462511748994696,0.4409592723990973,0.6230524348980976,0.5604308390022675
886xYzLtJEynrpNrLDlKJQ,3,Yelp,en,0.46420712971644473,0.3534077404077403,0.3487573989156479,0.47654455585216415,0.7010589410589411,0.5714285714285714
R9lraTC8_Wp4CxvsYHxGHA,3,Yelp,en,0.4133732584676384,0.3954701261622801,0.35789318396508996,0.4467931607941054,0.6909253246753246,0.660952380952381
H-vCgXawBqvuOh4OWXRtXg,1,Yelp,en,0.5231997060298452,0.38549156329905,0.3521420319486076,0.45561187407353027,0.6708340678928914,0.6183982683982685
rBKWqbfeEmcCqT4pmzI1Cg,1,Yelp,en,0.47895499351411464,0.42312377544935675,0.347761820516027,0.4553662960115388,0.7271780303030303,0.5874999999999999
rJcXV-SV2NH_a4flwug5yw,3,Yelp,en,0.47919288559740014,0.5562141232516338,0.3832800460706004,0.4828686881728512,0.814484126984127,0.8388888888888889
lM9UkKLdAvfEYmzk2yu1aQ,1,Yelp,en,0.4763423050572963,0.39366090258947406,0.30432548745286886,0.49190941914830305,0.8065476190476191,0.8222222222222223
-1O-NVZ3Ks_ci3SFWFm5bw,3,Yelp,en,0.405415553953173,0.4647996318757795,0.30008599437850814,0.4096935096237055,0.5929126025766617,0.4913496996830331
V6PIbnuq33MS1zLYbDz8Rg,1,Yelp,en,0.4818131350268646,0.4364544669422717,0.34935648209251297,0.45977507366310255,0.7097643097643097,0.5851851851851851
r4soZfFAh8Qjw0yfrmOHXg,1,Yelp,en,0.486805002759181,0.4491940309013481,0.33773052888962524,0.41005107642458233,0.6981368631368632,0.6328571428571428
pfJs4n6C-P2x9QAvA70qiA,2,Yelp,en,0.4598508089456224,0.46583430120015473,0.34777661036516444,0.5276312455111035,0.6491659751385152,0.5923687423687425
sQSAXOXh5lX2rYlR7mwWBw,1,Yelp,en,0.46822468843526116,0.31690930631680836,0.3368365432366785,0.44023322043389873,0.6739332414466105,0.555050505050505
DXBIpL59jVx1-Y6VXuxQlg,1,Yelp,en,0.43403147549248194,0.412983423356209,0.35055656297273324,0.45985113198013927,0.6550271623801036,0.48701298701298695
rRT5hJz4q4w9T2Goa15HVQ,1,Yelp,en,0.4758816608312733,0.45269069554783836,0.3527443587248721,0.4526187779660721,0.8065476190476191,0.8222222222222223
SRLFfJ2IPdws_K19tCPZ6w,2,Yelp,en,0.40882338987139083,0.44419584286341707,0.3427974051869337,0.45945242539412023,0.5919272156291407,0.49275528393175455
W1J2LD2_5wQ7aT7UzHEu4g,3,Yelp,en,0.4216228705684121,0.4060867685209319,0.2980403667539895,0.417132935345455,0.5510723053814618,0.42885702260702274
oIFP9HpoLKlfQL6Gfii_bg,2,Yelp,en,0.45147079605895085,0.5017319140081286,0.363229250294906,0.4745415125874659,0.7006693306693307,0.6352380952380952
2IeGittotZHV4Wrpv58qSw,3,Yelp,en,0.42209564647899217,0.3735495023165231,0.35829108474827,0.4488233558312153,0.665337311825315,0.7851851851851852
FIYOTbU_LqVY9PIPLfS5Uw,1,Yelp,en,0.4882795326151631,0.42938466295609146,0.4267687575414113,0.3614752149285762,,
hE1PlgznO65PkofM4UPBDw,1,Yelp,en,0.48788853670758386,0.4552253607945161,0.347110758549051,0.45683028003777704,0.6944346829640947,0.6233333333333333
f98sR-dXOf-7-q_k5hDitQ,1,Yelp,en,0.4808373325568449,0.4521027405642789,0.352946914761394,0.4781144567110309,0.7568027210884353,0.6571428571428571
zDIEHk830TBAIr0wG6dGwQ,1,Yelp,en,0.4485202896431816,0.385075048790219,0.34747954685659577,0.494447447596238,0.5748135690686237,0.5114930820813174
miwkQLr1i6SyH15qK1PQQA,1,Yelp,en,0.5064549546774442,0.41005941565293674,0.3997827753407991,0.46435310181837125,,
N8NsaOLbMzJhhY5mP_pWAQ,1,Yelp,en,0.46335763248484274,0.3712577473928577,0.37335829077674226,0.4188479534699969,0.6240908619412624,0.473430735930736
XYcGLQ0-TuysqmhgdGbX8A,1,Yelp,en,0.44648450841735904,0.49567894602219537,0.35523603154688926,0.4697097976797977,0.7261158594491928,0.7690476190476192
k4mLY6_KetykXX3TGj3ebw,3,Yelp,en,0.4422928672249277,0.42583766140488805,0.35874122531565317,0.44979706425100324,0.646555983504513,0.5271825396825396
t8T1iFdVjhJoYFzFHjiLzQ,1,Yelp,en,0.3887023078113173,0.5161134798914836,0.34436545769586685,0.4608537164827552,0.6295415212868775,0.7023809523809524
S12nG4rtvmuXWEBCofvmCg,1,Yelp,en,0.4529200806919847,0.348011865044972,0.3545159915102837,0.448737651812465,0.6934906270200389,0.6628571428571428
Hqk1aX0EbGjQZ4Ztt0PaoA,3,Yelp,en,0.4077131547603871,0.4164980831002502,0.35899243314934737,0.4487504270797695,0.7237330570663905,0.7357142857142859
0-yjM1Ex3w7kYMdpG3JKUg,2,Yelp,en,0.47643582437382087,0.35805340172311084,0.3564909607530794,0.4254600634651947,0.6670789845923536,0.6482683982683984
aNQpzk6RFo1aRX9l-QVLWw,1,Yelp,en,0.4067845559308681,0.3916482686640075,0.3586529931656816,0.4593028150604525,0.618523831596986,0.6603084415584415
jhJ4X0W-TVEcj_ZrOimY3A,1,Yelp,en,0.43641543740799743,0.4564020525946615,0.3478547837099965,0.4566499502759689,1.0,1.0
xLVv1hJEy-l2tW8cFI45_w,1,Yelp,en,0.5019914684309221,0.4533777067445797,0.3465368856712585,0.48758924084448263,0.7271780303030303,0.5874999999999999
sItBv_OTOzApPqrCW5BzEw,3,Yelp,en,0.48808621296633053,0.3656233862755604,0.35034759206366245,0.4621482980578911,0.9199999999999999,0.9
llPyvPgjWhdzcF7FK_ENIQ,3,Yelp,en,0.4199983012805427,0.3406423989801669,0.35267430936069594,0.48240593879076443,0.6223170661260096,0.4535790598290598
Dp5gZp7pufgbzSnhdDuvSA,3,Yelp,en,0.4071886973951062,0.3914542325548538,0.34854088064285355,0.48102825193505727,0.7192437192437192,0.6367724867724868
t2bwHxaKyNfqjvHM-RZlYQ,1,Yelp,en,0.4387783425839616,0.42790253127623357,0.36479501342885456,0.402815710525394,0.9199999999999999,0.9
vuNhc4HaYb6319XzIX3uXw,1,Yelp,en,0.4418735162405371,0.40426996065264525,0.3437675261129997,0.4423609240865783,0.7428030303030303,0.8053571428571429
fZYINBIz04yIp-8M6nQtPw,2,Yelp,en,0.42975930026266485,0.4751748279835323,0.3528662083918623,0.46635198909344533,0.6997252747252748,0.6097619047619046
G16xP-RM9v_L8nojJP60aw,3,Yelp,en,0.4677702440859956,0.4100561600561601,0.3886608055924011,0.49047260077334,0.8015873015873015,0.7111111111111111
CNR8_dcC9iv311O6G6zNmQ,3,Yelp,en,0.4415201263289665,0.4066388486241426,0.34133175677919425,0.44724007501334595,0.6391620247657399,0.5032967032967033
KvD4EQ5JnejqqG9VJ8afqw,2,Yelp,en,0.5021868933664061,0.3518171153465271,0.36702260916148294,0.4337852564372846,0.633061383061383,0.7125541125541125
YFDN7uPtBDqPf4t2X7gwKg,2,Yelp,en,0.45014442122679,0.32403840712664234,0.34542328774700615,0.4576908713656163,0.6622715519774343,0.5597402597402598
6qOaeWmE9dIqGI6xcXNtNA,1,Yelp,en,0.4979595770030741,0.3945466325058161,0.3615603277899022,0.4456292979871088,0.7568027210884354,0.6571428571428571
2fR66GBDGxTSfInBMuPHdQ,1,Yelp,en,0.4835270762819611,0.36963216522040054,0.3584186648659506,0.4592790767040677,0.7313131313131314,0.7386904761904762
OeP1tOd0tW0_DKvCKd4NZg,3,Yelp,en,0.4084571252230214,0.49590491192517644,0.3232841770898931,0.4595139806417558,0.7036176323676324,0.6969047619047618
C5se0vXJpSXive27Z15DYQ,2,Yelp,en,0.48134232151052203,0.40566953388081833,0.3555838394619276,0.4513819448972025,0.7216265216265216,0.6515873015873015
YPMydeiwGYHY1yCHoRQA_A,1,Yelp,en,0.4283138218325335,0.4877747252747251,0.3686341364941721,0.4061011625462649,0.727840909090909,0.5333333333333333
lCO5s9r704hSJaRkaOYB_g,1,Yelp,en,0.44620311474357993,0.4622327964433226,0.35623490816409287,0.44288528944785416,0.7094967532467533,0.7201587301587302
QxwN9ndYAsHDj5xcoolZjg,3,Yelp,en,0.4810994494991082,0.4211244409857951,0.3312667515890026,0.4649989044853658,0.6774225774225775,0.7004761904761905
kH-oBa2Pq02sefGYnnvksQ,3,Yelp,en,0.44972694468145724,0.3771766091885444,0.35701032172360886,0.4318797988710402,0.7063186813186814,0.6828571428571429
TkvW0giLJ4jzJmmos1Sj7A,3,Yelp,en,0.45730119852045675,0.5000138590884643,0.3553506384847214,0.4521364082308568,0.7237330570663905,0.6875661375661377
E6HLNyn4hVwEufrlvxwMfg,1,Yelp,en,0.42660618202215816,0.3764865732822388,0.2696806400681182,0.4337132944905814,0.5484097370843061,0.5428246753246753
qDOx3oVujnGpKVc9wFLV2g,2,Yelp,en,0.48491680024408135,0.4352342102342102,0.33545500016439833,0.4653954227438518,0.6747835497835498,0.604040404040404
aTg8_HYKfVSVEguJXACh3A,2,Yelp,en,0.4958385438837579,0.37269643896881754,0.3632592010843515,0.44400771336252437,0.7108154345654346,0.7520634920634921
NMZnqnyThXX9BnKZSCTTTg,3,Yelp,en,0.4641285932948301,0.5543604543604542,0.3807120649768772,0.5236345846435027,0.9199999999999999,0.9
4lq25gk-0TtXfF0w92r8Mg,2,Yelp,en,0.4912303430833413,0.3925937395937394,0.3438857475846478,0.5243392530107605,0.7653061224489796,0.7095238095238096
kst5-JiR-5V4t-zIKMMXWg,1,Yelp,en,0.4471054387653189,0.46753174929645497,0.34225970682775714,0.47303929982340054,0.659937284937285,0.4948051948051948
OWJgt6XNG65x38E48RwHpg,3,Yelp,en,0.48121374306894915,0.4291288814544629,0.3951638138836494,0.5176187742480853,0.7936507936507936,0.611111111111111
JNveFKa8bJ0bH4L90-jguQ,3,Yelp,en,0.4567729049272255,0.42766112435495585,0.34382545681951726,0.47837494341384607,0.5841001421474183,0.4547619047619047
9cCEoyWSYyge-Wma_D1Zyw,3,Yelp,en,0.45049316832251485,0.5097302168730741,0.36281124753896676,0.4317721208680175,0.7236426767676767,0.5666666666666667
fkthsI3-WciYwYC10P7LbQ,3,Yelp,en,0.444091067380717,0.43108810232563244,0.3483504329966162,0.4618487545248212,0.6973126873126874,0.5123809523809524
IqB5v7OHGBCGPo4HnxdM2g,3,Yelp,en,0.4531335391759492,0.4637482719300901,0.3544481786946075,0.44447206671222605,0.7036176323676324,0.6569047619047619
9kRk09N56ABvnc-GB24TbA,3,Yelp,en,0.41800480200347423,0.4608025194759889,0.3310136059291316,0.47940600357190655,0.7082448415781749,0.7523809523809523
aNt4Qyx58hUALNbCl-82Mw,3,Yelp,en,0.4316022748049102,0.4122273160405607,0.33113009040533575,0.4397902369612799,0.6272196176408134,0.5069444444444443
H_wD6cy271x4AAdu9aqD7A,2,Yelp,en,0.43121284670604804,0.5034840159840158,0.3129820502360632,0.46423645767747973,0.6345617346862468,0.6765873015873015
ToNp10c2bcNsiMqsThJBuw,3,Yelp,en,0.4402159799854072,0.43052336056573964,0.3238902852221899,0.45926038001209885,0.7212121212121212,0.4666666666666667
NU-mwO5qdj57SrNrLtOLAA,1,Yelp,en,0.5333330492099612,0.4670612720612721,0.30464766233185325,0.4738506233509951,0.6960230945525063,0.7254761904761905
4q52a2kxtScSW2yqHRXzyQ,1,Yelp,en,0.4434343182399066,0.45207852083067057,0.33711683814606136,0.45778763332928785,0.6408200158974152,0.47106227106227117
y9S9Ld6iZ-d_NkqXWD8kSw,3,Yelp,en,0.4235408335853154,0.5016831548081545,0.3456793246612845,0.4739329053797688,0.720464257964258,0.7791666666666666
aDueQBVdC_4sXPe0l4H4Eg,1,Yelp,en,0.5078350803942911,0.3917696682402565,0.3327272368813437,0.4410432071460533,0.6858154345654345,0.7321428571428573
HEdiR3QWDzRnYAYyCnMJfw,3,Yelp,en,0.47803723261382364,0.44575174724631245,0.3437769751297958,0.4484692286327982,0.7182077182077182,0.7738095238095238
ZU6gEKo6_w8H8K6DN7JiOw,1,Yelp,en,0.42509010458443197,0.38724896298535333,0.28799443868378755,0.4012636564183889,0.534838296109336,0.38637196137196145
CYXG7kq3GvSzU1hBqZ4_Mw,2,Yelp,en,0.45029292071709964,0.3906810014215476,0.3169568240003849,0.4625463086261532,0.6319391392920805,0.7028138528138529
JGYSVnV2lUzjpCSGTy1czQ,3,Yelp,en,0.48541384124473236,0.4315398984491929,0.3719975912132205,0.4356709771251743,0.745269016697588,0.7857142857142857
xANJTaEipAvjgjEgBa2blA,3,Yelp,en,0.44766094341780593,0.3898960264677948,0.3428480955103385,0.501963719124145,0.6200692018663033,0.49587301587301585
bdNn4ELGQ_6-YvrDvsVDJQ,3,Yelp,en,0.42141635599623384,0.40202386362398196,0.3126668202707939,0.5132622730358825,0.6828962214256332,0.6214285714285716
bA9_r16Gszyv0H-1sXuMNQ,2,Yelp,en,0.4697724901834888,0.4270988124494911,0.3468096669223962,0.41693623020718085,0.9199999999999999,0.9
MhsXAxenRnaydChfvPAoWQ,2,Yelp,en,0.40833792924790197,0.41898648736884025,0.3354302305875611,0.4682131120130696,0.6341088375229434,0.49580498866213146
ArM1Gn5iVQUGr-A1hamwIA,1,Yelp,en,0.4565569036110945,0.37090991019562447,0.34145156876457144,0.44386772584123085,0.6644466644466644,0.551948051948052
uTNmkPru3bGKlhJM6uHR0g,2,Yelp,en,0.4212597544648925,0.34051646882529213,0.34967494653285985,0.46117717659332613,0.722973322973323,0.7812169312169313
aIOUsGW1myfkRF_1fBQPcg,3,Yelp,en,0.4188744080280416,0.4065766996473285,0.3486377414417455,0.47753085583819743,0.5319655396380815,0.3654534765645877
j5IJ9eM1MbLBCt8vrVnIeg,1,Yelp,en,0.4481134154041288,0.41160433420495307,0.33837682374447425,0.43750113541624575,0.6580270513513548,0.5964285714285714
vynicM39XKxKAvBiDf4vqA,3,Yelp,en,0.41788530559716885,0.5072023130533768,0.34350026312415716,0.4579645276889994,0.8065476190476191,0.8222222222222223
TBWIAvCR6D-vMiOmRkB52g,2,Yelp,en,0.4551603870456514,0.3609022401209901,0.35156080932313205,0.43708810386330954,0.7619047619047619,0.6952380952380953
soB8SclTnaLwaESknQjBcQ,3,Yelp,en,0.4917446283167637,0.36873143196672614,0.32522735741171566,0.48031385404390387,1.0,1.0
D-hewovQk2pXkag-t3VGvg,3,Yelp,en,0.4443037980993415,0.4140574022926964,0.35247095059063505,0.4655498320719762,0.634351355558786,0.5228937728937728
TGDuIB_K2wyjoOyRChqsZg,1,Yelp,en,0.45189288403021854,0.4092900019370606,0.34548575658167213,0.4410199458180128,0.8065476190476191,0.8222222222222223
4jVV5lKCScT_of4LEtK21A,1,Yelp,en,0.44478911328773457,0.38882347614545754,0.3671107787680943,0.4101914747984783,0.6387405164494948,0.5617216117216117
xd4ZW9UBlrRLunIhOINwYg,3,Yelp,en,0.4208987647730603,0.48863761453544735,0.3261057123200136,0.47373011075370886,0.6425809828909169,0.6246693121693122
QMwTYoIJ6TgpEHupO0pM1Q,3,Yelp,en,0.43556028253767676,0.48437870709460173,0.34340875877781263,0.4684070097637337,0.6689701962358872,0.6864357864357864
QXIVATI06wWXbnQS_WLxyA,3,Yelp,en,0.4365492908421854,0.489364055031901,0.35016911721221616,0.4635072718797485,0.671886936592819,0.6201298701298702
0a6aGpJ3YNVoPaDS0lX50w,2,Yelp,en,0.47164419425718684,0.46254789146946007,0.3496587379494058,0.4403723628540057,0.7386047979797981,0.7261904761904762
jC_kwt4LSK8t11KhnF_lMQ,3,Yelp,en,0.40304069207792215,0.40482217783389324,0.3469014229369247,0.47655588919596564,0.6434921935425368,0.6345584045584046
dxuDpPRIu53ZeaXblJ6cwQ,1,Yelp,en,0.4434974414323135,0.4425390337014183,0.37325297494992676,0.4271765301479741,0.7113736263736264,0.6437301587301588
o6XGjtKNLWoTObhkzhPUVw,2,Yelp,en,0.48471463393064235,0.3857369580773835,0.4054005347330433,0.4608438133250096,0.7330808080808081,0.6845238095238095
3pnqa4hNl7KG29LI1Gwc-w,3,Yelp,en,0.4190771848774632,0.3589024575435593,0.3426196453092695,0.4417087775173267,0.6205361877779334,0.6298855905998764
XmDJfgC9RfPXXdmZzB05yw,1,Yelp,en,0.4388425985048675,0.4046733181348567,0.33369622467024046,0.46031673264838885,0.7710884353741496,0.8095238095238094
t8vL1VLUBMfjX0LJoZOyaw,3,Yelp,en,0.4812707199718716,0.470957110914541,0.4003742203596433,0.5167073805846785,0.7369002525252526,0.7958333333333333
aOo7ctYjecAXxgZwbDyFHA,3,Yelp,en,0.4603852531717783,0.3984718417372833,0.35544040356848516,0.4657499273924346,0.6005748384965026,0.5783234126984126
rSpNleJcbAi0Hm9vn6OKoQ,2,Yelp,en,0.3995308994904399,0.4241944034511103,0.36862940007343337,0.4422501946780075,0.6228404971192647,0.565249433106576
1HUg0BUTCs-6jPh9ZrnunA,2,Yelp,en,0.40698494261222506,0.4115735609419818,0.35403816158614726,0.45866246112022513,0.6393323795089078,0.5304576376004947
xRViHttQtRIcR6oU7WuAmw,1,Yelp,en,0.4853597532072838,0.42241688125218885,0.34821623667250556,0.4706352638865809,0.646250120708325,0.606926406926407
R6RPS-BFWa--NNE_UVXOLQ,1,Yelp,en,0.43345728408339834,0.45968519414220754,0.35782608658631676,0.49012406995187,0.6262756783755573,0.5804029304029303
hvqoNcsY6WmYnc7pbnv27g,3,Yelp,en,0.5384216622211724,0.628737308719193,0.36597422095746046,0.4428673595372289,0.6132232509268449,0.5827838827838827
kT2mZkwOrIgDHh2xZ3VsiA,3,Yelp,en,0.4928935546431921,0.46071807101218865,0.3488263578308315,0.4435731840378095,0.9199999999999999,0.9
zvtKrni0qWA4lpo2pPZQoQ,3,Yelp,en,0.43899280114079425,0.44509044196544195,0.33678740471913216,0.4820698160128832,0.6357542578568288,0.6056166056166057
E4SYDWrxfQdTY8Bm6Xev3A,3,Yelp,en,0.4703809995713058,0.39855284064855967,0.3400541125788044,0.421186622327081,0.7369002525252526,0.7916666666666666
fWRq4atj_9PzT59NAi6FAg,3,Yelp,en,0.441707693227821,0.44400596886225147,0.3418362902976226,0.4344681701718947,0.7254103535353535,0.6333333333333333
sQLEHKCcFSCGjM8RnUSYWQ,3,Yelp,en,0.390214762068823,0.40648833924695965,0.3209355427226241,0.43580325267749337,0.7205905205905205,0.773809523809524
7t2-Vy8_jyl8KDch_CfWPw,1,Yelp,en,0.4325460978044841,0.4385906870906871,0.35323135327311284,0.4614595615485828,0.6533812062836831,0.5630952380952381
ezzef7-SsEcE67PO7AKZyA,3,Yelp,en,0.442640612185465,0.41142104723308176,0.3426205883608562,0.4833525668622011,0.5925348086753911,0.3818860877684407
f_RFHWDkEuRv0LF5G4geBQ,3,Yelp,en,0.4499632865264448,0.4125594734096908,0.34422612553065673,0.47678511770349696,0.6375684923092045,0.5674603174603176
L1X15RqQ-O7uk86pV_i9tw,2,Yelp,en,0.3875775795310565,0.5256839789866012,0.36554671408661144,0.4235449607783399,0.6463995637608402,0.684015984015984
2zPYto1F2yakvxKXUkec7Q,1,Yelp,en,0.43612048674331605,0.46883395766745717,0.3583493549639091,0.4813661515581395,0.69989010989011,0.5997619047619047
y3DVv89Eyck37LqiRyctqQ,1,Yelp,en,0.5058036836664698,0.48666503249836585,0.38913013230866816,0.48420848968794944,0.7355113636363636,0.7095238095238096
qVJGyUl30PzYCi3j6B-bGg,2,Yelp,en,0.4612739140531778,0.44266998433665095,0.3646610743066305,0.4272406663637574,0.6254668115171548,0.4600000000000001
nLau0UGu2NtlLcxdghXu-w,3,Yelp,en,0.43453654408885933,0.45081518643031504,0.35086912233627165,0.44356728780296745,0.6541194182351303,0.6158730158730159
Rfus62HNLZL4fSjXiOTHIQ,3,Yelp,en,0.44141793888799136,0.48009892340774685,0.35833717022487543,0.42967342159157973,0.7761904761904761,0.819047619047619
w0oYj8ielbSi7PTYiBTbWg,1,Yelp,en,0.45650666946576407,0.3754576170007305,0.35965534870497884,0.44313472330312426,0.6480136088398473,0.5685185185185185
1iUqfOAD12aDPnLEpbhcVQ,3,Yelp,en,0.41850119870787605,0.40820932478827193,0.360939216136915,0.46881003117026737,0.6575649704326174,0.3329365079365079
lJo0aIhOK5hpfrOXEQYuIw,1,Yelp,en,0.4381568874479494,0.4503933471769727,0.3397649067545522,0.4731286992203727,0.685673076923077,0.7797619047619048
4NLDsQwzLxhmnAvMLAWkqA,1,Yelp,en,0.4317989194638928,0.3298535635859997,0.3537580893616156,0.42299195314950017,0.631002545772487,0.5011904761904763
oib1NTidN5sqvZzfzpVXCA,2,Yelp,en,0.4137107635170527,0.423665078169722,0.3458203566300801,0.478374021032869,0.6039227755939712,0.5379464285714286
NMsiCISrAOXgRevu9q5axA,2,Yelp,en,0.4578910571476831,0.3758276743312648,0.352933385148255,0.4854626974253556,0.8015873015873017,0.7111111111111109
bAb5uA2R9OsKHKqNDCc9fQ,2,Yelp,en,0.44126121241709115,0.4210208407576829,0.34180414298540424,0.47537375628147616,0.7139428472761806,0.5957671957671957
JvvF9NbTPvRIH3-e3NnKhw,3,Yelp,en,0.5348606440174625,0.5971366293311269,0.33925398672255314,0.4344946842901936,0.6325498114092041,0.5731962481962481
k7kAp1vlvUao4VgW2hbKig,2,Yelp,en,0.4464392845907848,0.4490255931432401,0.35236290916495944,0.438201907838384,0.7710884353741496,0.8095238095238094
CP58zT6wkneJz8zawVzJOg,2,Yelp,en,0.4609411824147079,0.4588179794062147,0.36094723311155863,0.41947455908672826,0.7121527777777777,0.5791666666666666
S9nhpBv-58NLQMq0TaHVGQ,1,Yelp,en,0.41551934536829893,0.39753299995321884,0.3697607551887727,0.45487228912991823,0.6139437338411508,0.5768298059964727
N4V6JpV3xyNWt0paJOaKWA,1,Yelp,en,0.42357239735556024,0.4844628825583502,0.34238439326109626,0.49849542719400797,0.6095704659379446,0.6966666666666668
o876gh1ZyCT03flIyhoe1g,3,Yelp,en,0.4564298277931147,0.39745835012636777,0.34380027612337205,0.45173996256538973,0.7205041871708538,0.7164021164021164
vQk_rTs0XrmtCYKnjqO9Ww,3,Yelp,en,0.487551971103349,0.3971772326947532,0.35527617404662404,0.4582882430970861,0.7047802197802198,0.5777777777777777
6ztx67OQqAMsqI89j7CItg,3,Yelp,en,0.4423000133904689,0.4359629498648026,0.347557077295138,0.4792202104144987,0.624019628284601,0.6764957264957265
S-8j5u372B_1cJsCFeimhg,2,Yelp,en,0.421854114096889,0.326226230876966,0.332849919434379,0.46281584165377077,0.8015873015873015,0.7111111111111111
8Z85svkiIJMsK8TtHRTXyQ,1,Yelp,en,0.4382345835249257,0.43379200671189816,0.35181384562967394,0.4667409992587988,0.651140105164873,0.48511904761904767
JWylO2qk8JJyHAQlZvcEXA,3,Yelp,en,0.4403590424842597,0.44864594557016146,0.34950752671457674,0.4542479759286358,0.6383714596949892,0.5583333333333333
eADa-sb7Ff3jYKBMdPrQbw,3,Yelp,en,0.4382202107929551,0.4157131515827166,0.34247537937209926,0.46996233161124285,0.6508003448792922,0.6713624338624339
MS81qBjAk_xwy8vbM_QZlQ,1,Yelp,en,0.45253114919550386,0.3501865242498604,0.3590235761483356,0.4432161337690431,0.6418920604679119,0.3597069597069597
WLr3jiV0TCB7PeP7FOo-9g,3,Yelp,en,0.4069317333469028,0.3719255073648574,0.33600749282700065,0.4698386167101371,0.6441645662909524,0.6032634032634033
sIRELR8i356LkxQAxSTrDA,3,Yelp,en,0.487515600018988,0.40427784446219567,0.3400055574847581,0.4724232124341356,0.9199999999999999,0.9
GAuV0pp5V46QPkaIusKEag,1,Yelp,en,0.42036866105667786,0.469744313994173,0.34550046927417977,0.4594415338478743,0.605669675724492,0.5719742063492065
M1Et0ykaG2t2h7tqkjupmw,3,Yelp,en,0.4134144253598111,0.3619918630561043,0.34842623823339725,0.4516024549016724,0.6648922972452384,0.4805194805194805
ybLpIvBoic-3Y5NAgkkk1g,1,Yelp,en,0.4332069154659872,0.401121101121101,0.33413344469336903,0.4731774605930858,0.6365704986448021,0.5631868131868132
G58xUjSz-jDAFnuXx51zhQ,3,Yelp,en,0.3958229730195043,0.437812499580165,0.3339239232218563,0.43965230077863987,0.6077710645176913,0.5124007936507937
cHHF2h1lwbt_UUZUKHSL2w,1,Yelp,en,0.4554422735708435,0.37320969763196643,0.331840379543116,0.44280187144967964,0.6918543956043957,0.6266666666666667
GTFspSqw1udvJnmuyIjOjQ,2,Yelp,en,0.4111784300405201,0.4427855634457444,0.35076391685499164,0.4544087720612082,0.6247613120575076,0.4486607142857143
CBMz2dmemUTOW3ydUSvVIA,3,Yelp,en,0.4619069173190778,0.35675252423663695,0.34511128386421736,0.4420179800593348,0.7195545195545194,0.6478835978835978
JvGN96TQbXMOUOow-3IRKA,3,Yelp,en,0.4554777146247578,0.4126911304518578,0.3584903966119573,0.423289855147694,0.704835164835165,0.6695238095238095
LXNs38cSaDH6yViPaUNTcw,3,Yelp,en,0.42162754852379775,0.36794692498249826,0.3606670290255511,0.4156100844155055,0.6972181494975612,0.6857142857142857
Rjd4R7zjvD5Gn7DNzu45nA,3,Yelp,en,0.4237956408719899,0.4746446307805333,0.3468863101908555,0.4555904830334285,0.814484126984127,0.8388888888888889
kVSSD1eaBLqlk74A7Dplug,3,Yelp,en,0.43156651231128296,0.4089372044120941,0.3488816818886741,0.4322514382456407,0.6396851152915227,0.6641156462585034
lrJKB8aPgvrhK8wX4PovCQ,3,Yelp,en,0.4969260282312027,0.5772053872053872,0.35553135062861,0.4383710984569225,0.9199999999999999,0.9
e_TYMWrROg1AOT-3-Nxf5w,3,Yelp,en,0.4422630217622138,0.42103652871524017,0.35767276095239675,0.4740404441334591,0.6610489184018595,0.5324675324675325
XnCI2Zs0w5kE0GWOhUu05w,3,Yelp,en,0.4229769750513325,0.37917897927068067,0.35498939803753216,0.4419889918929201,0.5675014533138347,0.4831601731601733
rVQx1FVVwLvHU18o0fq15g,3,Yelp,en,0.41603739028390785,0.36648023974649335,0.3667542395979062,0.4317960518097792,0.7254103535353535,0.6625
jKTtLQMBzsWALBzWF33fvw,2,Yelp,en,0.4622939103518965,0.4760347217794025,0.3421243445137985,0.43633495669582895,0.9199999999999999,0.9
Zve-DlTV3UpGdQ_4FWPMtg,1,Yelp,en,0.43662890866314463,0.41722148153499267,0.34511320873998963,0.4350038847364107,0.6559301014602873,0.5266534391534392
57bsWwf0dG-W57uezfEVOA,2,Yelp,en,0.4038816403717999,0.4301795398367171,0.3534242010163645,0.4639501354446146,0.6023897095847701,0.548313492063492
p2kh6jjsH3HrfVBHy90Q_Q,2,Yelp,en,0.4122815218598638,0.418760149412531,0.29406059877150226,0.3907329425491495,0.5778529689437233,0.5311051693404634
p_jygu_jw5MeZhzUt9UrBw,3,Yelp,en,0.4360381954882594,0.46407198243932923,0.38361075185191823,0.4676266558065307,0.9199999999999999,0.9
7XO8kxi26vOCQZZt40k7Hw,2,Yelp,en,0.3771604939675915,0.4337860273541388,0.2755665588805162,0.41965187130022513,0.49955331732125774,0.4438919503435634
tJBUFx4ZbhyTDu3moFLcPg,3,Yelp,en,0.5471655747061983,0.6062077214981026,0.35157433326818616,0.4594083462970673,0.7710884353741496,0.8095238095238094
eqqmDzQ-c55OBsuaD27BjQ,2,Yelp,en,0.4879650877545925,0.4521998730476238,0.3609525869143437,0.45579800393477704,0.7254103535353535,0.5291666666666667
fnoYJFBqSoklrwd3k9MMuQ,1,Yelp,en,0.41445787787073357,0.3487602074972316,0.35532068369253816,0.4565208010068639,0.6046276236033558,0.6359410430839001
0cL1uDSpX1dbXRt8wx9XrA,1,Yelp,en,0.44851128058945267,0.3998158008778923,0.3548234329921186,0.4419444165373496,0.7428030303030304,0.8053571428571429
AAtpWFSYmAG1oFBs9ZpyhA,1,Yelp,en,0.45015853681502516,0.44266040082366614,0.3342696689980449,0.48053214261591093,0.7139060939060939,0.711111111111111
P7-XZoyBUvKetuDZIav4Rw,3,Yelp,en,0.41311941023141036,0.41896130172263274,0.341750216104466,0.4568871051531798,0.5699428881802092,0.5351262626262626
v-ZeZMBoQheMTdRqnVa8Vg,1,Yelp,en,0.46868403505945744,0.4727622389545052,0.3419933201974086,0.43926205577413474,0.6489481622608557,0.4084249084249084
cyeWdlS5-4TF7CGj7eZhXw,3,Yelp,en,0.4739704149453103,0.4241957906592052,0.3533735022962964,0.4716404231741957,0.7330808080808081,0.7511904761904762
k8pXzttLGKzzH1Xg1jWPBQ,3,Yelp,en,0.4509691813356506,0.5074546071872273,0.3293142331345897,0.4599394617495491,0.7121471121471122,0.5740740740740741
ChUKi2jqMTZRpI1iU-qCTg,3,Yelp,en,0.4605472194100782,0.5085708735708733,0.3365450396762425,0.46379168671860743,0.7149788483121815,0.5619047619047619
SjYLHcYtMofMxdQ1sGVEqw,2,Yelp,en,0.4542262283647902,0.3747971495301952,0.35180024176535013,0.43293946231957675,0.6309949013610342,0.675152625152625
V8lOFOzew5pn6eIyTO8feA,3,Yelp,en,0.4258039401017531,0.5924703640269147,0.38681475900479456,0.4878142338868341,0.7344065656565657,0.7761904761904762
_tABay4Rq4CP3A8FYX2ppA,3,Yelp,en,0.40869389946198187,0.47773203022467714,0.35830047349726923,0.48045192099058015,0.6180362418179948,0.6015873015873016
zuqNCCGcMq_xkVmyUR1SqA,3,Yelp,en,0.4575729669936298,0.3953749577522367,0.35173759519958525,0.38803997977219906,0.7181756515089848,0.68994708994709
7ERg6mZTlEtds3qvKqPOjg,3,Yelp,en,0.4829447168217236,0.4028019783833736,0.3231433707796179,0.502971653846838,0.7568027210884354,0.6238095238095237
h9Ry9C7exe-1LscR8uaeRw,3,Yelp,en,0.4874344288583597,0.44739786017359556,0.34223849316986504,0.42442930977209187,0.7313131313131314,0.5803571428571428
X_wUMS1gXI7HT797HIBYbg,1,Yelp,en,0.41491976797680163,0.5005149231110768,0.3472274662870351,0.45697903895872055,,
HDwrzDKdWQ31AfgXGx3eJg,3,Yelp,en,0.4366496476177343,0.44192694080237305,0.35089615728420487,0.46819593155440015,0.6541840512428747,0.6647186147186147
OJh_FW7SinnOPT6HzMjtjQ,3,Yelp,en,0.44842555666055944,0.5617274922384964,0.3589552800086288,0.45655965182999064,0.711489898989899,0.6250000000000001
fXNmTMrIzX-9049MXTBxfQ,1,Yelp,en,0.46137200327796113,0.3607534189166841,0.41796228944189373,0.41991086490269575,,
YKjOxmLC_OXkz5aoBHqcbQ,3,Yelp,en,0.42218707111485054,0.40529164712838184,0.32319825823641524,0.46197454533659643,0.8065476190476191,0.8222222222222224
7WB0SHx0DQxH7-ep6PxjSQ,3,Yelp,en,0.47614550053364957,0.4137406103939283,0.3308107789627707,0.5018039951809001,0.6667763116890615,0.6369408369408369
4tfuYa07ympmlWwPPu5kVw,3,Yelp,en,0.37639789169227705,0.46972433478140213,0.34155635285437896,0.4502801215228516,0.6405302643692736,0.4897435897435897
6VnUhcWP-wLSfUkCeKV-IQ,3,Yelp,en,0.485976376918406,0.35964351305260406,0.3347128703955692,0.48050748327366993,0.7205905205905206,0.6552910052910054
DnILD4n2QBNnZFbG5MaeqA,2,Yelp,en,0.4298474395154455,0.40361748718126933,0.3650892820231868,0.4674529734291526,0.6532527929586753,0.5432900432900433
OhBo_zmbM1564L7AVXjfXg,1,Yelp,en,0.4755699030306403,0.3916149733059028,0.38311828409000126,0.4596196281691889,0.7676870748299319,0.7952380952380953
KAFCxLIUYf4mio5zaPswoQ,2,Yelp,en,0.4550952250766777,0.46045189692656524,0.3650032689516987,0.4589719050272843,0.6429015246449458,0.5460317460317461
CC2IzBGRHFLJszlvrq2fFQ,3,Yelp,en,0.4444924961295333,0.45675506267611515,0.33676394949291494,0.45398699716719226,0.708244841578175,0.7566137566137565
Jw4tuqNPzzVwverOaJitoA,3,Yelp,en,0.3986671378127272,0.3887402508332417,0.3005436782020405,0.49617288468609666,0.5929890388002025,0.46384479717813054
vGdm3bI6YjoDA8wjJO8STA,3,Yelp,en,0.45814200675382055,0.3511517839459015,0.35105021984896745,0.48380220120823664,0.69989010989011,0.5897619047619048
a7mzrqJYkIdnahDE9xGqBg,3,Yelp,en,0.44910860014823545,0.363527614594977,0.3445529622455974,0.4490690108299884,0.667763070028761,0.6513708513708514
9x9GNkbsu6ci_9Kt9XTlVw,1,Yelp,en,0.48685878804423427,0.4237866118267249,0.367664036656128,0.4122669157504749,0.7121527777777779,0.5041666666666667
7Ub0pfWZLh3Z4mkeTcl3zQ,2,Yelp,en,0.4340002829660844,0.39479740511314887,0.35655802017115,0.449969747769384,0.65980437690964,0.6015151515151516
RrdlcNJf_FjFnTjlKAiSEQ,1,Yelp,en,0.46906610255459025,0.41045387201337963,0.34314625797283,0.4778154934780783,0.624860770880712,0.46700680272108847
lp8ImFz2tAsygNnSpGt0Eg,3,Yelp,en,0.3910643925022972,0.4594890870634576,0.33205069972207285,0.447954378008421,0.622511021979322,0.5459706959706959
v5BMd2Oyo5uCxoUju4EEvA,3,Yelp,en,0.43656089166126066,0.41733965622854496,0.32113544436491964,0.4639525253285635,0.6896203796203797,0.7311904761904762
qSE4kyxaoI4vjIZttq_A_g,1,Yelp,en,0.4546710941874809,0.503613079241809,0.34167020963381645,0.4771665815837371,0.5758158773925652,0.5535480859010271
d3Gjd5og4dN0IU6Gz8I57g,2,Yelp,en,0.4953730372656193,0.4079037513114148,0.3320828589367815,0.46810527573139493,0.7212121212121212,0.5125
KACs7kHiY-M8m3XdhBPdag,1,Yelp,en,0.469550552396888,0.444558571634696,0.34404282232604105,0.4169951849216693,0.7254103535353535,0.5583333333333333
FX7CVwyateSha9WGVLoIbQ,3,Yelp,en,0.44828332075618477,0.4202029698318975,0.34671309149595764,0.43710907085072104,0.62715107435388,0.5514739229024943
oG7p44_fNq5IlNAGBvDONg,3,Yelp,en,0.44254600858392346,0.4432910065940252,0.32307531337636614,0.4735870407296271,0.6968472703766821,0.6969047619047619
L-MJsDZQie055_Xaaty5AQ,1,Yelp,en,0.4933596501534831,0.3946772379553431,0.33958239128414364,0.446328479946922,0.7676870748299319,0.7095238095238096
aq4O50wlRaeM8qVFTDEl9Q,3,Yelp,en,0.4339718549744431,0.3728711412282989,0.3597323065007871,0.4144277040844756,0.7653061224489796,0.6476190476190476
EBSjgkn2kLcBTLRvz49ZIg,3,Yelp,en,0.4366828994046563,0.4966317046835507,0.3650908616718138,0.44192583962417276,0.7181213847880515,0.6814814814814816
O2m_QFY93uuizYhR6KKcrA,2,Yelp,en,0.4498043712913578,0.36746967629320554,0.35848871303114915,0.42664942897203706,0.6942182817182818,0.6157142857142858
U-EVjHoVSmiHG4MAbbI1NQ,3,Yelp,en,0.42040708295231777,0.43846946517534746,0.3351431504882957,0.4960206179066541,0.7170853837520503,0.5851851851851851
3h9gANlcrg7A5xPqKfsrew,2,Yelp,en,0.45280434897386895,0.39120629840968796,0.3517864718219032,0.44817050352634275,0.7024225774225775,0.5638095238095238
xffyezrD2ourGc_86Ii9iQ,3,Yelp,en,0.4936020015784635,0.4154467728569224,0.369446727412841,0.5013062494332716,0.7653061224489796,0.7333333333333334
gUp7M9FmaEmqpQy8i9_TsA,1,Yelp,en,0.49290748687050384,0.39853713537924074,0.3417972671350907,0.4649627451800952,0.7236467236467237,0.7142857142857143
MSanumDUhhD2aIINsUWLsA,1,Yelp,en,0.4532333299290408,0.4191056924076689,0.36126388006673743,0.4777335187382403,0.6442350219440004,0.4955433455433455
BX1HjtFVQWkty72h6Hy4sw,3,Yelp,en,0.4323490545768949,0.43884448884448857,0.3199577001122444,0.4624374824376542,0.695581918081918,0.6838095238095238
IE0zDAn4OB3fCOMk2Ethew,1,Yelp,en,0.47576813745555774,0.4404924122926515,0.3445240432735109,0.4665790584644781,0.7296085858585859,0.6041666666666666
-GnFJoSG0fJ653e-zigzsQ,3,Yelp,en,0.49003954466748817,0.39535171152818216,0.402271447703286,0.4649976617844409,0.8065476190476191,0.8222222222222224
55o0OAZXj1X7NIVHLCNSBg,3,Yelp,en,0.4845888326768274,0.396077432053042,0.359933585862933,0.44520460094505504,0.7936507936507936,0.611111111111111
7b0gR7o_dhNy6LQCe74trQ,3,Yelp,en,0.4750479947071265,0.42695818920308715,0.34601456364966,0.4486111961825775,0.8015873015873017,0.7111111111111109
nuMWRNljvIhGOPccv9Gitg,3,Yelp,en,0.42011123271697487,0.3679679298074549,0.3672445980671797,0.4496783395720505,0.5417533365629146,0.4337765409193981
xVCJsREopxuXDdultnu7XA,3,Yelp,en,0.4054009759796125,0.46425612168404323,0.3483732377898034,0.46590725497557234,0.6671128668516438,0.764814814814815
M5jkeYiLzHbCLDYCvoy7xg,3,Yelp,en,0.43206883564986365,0.45711081560227657,0.35457323991011835,0.4135125669520038,0.7194681861348529,0.683068783068783
nV1rAk-Ncwj_l-RKOl7D7A,3,Yelp,en,0.4057153043788408,0.42893978643600056,0.3677409209632767,0.44751598574842116,0.5568505368040721,0.499895054440509
5eVbyRfm8rDSvVny5ZY8dQ,3,Yelp,en,0.4295233491867258,0.40145840558714246,0.3345218880803502,0.4543947366677234,0.6473378015173681,0.5318681318681319
YicRoGcuKuEDLqqkkPv1rw,3,Yelp,en,0.47122301755893514,0.4600677100677101,0.33257691479689006,0.4475870697389409,0.7568027210884354,0.6238095238095239
tR5MZyoQILgJh0Io82F5dg,3,Yelp,en,0.41050599012924577,0.3714504568693845,0.29843637888861474,0.3928373095085051,0.5609206416389222,0.4656578870864585
RRmtPzkAeUFk8jfrS5WeSQ,2,Yelp,en,0.45086583587625345,0.3686336753379358,0.3663312434134453,0.46417427768473857,0.6555827438418531,0.5254079254079254
d_FWMJe-5VX_NCyKP0b_zQ,1,Yelp,en,0.4491861545146033,0.41619928803037864,0.34876817935905136,0.4448258153602556,0.738604797979798,0.7261904761904762
w1GN9VTRbBma9Jv6OqVYrQ,2,Yelp,en,0.43212876007621365,0.45480411242854674,0.34389168513464496,0.43186395968154584,0.6305895406494891,0.4715986394557824
rYeVDzI1no1ApBREAcnoZw,2,Yelp,en,0.46720351942738014,0.5284846732215153,0.3997920621320647,0.4796498074755002,0.7602040816326531,0.5904761904761905
uOhw4tq3jMeYLfqdem8jUg,3,Yelp,en,0.4170698440951535,0.49122464690816103,0.35260311979390435,0.4564993072527949,0.6026614103330351,0.6448979591836733
-cEUjzflfpn49gHpKYXwpw,1,Yelp,en,0.42787120731153033,0.5085233542452792,0.34171024232103997,0.44755220183344246,0.7181213847880514,0.6428571428571428
r0TmZhy_-ElBysolYKA14A,3,Yelp,en,0.48503927772622907,0.35489460034914583,0.4173205580106852,0.4879830917649686,0.7568027210884353,0.6571428571428571
xzcakFjHGeDk-AEITikDvA,2,Yelp,en,0.44158954687517976,0.5010637481999707,0.32551076095000586,0.4718974126108467,0.6589801862458772,0.6045454545454546
iNLA_NmCM5cW9Ywiz8040g,2,Yelp,en,0.4260272494179556,0.4147063123327903,0.35636389782673156,0.4173379938323121,0.6696442298046577,0.6880952380952382
nen-zDUorGGXCb28NmEo6g,2,Yelp,en,0.4699117625418303,0.4800433032575889,0.3403262706555607,0.4830516805348954,0.7351325757575757,0.7916666666666666
9piCcvnKWRtHeJ27BOQeJw,1,Yelp,en,0.5779342428564316,0.5458138852567005,0.38705289866518505,0.48079608668366125,0.814484126984127,0.8388888888888889
kERJIKglAhVmOxejEYJw6A,2,Yelp,en,0.4386557620764767,0.4400153799192259,0.35723300353209325,0.4290595370564964,0.7653061224489796,0.7095238095238094
eHlsOGuMGlzpsFnj5pUIZw,3,Yelp,en,0.4308153275671392,0.45558958801391913,0.34189673348781646,0.4553390515636187,0.7122013788680455,0.792063492063492
iZPl5XxZv9W4WGK7-Ys_HA,3,Yelp,en,0.38184569638662214,0.4612102051149657,0.3484978735416503,0.4566764709549416,0.6167451395622352,0.5791666666666667
9ISZhCjisjmIpINkfVDkHg,1,Yelp,en,0.43488036896758503,0.42448709912412264,0.3551599673423257,0.44439115132500473,0.6907604895104894,0.5223809523809523
-grSvaH5qWD3yn4NiLT3tg,1,Yelp,en,0.5114946562479543,0.42095759179092523,0.40111350795796047,0.47758962604235117,0.9199999999999999,0.9
RF7zy-XMzDsUaCa5zq33Vg,3,Yelp,en,0.48813196765472355,0.3306474237289746,0.3632790004650089,0.4255165177045916,0.8065476190476191,0.8222222222222223
KiLwmdDe_PDPdov8coneBA,1,Yelp,en,0.4819490928640018,0.41773994327185804,0.35373335316938,0.45648550596068815,0.7205905205905206,0.6626984126984128
asaA3l3YlSVKm84QD-xvNQ,3,Yelp,en,0.5007247882411464,0.40854322828276257,0.32456477243930515,0.4811135232716587,0.7344065656565657,0.7761904761904762
