Index,coherence,source,lang,BERT_NSP_PPL,Word_PPL
C05760125_1,3,Clinton,en,1.3990233,5.043146451951064
C05768263_2,3,Clinton,en,4.3732367,4.024296520159562
C05771873_1,3,Clinton,en,1.0000025,2.8831710615318342
C05768528_2,3,Clinton,en,2.9110527,5.861829762843057
C05775052_1,2,Clinton,en,1.5647131,8.800797593210111
C05791984_2,1,Clinton,en,2.028362,7.860998694725436
C05793399_3,3,Clinton,en,1.0000907,3.672777417563822
C05784310_25,2,Clinton,en,1.0001767,7.0626320018534425
C05789373_3,3,Clinton,en,1.0000091,4.165448722445045
C05785437_0,3,Clinton,en,1.0004661,10.160662325824045
C05788787_2,2,Clinton,en,1.0000159,5.893531328644913
C05797177_1,3,Clinton,en,2.1127374,7.070006494151306
C05796320_1,3,Clinton,en,1.0000021,3.548511257902988
C05779017_3,3,Clinton,en,1.000005,5.628993594638591
C05764791_1,3,Clinton,en,3.1922374,5.71356398612359
C05770789_0,2,Clinton,en,3.781977,11.470130984176691
C05761828_2,2,Clinton,en,1.0103098,5.966545781448364
C05788187_0,2,Clinton,en,3.2358277,7.272411880559244
C05765091_1,1,Clinton,en,1.0001173,8.039371397318147
C05760680_3,3,Clinton,en,1.7900176,7.691546926766931
C05770743_1,3,Clinton,en,3.319326,7.861601501205375
C05779683_0,1,Clinton,en,1.0001253,7.209224012884323
C05789969_1,2,Clinton,en,1.0029124,7.915367497757617
C05784992_0,3,Clinton,en,1.0000097,5.435892938783949
C05793859_1,1,Clinton,en,6.555733,8.364670108124878
C05759141_1,3,Clinton,en,1.0001372,6.993020975378978
C05792998_2,1,Clinton,en,39.483547,8.410328496281679
C05760084_1,1,Clinton,en,1.0000439,10.125847993790318
C05788797_0,3,Clinton,en,1.0016017,7.909830994462483
C05771323_0,2,Clinton,en,1.3094244,7.960370179558424
C05789795_2,3,Clinton,en,2.7351935,8.695766295946532
C05776954_2,1,Clinton,en,2.0013263,6.029225084788128
C05767779_0,1,Clinton,en,1.0000547,13.354380281180877
C05784022_0,1,Clinton,en,1.0009952,11.29675560948729
C05784284_1,3,Clinton,en,1.0001707,5.497470246526382
C05770474_2,3,Clinton,en,1.0000323,5.343254182728439
C05789258_0,3,Clinton,en,4.44126,5.230030510043107
C05760201_1,3,Clinton,en,1.0000198,7.684989583524591
C05793646_2,3,Clinton,en,3.1671333,5.701952467361063
C05794835_2,3,Clinton,en,1.0000023,5.802333635035501
C05770075_0,2,Clinton,en,4.5112567,8.977012767582242
C05790009_0,3,Clinton,en,3.7199373,7.870679063490927
C05775182_0,3,Clinton,en,1.0000871,9.863888202940228
C05769418_1,1,Clinton,en,5.0424495,10.533331671843307
C05796720_0,1,Clinton,en,2.1836357,6.4633087107334415
C05767369_0,2,Clinton,en,1.0028942,15.123613437151219
C05795876_6,3,Clinton,en,1.7624607,4.417389965624954
C05767443_2,3,Clinton,en,4.839461,7.806643386647093
C05791019_1,2,Clinton,en,1.0087173,8.590413942771947
C05760842_1,1,Clinton,en,1.7922734,7.408823970185976
C05770678_1,1,Clinton,en,1.4323866,6.13635847444744
C05775179_3,2,Clinton,en,1.0000671,8.502817254438414
C05770753_0,3,Clinton,en,1.0000029,5.742261698113343
C05774027_1,3,Clinton,en,1.0000024,2.9699202657109467
C05770352_1,2,Clinton,en,2.3353832,8.3429417540939
C05781933_0,1,Clinton,en,1.0000169,12.249226779139052
C05763057_2,3,Clinton,en,1.6028837,6.265916519732597
C05783571_2,3,Clinton,en,1.3802717,5.642889009311272
C05761833_1,3,Clinton,en,1.4497864,6.668217264970525
C05764999_1,3,Clinton,en,1.0015996,6.330514513313058
C05788390_11,3,Clinton,en,2.0074332,7.105446801258361
C05790689_0,1,Clinton,en,1.0039911,7.554242576273038
C05785387_0,1,Clinton,en,1.0002043,4.682860465438946
C05797133_1,1,Clinton,en,1.0000294,7.2950161541657845
C05787756_0,3,Clinton,en,1.0000021,4.055056412561128
C05783819_0,1,Clinton,en,1.0003532,7.402409793340186
C05760139_2,2,Clinton,en,1.000009,10.064103206965596
C05781934_0,3,Clinton,en,1.0003482,3.716273406057249
C05784295_3,3,Clinton,en,1.0001105,7.43129958169075
C05788807_1,3,Clinton,en,1.0002339,6.663744710439174
C05776686_1,3,Clinton,en,1.0000057,4.822151320213678
C05796247_5,3,Clinton,en,28.958704,5.3603006774205015
C05761178_6,3,Clinton,en,1.0001044,5.755639582512819
C05789623_3,3,Clinton,en,1.0019603,9.07232786197638
C05764349_1,3,Clinton,en,1.0000088,3.781528864787752
C05780692_5,2,Clinton,en,1.0002927,7.076612112555597
C05784441_1,1,Clinton,en,1.0000757,12.381863175604456
C05767319_0,3,Clinton,en,1.0000864,7.021016118542774
C05794182_4,1,Clinton,en,1.0007823,8.402527918095002
C05764705_1,3,Clinton,en,1.9223634,5.250343120299103
C05776180_1,1,Clinton,en,8.897995,9.87555518788899
C05798216_0,3,Clinton,en,1.500655,7.786811103310536
C05797121_2,2,Clinton,en,6.929333,10.270744548647677
C05792346_0,1,Clinton,en,1.7050592,6.888796346803804
C05760038_1,3,Clinton,en,1.0000976,6.4049203163475585
C05766571_1,2,Clinton,en,1.0002338,6.075725409797951
C05789560_0,1,Clinton,en,3.2418606,12.753779980398848
C05767774_1,3,Clinton,en,1.0000051,5.666707695112853
C05777530_0,3,Clinton,en,1.0000385,6.325111231499226
C05767313_0,2,Clinton,en,1.8614699,9.008871677605107
C05791749_3,1,Clinton,en,2.3768096,3.820062844838861
C05770408_0,3,Clinton,en,3.1317525,3.9365448165509394
C05788510_3,1,Clinton,en,1.0001216,8.172520158940893
C05767241_2,3,Clinton,en,3.0817063,5.8652503459432905
C05788450_0,3,Clinton,en,3.0454135,4.890988543248681
C05759784_1,1,Clinton,en,3.0751314,9.629038070033246
C05790249_0,1,Clinton,en,1.0000478,8.938575342155566
C05796657_3,2,Clinton,en,1.0642588,10.929899171729058
C05797449_1,3,Clinton,en,1.0011302,5.988919150170621
C05770532_1,2,Clinton,en,2.3008244,5.590211105792487
C05772647_0,3,Clinton,en,1.0000104,6.509178817007405
C05758506_1,3,Clinton,en,1.0000181,3.3854059544169615
C05763822_0,3,Clinton,en,3.990987,3.745233743272279
C05795062_2,3,Clinton,en,2.826888,7.43277957794342
C05797377_1,3,Clinton,en,1.0000057,5.8061925273716914
C05782458_1,3,Clinton,en,1.0025316,3.3883069263512358
C05785296_0,3,Clinton,en,1.6120932,6.42905649750501
C05789979_0,1,Clinton,en,6.000803,7.130789720356913
C05765689_1,3,Clinton,en,1.0000021,3.801038787893096
C05773031_1,3,Clinton,en,2.2772818,6.926911529479802
C05792398_1,3,Clinton,en,1.0001028,5.883201805293665
C05788498_3,3,Clinton,en,1.0000052,5.392338502570412
C05791344_1,3,Clinton,en,4.632147,5.53627078631352
C05758700_5,3,Clinton,en,1.0000587,4.609264115687856
C05791003_0,3,Clinton,en,1.0001429,5.953810072050441
C05770378_3,1,Clinton,en,1.0000747,7.930685610922491
C05778805_1,3,Clinton,en,11.419746,3.287011197283265
C05786233_2,3,Clinton,en,3.9212823,4.488761558830756
C05792818_4,3,Clinton,en,1.0000601,4.971436457471971
C05767739_3,1,Clinton,en,1.000078,13.069938319268404
C05762760_0,2,Clinton,en,1.0000789,6.471137434576524
C05788449_0,1,Clinton,en,7.022279,7.922474907473055
C05781120_3,3,Clinton,en,1.0006442,10.240273458670016
C05771336_0,2,Clinton,en,1.0000219,6.959055649891384
C05793682_0,2,Clinton,en,1.0009586,7.546435325646663
C05766570_0,2,Clinton,en,1.0000147,6.011015808500859
C05769679_0,3,Clinton,en,1.0000148,5.05892701198164
C05764412_1,3,Clinton,en,2.3651025,6.682443605010879
C05789144_2,2,Clinton,en,3.5572953,6.802874687143471
C05779677_0,1,Clinton,en,1.8843273,8.676875200752345
C05782462_2,2,Clinton,en,1.0000027,4.757946439081605
C05781812_0,3,Clinton,en,1.0000024,4.932014196179503
C05770727_0,1,Clinton,en,2.0509374,12.533019778810287
C05774897_1,1,Clinton,en,4.585298,14.463182502962088
C05783112_2,3,Clinton,en,1.0000042,3.470372285917696
C05783747_0,1,Clinton,en,14.233544,6.205216309331336
C05782128_22,3,Clinton,en,10.794564,5.491056295145899
C05769583_1,3,Clinton,en,1.0001419,7.706454818137165
C05760166_1,3,Clinton,en,1.0000123,6.873811487489539
C05775884_1,2,Clinton,en,1.000017,6.963298318698154
C05779382_1,3,Clinton,en,1.0000031,6.607955922194969
C05760232_2,1,Clinton,en,1.0000144,6.94311816541501
C05774083_1,3,Clinton,en,1.0072657,7.268723189904096
C05768316_0,3,Clinton,en,1.0000437,5.00262062593855
C05793350_1,3,Clinton,en,1.0001869,7.669062343155548
C05766391_0,1,Clinton,en,3.458742,15.480106200031855
C05795811_2,2,Clinton,en,1.0000337,5.539002494716703
C05771649_1,3,Clinton,en,1.0000256,5.769614020574613
C05790190_2,2,Clinton,en,1.7255591,5.342706737302497
C05770392_1,2,Clinton,en,2.633443,12.785529464979085
C05785898_1,3,Clinton,en,1.9912874,6.886664384763522
C05771447_5,1,Clinton,en,1.0004195,5.113512283017692
C05796945_2,3,Clinton,en,1.0000442,5.015699182183252
C05781666_8,3,Clinton,en,1.0000044,5.505765720052827
C05782213_1,2,Clinton,en,1.0005661,8.215484022501744
C05790101_2,3,Clinton,en,1.0000024,4.530692592896053
C05770511_1,3,Clinton,en,1.0000206,6.311465174607683
C05760552_1,3,Clinton,en,1.0000024,3.9489021799657964
C05772358_3,1,Clinton,en,1.0034643,11.940293700043755
C05767719_2,3,Clinton,en,1.0000088,5.5530474152746745
C05780709_1,3,Clinton,en,2.7387743,5.55634015226693
C05762714_2,3,Clinton,en,1.0001149,6.796170792185303
C05770453_3,1,Clinton,en,6.552543,5.965683070742875
C05780014_1,1,Clinton,en,1.0000981,12.122614081173298
C05789052_1,1,Clinton,en,3.0940304,5.939247175946261
C05769840_1,2,Clinton,en,2.76288,13.268487963054229
C05762853_16,1,Clinton,en,1.0000118,9.49251523362076
C05769437_4,2,Clinton,en,1.0000268,6.5619048116954435
C05767724_1,1,Clinton,en,1.0000058,9.370754087073093
C05761154_3,3,Clinton,en,1.0002264,7.5868700623627054
C05758911_2,1,Clinton,en,1.000003,5.285612862892264
C05795082_1,3,Clinton,en,1.0000606,9.521919372291734
C05759525_2,3,Clinton,en,1.0000129,5.444541757377903
C05771846_3,3,Clinton,en,1.0000104,3.6841557827707296
C05789258_2,3,Clinton,en,1.0000312,5.12863827465635
C05790662_23,3,Clinton,en,2.4161847,3.7712960323026854
C05759138_5,2,Clinton,en,1.0022043,5.324455126235598
C05784458_0,3,Clinton,en,1.0000238,7.970323074449845
C05774496_2,1,Clinton,en,1.4341873,6.8778419200139815
C05739591_2,3,Clinton,en,1.2474452,4.3959120414771276
C05767591_0,3,Clinton,en,1.0000086,7.054190280183955
C05781651_1,3,Clinton,en,1.0003175,4.509126506259283
C05793151_1,3,Clinton,en,1.0000371,7.257099848401559
C05777311_8,3,Clinton,en,1.000002,6.951216742676852
C05774155_1,1,Clinton,en,1.0001307,9.554243610668811
C05796202_2,1,Clinton,en,2.3224723,4.6479043865483005
C05770294_0,1,Clinton,en,1.804043,6.568460118796116
C05780329_0,3,Clinton,en,1.000049,10.64156549618692
C05771216_1,2,Clinton,en,1.0005683,9.644581561107332
C05773734_3,2,Clinton,en,1.8708925,7.285916177398621
C05770612_0,2,Clinton,en,1.0001582,6.36383891521029
C05779003_0,1,Clinton,en,3.059114,10.999927512024929
C05772446_2,1,Clinton,en,4.917168,11.59242488644297
C05778486_4,2,Clinton,en,1.0000043,10.47643002623087
C05765915_0,3,Clinton,en,1.0000067,6.00341831151316
C05782457_0,3,Clinton,en,5.1178226,6.592643839438725
C05739879_1,3,Clinton,en,1.000003,5.383572427642583
C05765100_1,3,Clinton,en,14.435731,3.485654629272346
C05773055_1,3,Clinton,en,1.5301634,7.361046811194844
C05784364_6,3,Clinton,en,1.0001019,3.8005868561603826
C05796441_2,2,Clinton,en,1.0000162,6.519026776133167
C05786430_1,2,Clinton,en,1.6194038,8.361608788888322
C05780653_3,3,Clinton,en,1.0000285,5.788369865544597
C05782181_1,1,Clinton,en,2.8200238,7.633419174251795
C05785147_0,1,Clinton,en,1.0002252,11.918515170558543
C05759844_1,3,Clinton,en,7.184367,6.129048204844372
C05778292_0,1,Clinton,en,1.000206,7.874699258599909
C05772086_1,3,Clinton,en,1.0001312,5.603749626106186
C05780274_2,2,Clinton,en,2.5617316,7.206996457148849
C05767214_1,1,Clinton,en,4.070098,7.042880898504966
C05792587_2,3,Clinton,en,1.0000156,4.813916770635662
C05770509_1,3,Clinton,en,1.0000188,9.023782411289886
C05782720_1,1,Clinton,en,1.0013082,11.228782024312716
C05784562_2,1,Clinton,en,1.0000894,7.813228351369824
C05794274_1,3,Clinton,en,1.5119845,9.628434991222687
C05765915_4,1,Clinton,en,1.0001769,9.232932994534874
C05791312_1,1,Clinton,en,1.132997,7.221255169465429
C05774098_0,2,Clinton,en,1.0003353,8.119136521563485
C05758867_1,3,Clinton,en,1.0000682,5.188091226399585
C05771363_2,2,Clinton,en,1.7041101,7.802699198306205
C05789977_1,1,Clinton,en,1.0001206,6.826632989568549
C05771313_1,3,Clinton,en,1.0000134,5.30464909186327
C05783604_1,3,Clinton,en,14.734509,9.81196166513731
C05791747_2,1,Clinton,en,1.001304,8.143760227539053
C05778848_1,2,Clinton,en,7.042087,6.431751462055899
C05781420_2,3,Clinton,en,1.000006,5.639273781140021
C05784402_0,3,Clinton,en,2.5496764,6.865328830072697
C05772332_2,2,Clinton,en,3.4326022,6.759533458899317
C05788405_0,2,Clinton,en,1.0000827,7.433071927411578
C05793471_0,2,Clinton,en,1.0078521,5.880048661763371
C05767891_0,3,Clinton,en,1.0001582,4.021991445683286
C05767877_1,3,Clinton,en,1.0001454,6.0519945101391
C05764521_2,2,Clinton,en,1.0000024,5.859134431890213
C05769049_2,3,Clinton,en,1.0001127,6.800177052397872
C05767224_0,1,Clinton,en,9.143925,7.031223616808736
C05786605_1,2,Clinton,en,1.0000038,7.499338348769106
C05771747_0,3,Clinton,en,1.9387243,4.895783997080081
C05781516_2,1,Clinton,en,1.0000688,7.006855189060589
C05785131_1,3,Clinton,en,1.0000117,4.985928769733516
C05793223_0,2,Clinton,en,1.0001415,6.836638100633271
C05793188_1,1,Clinton,en,1.0000603,6.6677280020142815
C05771391_1,1,Clinton,en,1.0003564,10.516576563661607
C05793835_6,3,Clinton,en,1.000002,4.616474889322495
C05760594_1,3,Clinton,en,1.0002496,5.904110226564057
C05777917_0,2,Clinton,en,1.8975015,8.11371627247106
C05760249_1,1,Clinton,en,1.0000046,4.809916847673995
C05739576_1,3,Clinton,en,1.0000215,7.378676443545533
C05774150_1,3,Clinton,en,1.0000076,9.673033921589692
C05762765_1,3,Clinton,en,1.0000024,5.48716200510986
C05786716_0,3,Clinton,en,3.6635299,7.986714951557839
C05767426_3,3,Clinton,en,1.000077,6.21634029995891
C05768939_1,3,Clinton,en,1.0000021,4.410274414330126
C05778563_1,1,Clinton,en,1.0000021,7.263675001675521
C05772726_2,3,Clinton,en,1.0000149,6.003011556133322
C05771269_0,3,Clinton,en,1.0014286,4.1576965417027765
C05773297_0,3,Clinton,en,1.0000695,8.097316646248558
C05762562_2,3,Clinton,en,3.558616,7.307866761681796
C05784778_2,3,Clinton,en,1.0016849,9.343967543962641
C05787414_2,1,Clinton,en,10.027133,8.131871767287222
C05793893_3,3,Clinton,en,1.0000088,5.145042596893509
C05784400_0,1,Clinton,en,5.856263,6.255228928445207
C05779674_4,2,Clinton,en,7.361031,7.574669127018932
C05793786_0,3,Clinton,en,1.0000762,7.1708564783919755
C05792069_1,2,Clinton,en,1.0003483,7.179365439863049
C05793390_3,3,Clinton,en,1.0002401,6.806835403795405
C05769980_0,1,Clinton,en,1.0000042,4.86392245359395
C05778790_0,3,Clinton,en,1.0000322,5.300464778030081
C05760604_1,3,Clinton,en,2.956755,5.0010095907523535
C05797044_1,3,Clinton,en,1.0002452,4.924771186335815
C05760202_1,1,Clinton,en,1.499559,11.236428086408827
C05761319_2,3,Clinton,en,1.0003893,4.050450510283286
C05767796_2,3,Clinton,en,2.049959,3.8287489822928054
C05780387_1,3,Clinton,en,1.000002,4.267057209292771
C05789960_2,3,Clinton,en,9.858508,6.282260386885188
C05795886_0,1,Clinton,en,1.0001503,8.605172454893363
C05771705_1,3,Clinton,en,1.0000035,8.461727156114355
C05775990_1,3,Clinton,en,1.00048,10.023318282436533
C05795987_4,3,Clinton,en,1.000532,7.403360370953887
C05791723_0,3,Clinton,en,3.36833,7.716744423305558
C05766477_1,1,Clinton,en,1.8495758,7.03048231638126
C05790313_2,3,Clinton,en,1.003348,6.675536248609958
C05781090_1,1,Clinton,en,6.7079616,5.8588091002978375
C05758476_1,1,Clinton,en,1.0034246,16.595334049390583
C05768272_1,2,Clinton,en,1.0004174,5.134221610344443
C05785375_2,3,Clinton,en,1.0000027,7.572185995650785
C05762631_4,3,Clinton,en,1.0001571,5.48051644023845
C05767402_0,3,Clinton,en,1.0077221,6.1260366357031515
C05782189_0,2,Clinton,en,5.9853754,8.981304172288327
C05778549_0,3,Clinton,en,1.0001152,6.838013226334489
C05793512_0,3,Clinton,en,1.0001371,4.089712954549033
C05760542_1,3,Clinton,en,1.0000036,5.057830254200925
C05790929_2,3,Clinton,en,1.0050536,5.856877815979252
C05763029_1,1,Clinton,en,2.1279879,6.215625335257271
C05784927_0,3,Clinton,en,1.0000253,5.9630838615342165
C05784594_1,3,Clinton,en,1.000002,5.519322280760381
C05797235_0,3,Clinton,en,1.0000224,4.625644301472672
C05797215_1,3,Clinton,en,1.8113992,6.699794212427551
C05771564_5,1,Clinton,en,1.0000328,10.315306015440845
C05780172_0,3,Clinton,en,1.0000589,6.1018167901723945
C05760255_1,2,Clinton,en,1.5629034,6.038224166017057
C05775849_2,3,Clinton,en,1.0000104,6.509178817007405
C05790336_0,1,Clinton,en,3.240556,3.1720479327958975
C05767292_2,3,Clinton,en,1.0001434,5.662759018328606
C05776024_2,1,Clinton,en,1.0028186,7.130186390560929
C05779636_1,3,Clinton,en,1.0000104,5.6817608930279855
C05766975_0,1,Clinton,en,4.44727,11.816932838216344
C05790014_2,2,Clinton,en,5.368155,6.700845029906413
C05784912_2,3,Clinton,en,2.0278769,6.480579763305104
C05770504_0,3,Clinton,en,1.0000327,10.540937923727151
C05779762_0,3,Clinton,en,2.2143836,10.187966543202867
C05776647_1,2,Clinton,en,1.0001652,6.727482612713797
C05761440_4,3,Clinton,en,1.0001576,6.88057491277484
C05787161_7,2,Clinton,en,1.0001627,4.979435994079767
C05793664_3,3,Clinton,en,1.0005708,6.043134693477543
C05798034_0,3,Clinton,en,1.0013176,6.481483729419709
C05789580_8,1,Clinton,en,1.0000242,6.129823108092707
C05771351_1,2,Clinton,en,1.0001007,5.876985589060058
C05765230_0,3,Clinton,en,1.0070441,9.463738322660209
C05796631_2,2,Clinton,en,1.3047668,6.391595334953718
C05760216_2,1,Clinton,en,1.0000056,8.588984479562612
C05760112_1,1,Clinton,en,1.4880897,4.7713164656616875
C05768227_0,3,Clinton,en,1.0000213,3.2821641921378517
C05771419_5,1,Clinton,en,1.0004846,5.157760404867255
C05762628_1,2,Clinton,en,1.0001837,4.342250669389977
C05769981_0,3,Clinton,en,1.0000224,6.991636630765541
C05790317_4,3,Clinton,en,4.4206133,10.688756775276193
C05795567_0,3,Clinton,en,1.0000037,2.1959029011484223
C05778224_1,1,Clinton,en,1.0000136,10.01346231293481
C05760325_4,2,Clinton,en,1.6365992,5.649296390494951
C05760242_3,2,Clinton,en,1.6855438,8.021507261706894
C05773390_0,1,Clinton,en,1.0002867,5.4461318662117435
C05792303_0,3,Clinton,en,1.0000118,6.815744749068938
C05759602_2,1,Clinton,en,3.2900727,7.835457061829282
C05768951_1,3,Clinton,en,2.3974404,5.114320219202638
C05769252_0,1,Clinton,en,1.4206516,12.116345144875243
C05778276_1,3,Clinton,en,1.0002326,8.432859452291659
C05790243_1,3,Clinton,en,1.0019106,6.441744154454027
C05764282_1,3,Clinton,en,1.0000451,7.569101989055629
C05793691_1,3,Clinton,en,1.0001262,6.188046072257631
C05796862_1,3,Clinton,en,4.2162085,5.974448095160981
C05779128_0,3,Clinton,en,5.322959,6.516062641010102
C05768247_2,3,Clinton,en,1.0001119,6.206751626137423
C05790662_37,3,Clinton,en,5.0888844,3.780262339145898
C05766060_1,3,Clinton,en,1.000566,7.902148555885065
C05761124_2,2,Clinton,en,5.9441147,5.993934199733365
C05761815_3,3,Clinton,en,1.0000242,5.143340647026078
C05768591_0,1,Clinton,en,1.7100898,8.969371372816985
C05775546_1,2,Clinton,en,1.0005922,14.132315437813782
C05792886_1,2,Clinton,en,5.29889,6.883726477657465
C05760581_5,1,Clinton,en,1.0119678,15.405484010300725
C05788403_0,2,Clinton,en,1.0000145,7.990981936207181
C05780964_0,1,Clinton,en,12.277732,10.60845138146271
C05797945_2,1,Clinton,en,1.000167,5.185883943535229
C05792752_0,3,Clinton,en,1.0000916,4.7789537110321065
C05791117_1,3,Clinton,en,1.000364,9.704956923445444
C05798222_0,3,Clinton,en,1.0000058,4.891505870245693
C05771141_0,1,Clinton,en,1.0032676,10.75764365858254
C05783957_1,3,Clinton,en,2.0619855,5.164008628409024
C05771372_1,3,Clinton,en,1.0003037,5.455022343983732
C05771447_1,3,Clinton,en,3.7728302,7.519735738122797
C05770810_1,3,Clinton,en,1.0000443,3.646184301988321
C05782181_3,3,Clinton,en,1.0028068,8.504354647734653
C05793398_2,1,Clinton,en,2.1640508,8.26647875766179
C05764014_0,1,Clinton,en,1.0002049,9.401550545936885
C05795745_1,2,Clinton,en,2.2065547,6.440129423495167
C05770419_4,3,Clinton,en,1.0180074,4.824771457552928
C05779911_0,3,Clinton,en,1.000083,6.791317237219429
C05783899_2,3,Clinton,en,3.7536495,4.944202977250171
C05792187_2,3,Clinton,en,3.5733912,7.0076692731206816
C05776937_4,3,Clinton,en,1.0007764,8.544106886043224
C05766420_0,3,Clinton,en,1.0001951,6.669799901809943
C05791226_1,3,Clinton,en,5.770761,8.935953729507757
C05771729_0,1,Clinton,en,1.000067,12.180030065631273
C05789926_0,1,Clinton,en,5.077874,12.78496110053592
C05784520_0,3,Clinton,en,1.0570166,6.0608933581607385
C05762607_1,2,Clinton,en,1.0001113,7.827325546189439
C05762751_13,2,Clinton,en,1.0001258,7.359346367953378
C05766531_5,2,Clinton,en,1.0000203,8.197976360723079
C05789784_2,1,Clinton,en,4.130074,6.451838735687895
C05784648_1,1,Clinton,en,1.000012,8.770515131267684
C05793204_1,1,Clinton,en,1.0591592,11.004804036427878
C05794107_1,3,Clinton,en,1.0000037,4.526148533110534
C05780575_0,3,Clinton,en,1.5174532,7.36327087338942
C05768022_0,3,Clinton,en,80.95329,6.002357829013444
C05791939_1,1,Clinton,en,1.0011929,9.393082077560338
C05786565_0,2,Clinton,en,1.0000701,7.717454777348862
C05765027_2,2,Clinton,en,9.473028,13.079672413907128
C05789570_1,3,Clinton,en,1.0000474,8.480134420249342
C05785533_0,3,Clinton,en,1.0000695,6.542345150337892
C05785434_0,3,Clinton,en,1.0201577,7.877923402606257
C05772934_1,1,Clinton,en,1.0006218,10.635368179212188
C05776611_0,2,Clinton,en,2.0651572,7.731360005325619
C05771292_3,3,Clinton,en,1.178187,7.031274743857225
C05781285_1,1,Clinton,en,1.7268002,6.899043059996382
C05789548_2,3,Clinton,en,1.0011137,6.205827518878629
C05790514_0,2,Clinton,en,1.0004344,10.152285180447887
C05779727_2,3,Clinton,en,3.9839454,6.710035904292616
C05769467_2,3,Clinton,en,1.1766887,6.326204691611071
C05798138_1,1,Clinton,en,1.000214,7.824063924883987
C05769710_0,1,Clinton,en,2.143161,8.202649010322029
C05739809_1,1,Clinton,en,4.2847023,11.634205973876751
C05788078_0,3,Clinton,en,1.0001568,3.1011484868287584
C05758546_1,3,Clinton,en,11.477981,5.963365708114607
C05797414_1,3,Clinton,en,1.0000055,3.4165829624279396
C05773498_7,3,Clinton,en,2.9626853,3.919945994669075
C05770507_7,3,Clinton,en,1.0080285,4.282580083210351
C05786062_2,2,Clinton,en,1.0000514,10.75727743817735
C05784056_1,3,Clinton,en,7.9542856,9.076780332359549
C05792723_0,3,Clinton,en,1.0000074,3.7633139155993507
C05739546_2,1,Clinton,en,1.5160091,10.424041674064599
C05794565_0,1,Clinton,en,1.0005087,7.932873334873182
C05770485_0,2,Clinton,en,1.0005432,5.942837661277491
C05760580_1,1,Clinton,en,1.0000501,9.281319718670934
C05769976_1,2,Clinton,en,1.0002437,11.233477823567496
C05762899_1,2,Clinton,en,3.07026,5.29145978248577
C05794389_1,2,Clinton,en,1.0005462,7.74081676917443
C05772347_1,2,Clinton,en,1.0000439,7.482985835187973
C05789970_1,3,Clinton,en,1.0007138,7.635325527402236
C05780417_1,1,Clinton,en,1.0000076,6.1633254064017695
C05761103_5,2,Clinton,en,1.2654656,10.66364845947758
C05784043_4,3,Clinton,en,1.000002,4.358920063710338
C05768674_2,2,Clinton,en,346.16937,8.351248704927963
C05769207_1,2,Clinton,en,3.2441695,6.537656661417999
C05792188_0,3,Clinton,en,1.00006,5.267302981494407
C05772388_0,3,Clinton,en,1.0001482,5.691923918154183
C05766256_1,3,Clinton,en,1.0000054,4.455706460873791
C05779574_2,3,Clinton,en,2.1455882,5.344558565008202
C05778434_5,1,Clinton,en,4.317459,5.692330290262658
C05766169_2,3,Clinton,en,1.0007813,7.321543370461677
C05784302_9,3,Clinton,en,1.0000038,4.816547557266083
C05792097_0,1,Clinton,en,3.942321,7.222137130109588
C05781039_2,3,Clinton,en,3.5356965,7.387631004597856
C05788124_6,1,Clinton,en,1.5064213,9.228076039927121
C05792401_2,1,Clinton,en,1.0009987,8.148726511852557
C05782016_1,3,Clinton,en,1.0000591,5.026731393344266
C05791561_1,3,Clinton,en,1.0000075,4.761503390617777
C05771473_1,1,Clinton,en,1.0196283,7.122962184793817
C05778227_0,1,Clinton,en,1.0000509,11.89447040936867
C05784120_3,3,Clinton,en,1.0000381,5.264004932770764
C05775219_1,1,Clinton,en,1.02118,6.555228214766246
C05760429_2,3,Clinton,en,1.0052537,6.47043165931565
C05767655_3,3,Clinton,en,1.0000021,4.369250600766171
C05791473_2,1,Clinton,en,2.7749863,9.099827367015163
C05762853_3,1,Clinton,en,3.9627395,8.363141381560872
C05790662_26,3,Clinton,en,1.0000272,3.2385422538271924
C05761518_1,2,Clinton,en,1.0000228,5.504651232009604
C05739877_1,2,Clinton,en,8.158243,9.585310439124719
C05772083_1,3,Clinton,en,1.6446264,4.35828764098126
C05768349_2,2,Clinton,en,3.1290522,10.999963868861924
C05793946_4,3,Clinton,en,1.0000026,5.48238794742954
C05772566_2,1,Clinton,en,1.0019761,7.707653333444483
C05739784_2,3,Clinton,en,1.000003,5.997250496247183
C05758428_2,3,Clinton,en,1.0000418,7.634970967719418
C05787982_2,1,Clinton,en,1.0000149,5.168152692733015
C05770632_1,3,Clinton,en,2.4279482,5.055171269743462
C05791065_1,2,Clinton,en,2.8799036,7.7788586233974355
C05774255_2,2,Clinton,en,1.000035,8.458986779128415
C05793861_1,2,Clinton,en,1.0001496,6.63816356398292
C05791845_1,3,Clinton,en,1.0156558,6.4101015133212735
C05795382_2,3,Clinton,en,3.275905,9.655456187960523
C05762853_2,3,Clinton,en,2.9724696,6.558909257236588
C05776601_1,1,Clinton,en,1.4246637,7.444823322527023
C05795753_1,3,Clinton,en,1.0000024,6.029787071953662
C05792100_0,1,Clinton,en,1.4649627,9.241762596032494
C05778394_0,3,Clinton,en,1.0006348,7.81932522878728
C05782817_2,1,Clinton,en,7.237392,11.009475307249511
C05772045_0,3,Clinton,en,3.7442074,3.820965395363981
C05761256_0,1,Clinton,en,1.4760778,11.825460131921627
C05793922_2,3,Clinton,en,1.1832876,6.319905776729099
C05760209_2,2,Clinton,en,1.862613,6.746833093188288
C05773739_4,3,Clinton,en,1.0008748,10.41291745326496
C05762975_3,3,Clinton,en,1.0058382,6.515244294703573
C05772566_16,1,Clinton,en,10.657145,12.97136136539521
C05791643_1,2,Clinton,en,3.6584308,5.042805592164676
C05766444_16,1,Clinton,en,1.7586018,11.533003485743732
C05769262_1,1,Clinton,en,2.3807147,7.088129108348716
C05789604_0,3,Clinton,en,1.0000091,4.360801307302313
C05768223_1,1,Clinton,en,1.3527892,4.741175317248306
C05765743_0,3,Clinton,en,3.2913046,12.163911680069665
C05781979_2,3,Clinton,en,1.0000447,4.0085424309650595
C05769055_5,2,Clinton,en,1.0004666,6.843537983788735
C05760558_1,3,Clinton,en,1.0000125,3.973098100569131
C05791336_2,3,Clinton,en,1.0006732,9.473706053983896
C05765907_0,1,Clinton,en,10.848216,12.001022224443949
C05777614_1,3,Clinton,en,1.0000027,8.1536675278567
C05790488_0,1,Clinton,en,1.0000836,5.988511397853294
C05767736_0,3,Clinton,en,1.0001286,5.960972406952339
C05771419_2,1,Clinton,en,1.0001566,8.433464299558512
C05762597_1,1,Clinton,en,1.0083432,8.023889768252687
C05791936_3,3,Clinton,en,1.0000023,6.091240988915225
C05780342_1,3,Clinton,en,1.0002704,5.334894980428187
C05797357_2,2,Clinton,en,2.0274704,7.69417982255966
C05767741_0,3,Clinton,en,1.0298676,10.706143592865526
C05796858_0,3,Clinton,en,1.0054023,7.276100038245482
C05769993_0,1,Clinton,en,2.3115125,5.1171549208523155
C05762730_2,3,Clinton,en,1.0003736,8.395315876632042
C05791971_0,3,Clinton,en,1.6933806,7.901558310009607
C05763508_1,3,Clinton,en,3.196577,5.648886555835505
C05790198_0,2,Clinton,en,1.0000669,8.05888930330323
C05783292_0,3,Clinton,en,1.0000129,5.77738822158556
C05770721_0,3,Clinton,en,1.0000557,10.018620048797159
C05772567_3,1,Clinton,en,1.0000044,3.689304688592514
C05777020_1,3,Clinton,en,1.0000366,4.198165758491944
C05792303_1,2,Clinton,en,3.6599653,11.527247094562219
C05762754_2,1,Clinton,en,2.4719546,8.656936361426318
C05772315_2,1,Clinton,en,25.213234,10.021549355052363
C05792184_4,1,Clinton,en,1.0004355,8.153834615637223
C05769418_2,1,Clinton,en,1.0136273,11.17347344765838
C05768600_2,3,Clinton,en,1.0000116,7.360292631949551
C05793201_1,2,Clinton,en,1.000117,6.440798896961948
C05763857_3,3,Clinton,en,8.332771,6.650392296459606
C05764783_3,1,Clinton,en,1.000315,6.382190897328066
C05767999_0,1,Clinton,en,1.8785218,7.032142798437908
C05782191_0,1,Clinton,en,1.0000738,8.97150906205582
C05774643_6,2,Clinton,en,5.601685,10.764040303383341
C05778554_4,2,Clinton,en,1.0004628,9.091548040723087
C05769074_1,3,Clinton,en,1.0017853,6.587713540857459
C05779708_26,1,Clinton,en,1.7806373,5.637605852240871
C05778086_1,1,Clinton,en,1.0001082,7.994153285146754
C05796226_3,3,Clinton,en,1.0000156,6.84449936508205
C05764053_1,1,Clinton,en,1.5018446,8.50989381574256
C05790098_0,1,Clinton,en,1.0000063,8.618271271975061
C05781917_2,2,Clinton,en,1.7576659,8.96338944111792
C05777005_2,1,Clinton,en,1.0099734,10.347819729974074
C05782869_0,3,Clinton,en,5.494734,5.763491152466561
C05783803_1,3,Clinton,en,1.0000042,6.089104281044959
C05778515_0,3,Clinton,en,1.000027,4.712982921138794
C05791372_0,1,Clinton,en,3.275905,9.655456187960523
C05772851_3,1,Clinton,en,1.0026689,9.400435060973553
C05778723_0,1,Clinton,en,1.0015049,9.532354804165493
C05786375_5,3,Clinton,en,1.0363953,10.05559794692346
C05769142_0,3,Clinton,en,1.0000038,3.4354920479215685
C05777979_2,3,Clinton,en,1.0000978,5.236960817536047
C05790994_4,3,Clinton,en,1.0001092,6.226338895050281
C05761445_4,1,Clinton,en,1.0003302,12.978364371465071
C05766675_0,3,Clinton,en,1.0000637,7.340586119841427
C05773003_0,3,Clinton,en,6.789704,11.388657416992556
C05780742_6,2,Clinton,en,1.00006,8.231848171984439
C05788532_0,3,Clinton,en,1.0000055,9.16484200593791
C05788376_1,3,Clinton,en,1.0000033,6.785721374725833
C05769570_1,3,Clinton,en,1.0002087,8.073809995788498
C05798025_0,3,Clinton,en,1.0000066,5.945224663931173
C05739631_0,3,Clinton,en,1.0004214,7.295475490142915
C05762853_13,2,Clinton,en,1.0000544,6.877869199102132
C05782927_0,3,Clinton,en,1.0000447,4.805142767474866
C05764350_1,3,Clinton,en,1.0000021,6.415636772150736
C05770533_1,3,Clinton,en,5.340162,5.966785390669571
C05763790_0,1,Clinton,en,2.1571472,5.646552279030966
C05770122_4,2,Clinton,en,1.0002643,7.938373490971563
C05783342_1,3,Clinton,en,1.0000046,4.507676629859308
C05787886_2,1,Clinton,en,1.0028014,10.544281326152415
C05767145_1,3,Clinton,en,1.0000565,6.231841113689993
C05767516_1,2,Clinton,en,1.0000119,9.088461006260541
C05790698_0,1,Clinton,en,2.6993957,7.635383570769145
C05772071_0,1,Clinton,en,2.5960958,6.170225841444112
C05760330_1,3,Clinton,en,1.0029246,11.199258399494932
C05767652_1,1,Clinton,en,1.0001999,6.441026682815234
C05771138_0,2,Clinton,en,1.0001396,7.823378665807019
C05789591_3,3,Clinton,en,1.0000103,7.999042876171067
C05793795_4,2,Clinton,en,6.6784153,9.130937519931816
C05786151_1,3,Clinton,en,1.0000055,6.50369827518111
C05784533_1,1,Clinton,en,1.8787458,6.5656557901511645
C05791858_1,3,Clinton,en,1.0004035,5.050127055785114
C05771617_2,3,Clinton,en,1.0005416,7.547242253877356
C05791708_2,1,Clinton,en,1.0000672,4.4676822631889275
C05790662_30,3,Clinton,en,1.0000346,4.594092002880541
C05786218_0,3,Clinton,en,1.000005,4.230509803222028
C05789961_1,2,Clinton,en,1.0003369,7.302424513758487
C05783112_1,3,Clinton,en,1.0002636,5.2313383752995195
C05769449_1,3,Clinton,en,2.0308433,5.304573701196959
C05764939_1,2,Clinton,en,1.0002565,8.179078523123602
C05766001_8,1,Clinton,en,1.0000228,8.436606300910345
C05762633_1,1,Clinton,en,1.6167607,7.68366380226966
C05769497_2,1,Clinton,en,1.0053858,9.1322624926966
C05761770_1,2,Clinton,en,1.0000838,9.838904413674507
C05771320_0,2,Clinton,en,1.0001314,9.98916768576251
C05783951_2,3,Clinton,en,3.1442134,3.715721941855146
C05795039_2,1,Clinton,en,2.441653,9.234523042965447
C05739649_2,3,Clinton,en,12.67644,6.857564901298814
C05770042_5,2,Clinton,en,1.0014161,5.920802780550128
C05793655_0,2,Clinton,en,1.0421195,6.8454201556459084
C05779205_1,1,Clinton,en,1.0001737,8.646207507083359
C05795069_1,3,Clinton,en,3.6646278,8.243212531275168
C05764881_1,2,Clinton,en,1.000107,5.671274852116441
C05778415_2,3,Clinton,en,1.0000097,4.6708003107775165
C05761661_1,3,Clinton,en,1.0001558,10.755898001400809
C05768366_1,3,Clinton,en,1.0000129,6.453131130404511
C05790190_0,3,Clinton,en,1.000071,5.315567491299313
C05776422_2,3,Clinton,en,9.094552,5.975928289623926
C05797923_0,3,Clinton,en,5.0484195,6.922083573182
C05770206_0,3,Clinton,en,1.000076,5.510070216085092
C05788490_3,3,Clinton,en,2.4625714,7.907384346815983
C05784138_2,3,Clinton,en,3.1798198,6.470757803467473
C05769478_13,1,Clinton,en,23.01218,6.820710444536088
C05790714_0,1,Clinton,en,1.0000069,7.372897561151561
C05761332_0,3,Clinton,en,3.6131,7.862308298704244
C05791793_0,3,Clinton,en,1.0001068,7.938841849153881
C05782734_1,3,Clinton,en,1.000002,2.732725875444177
C05762692_0,2,Clinton,en,1.0002394,7.275706850262447
C05788372_2,3,Clinton,en,2.1394286,7.228489471707517
C05782534_4,2,Clinton,en,1.0000027,7.549365373582877
C05769594_0,3,Clinton,en,1.0000023,9.56601069424715
C05763810_2,3,Clinton,en,1.0000421,6.16288031786481
C05762702_1,2,Clinton,en,1.5391854,6.634086106179375
C05778940_12,1,Clinton,en,1.7661896,10.738833229679322
C05770122_0,3,Clinton,en,1.0001218,8.979588551450673
C05764039_6,2,Clinton,en,1.0000025,6.181343288772106
C05795930_0,1,Clinton,en,1.0000061,5.248780683974123
C05792628_1,3,Clinton,en,1.0003808,4.626042586710609
C05776984_1,2,Clinton,en,6.0598497,6.840602648126183
C05769863_2,3,Clinton,en,1.0000865,3.9886443357370123
C05781971_8,3,Clinton,en,1.0026479,8.180949445162105
C05792115_2,3,Clinton,en,1.0010064,6.924486259368005
C05790991_0,1,Clinton,en,1.0005261,8.107498378912538
C05789832_1,2,Clinton,en,1.0002869,6.594433032679169
C05766317_1,1,Clinton,en,1.0003887,6.942799191673365
C05795963_2,2,Clinton,en,1.0000176,3.436368760441504
C05791461_2,3,Clinton,en,5.9187145,5.471297779502262
C05797201_2,1,Clinton,en,1.0008136,13.948139190335706
C05766750_1,1,Clinton,en,1.0002303,10.350877790593568
C05795325_4,3,Clinton,en,1.0001218,10.11305966886857
C05784138_1,3,Clinton,en,1.0001197,6.231018302791319
C05768721_0,3,Clinton,en,2.0048475,9.060277120598439
C05767935_0,3,Clinton,en,1.000007,3.2065126978303438
C05790662_20,3,Clinton,en,1.7789868,4.754411001671806
C05773949_0,1,Clinton,en,2.1229982,9.810218689619193
C05762435_2,3,Clinton,en,3.5246842,8.342048373488073
C05787445_1,1,Clinton,en,1.0000099,12.83304427191664
C05781826_1,1,Clinton,en,1.0000105,11.165194878746604
C05780482_7,2,Clinton,en,1.0007056,9.245954419119828
C05775438_1,2,Clinton,en,1.0002131,7.125632426878631
C05782313_0,3,Clinton,en,1.0002939,4.828907425300023
C05784638_0,2,Clinton,en,1.000589,8.219916698596899
C05769781_1,1,Clinton,en,2.980638,6.6053344895980315
C05771956_1,3,Clinton,en,1.0000123,7.031794169264103
C05790960_0,3,Clinton,en,3.5774343,10.34341210318522
C05785307_2,3,Clinton,en,1.0001293,6.127010626247172
C05775222_0,2,Clinton,en,1.0000026,6.833879643893337
C05780432_0,1,Clinton,en,2.5317812,7.513228022860321
C05790306_0,1,Clinton,en,1.0002114,9.591910321827864
C05781658_0,1,Clinton,en,3.3213978,6.242653807643826
C05792444_0,3,Clinton,en,1.0000058,3.528685316741078
C05771098_0,1,Clinton,en,1.0000452,6.828091861059052
C05766486_0,1,Clinton,en,2.4771435,9.766183113590682
C05767197_1,1,Clinton,en,1.0003946,9.177368514074958
C05772564_2,1,Clinton,en,1.0002342,6.817249737897621
C05771495_1,3,Clinton,en,2.4492884,4.610102849170082
C05764414_1,1,Clinton,en,11.251498,9.463513113731691
C05767717_3,1,Clinton,en,1.8753612,7.443858809981685
C05767395_2,3,Clinton,en,1.0000073,5.388055635096201
C05766268_0,3,Clinton,en,1.4631625,6.284417100711343
C05776634_1,3,Clinton,en,1.0007806,8.013866009166435
C05785275_2,3,Clinton,en,2.2181273,6.163401797826369
C05761306_4,3,Clinton,en,2.9770312,5.3645668022437905
C05789650_2,3,Clinton,en,2.0234997,7.4636637168218565
C05780222_0,1,Clinton,en,2.673157,11.575134699149427
C05789050_1,2,Clinton,en,1.0053706,6.434814422999436
C05792181_1,3,Clinton,en,1.000079,4.494689556339548
C05766029_1,1,Clinton,en,1.0015906,8.136173276874622
C05769970_2,3,Clinton,en,1.0000045,5.032925683264848
C05767352_0,3,Clinton,en,1.0000556,5.392992634131331
C05763724_0,1,Clinton,en,1.0006565,12.109393023412263
C05769566_2,3,Clinton,en,1.0000069,3.422852054954898
C05774155_2,1,Clinton,en,3.80867,8.514414986514003
C05787361_0,2,Clinton,en,1.9938941,4.932226931571528
C05776959_0,3,Clinton,en,5.203487,5.289054683644971
C05779706_20,1,Clinton,en,1.6143078,7.728396360289251
C05766177_0,3,Clinton,en,1.0002326,7.237530880303447
C05759700_6,3,Clinton,en,1.0001277,5.371717106560754
C05761516_3,1,Clinton,en,1.0000216,10.204945181581163
C05773206_0,2,Clinton,en,1.0057185,8.693281982646898
C05763062_0,3,Clinton,en,1.0005453,10.02038845912255
C05788498_1,2,Clinton,en,1.0000396,8.26630389725402
C05767268_1,2,Clinton,en,1.0006711,7.191469176732664
C05779935_2,3,Clinton,en,1.6002154,6.622130302683175
C05772824_2,3,Clinton,en,1.0000956,5.505096090385047
C05779301_1,1,Clinton,en,3.1716855,4.02175615904884
C05776161_0,3,Clinton,en,1.5420133,4.723553031900553
C05767739_4,1,Clinton,en,2.3665144,12.431004147584936
C05790015_0,3,Clinton,en,1.0000051,3.8604779260220683
C05763185_3,3,Clinton,en,3.2546291,4.670265419860727
C05759553_1,1,Clinton,en,1.0000105,9.60282077666353
C05797515_1,1,Clinton,en,1.0000025,7.471496460305655
C05762687_3,2,Clinton,en,1.0000046,5.411554305210738
C05779559_0,2,Clinton,en,4.1613994,8.250645681702627
C05786169_3,3,Clinton,en,1.9021531,5.882460995135185
C05774651_0,3,Clinton,en,1.000002,4.71600666043842
C05776539_1,3,Clinton,en,2.5454526,6.593955721713985
C05791014_2,3,Clinton,en,1.000126,6.053391877583919
C05780475_1,3,Clinton,en,2.4328892,5.46248278338839
C05785294_0,1,Clinton,en,1.5818217,15.810634620927123
C05781467_2,2,Clinton,en,1.6418025,5.512882834401506
C05793308_3,1,Clinton,en,1.4495276,7.196941721796413
C05769729_0,3,Clinton,en,1.3091075,8.457967753115181
C05772648_3,1,Clinton,en,1.0000056,6.0134689529463605
C05774871_1,1,Clinton,en,1.9301791,8.69647191862074
C05781117_3,3,Clinton,en,1.0000175,2.9572409180112667
C05769043_0,2,Clinton,en,2.7736135,10.978768248560561
C05766895_2,3,Clinton,en,6.305206,6.592216771301741
C05775444_1,1,Clinton,en,1.0002612,8.717940977213148
C05795478_0,3,Clinton,en,1.4634184,6.365811125833212
C05780801_2,1,Clinton,en,1.0003959,8.353713963749962
C05787497_0,1,Clinton,en,3.4892657,8.210242319637137
C05774357_2,1,Clinton,en,2.1385577,6.653283395381981
C05778000_0,2,Clinton,en,1.7602828,6.94150279456373
C05782304_0,3,Clinton,en,1.3965875,7.419764494039757
C05780420_0,2,Clinton,en,2.228259,10.309419665689695
C05772570_0,1,Clinton,en,1.7963064,12.998672136014173
C05789630_0,1,Clinton,en,3.8264,8.7036463631534
C05772877_1,2,Clinton,en,3.5374107,8.478720505414834
C05788498_7,3,Clinton,en,1.0001371,5.640510603363085
C05790189_0,3,Clinton,en,1.0001011,5.8300520677462435
C05766444_5,2,Clinton,en,1.0036837,9.25464353048324
C05764341_1,3,Clinton,en,1.0000143,6.609812625977258
C05767213_1,2,Clinton,en,1.3705525,6.253201071275993
C05764366_0,1,Clinton,en,1.0000697,6.451636156025622
C05760374_3,3,Clinton,en,1.0001055,3.8317144976730813
C05779934_1,1,Clinton,en,1.0009389,9.770801719956921
C05766248_0,3,Clinton,en,1.001172,5.1544415029691475
C05786105_1,1,Clinton,en,1.0001439,9.694616109288662
C05786182_0,1,Clinton,en,1.0000075,8.407789561754765
C05778766_1,2,Clinton,en,4.8363304,6.9445927488623
C05790428_0,2,Clinton,en,1.0002682,6.274270285548596
C05778582_1,3,Clinton,en,6.598123,4.676661878320872
C05771612_1,2,Clinton,en,1.0043825,8.631351514957375
C05778333_2,3,Clinton,en,1.0000039,4.892755764021427
C05785741_3,2,Clinton,en,3.2936924,7.272893831449551
C05788125_1,2,Clinton,en,1.0001366,9.825588615419326
C05768721_2,1,Clinton,en,1.0000063,15.971004151833192
C05796129_0,3,Clinton,en,2.1518378,6.345584796674604
C05785394_1,3,Clinton,en,1.0000439,6.316158456295174
C05769363_3,1,Clinton,en,3.777949,8.261196327330842
C05791548_2,3,Clinton,en,1.000079,5.487478488768263
C05760526_1,3,Clinton,en,1.0000933,8.417129166362027
C05791210_0,1,Clinton,en,2.1840394,5.9620984886922725
C05781504_0,3,Clinton,en,1.0001506,4.956036921884889
C05764282_2,3,Clinton,en,1.0000098,9.706188745424852
C05791510_3,3,Clinton,en,3.481745,6.798810659123788
C05793326_1,3,Clinton,en,1.0000112,5.8563493649236005
C05759551_0,1,Clinton,en,1.0000049,6.951863520298903
C05787774_0,3,Clinton,en,1.0000026,5.273323108461314
C05760434_1,3,Clinton,en,1.000002,2.9842691901997003
C05797536_1,2,Clinton,en,21.47219,5.657360024336543
C05769378_1,3,Clinton,en,1.0000435,6.838014356378944
C05790070_1,2,Clinton,en,2.1915662,5.792819677533894
C05783348_1,3,Clinton,en,1.0002409,6.176972713466246
C05762438_0,1,Clinton,en,3.0382617,10.106769272608284
C05797974_1,1,Clinton,en,9.361821,10.922154841668783
C05767134_1,2,Clinton,en,1.0003504,8.339516269737608
C05762959_2,3,Clinton,en,1.0000752,4.306976304614568
C05771084_1,3,Clinton,en,1.6094823,6.763893690685606
C05797279_0,3,Clinton,en,1.0003448,7.292659648861244
C05778573_1,3,Clinton,en,2.1420593,9.220892923249833
C05772387_1,1,Clinton,en,2.3247752,11.481380866167205
C05768832_0,3,Clinton,en,1.0013976,6.532860331147913
C05769268_1,3,Clinton,en,1.000003,7.7250648941710525
C05778264_0,3,Clinton,en,1.0000026,8.062488644837211
C05787921_3,1,Clinton,en,1.0031918,9.369886909517858
C05770218_0,1,Clinton,en,4.9861603,8.023419044488524
C05786215_0,2,Clinton,en,1.3440593,6.049502655547991
C05770178_0,1,Clinton,en,1.0054656,6.903566298122854
C05779435_0,3,Clinton,en,1.000013,5.573477857850956
C05767899_1,3,Clinton,en,2.6023598,4.542881200082497
C05771009_0,1,Clinton,en,1.0002933,8.211146010020657
C05762339_1,2,Clinton,en,1.0000035,8.605014605059072
C05769769_0,3,Clinton,en,1.0000031,4.46366020104951
C05771343_1,2,Clinton,en,1.000002,6.207705621460705
C05772790_0,3,Clinton,en,1.000106,12.681676425875452
C05774521_0,2,Clinton,en,1.0000234,5.853219318825051
C05764909_1,2,Clinton,en,1.0082964,6.091079929699738
C05764453_6,3,Clinton,en,1.0001435,7.770948939034976
C05790640_1,3,Clinton,en,1.0000238,5.357326855889596
C05796044_0,2,Clinton,en,1.0003393,7.034738304787266
C05773076_4,3,Clinton,en,1.0000277,5.711568256173255
C05770957_0,3,Clinton,en,22.042973,8.331439904872445
C05793275_0,3,Clinton,en,1.0014062,4.224593008315653
C05759065_1,3,Clinton,en,1.8280376,7.092069548466831
C05782671_1,2,Clinton,en,2.3199513,9.039431855583112
C05766449_1,1,Clinton,en,1.5425187,8.173997831261694
C05791779_1,2,Clinton,en,1.0000199,8.509698337012155
C05780982_1,1,Clinton,en,1.0000758,6.172724578881667
C05792224_1,1,Clinton,en,1.0004834,9.937975888485763
C05780502_0,3,Clinton,en,2.6077058,5.630002068145679
C05797387_3,1,Clinton,en,1.26981,5.702569707207174
C05784249_1,3,Clinton,en,1.0000197,7.413675311447919
C05780180_0,1,Clinton,en,1.0000408,8.527918221979215
C05780132_0,3,Clinton,en,1.0000631,6.327804452714831
C05784651_0,3,Clinton,en,1.00015,5.395181967437342
C05794232_4,1,Clinton,en,2.8697762,11.273510610626367
C05797947_0,3,Clinton,en,1.0000117,9.045962333390811
C05777430_1,3,Clinton,en,7.087553,8.880459261008712
C05775572_0,1,Clinton,en,1.0017323,10.53961235527263
C05792956_1,3,Clinton,en,1.0001649,6.387761170094802
C05780971_1,3,Clinton,en,3.624233,6.992975904752495
C05783773_1,2,Clinton,en,1.0301349,5.257229970297203
C05767662_2,3,Clinton,en,2.8534813,6.788957392744989
C05774081_0,3,Clinton,en,1.0028238,5.711616394715421
C05792402_0,1,Clinton,en,1.0006651,9.341557395671488
C05769427_2,1,Clinton,en,4.9648876,12.890571690359756
C05762967_11,1,Clinton,en,1.0000304,9.977165321136026
C05769594_1,3,Clinton,en,1.0125996,7.383837503323712
C05779707_25,1,Clinton,en,22.763926,10.940252169939765
C05782870_0,3,Clinton,en,1.000003,5.509547562439661
C05773271_0,1,Clinton,en,1.0001807,6.010739656466881
C05791281_7,1,Clinton,en,1.0004742,9.149760183089537
C05770091_0,3,Clinton,en,1.0032153,9.465318063691706
C05780110_1,2,Clinton,en,1.0002216,7.53854270717772
C05765766_0,3,Clinton,en,1.855908,8.242141859401634
C05782655_3,3,Clinton,en,2.6269696,4.621036320143315
C05779254_0,2,Clinton,en,1.0005946,10.46706773790666
C05798136_0,1,Clinton,en,1.0008048,10.107500862567331
C05791360_1,3,Clinton,en,1.0000188,6.356357438821333
C05762267_0,2,Clinton,en,11.35666,6.838095720070526
C05772032_1,2,Clinton,en,2.3723009,3.901688099072027
C05780344_3,2,Clinton,en,1.0000042,7.717033913378997
C05783913_3,3,Clinton,en,1.0000783,6.222793081433566
C05760235_2,3,Clinton,en,1.0001115,8.808392901887132
C05780380_2,3,Clinton,en,1.0022861,7.331634058889409
C05777828_0,3,Clinton,en,1.0000031,6.764423546471493
C05793476_7,3,Clinton,en,1.0000387,3.686357398790821
C05795590_1,2,Clinton,en,1.0001479,7.603816511833172
C05796049_1,1,Clinton,en,1.0000077,9.682162792852138
C05789962_1,1,Clinton,en,1.001707,6.751003276741454
C05762971_2,3,Clinton,en,1.000077,5.435821971087704
C05777707_2,2,Clinton,en,1.0002781,6.291399044318539
C05767721_2,1,Clinton,en,1.6203699,7.755762479016556
C05781749_0,3,Clinton,en,1.0000844,5.741500681520576
C05774157_0,1,Clinton,en,1.0005208,8.34438680670577
C05776714_1,2,Clinton,en,1.0000575,6.683711501922861
C05768350_0,1,Clinton,en,1.0000083,6.300113696722831
C05792688_3,1,Clinton,en,1.0003456,14.052636623704096
C05761753_1,3,Clinton,en,1.0016379,6.8583117704925565
C05788326_3,3,Clinton,en,4.194273,5.602303289904096
C05760487_1,3,Clinton,en,1.0003474,5.660742679189816
C05776965_1,3,Clinton,en,8.481048,4.940039283797533
C05770647_2,3,Clinton,en,1.0000029,5.639628862099107
C05788751_1,2,Clinton,en,2.9923344,9.740625801335298
C05772825_0,1,Clinton,en,2.1834478,8.093123951825671
C05786375_7,3,Clinton,en,1.7923154,4.377382763889447
C05777597_1,3,Clinton,en,1.0000578,4.512270002284674
C05779443_1,3,Clinton,en,3.6441329,4.103119663242663
C05760678_1,3,Clinton,en,2.7010164,4.895087434629762
C05784352_3,3,Clinton,en,1.000039,6.910014124944215
C05791982_0,3,Clinton,en,1.6428772,8.224060913496078
C05760372_2,2,Clinton,en,1.0000035,7.632368423336532
C05774927_2,3,Clinton,en,1.000013,4.3016832991027485
C05783899_3,2,Clinton,en,1.003495,3.323571067839816
C05779134_2,2,Clinton,en,3.8692293,7.196240033259591
C05791520_1,3,Clinton,en,1.000756,7.355193003108513
C05739878_0,3,Clinton,en,1.000552,7.659721088319226
C05758731_1,1,Clinton,en,5.614931,11.215419956761094
C05790219_0,1,Clinton,en,1.0045458,8.954133246986537
C05766869_2,3,Clinton,en,1.0000272,4.5790666922189605
C05789173_4,1,Clinton,en,1.0000027,5.431167975059423
C05776395_1,1,Clinton,en,4.598053,10.108214130241251
C05782474_0,3,Clinton,en,4.789791,7.823475632785405
C05758788_3,3,Clinton,en,1.0000035,3.543152167938179
C05791204_1,1,Clinton,en,2.287131,4.326994874284316
C05764749_3,1,Clinton,en,1.000002,8.06262588322052
C05768272_0,1,Clinton,en,4.8362956,10.024302259191277
C05777978_1,3,Clinton,en,1.8075783,3.919766880124346
C05789531_7,3,Clinton,en,1.0002737,6.207149619264564
C05792643_1,3,Clinton,en,2.5702062,4.846142649426935
C05776651_1,2,Clinton,en,1.0003582,6.483142042399372
C05780742_3,2,Clinton,en,1.530318,7.770191285853731
C05768266_0,3,Clinton,en,1.0004174,5.2115023396262155
C05771249_2,1,Clinton,en,1.0083175,9.450085342897971
C05791228_1,2,Clinton,en,1.3565216,8.66190353069416
C05790669_0,3,Clinton,en,1.0000056,6.667391930017794
C05787763_1,1,Clinton,en,1.0000046,9.42565118662451
C05771261_1,3,Clinton,en,1.0000713,8.490826982739613
C05779969_0,3,Clinton,en,1.0000255,7.9423980743220355
C05770630_1,1,Clinton,en,1.8553354,11.82385383463913
C05767551_2,1,Clinton,en,1.0313705,6.787795165055721
C05769895_0,3,Clinton,en,1.0000404,5.493675812917971
C05764902_2,3,Clinton,en,1.0000024,5.648226588482674
C05771923_3,2,Clinton,en,2.0601702,7.611052944804896
C05781837_0,3,Clinton,en,1.9528794,3.9011626308369984
C05779946_4,3,Clinton,en,1.0000038,6.040583596015469
C05772191_1,3,Clinton,en,1.0002074,4.412832649504836
C05778690_1,3,Clinton,en,4.013163,5.7206670347676924
C05766581_1,3,Clinton,en,1.0000312,5.161981348620157
C05791010_0,3,Clinton,en,1.8597351,5.173067723042661
C05789895_1,2,Clinton,en,1.0004891,6.0419184195111075
C05761468_0,3,Clinton,en,1.0000037,5.114678591594516
C05773813_0,1,Clinton,en,1.0000823,13.217519403370286
C05785207_0,3,Clinton,en,3.5027196,6.9839560740536
C05782445_1,2,Clinton,en,2.8385406,5.344734332119193
C05792813_1,1,Clinton,en,2.9424531,7.827432910520919
C05789582_1,1,Clinton,en,1.0000198,6.383717253212131
C05769431_2,3,Clinton,en,2.937731,9.989075241305168
C05775475_1,2,Clinton,en,2.5542345,5.704198410254866
C05776069_1,3,Clinton,en,1.0005196,8.152126169834068
C05775623_2,3,Clinton,en,1.0000048,3.552154820309512
C05792551_0,3,Clinton,en,1.0000659,4.431411654434329
C05769676_0,2,Clinton,en,1.0000931,7.794490899929565
C05769518_2,2,Clinton,en,2.912131,8.7386427261855
C05769121_0,2,Clinton,en,1.0001181,7.863392005022628
C05794547_0,3,Clinton,en,1.0001318,4.760477406939747
C05791150_1,1,Clinton,en,10.007875,5.757309131815725
C05791303_0,1,Clinton,en,2.0959775,11.902127192735115
C05781280_0,3,Clinton,en,1.7411926,5.126620644407933
C05796741_0,2,Clinton,en,44.988316,9.009784357386842
C05781291_2,3,Clinton,en,1.0010939,5.626999507393805
C05791690_0,2,Clinton,en,1.0004208,6.606563736633568
C05794439_2,3,Clinton,en,1.4387616,6.892414109952454
C05785082_1,1,Clinton,en,1.00004,6.232196428577168
C05770461_2,3,Clinton,en,1.0000302,6.125419112769478
C05771654_0,3,Clinton,en,3.3226118,7.133512409530115
C05767836_0,1,Clinton,en,3.87416,10.85721752956761
C05771355_0,1,Clinton,en,1.0006833,8.69424315096867
C05792174_2,3,Clinton,en,1.0000844,5.62617380501961
C05769219_5,2,Clinton,en,1.0003139,6.740980893728787
C05762902_2,2,Clinton,en,1.0001581,6.027646021840694
C05788605_0,3,Clinton,en,1.8044167,6.350338081932439
C05785454_0,3,Clinton,en,1.0000027,3.7678361385479437
C05798053_0,3,Clinton,en,1.0000054,6.666120519092508
C05773670_3,1,Clinton,en,1.006901,7.945485801565312
C05781278_3,1,Clinton,en,2.8592072,10.728491765949748
C05790658_0,1,Clinton,en,1.0000063,7.328170856287926
C05798112_0,3,Clinton,en,1.0000026,6.127910844581183
C05796283_3,3,Clinton,en,1.8968043,6.56175299536346
C05788436_1,3,Clinton,en,1.0019081,6.929299859628087
C05790125_0,2,Clinton,en,1.0014567,6.270607019072025
C05784478_0,1,Clinton,en,4.148526,16.113410877051436
C05798137_0,3,Clinton,en,2.501264,4.1124300519879124
C05771101_0,3,Clinton,en,1.0000336,11.444267053445301
C05772989_2,3,Clinton,en,1.0000225,5.748756263891308
C05762253_2,3,Clinton,en,1.000203,4.480154451746248
C05791573_0,3,Clinton,en,2.9467547,7.679371821594775
C05797161_1,1,Clinton,en,4.269469,7.373620130824835
C05786935_5,3,Clinton,en,1.0000532,4.04835591120941
C05772633_0,1,Clinton,en,1.4092371,9.57373478469552
C05763123_1,2,Clinton,en,1.0000145,5.691532624283425
C05778869_1,1,Clinton,en,3.0832555,6.851701575587745
C05770450_6,2,Clinton,en,1.0002145,4.2049960755551625
C05794497_1,1,Clinton,en,1.0001366,6.112483683395321
C05772490_0,3,Clinton,en,1.0000025,5.692296424812188
C05783945_1,1,Clinton,en,1.0000685,6.30841088641176
C05790088_1,2,Clinton,en,1.0000805,12.10442109173774
C05786565_1,2,Clinton,en,1.0002272,7.517893032042192
C05780081_4,1,Clinton,en,1.0002743,6.645580250550628
C05766806_1,3,Clinton,en,1.0000598,6.957338840431876
C05772170_0,1,Clinton,en,1.0002774,7.831988843164172
C05764690_0,1,Clinton,en,1.0012746,12.67473715716798
C05797066_2,3,Clinton,en,4.8273077,6.073093310356173
C05784362_3,3,Clinton,en,1.0000037,4.597431487970274
C05764494_5,1,Clinton,en,8.793966,6.234361712418385
C05767828_1,2,Clinton,en,1.3482461,7.686652212945408
C05767522_1,2,Clinton,en,1.5878375,6.266448789409369
C05764466_2,3,Clinton,en,1.0000094,6.392629506659939
C05798205_0,1,Clinton,en,1.4514841,9.512039244211465
C05780888_3,2,Clinton,en,2.043529,10.348813329539196
C05782534_1,1,Clinton,en,5.6508007,11.65205038586732
C05764413_3,3,Clinton,en,1.0000281,5.012930624187272
C05766361_3,2,Clinton,en,1.0001242,5.823685086348937
C05769409_1,3,Clinton,en,2.09355,7.285368348679524
C05793894_3,2,Clinton,en,1.0000042,7.717646086740928
C05794042_2,1,Clinton,en,2.4859447,11.081401536180667
C05789633_0,2,Clinton,en,3.6195273,3.8702951734213324
C05764786_2,1,Clinton,en,1.0001318,10.581872011069624
C05769230_2,1,Clinton,en,1.000002,6.860323848601328
C05768649_1,3,Clinton,en,1.0105505,4.210680837857084
C05772595_1,3,Clinton,en,1.0001018,4.925045465999332
C05762753_2,2,Clinton,en,1.0002984,9.84016299427753
C05759555_1,3,Clinton,en,2.9098883,6.886648451600186
C05760244_2,2,Clinton,en,2.3248892,6.315177357607382
C05793697_2,2,Clinton,en,1.0000145,8.651487345964739
C05772632_0,3,Clinton,en,1.0005244,6.596495238688515
C05781935_0,1,Clinton,en,2.3096476,5.971986195761174
C05775534_1,1,Clinton,en,2.8389127,8.685685454092729
C05784936_0,3,Clinton,en,1.0000031,4.387935439531841
C05769188_0,2,Clinton,en,1.0000036,7.592199328640201
C05761047_1,3,Clinton,en,2.7787492,5.216970689718773
C05797372_1,1,Clinton,en,1.001963,6.764524156689071
C05798101_0,1,Clinton,en,2.1399999,5.547881378511067
C05784908_1,3,Clinton,en,1.0000455,7.1549908338921995
C05790087_0,3,Clinton,en,1.0000023,4.988310613013074
C05777707_1,3,Clinton,en,1.0030295,7.503251948289887
C05791022_0,3,Clinton,en,1.0000987,6.266379405390786
C05786160_1,1,Clinton,en,3.184972,10.51423057845998
C05784722_2,2,Clinton,en,2.2763586,5.508878383204114
C05787921_9,1,Clinton,en,1.0017077,11.507256409697952
C05778234_1,3,Clinton,en,1.0000118,6.153357835396278
C05772734_1,3,Clinton,en,3.843946,8.869575045439026
C05765792_0,2,Clinton,en,2.569445,6.92303539483046
C05765670_1,3,Clinton,en,1.0001587,7.273772482462146
C05789021_1,1,Clinton,en,1.5053749,7.9743704447331725
C05761919_3,2,Clinton,en,1.2042509,7.2437279697097985
C05779342_11,3,Clinton,en,1.7082287,4.582544442424363
C05788079_3,2,Clinton,en,28.459806,5.484893650952037
C05790075_0,3,Clinton,en,1.0000149,6.161392509217697
C05778464_3,2,Clinton,en,1.0000279,4.668695062451528
C05788421_0,3,Clinton,en,2.306451,4.158298482649508
C05762818_0,3,Clinton,en,1.000091,7.394054370447569
C05769873_3,3,Clinton,en,1.0000457,5.044824417929878
C05790675_0,1,Clinton,en,1.0002933,8.3888142506842
C05772725_1,3,Clinton,en,1.0000645,5.511531906247328
C05780978_2,3,Clinton,en,1.9835005,6.0099748411661364
C05771864_0,1,Clinton,en,1.0001942,6.8288185923993145
C05781746_0,3,Clinton,en,1.0000027,3.493808441633397
C05761095_4,2,Clinton,en,1.0000021,6.855006442700647
C05791604_1,1,Clinton,en,1.0003058,5.070556215048614
C05762853_20,3,Clinton,en,1.931172,6.621307389284797
C05767568_1,3,Clinton,en,1.0035659,4.375638987580135
C05767700_0,3,Clinton,en,2.3008313,8.368021567651564
C05758891_19,3,Clinton,en,1.0000038,7.800752345208971
C05762740_0,1,Clinton,en,1.0071944,13.220204200655862
C05759602_1,3,Clinton,en,2.0777133,7.413861540812221
C05769627_0,2,Clinton,en,2.3665264,7.836709311907127
C05762947_1,3,Clinton,en,1.0000448,3.951205523321469
C05768587_1,1,Clinton,en,2.0379362,7.304889200057531
C05767224_1,1,Clinton,en,1.0000846,5.769934399287176
C05794691_0,2,Clinton,en,1.002699,9.86299820961999
C05769678_2,3,Clinton,en,1.0000197,3.5452865123567574
C05769906_0,3,Clinton,en,3.39599,9.611122546353128
C05770298_0,3,Clinton,en,1.000002,5.385590610708839
C05791625_2,3,Clinton,en,6.2412324,5.09341338631376
C05791096_2,2,Clinton,en,1.6939371,6.585532187277002
C05779342_7,3,Clinton,en,1.0000254,4.510882479169133
C05778423_8,3,Clinton,en,1.000021,4.820418363944702
C05781835_0,2,Clinton,en,1.0006211,5.548202281178785
C05795876_4,2,Clinton,en,1.0010506,10.19385093196489
C05767271_2,3,Clinton,en,1.0043904,5.880569533150522
C05764140_1,1,Clinton,en,15.64948,10.365343979880626
C05791065_3,2,Clinton,en,1.000035,6.947482003916259
C05764254_0,3,Clinton,en,2.6841772,3.5631341731657256
C05782900_0,3,Clinton,en,1.0000027,4.715462696210109
C05789952_1,1,Clinton,en,1.1397402,10.176609891007228
C05770280_0,3,Clinton,en,11.214217,9.016752355975148
C05779417_2,1,Clinton,en,1.0000176,6.820889669292855
C05798192_1,3,Clinton,en,1.275592,4.88293339213191
C05783165_0,3,Clinton,en,2.1028726,5.2979452677623815
C05789558_1,2,Clinton,en,1.0000532,6.926442203774999
C05759031_2,3,Clinton,en,1.0001853,10.279944826159769
C05798129_0,3,Clinton,en,2.1030498,5.753247881500291
C05771115_1,3,Clinton,en,7.740361,7.306300553059976
C05793237_0,3,Clinton,en,22.568262,7.195645435512864
C05792192_1,3,Clinton,en,2.2514923,3.4150579774771637
C05783037_0,2,Clinton,en,1.0001308,6.410972340107985
C05782326_0,3,Clinton,en,1.0284642,7.828157334860365
C05761827_0,3,Clinton,en,1.0000094,6.464697417209224
C05768726_0,1,Clinton,en,1.8378971,9.696381810902139
C05791362_0,3,Clinton,en,1.0002966,9.028327433117678
C05788451_1,3,Clinton,en,2.1977277,6.528672767444872
C05786672_1,3,Clinton,en,1.2406058,8.315224059147642
C05782291_3,1,Clinton,en,1.0000988,7.025814384963168
C05765277_0,3,Clinton,en,1.0005832,6.095349438128552
C05759584_1,3,Clinton,en,1.0000411,10.375885803688245
C05769578_0,2,Clinton,en,1.000082,7.712781924395714
C05767271_11,1,Clinton,en,2.2930014,5.814640581855579
C05785419_0,3,Clinton,en,1.0000715,4.073319061325001
C05778510_1,3,Clinton,en,1.0000082,6.05518382063988
C05785822_0,1,Clinton,en,1.002588,13.57279298541125
C05796421_0,2,Clinton,en,1.3658166,4.928848702216718
C05778850_0,3,Clinton,en,4.87383,4.26459969352117
C05790237_14,3,Clinton,en,1.0000035,5.36097218530306
C05797020_0,3,Clinton,en,1.0001144,5.022924014867225
C05739659_0,3,Clinton,en,1.0000567,3.948169060599443
C05779642_0,1,Clinton,en,1.0000516,6.721881583651068
C05790090_0,3,Clinton,en,1.2895648,6.5863082048387085
C05783567_1,3,Clinton,en,1.0001755,5.390087078702861
C05775179_1,3,Clinton,en,1.0000335,3.962890741417732
C05796161_2,3,Clinton,en,2.725119,7.124028748756541
C05772773_0,1,Clinton,en,4.223483,11.163217052295673
C05769596_0,3,Clinton,en,8.476387,12.896744603909486
C05796632_0,2,Clinton,en,1.0000163,8.637771319600914
C05785385_0,3,Clinton,en,2.3052998,4.000958618012417
C05795817_1,2,Clinton,en,1.9185632,6.530807226010159
C05784717_0,3,Clinton,en,1.0004603,5.91554878872689
C05791970_0,3,Clinton,en,3.9307187,4.9149665782946945
C05762730_3,1,Clinton,en,2.1100824,8.250846117876277
C05785135_1,3,Clinton,en,2.515538,8.735536931352462
C05788157_3,2,Clinton,en,1.0000036,9.284591940152392
C05758440_0,2,Clinton,en,1.0000396,9.662283206714738
C05775647_2,2,Clinton,en,1.0001116,4.524335026755868
C05761296_2,1,Clinton,en,1.0001415,5.979447074199573
C05759055_0,1,Clinton,en,1.0001013,7.632702680148103
C05760046_2,3,Clinton,en,3.040386,4.981288680791868
C05795159_3,2,Clinton,en,1.0001234,5.426285702126141
C05768043_1,2,Clinton,en,1.0024383,7.958551017573959
C05777620_1,1,Clinton,en,1.2007941,7.597726952949443
C05797297_0,2,Clinton,en,5.409395,7.162929325185089
C05763078_1,3,Clinton,en,1.0017269,9.39091377467047
C05782866_0,3,Clinton,en,1.000007,4.568736851575537
C05783048_4,3,Clinton,en,1.0005094,9.006998963613905
C05764554_2,3,Clinton,en,2.0182858,4.655989610968529
C05760551_2,3,Clinton,en,1.0000052,5.0421222751910495
C05768873_2,2,Clinton,en,1.0000741,4.908715471430591
C05772107_0,1,Clinton,en,5.7105055,9.246495339407256
C05769559_0,3,Clinton,en,1.0021113,5.779009642345254
C05780558_0,3,Clinton,en,2.6712654,4.706571008179757
C05780003_39,3,Clinton,en,1.00282,5.839147563530011
C05791966_1,3,Clinton,en,1.0000293,5.043200624943472
C05764560_1,1,Clinton,en,1.0002841,5.014252977210224
C05782888_8,3,Clinton,en,1.0000883,4.611956069339047
C05766444_13,3,Clinton,en,1.0000379,9.72224076668864
C05791581_2,3,Clinton,en,1.0616798,5.244513898901433
C05774534_12,3,Clinton,en,1.0000134,4.293322806503756
C05789095_0,3,Clinton,en,3.912556,5.733061304288521
C05777516_1,1,Clinton,en,1.0003812,11.234162869034204
C05765987_1,2,Clinton,en,1.0000062,7.957526524411634
C05777718_1,2,Clinton,en,1.6620514,8.23823222803239
C05764804_1,3,Clinton,en,1.000015,6.289256564093068
C05767757_0,1,Clinton,en,3.4717093,9.476223900261992
C05781917_1,1,Clinton,en,1.0004894,9.014398303783144
C05760602_1,2,Clinton,en,1.0000091,8.348673797307736
C05771781_2,1,Clinton,en,1.6069069,7.122818575797213
C05790662_36,3,Clinton,en,2.4701023,2.5621111495873095
C05778413_4,3,Clinton,en,1.0000074,5.271383584184637
C05782345_2,3,Clinton,en,1.0000824,4.998740639116573
C05739697_1,2,Clinton,en,1.5598613,7.93179971488561
C05771374_0,3,Clinton,en,1.0000496,4.643232026426112
C05758735_2,2,Clinton,en,1.000031,9.332936288637555
C05796166_2,3,Clinton,en,1.1711445,4.739531771605614
C05780247_0,3,Clinton,en,1.0000024,4.025825764931257
C05780918_2,3,Clinton,en,1.000041,6.583350468037136
C05777525_1,2,Clinton,en,1.0580537,6.809715736403743
C05739649_7,3,Clinton,en,1.0000193,5.517184688813869
C05767931_3,2,Clinton,en,1.0000311,6.8229313603279795
C05775835_0,3,Clinton,en,1.0000141,4.445042221279384
C05768541_7,1,Clinton,en,1.2546717,7.6873864754789745
C05784146_0,3,Clinton,en,9.959566,7.353945992430226
C05770324_2,3,Clinton,en,1.0001831,4.381332876615749
C05778894_3,3,Clinton,en,1.0000052,9.94947893188699
C05779706_6,1,Clinton,en,5.9631453,9.283993557507108
C05779450_0,2,Clinton,en,1.9269559,8.304493248297735
C05772009_0,1,Clinton,en,1.0000522,6.562801684116955
C05766267_0,3,Clinton,en,3.854712,6.152828053937581
C05789846_0,1,Clinton,en,1.26126,9.060447813704055
C05794539_0,3,Clinton,en,2.5093734,6.539044052079763
C05779401_1,3,Clinton,en,29.781189,7.760297215447942
C05791856_0,1,Clinton,en,1.0000036,8.187413094752843
C05789971_1,1,Clinton,en,1.6426312,12.930134154103312
C05766717_0,1,Clinton,en,1.00133,11.245577153584161
C05770161_1,2,Clinton,en,11.990914,7.556614923574644
C05768612_0,3,Clinton,en,1.000376,5.72197749907265
C05770982_0,3,Clinton,en,1.0001626,5.127939089871591
C05782963_4,3,Clinton,en,1.0000035,4.201342415383724
C05762499_2,3,Clinton,en,1.0000389,3.7294875194817223
C05773976_0,1,Clinton,en,1.0000025,12.219754115587763
C05769839_2,3,Clinton,en,9.438421,9.46853936245391
C05762863_0,1,Clinton,en,2.2170079,9.436151088758598
C05775346_4,3,Clinton,en,1.0000122,4.291532374309473
C05739649_4,2,Clinton,en,1.0000439,11.042160426383058
C05764306_1,2,Clinton,en,1.0004046,6.705237214824223
C05771818_2,2,Clinton,en,7.8389916,20.70450637243707
C05772152_0,1,Clinton,en,1.000604,13.231427704332638
C05767739_2,3,Clinton,en,3.3459396,8.499233425108981
C05782432_1,2,Clinton,en,1.7561388,10.527105182346906
C05794842_0,3,Clinton,en,1.0000025,3.388112069780203
C05779263_4,1,Clinton,en,1.0000174,9.530214199614289
C05761043_0,3,Clinton,en,6.002742,6.510124427271819
C05764286_1,3,Clinton,en,1.0001955,5.802601171183022
C05771770_4,2,Clinton,en,4.7543674,5.684190509804264
C05771351_3,3,Clinton,en,2.66574,5.755307632988963
C05777020_0,3,Clinton,en,1.0000244,5.383121376401533
C05777696_1,3,Clinton,en,1.000003,3.163967062138246
C05770030_2,3,Clinton,en,1.0002484,5.179016093101698
C05790961_1,1,Clinton,en,1.2426883,7.6172035367789945
C05773863_0,1,Clinton,en,1.9430242,7.6714923009586204
C05739684_1,1,Clinton,en,1.7095517,11.385970123816001
C05792315_1,1,Clinton,en,1.0002393,10.23943580490198
C05776979_0,3,Clinton,en,1.0021124,8.150295512169759
C05783985_1,2,Clinton,en,1.0001734,7.850503765388904
C05781797_2,3,Clinton,en,1.0002022,5.671694746767865
C05780404_0,3,Clinton,en,1.0000026,2.564027383295582
C05777658_0,2,Clinton,en,1.0000203,7.099487683964755
C05780003_47,1,Clinton,en,2.5321558,6.779754773114991
C05760582_4,3,Clinton,en,1.0000082,7.664341528254574
C05784941_1,1,Clinton,en,1.6564623,8.670254390754128
C05797207_2,3,Clinton,en,1.0005742,6.774813296684936
C05780929_3,3,Clinton,en,1.0000904,5.563203611775901
C05784237_3,3,Clinton,en,1.4638395,7.001777116381448
C05767998_1,3,Clinton,en,1.0000561,5.545755637967556
C05778058_2,3,Clinton,en,3.3267877,5.692970008840497
C05766635_2,3,Clinton,en,4.1282725,7.606863121317866
C05773363_2,2,Clinton,en,3.21366,7.729128223856724
C05789259_1,2,Clinton,en,1.5711584,7.04721193996978
C05796642_0,1,Clinton,en,1.00028,11.664612117213457
C05771959_1,3,Clinton,en,6.775194,7.213960153159821
C05783973_4,3,Clinton,en,1.0007067,8.156809081505957
C05776799_2,1,Clinton,en,1.0005435,7.097416017225761
C05778073_0,1,Clinton,en,7.3282604,11.91853683666087
C05778400_13,1,Clinton,en,1.8801974,9.221674684806052
C05798172_2,2,Clinton,en,1.0000118,5.905924347002005
C05781658_3,2,Clinton,en,1.0000848,10.047006894160548
C05769293_1,1,Clinton,en,1.0004939,10.090666005368348
C05794601_2,3,Clinton,en,1.0000038,6.016232298466533
C05784254_1,3,Clinton,en,4.6141834,6.369850015708886
C05794259_2,1,Clinton,en,2.16048,10.470984690011248
C05789753_0,1,Clinton,en,1.0003481,6.035030822804909
C05767239_5,2,Clinton,en,1.0000196,5.400624382184484
C05793874_0,1,Clinton,en,2.8154228,7.734797723487341
C05763801_3,3,Clinton,en,1.0000271,6.811066311847416
C05781578_0,3,Clinton,en,1.0000819,5.0923066273553745
C05773695_3,3,Clinton,en,1.0000021,4.416350547738388
C05760124_0,2,Clinton,en,2.987312,7.286325570806329
C05785246_1,3,Clinton,en,494.73917,6.0566760103408415
C05781942_0,3,Clinton,en,17.784739,5.843567845572164
1144932,3,Enron,en,1.0003235,8.514807572312609
19947,1,Enron,en,1.0000826,9.541456556199805
1303171,3,Enron,en,1.000003,3.971337185880921
894625,1,Enron,en,1.000313,7.4913278544967055
1251040,3,Enron,en,1.0000188,6.073722621687415
1106151,1,Enron,en,2.8193254,5.31478134004572
682836,2,Enron,en,1.0000527,7.228137080925834
900719,2,Enron,en,1.0001374,8.533778764116455
1260886,3,Enron,en,79.46923,2.0090959941301794
1311815,3,Enron,en,1.6940385,7.20571264955047
39353,3,Enron,en,2.1709654,7.283093193344335
743563,2,Enron,en,1.000006,6.205831621159503
947034,3,Enron,en,1.0000027,4.458128962264119
59454,2,Enron,en,1.0000186,5.352828524811181
62687,1,Enron,en,1.0000472,18.268262122315942
1139245,1,Enron,en,3.9825156,7.243354486496453
52808,1,Enron,en,1.0008831,7.219678888389992
1130230,1,Enron,en,1.0000103,7.6058813865638255
1313342,1,Enron,en,1.0001727,7.864126255447289
76421,3,Enron,en,1.0000043,6.792918987309374
1256360,3,Enron,en,1.0000156,4.7912361115775886
765046,3,Enron,en,1.0001392,3.9974429363005775
1306421,3,Enron,en,1.0044984,7.67634437792289
1311794,3,Enron,en,1.2353106,7.124864688642353
1108804,2,Enron,en,1.6379244,8.732951777010676
773548,2,Enron,en,1.0000818,5.378466281199308
1111806,1,Enron,en,1.0000032,6.795203846465759
1267173,1,Enron,en,1.000068,9.886018749958557
1259103,3,Enron,en,1.0000021,4.039697925879134
743612,3,Enron,en,1.0000114,8.339512135194125
1261118,2,Enron,en,1.0001482,11.898996243123257
1267709,3,Enron,en,1.0000168,4.345975157586674
59463,3,Enron,en,1.0001457,5.4439326536411565
759311,3,Enron,en,1.000004,4.712564689929463
1355061,1,Enron,en,1.0000231,7.422014883046177
1351528,3,Enron,en,1.0000298,5.267527567567286
75033,3,Enron,en,1.000525,5.566081065617547
771823,2,Enron,en,1.0000142,6.038740087823366
285612,2,Enron,en,1.0001065,4.107470483418063
273465,2,Enron,en,1.0000346,6.183795431753352
1309439,2,Enron,en,1.0000023,8.348294389840405
69650,3,Enron,en,1.000004,3.9544652020888456
69146,3,Enron,en,1.0000515,8.40231130010546
727534,2,Enron,en,1.0019934,5.433883743446819
292035,3,Enron,en,1.5097187,6.048295095284842
897762,3,Enron,en,1.0000414,9.803102457291306
39238,2,Enron,en,1.0000322,8.576117254340623
1275972,1,Enron,en,1.000921,7.615427559125009
56797,2,Enron,en,3.3717198,5.938699515808613
283704,3,Enron,en,1.0861381,6.055543073487951
751520,3,Enron,en,2.368139,6.016997910076616
561434,3,Enron,en,1.0000026,5.070845318072359
107118,2,Enron,en,2.3240967,8.450664833485202
1359585,2,Enron,en,1.0000031,8.258373496676993
1355132,1,Enron,en,1.0009722,12.452943264499979
1258079,1,Enron,en,1.0000274,5.47202750312135
772964,3,Enron,en,1.0006546,6.399671389763873
892969,3,Enron,en,1.0002931,5.045287978358793
1103267,1,Enron,en,1.8547262,7.670802657235059
682756,1,Enron,en,2.12725,6.018149493839105
58608,2,Enron,en,1.0000111,10.59204413736539
57841,2,Enron,en,1.0011213,8.496475285027538
1112086,2,Enron,en,1.0000036,4.528644507472809
1358869,1,Enron,en,1.0004061,9.966629993816962
43035,3,Enron,en,1.0001564,6.639815877753321
1111866,3,Enron,en,1.0000162,6.48003894339358
283707,1,Enron,en,1.0003535,10.049295130748627
1135556,1,Enron,en,1.2401699,7.357600112766202
1116091,1,Enron,en,1.3197546,5.860983161745596
59176,3,Enron,en,28.515858,10.882069442911876
4317,1,Enron,en,1.0000727,6.717720507625931
1109591,2,Enron,en,1.0000772,7.976336901164436
1282143,3,Enron,en,3.306957,7.997686706199939
58917,1,Enron,en,11.079455,8.387903482339574
1149944,3,Enron,en,1.0000097,8.293241760008192
773303,1,Enron,en,1.4950545,5.184155632635781
1261185,3,Enron,en,1.0001787,10.188528899443732
1098260,3,Enron,en,1.0000658,8.983129976535041
80678,1,Enron,en,1.0009549,11.70136529125817
880205,1,Enron,en,1.7595975,5.564169034442603
1240973,2,Enron,en,1.050497,7.11514324159081
759142,3,Enron,en,1.0000877,6.448281722117552
1312922,1,Enron,en,1.0828476,5.467392203238506
104502,2,Enron,en,1.0001731,9.145344458208198
41399,1,Enron,en,2.8044066,12.837511408106199
2318,3,Enron,en,2.2786205,8.290899847759576
1359383,3,Enron,en,1.0000091,5.122584378617119
1293635,1,Enron,en,1.0001698,2.3607556981772793
1107392,2,Enron,en,5.068624,6.003107786014826
1311817,2,Enron,en,1.1364318,7.752264197625645
276672,3,Enron,en,1.0000114,4.435759440400038
1108647,3,Enron,en,1.6529026,7.232922700662822
742810,3,Enron,en,1.0001065,6.0803056914589435
759891,1,Enron,en,1.0000675,6.599614841766803
888705,1,Enron,en,1.0051383,6.081406075758478
104359,2,Enron,en,1.0008245,10.302620634075874
773643,3,Enron,en,1.0001144,4.386217903581827
1139195,3,Enron,en,1.0002187,3.6523628131515142
1271741,3,Enron,en,1.0001864,6.350587856319182
275683,3,Enron,en,1.0000021,6.817164115846905
759501,3,Enron,en,1.000048,4.479262374733815
1259319,1,Enron,en,1.0000083,6.804505026696299
1303025,3,Enron,en,1.00002,4.209495270254073
1127108,2,Enron,en,1.0652115,9.001792245643284
1122712,1,Enron,en,1.0047812,6.716125390091828
1259788,3,Enron,en,2.5263886,7.288395767900055
84500,1,Enron,en,1.0000066,6.11612532657225
1307141,3,Enron,en,1.0000274,5.357021419754973
1125770,2,Enron,en,2.5331929,6.645169520343377
776304,3,Enron,en,1.000003,4.176623679192402
57013,2,Enron,en,1.0003431,6.630107572604351
63520,1,Enron,en,1.7362262,4.987968513663008
738560,1,Enron,en,1.000083,5.265287358503782
900080,2,Enron,en,8.746102,7.80386883304039
684979,3,Enron,en,1.0006114,6.270082685700472
756667,3,Enron,en,1.0000412,6.539662205640233
877365,3,Enron,en,1.0000094,6.786728469035408
104432,3,Enron,en,4.8899894,5.530455869195827
1257895,1,Enron,en,2.2052643,7.262654742793923
58225,3,Enron,en,1.0000532,4.129007967087991
1292946,3,Enron,en,3.2796402,7.39301457666083
1123765,3,Enron,en,1.0000037,5.244463630310783
62531,3,Enron,en,1.7114983,6.049719602098515
743076,1,Enron,en,1.000003,7.4924520524587095
1278710,1,Enron,en,1.0001117,8.653044470303628
1105590,2,Enron,en,1.000346,6.763234223532682
1034017,3,Enron,en,1.000082,7.596937225357536
1312610,2,Enron,en,1.0026796,6.034463360658253
1313038,2,Enron,en,1.0000068,4.760995091927715
1114453,2,Enron,en,1.0000702,5.4238919252734155
748332,2,Enron,en,1.0000321,6.3114797770091595
722508,3,Enron,en,1.0000088,5.565250506730294
45453,3,Enron,en,1.0000648,7.565906707491693
725196,1,Enron,en,1.1789286,7.679879473006141
1336757,3,Enron,en,1.728938,6.651890454362814
1120257,2,Enron,en,6.28163,8.605384347961861
34442,2,Enron,en,1.0000904,7.435065860843659
1100979,2,Enron,en,1.0000848,5.032677831711968
104597,3,Enron,en,1.0000104,3.3440092018940497
3068,1,Enron,en,1.0000597,6.195447187152571
1253155,2,Enron,en,1.0000626,7.022540901560011
1957,3,Enron,en,1.0000654,9.686676030959731
56353,2,Enron,en,1.000003,8.690473796253196
1105714,2,Enron,en,1.0000056,5.235301136402674
738934,1,Enron,en,1.4017265,4.062711883293057
275635,2,Enron,en,1.0097518,6.9955488623673
1109027,3,Enron,en,1.000236,7.571746776416854
57899,3,Enron,en,2.8958418,10.493164524774366
1137382,1,Enron,en,2.6082053,6.3523061085263235
900825,3,Enron,en,1.0085827,4.6250259188445515
873802,1,Enron,en,4.6759524,3.916861703929372
877436,3,Enron,en,1.0002704,5.853328624535747
1336608,2,Enron,en,1.3399475,6.334869146814876
1114461,1,Enron,en,1.5550404,6.909968447368363
900839,2,Enron,en,1.0000027,10.3415798490891
881432,3,Enron,en,4.155583,5.12141965271571
1261993,1,Enron,en,1.0005573,8.0576801147936
275664,3,Enron,en,1.0011835,8.179444833271404
874244,3,Enron,en,1.0001336,9.05395775085198
1262539,1,Enron,en,1.0004414,6.990133575270178
1336688,1,Enron,en,2.118296,8.581264949523167
277829,3,Enron,en,1.0000157,8.551182481983206
1336569,3,Enron,en,1.0000056,4.559519748189465
721260,1,Enron,en,6.952129,10.610139793315115
900927,2,Enron,en,1.0001343,6.2134460222182994
85106,1,Enron,en,1.000332,11.492491741112163
1098297,3,Enron,en,3.3012128,6.2174807155596294
56955,3,Enron,en,1.0001101,8.346927286311962
743529,2,Enron,en,1.0001915,4.502380277071517
1246978,1,Enron,en,2.7495942,5.827196080319322
273438,2,Enron,en,1.0002774,7.262749560813803
3164,1,Enron,en,1.1280072,7.067301036029086
1275250,1,Enron,en,1.7184811,5.060774148351481
688501,1,Enron,en,1.0007172,8.190918231538367
1130145,1,Enron,en,1.9956504,10.192324773883719
1303812,1,Enron,en,1.0001873,10.302537206891524
759467,1,Enron,en,1.0050447,6.170429782089591
743370,1,Enron,en,1.0001125,4.992625550885054
1312911,3,Enron,en,3.1668003,4.404068354052043
59139,2,Enron,en,1.0009575,7.8022414507494275
730404,1,Enron,en,3.1218026,11.115279216662445
70666,3,Enron,en,1.0001175,3.089787131509855
1248894,3,Enron,en,1.0000033,4.81254544836221
1105561,3,Enron,en,1.0000285,6.134833473391999
684197,3,Enron,en,1.0000838,5.759962380317599
732667,2,Enron,en,1.4479678,8.616365838389799
764769,3,Enron,en,4.6729665,6.001185464945602
56419,3,Enron,en,1.0000064,7.091451915817043
30071,1,Enron,en,2.1968098,5.728507817563589
1144632,3,Enron,en,1.0000663,4.7454513605713275
84099,3,Enron,en,1.0000231,7.422014883046177
1248919,1,Enron,en,1.0018219,7.444968502327082
743344,2,Enron,en,3.72905,6.757371147893116
59146,3,Enron,en,1.0041081,8.106769539574447
1359343,3,Enron,en,3.3261802,7.760784565643285
1353855,3,Enron,en,2.6292994,7.195727487079706
1131834,1,Enron,en,10.555463,9.475635090201296
725369,3,Enron,en,1.0007483,8.208002519024092
766379,2,Enron,en,1.0000619,6.119853081791166
1122541,1,Enron,en,1.9782002,5.611326300005787
881357,1,Enron,en,1.000337,11.166864865092123
742840,3,Enron,en,1.0000025,7.125484053838405
1261971,2,Enron,en,2.1082735,5.86784763906164
1144534,3,Enron,en,1.0002897,7.6538156947582525
262992,3,Enron,en,1.0000027,9.795199787959408
1286872,1,Enron,en,1.8201436,7.346433158946799
1308852,3,Enron,en,1.0000523,8.757287672557794
880729,3,Enron,en,1.0000021,4.226171128139905
276661,2,Enron,en,1.0061214,7.84325871722776
83785,2,Enron,en,1.0000025,6.304782908447506
1245592,3,Enron,en,1.0000739,6.213243740216394
1303893,1,Enron,en,5.717562,8.539901597174397
770416,3,Enron,en,1.0000201,4.943828771126035
43532,1,Enron,en,2.348491,7.522610664806961
34113,1,Enron,en,1.960182,6.184106105935274
740246,1,Enron,en,1.0000552,7.968668881939763
39309,1,Enron,en,1.3391345,5.578750703317196
1144335,1,Enron,en,1.0000021,8.096954014148464
16168,3,Enron,en,1.0000032,5.582038386677309
78869,1,Enron,en,1.000723,6.7591145688062415
1256474,1,Enron,en,1.0000049,7.136812853190245
108089,3,Enron,en,3.9745011,6.044173413471949
1293810,3,Enron,en,5.0732064,7.389794709654609
289014,3,Enron,en,1.0000032,5.582038386677309
68949,1,Enron,en,1.0002015,6.622674225782058
275537,1,Enron,en,2.7600012,6.314193280879451
1315126,2,Enron,en,1.0005802,6.4648587401479976
1270698,2,Enron,en,1.0018926,8.168284475379355
1252967,1,Enron,en,1.0007633,11.912156887093875
42274,3,Enron,en,4.7767386,11.275379405616219
34529,3,Enron,en,1.013769,6.34081096807377
1107260,1,Enron,en,1.0000049,5.690882722039118
1268320,3,Enron,en,1.0002174,4.531510289094685
31040,2,Enron,en,1.0000031,6.966575271567849
43910,1,Enron,en,3.2541077,6.369680537111353
62496,1,Enron,en,2.633083,9.17630237508784
1261975,1,Enron,en,1.9792416,6.670872472978962
1261171,2,Enron,en,1.0001153,7.719024930006237
2761,3,Enron,en,1.0000052,3.226272041200679
1131957,3,Enron,en,1.0000088,5.616060425710089
58573,1,Enron,en,1.0000885,15.742070927737581
743293,3,Enron,en,1.0002778,7.745326127123193
58303,3,Enron,en,1.0000042,4.886817977482652
43986,3,Enron,en,1.0000021,5.19309559117465
1278199,3,Enron,en,1.0000062,5.266899098854392
755926,2,Enron,en,1.0000025,11.260897364786246
31035,3,Enron,en,1.7975308,6.500257689572716
292785,3,Enron,en,4.0533023,5.83591772867438
283761,2,Enron,en,2.2257185,6.746071607549864
1263716,3,Enron,en,1.000103,4.586007402674788
759412,2,Enron,en,2.1871781,5.5352425123087174
725035,2,Enron,en,9.71755,7.245592082458161
41796,3,Enron,en,1.0000584,6.278921381560466
1293347,3,Enron,en,1.0000253,9.237488711121127
275568,3,Enron,en,1.0000877,6.594931085745936
46070,3,Enron,en,1.0000024,5.822444662519563
730025,3,Enron,en,1.0000021,5.308818284913522
1120137,1,Enron,en,1.7195548,7.2319940069269535
39438,3,Enron,en,2.6327171,5.207419038354043
1255913,3,Enron,en,1.0000067,4.210677358590506
58094,2,Enron,en,3.6396286,6.104730698867795
34462,3,Enron,en,1.0000308,5.097769534143459
744989,3,Enron,en,1.0003353,5.019961488149801
1242206,3,Enron,en,2.2738752,5.4236328869290515
273460,3,Enron,en,1.0000026,5.070845318072359
1311935,3,Enron,en,2.581216,12.066730975740564
62555,3,Enron,en,2.4027886,6.011489667271234
1293645,3,Enron,en,1.0000062,5.94504093873355
901113,3,Enron,en,1.18204,6.154257856633951
1100714,3,Enron,en,1.011307,6.8592672923076226
761390,1,Enron,en,1.0000091,15.3968125791318
1123569,1,Enron,en,1.0262127,9.325905807096781
723938,1,Enron,en,2.03112,7.680661321814586
759409,1,Enron,en,1.0000052,8.536876312359206
263104,3,Enron,en,2.8965726,6.34349095609781
881959,3,Enron,en,1.0002759,4.764888186056182
1124292,1,Enron,en,1.0000894,8.380888198742461
1114455,1,Enron,en,8.888463,6.914432573163407
1247476,2,Enron,en,1.0045357,5.488066162998533
286751,2,Enron,en,1.0000498,9.337089227337154
31214,1,Enron,en,1.000669,5.335436335034006
1118110,2,Enron,en,1.0008652,3.6428921667682124
687334,3,Enron,en,1.0062897,8.151487615611568
82597,2,Enron,en,1.0002723,5.2325747944509216
742845,3,Enron,en,1.000004,6.175725420153907
285567,1,Enron,en,1.000094,7.818686900551961
889867,2,Enron,en,1.0002247,7.265688332788102
1108718,3,Enron,en,1.0000458,5.41365902336008
52683,1,Enron,en,1.0004716,5.37788678818462
685023,1,Enron,en,1.0001378,7.451558707466868
753939,3,Enron,en,1.0000021,4.226171128139905
1122692,1,Enron,en,1.000018,5.1161672890844025
931630,3,Enron,en,1.0000283,5.041758988261367
1111635,3,Enron,en,2.6037095,6.078273267719484
45197,3,Enron,en,1.0000502,8.490745598284523
743114,3,Enron,en,1.0000268,8.590700715776364
749091,3,Enron,en,1.000004,9.163862128852259
1301396,3,Enron,en,1.0000144,4.704317471866591
1354573,3,Enron,en,1.000035,3.2382848334397023
59193,2,Enron,en,1.000139,7.938461388019951
1094631,3,Enron,en,1.0000341,6.602458770670968
754308,3,Enron,en,1.0003941,7.334075879180941
721142,2,Enron,en,1.0000024,6.247181322475991
764632,1,Enron,en,2.022947,7.549835734123002
58190,1,Enron,en,1.0002886,8.092019282856507
1111903,2,Enron,en,8.027595,8.221014372475642
773534,3,Enron,en,3.512685,7.038828199109815
1122457,2,Enron,en,1.0010707,6.546245056351574
60107,1,Enron,en,1.337956,6.945299741932299
1112895,3,Enron,en,5.5406423,6.012485190368888
894955,3,Enron,en,1.0000148,6.8999472424124315
292847,3,Enron,en,1.0001374,6.403647101351327
18692,3,Enron,en,1.0000023,3.5520870194370997
30967,3,Enron,en,2.2232568,4.428364007313164
1118514,2,Enron,en,1.6484345,5.47939710246905
685523,2,Enron,en,2.1790211,8.276125029512954
1311780,3,Enron,en,1.0000056,4.444902652516298
278205,1,Enron,en,2.8731575,8.833290827828737
889872,2,Enron,en,3.0878038,7.495319025451889
725144,3,Enron,en,3.9929578,6.044159429517331
29544,3,Enron,en,1.0000311,9.45500289515161
685545,2,Enron,en,1.0002415,6.334197075754865
773395,1,Enron,en,1.0364956,4.894945060080604
1105549,2,Enron,en,1.0000079,6.8527252571165
1259214,3,Enron,en,1.0001022,5.884185807634194
3024,2,Enron,en,1.0002632,6.134179583078947
1112173,3,Enron,en,3.6821501,11.165170891812064
744355,3,Enron,en,1.0001719,10.868078199022099
1351517,2,Enron,en,1.0000354,7.714094882281183
277865,2,Enron,en,2.1709654,7.283093193344335
20105,2,Enron,en,1.0000317,7.879362132417298
213923,3,Enron,en,1.0000186,5.352828524811181
1134340,3,Enron,en,1.0000151,6.6469235375423
743489,3,Enron,en,1.0004288,5.731061605316882
19695,1,Enron,en,1.7760856,9.283577780993962
879424,3,Enron,en,1.0002933,7.258817452477475
756578,1,Enron,en,3.208925,6.7914912001978704
1295112,3,Enron,en,1.0000031,5.151369057158832
58925,2,Enron,en,1.004028,9.570174033179716
1295266,3,Enron,en,1.0000256,8.14688046144615
1311786,1,Enron,en,1.7073139,9.058880253137984
901440,3,Enron,en,1.0001175,3.089787131509855
1312549,3,Enron,en,1.0002608,6.8131298329277525
59784,3,Enron,en,1.0000056,4.7236474867074545
776159,1,Enron,en,1.0003769,9.380716896775688
1105700,1,Enron,en,1.5300945,5.486997876073863
1112910,3,Enron,en,1.0000098,5.465419235209164
275608,3,Enron,en,1.0000083,8.01240271965958
1247175,1,Enron,en,1.000591,6.049314708144215
1112074,1,Enron,en,1.0001845,5.347367114038339
1260921,2,Enron,en,1.0007453,9.65082671420601
726487,3,Enron,en,1.0003791,4.17559191976065
2691,3,Enron,en,2.240215,5.073629930549908
1265119,3,Enron,en,1.0000082,6.2134912028544695
275612,1,Enron,en,2.6226199,8.296010701267335
891080,3,Enron,en,1.8286843,6.849609392690585
41248,2,Enron,en,1.000026,7.470951962773785
1294322,3,Enron,en,1.0032133,5.74373562426593
1250729,3,Enron,en,1.0479336,5.418803058216563
3268,1,Enron,en,1.7224811,5.298648368227942
62567,1,Enron,en,1.0000585,11.267980569106113
683967,1,Enron,en,1.0013517,8.892504491487264
1136966,1,Enron,en,1.6548876,5.831166908584263
59852,3,Enron,en,1.7224611,5.951303567350426
38514,1,Enron,en,1.4660408,5.984110034759065
283696,2,Enron,en,2.330003,9.570512492785909
894925,3,Enron,en,5.969767,7.101984810541908
751549,1,Enron,en,1.000082,7.596937225357536
1314383,2,Enron,en,5.0846996,6.136903064664129
1253163,2,Enron,en,4.4502263,5.379710802353739
84272,3,Enron,en,1.0000026,4.881235058852616
1112802,1,Enron,en,1.0000142,7.5588855828378465
1271167,3,Enron,en,1.0002984,4.633772740573545
1303885,1,Enron,en,1.7632588,7.811120093847158
770218,1,Enron,en,1.0000199,9.866628778221378
684347,1,Enron,en,9.746061,6.787132245917246
743154,2,Enron,en,1.0001915,7.83419983315701
1359130,2,Enron,en,1.0000403,7.212687024710374
1307986,3,Enron,en,1.0001038,5.946741841914411
63623,2,Enron,en,1.4031609,4.731492259691484
1279166,3,Enron,en,3.7117183,4.877680557448195
743408,3,Enron,en,1.0595737,6.517512227623931
1262694,1,Enron,en,1.5093701,7.945815387554297
1313094,2,Enron,en,1.0000024,3.857777984975782
1270769,3,Enron,en,1.0000374,4.168180415605807
1251435,1,Enron,en,1.000141,7.041983588291308
57509,3,Enron,en,1.0002303,5.4718041449128805
59765,3,Enron,en,1.0002272,6.745198736344224
775999,1,Enron,en,1.0582174,4.6329710451640445
1131829,3,Enron,en,1.0000131,8.427550086899908
724168,3,Enron,en,1.0000037,8.224849230114849
1241676,2,Enron,en,1.2608123,6.338095452187935
764246,3,Enron,en,1.0000184,8.174825930808842
408,1,Enron,en,1.000114,5.656825269309152
70630,3,Enron,en,1.0001197,2.640758004167324
881938,1,Enron,en,1.2386255,6.053138787116271
69781,3,Enron,en,1.0000138,3.672344983928793
1287291,1,Enron,en,7.566098,9.048299207946156
931635,3,Enron,en,1.00003,4.895792087818564
59368,2,Enron,en,1.0000303,10.657077234118253
744980,3,Enron,en,1.00042,5.460561219179699
67243,3,Enron,en,11.352611,4.879009160541467
292347,3,Enron,en,1.0000833,4.492399379806472
78214,3,Enron,en,1.0000052,3.226272041200679
34435,1,Enron,en,1.0001086,8.109456119176052
1111985,1,Enron,en,1.0000125,9.844756390256002
721116,3,Enron,en,1.0000165,6.80482889236899
59493,2,Enron,en,1.0000715,5.184489767805285
1305501,3,Enron,en,1.0000165,5.507340034462459
1355769,1,Enron,en,1.0034105,8.212508518060577
1252794,3,Enron,en,2.2760499,8.038519822763924
735235,3,Enron,en,1.0000023,5.310711902595841
1260004,2,Enron,en,1.0000293,7.96128583701578
764544,3,Enron,en,1.0779628,7.7942899571936755
776281,3,Enron,en,1.0000103,3.0941051033816187
1247382,1,Enron,en,1.0001258,5.4578267060776025
1308158,1,Enron,en,3.7569127,6.897688718387563
67386,3,Enron,en,1.0013522,1.7299969776302353
56422,3,Enron,en,1.0000023,6.2774875139591275
57673,1,Enron,en,1.0004377,14.338722203070981
3012,1,Enron,en,1.0000304,7.437374970658193
1270616,1,Enron,en,2.5221703,8.170645763518994
276682,3,Enron,en,1.0000772,7.976336901164436
58267,1,Enron,en,1.0004094,18.026848169637546
685036,1,Enron,en,1.0000398,6.336443872873354
1144514,2,Enron,en,1.0002643,4.4818369259122335
41831,3,Enron,en,1.0000112,3.297773446316369
1100661,3,Enron,en,1.0000043,6.942309285724981
748972,1,Enron,en,1.6185261,7.106163123892452
765897,3,Enron,en,1.0001175,3.089787131509855
1116889,3,Enron,en,1.0000045,4.294212625427578
1334758,3,Enron,en,1.0000067,6.843406793990235
1355759,3,Enron,en,1.0000043,6.888840745979676
1109410,2,Enron,en,2.3896663,7.261482222254101
1304158,1,Enron,en,3.5796218,7.360431297819355
56472,3,Enron,en,5.6747293,8.827331088415574
1113061,1,Enron,en,1.0003335,7.1555170336190725
1127891,3,Enron,en,6.8483577,7.167748766476525
763100,1,Enron,en,1.0015649,6.044609928893794
1284063,1,Enron,en,1.0002424,12.0128801537013
16138,1,Enron,en,1.5465978,5.8947752069032
776097,3,Enron,en,1.0000081,4.350830828174508
1094630,3,Enron,en,1.7195721,7.698590765445462
103211,3,Enron,en,1.0000373,7.349090014390695
56285,1,Enron,en,4.093031,10.302114973545097
1355052,3,Enron,en,1.0000042,7.94673331062825
727530,1,Enron,en,2.3352203,4.696777769414885
83943,3,Enron,en,1.0000023,4.715218010701052
1139216,2,Enron,en,2.3844433,6.06906505505441
2026,3,Enron,en,1.0000796,7.146648942553469
743630,3,Enron,en,1.0000236,3.4702214558473834
743984,3,Enron,en,1.0011907,10.739969091744218
1359426,1,Enron,en,1.0004089,8.152431993050975
68198,1,Enron,en,1.0005189,8.588277643260318
1286206,2,Enron,en,1.0000862,6.427524611977669
884325,2,Enron,en,1.0002167,10.274695005983105
1355203,1,Enron,en,1.0000539,10.874463233961599
1263383,1,Enron,en,1.0019085,8.509999291742757
288987,2,Enron,en,1.0000151,6.733255216604081
1302881,3,Enron,en,1.0000027,4.769722377370196
43251,3,Enron,en,1.0000035,5.482299158692314
1248932,1,Enron,en,1.1914853,6.8436759619798995
743217,2,Enron,en,1.0000199,5.6437423471319645
754709,3,Enron,en,1.0000064,12.074153444765328
1098928,2,Enron,en,1.8016669,6.529473377408033
1033777,3,Enron,en,1.0001272,5.417226300058523
550574,2,Enron,en,1.0000038,14.190659423211624
1258080,1,Enron,en,1.0000674,5.429081571489098
1299246,3,Enron,en,1.0000052,3.226272041200679
727872,3,Enron,en,1.0000347,6.913383678584024
1248954,3,Enron,en,1.0000798,7.122151185096471
732468,1,Enron,en,2.4298203,8.966496228317785
59623,3,Enron,en,1.0000021,8.646527578776677
1278623,3,Enron,en,1.0003355,10.399429725956479
1306198,3,Enron,en,1.0000067,4.735994364034404
275743,1,Enron,en,1.377166,8.219215785528144
2819,3,Enron,en,2.086439,6.4992888088851775
291508,3,Enron,en,1.000167,4.391657018653562
1336725,1,Enron,en,1.00163,6.31130663642339
1109238,3,Enron,en,4.8620596,8.365541026656379
775848,1,Enron,en,1.9549615,4.541441484476132
771581,3,Enron,en,1.0000618,5.811668247128343
759263,2,Enron,en,1.000016,5.200897394969664
1350437,3,Enron,en,1.0002276,7.400993328872158
74653,1,Enron,en,2.1058598,8.644488753294892
721467,3,Enron,en,1.0000622,6.683447520979606
1114450,2,Enron,en,1.0001888,10.389360164639312
283828,3,Enron,en,1.0000029,6.500690617535986
899906,3,Enron,en,1.0001483,5.368914400881646
757251,2,Enron,en,1.0001657,2.995673717383952
58161,3,Enron,en,2.173307,7.524305310493687
869743,2,Enron,en,1.0000024,7.356811028936232
19590,1,Enron,en,2.0474284,9.875525811464446
277833,3,Enron,en,1.000022,6.680880049519712
1114444,3,Enron,en,1.0000659,6.166019030507839
1270742,3,Enron,en,1.0000064,6.103045122035645
1037140,1,Enron,en,1.0000241,9.253869679015576
288883,3,Enron,en,1.2050061,5.748920622237851
67593,1,Enron,en,1.0000459,5.370235697029267
1262908,3,Enron,en,1.0000031,3.9424608063657423
1279530,3,Enron,en,1.0000029,4.554399562216292
1258074,3,Enron,en,1.0056487,5.186200191659113
890427,1,Enron,en,2.8152595,3.9469911997129628
1252970,1,Enron,en,2.0596967,9.385016723652175
738057,3,Enron,en,1.0147147,6.072592517472121
1279161,3,Enron,en,1.0325217,5.1009718614810815
1296695,2,Enron,en,1.0000048,5.07916177470967
67677,3,Enron,en,1.6913651,8.439748078111496
1100542,1,Enron,en,2.6185467,11.710825189070992
761387,1,Enron,en,1.0002229,5.441758610197691
83435,3,Enron,en,1.0001618,4.586362862056405
76955,2,Enron,en,1.0036521,4.917042298059973
1354218,2,Enron,en,1.0038683,8.683282945018428
1350572,3,Enron,en,7.375181,2.8446740405445103
79147,3,Enron,en,1.000002,4.636821521307065
776042,3,Enron,en,3.4414601,5.749937278276197
1355115,3,Enron,en,1.0001494,5.079094624910488
1303935,1,Enron,en,1.0006906,5.068326067046688
869754,2,Enron,en,1.0000548,8.373323872865846
280830,3,Enron,en,1.0002952,6.920240934750562
1109307,2,Enron,en,1.000002,8.460485487585078
1126607,3,Enron,en,1.0001556,5.522669858666447
1241911,3,Enron,en,1.4276291,6.401881106667683
730340,1,Enron,en,5.7431393,7.586615545268839
1122904,1,Enron,en,1.0002819,6.380470888089408
57842,2,Enron,en,1.343343,9.948836053804971
43949,1,Enron,en,1.0007542,5.97954589085969
1291624,1,Enron,en,2.2850401,7.551844765465173
888098,1,Enron,en,1.0000042,7.315413900139545
1355637,1,Enron,en,1.0704252,8.455027384247177
4070,2,Enron,en,1.0004162,9.8570050719352
724984,3,Enron,en,1.0003806,4.877487907793271
1302192,2,Enron,en,1.0005484,5.967317890056772
60165,3,Enron,en,1.0000148,6.8999472424124315
30936,1,Enron,en,1.0000025,10.706824790554474
1293784,3,Enron,en,1.000137,6.642971337301893
759391,3,Enron,en,1.0000315,9.314386356837549
1131857,3,Enron,en,1.0000138,5.245417082223461
278014,1,Enron,en,1.0114335,8.92653704074163
1311783,2,Enron,en,1.0000788,8.72363944431143
755397,1,Enron,en,1.0001454,10.673860388674505
1111705,3,Enron,en,3.2723186,10.662522431183016
1124630,3,Enron,en,3.8697567,10.247947524303585
877541,2,Enron,en,1.0000026,7.376228306783056
279825,1,Enron,en,1.2673568,5.142415947366425
684311,3,Enron,en,2.0606372,5.604521096339533
895569,3,Enron,en,1.0000042,4.886817977482652
1311518,3,Enron,en,1.960182,6.184106105935274
898651,3,Enron,en,2.8908057,7.250158011222699
878928,3,Enron,en,1.0008048,6.735316311922274
1242465,1,Enron,en,2.0926924,8.556766291340304
890341,3,Enron,en,4.69232,6.10179964771687
1291697,1,Enron,en,1.5596023,6.996452974228167
1116086,3,Enron,en,1.0000793,7.421221343745822
1354286,1,Enron,en,1.0004922,10.122245827725523
1295105,1,Enron,en,1.5991853,11.501174544443714
1359486,3,Enron,en,1.0000468,10.392751668645518
682669,3,Enron,en,1.0000039,6.3197313606022485
84718,3,Enron,en,1.0000213,4.685354588846792
1278523,1,Enron,en,1.0001224,7.368040027676738
1354635,3,Enron,en,1.000029,5.941287114433759
1100920,2,Enron,en,1.0540245,7.515427271045152
107239,3,Enron,en,1.0003175,5.4812573574774985
764697,2,Enron,en,1.0000087,9.729991310689702
1111704,3,Enron,en,1.0000538,7.384287788132032
1264249,1,Enron,en,2.501654,9.267412237530207
1105753,1,Enron,en,1.0003278,5.02635177163879
1244018,1,Enron,en,3.97969,5.946496158590474
58547,3,Enron,en,1.0000712,7.44555540206789
745005,2,Enron,en,1.0000094,6.546807630562411
275592,2,Enron,en,4.625696,6.259519361180986
743252,3,Enron,en,1.3529431,5.787964289335527
275551,1,Enron,en,1.0012993,8.659969845519514
773466,3,Enron,en,1.0000037,4.415752847255849
1281408,1,Enron,en,2.9504206,5.5443279351038095
41938,1,Enron,en,1.0030397,8.554471540668535
280316,2,Enron,en,1.0002748,6.222728294234392
67864,2,Enron,en,1.0000706,7.473989802722922
104385,3,Enron,en,5.2594295,8.961563206155363
38665,1,Enron,en,1.0000037,2.8452476306853067
1290808,3,Enron,en,1.0000024,5.838055316651872
1247024,3,Enron,en,1.0000069,4.76594898775061
1108815,2,Enron,en,1.0000914,9.438437461438832
765255,3,Enron,en,1.0000088,5.565250506730294
102756,3,Enron,en,1.0000163,5.251118004396002
884569,1,Enron,en,29.664246,8.29171649570382
869291,1,Enron,en,1.0000023,9.936816462950025
764763,2,Enron,en,3.9841628,10.795329524092406
739119,1,Enron,en,1.000551,6.691343841335902
39083,3,Enron,en,1.0001119,6.084990990844162
1309742,1,Enron,en,1.0000073,11.011038297136716
773986,3,Enron,en,1.0000114,6.831635971487472
1283705,3,Enron,en,1.0000899,8.732352869412724
1242411,1,Enron,en,3.771495,12.435524511498603
1116073,2,Enron,en,3.4315383,6.827273816611087
289131,3,Enron,en,2.368139,6.016997910076616
1117793,3,Enron,en,1.0000104,7.132848731916245
67663,3,Enron,en,1.000157,6.643798041100818
79216,3,Enron,en,1.7397503,9.429572670765141
727722,3,Enron,en,1.0000104,3.3440092018940497
1304989,1,Enron,en,5.6621227,6.033713474968222
1247132,3,Enron,en,5.415473,5.4309893654887755
1104307,3,Enron,en,2.2838066,3.506033364982429
1108669,3,Enron,en,1.0000246,3.840732097912248
4680,3,Enron,en,1.0002718,4.225690646956654
772876,2,Enron,en,1.0033333,7.4429165625439335
2875,1,Enron,en,1.0000151,8.250085304361235
739311,1,Enron,en,3.0304868,5.9395534165319255
39103,3,Enron,en,1.0001022,6.3455428501712206
1105679,3,Enron,en,2.6722965,5.910493831878626
758080,1,Enron,en,3.2091453,8.811933797159107
305183,3,Enron,en,1.2050061,5.748920622237851
340,2,Enron,en,1.55784,6.513421690085727
1285334,2,Enron,en,1.0000492,4.399610575650023
409,2,Enron,en,1.0000755,12.137377906945316
1311988,1,Enron,en,1.0010545,12.17020522705481
87763,3,Enron,en,1.0005187,7.285778915346551
1311871,3,Enron,en,2.1509728,6.949552399902032
1358202,1,Enron,en,1.0000241,9.253869679015576
1255962,3,Enron,en,1.0000021,4.226171128139905
1311717,3,Enron,en,1.0000659,6.166019030507839
1129778,3,Enron,en,1.3056259,4.542073461932668
1359419,3,Enron,en,1.8906186,7.5698950780497265
1299124,1,Enron,en,1.0002352,7.446117737250218
69575,3,Enron,en,1.0000347,2.6280451105624225
2228,2,Enron,en,1.0003023,6.969482886476367
901188,3,Enron,en,2.4231443,5.367987291818015
53324,1,Enron,en,1.865429,5.499423884373729
1354876,2,Enron,en,2.1522222,6.537461110551354
57840,2,Enron,en,1.0001757,9.221304368438899
730245,2,Enron,en,1.0001074,12.541197457750439
1261119,1,Enron,en,2.5742831,7.199646836027116
410,1,Enron,en,1.0000676,7.7360990876031375
1358832,2,Enron,en,1.0001414,8.812077967368559
894590,1,Enron,en,1.0000153,7.874885356169892
899659,3,Enron,en,1.831307,7.110267517664263
280314,3,Enron,en,2.1132607,3.536401202034617
1270633,1,Enron,en,1.0165663,4.20464863283786
1311531,2,Enron,en,1.6940385,7.20571264955047
1242448,2,Enron,en,1.0004352,6.533657135642914
1247400,3,Enron,en,1.0007145,5.846776792190629
1309206,3,Enron,en,5.7085166,7.1270739257762505
4464,3,Enron,en,1.0001844,6.148531493716329
41611,1,Enron,en,1.0001147,9.278237246111336
763278,3,Enron,en,1.0003538,7.289069100081528
1293684,1,Enron,en,1.0000232,8.628864214453337
1127902,3,Enron,en,1.0000099,6.418466123593115
685554,3,Enron,en,1.5107683,8.965859078810718
776178,3,Enron,en,1.0000256,3.9141084220625673
1297499,1,Enron,en,2.7708375,8.925153417826607
76978,3,Enron,en,1.0000117,5.582184140895421
74110,1,Enron,en,1.0002233,7.070700547941688
1122473,1,Enron,en,1.0002506,5.372168090039036
1111874,3,Enron,en,1.0000079,6.478013144121947
775520,3,Enron,en,1.0001175,3.089787131509855
285521,1,Enron,en,1.0003371,5.412776963646071
1265013,2,Enron,en,1.0002302,7.557785139661905
772959,2,Enron,en,1.000091,9.467530144160584
1350601,2,Enron,en,1.0000025,6.713406682374826
1131638,1,Enron,en,1.0018626,6.046346313709405
869588,1,Enron,en,1.0000517,9.943150611321276
833620,3,Enron,en,1.0002267,10.743961535002551
1109234,1,Enron,en,1.0001161,7.303738829145954
273478,1,Enron,en,1.0009962,6.828805050114367
947352,3,Enron,en,1.865429,5.499423884373729
59759,1,Enron,en,1.0000693,5.055417722700198
1311787,3,Enron,en,1.0044479,6.581198836805576
1261978,1,Enron,en,1.0002961,5.7574575596333535
80506,1,Enron,en,1.0000038,14.190659423211624
34453,3,Enron,en,1.0000037,5.740116497239497
59216,3,Enron,en,1.0002245,5.014779198373481
739489,1,Enron,en,1.2908095,4.486501094382807
1263461,3,Enron,en,1.5762973,5.012191716651805
59427,3,Enron,en,1.8645052,5.616426111167098
776588,3,Enron,en,1.0000023,3.3559531581210473
59348,2,Enron,en,1.0000376,6.51911834973517
1144291,3,Enron,en,5.7068214,10.86755017328539
1263190,3,Enron,en,1.0001367,6.911526223122005
1127821,1,Enron,en,1.0001026,10.39221925806706
1126486,3,Enron,en,1.0003673,8.734001046678191
2983,3,Enron,en,6.4161353,6.50038230111813
743088,3,Enron,en,1.0001498,5.99601075753393
3272,2,Enron,en,1.003305,6.899869703840338
38666,1,Enron,en,1.0027558,9.259023280714175
884187,3,Enron,en,1.0000035,6.391954476746068
2916,2,Enron,en,1.0000372,8.504181782517227
1107573,1,Enron,en,1.5748047,8.63002505563714
56550,3,Enron,en,2.6010945,6.226619807350281
1108468,3,Enron,en,1.0000032,9.459488408103097
1114539,1,Enron,en,1.0000956,5.6817430527577395
288831,3,Enron,en,1.0000643,9.40330793627297
744821,1,Enron,en,1.0013381,9.00200051606751
246,3,Enron,en,1.4311862,7.907024993852734
1306041,1,Enron,en,1.3761564,8.476625990676954
1354751,1,Enron,en,1.0000985,6.114584133487085
45853,3,Enron,en,1.0000104,3.3440092018940497
4463,3,Enron,en,3.2574203,9.197700386209267
59799,3,Enron,en,1.3811401,5.819067314869696
776249,3,Enron,en,1.0002705,4.0254419024742685
685423,1,Enron,en,1.0000025,8.235991596976477
273479,2,Enron,en,1.0003358,8.148625513597482
1284292,1,Enron,en,2.1561434,6.101058534662224
1273023,3,Enron,en,1.0000175,6.8272975103133025
1278675,1,Enron,en,1.0000985,7.579754326012149
894724,3,Enron,en,1.0256697,7.499057025137035
1122610,2,Enron,en,1.0002551,4.930028293538327
766452,1,Enron,en,1.0002671,7.684360951827602
1101570,3,Enron,en,1.0000964,7.837599087902071
874731,3,Enron,en,1.0001197,2.640758004167324
1241094,3,Enron,en,1.0000021,2.9601254754597797
69122,2,Enron,en,1.9684345,9.41591918623133
1249050,1,Enron,en,1.0000082,7.521191086791291
41655,2,Enron,en,3.4155996,4.7245507573920715
1105840,3,Enron,en,2.5337446,3.6462445590238666
881447,1,Enron,en,1.8201436,7.346433158946799
79103,2,Enron,en,3.7938418,8.806342104922221
305263,3,Enron,en,1.0000643,9.40330793627297
2547,3,Enron,en,1.0000112,3.297773446316369
1263869,3,Enron,en,1.0000049,3.1603699015044726
275633,3,Enron,en,1.0000021,5.877859757230178
885562,2,Enron,en,1.0010831,7.942202506171776
1272794,3,Enron,en,1.6923428,8.917005016953093
722572,3,Enron,en,1.0000021,4.226171128139905
2285,1,Enron,en,1.0001518,10.031217667916588
727620,1,Enron,en,7.49429,8.04442424498596
728434,3,Enron,en,1.0000919,5.543911056567606
1263117,1,Enron,en,1.5228758,9.207130764005042
743454,3,Enron,en,1.0000024,6.324638781406722
759126,2,Enron,en,1.0000257,5.218201126021424
1336760,3,Enron,en,1.0000049,4.331986833837302
283630,3,Enron,en,1.0000023,2.8860000624033066
1269754,3,Enron,en,1.0000021,4.821703480566484
1282534,1,Enron,en,13.633051,8.213945910489311
1249085,1,Enron,en,1.6680382,8.643418812344699
1310277,3,Enron,en,2.8390954,5.062982565855696
57882,3,Enron,en,1.4043725,9.403210035864555
1248903,1,Enron,en,5.8116155,8.946812945336925
1260495,2,Enron,en,1.6259549,5.402282906778496
292387,3,Enron,en,3.2421608,7.634825867970835
877635,2,Enron,en,1.0000058,5.99850238696776
16449,3,Enron,en,1.0000031,4.3589294282898186
4620,3,Enron,en,1.734904,5.56992734986053
881087,3,Enron,en,5.151746,9.12043961136887
1114491,3,Enron,en,1.0000107,3.927441801351642
772929,3,Enron,en,1.0000077,6.762888867238597
1253162,1,Enron,en,1.0075549,10.901959495132932
1114443,1,Enron,en,1.0001063,14.672957005495292
764468,3,Enron,en,2.050033,6.689735087170461
1278815,3,Enron,en,1.0000889,5.759739643164936
3072,2,Enron,en,1.0000027,3.412757535456081
1285140,3,Enron,en,1.0000151,6.6469235375423
897916,1,Enron,en,1.0001948,5.259604082660139
1144720,1,Enron,en,1.0028406,8.05299156484147
1350670,3,Enron,en,1.0007544,7.118935168324756
1268722,1,Enron,en,1.7529924,6.278177431081538
884252,3,Enron,en,1.000291,7.203763557133859
1293892,3,Enron,en,1.0000021,8.891982810194527
1111984,3,Enron,en,1.000178,6.230177067813984
1120147,1,Enron,en,2.616305,5.842160985466011
899149,1,Enron,en,1.5773917,7.502522874792175
41606,1,Enron,en,1.0001507,7.866820827051131
1290078,1,Enron,en,3.1972456,7.562000418026424
685019,3,Enron,en,1.0000068,4.991774143887297
78198,3,Enron,en,1.0000049,3.1603699015044726
899098,3,Enron,en,1.0000087,4.511988138765224
743320,1,Enron,en,1.0008166,10.688618995791924
58555,3,Enron,en,15.280769,8.950087038127501
1033955,3,Enron,en,6.8464227,6.976888097769387
1265041,3,Enron,en,1.0000172,6.650398890692578
56499,2,Enron,en,1.002202,7.052947679243854
77739,3,Enron,en,1.0000036,7.497399041225579
16354,3,Enron,en,2.368139,6.016997910076616
739650,3,Enron,en,1.0000021,4.443186315136903
1122690,3,Enron,en,1.0000044,6.250860861021059
1255916,3,Enron,en,1.0000024,4.624933436090216
1114532,1,Enron,en,1.0001217,8.710089711157153
44497,2,Enron,en,1.8209003,2.522967933539463
104357,2,Enron,en,2.0053375,6.376775122726228
1111818,3,Enron,en,4.9379,7.739576004930245
755298,1,Enron,en,1.5822741,9.4489984530043
1285021,3,Enron,en,1.0000162,7.230910084122907
275771,1,Enron,en,1.0000281,10.233961437052459
107759,2,Enron,en,1.6948591,7.653443834011866
880610,2,Enron,en,1.0000366,6.147909671236069
1122787,2,Enron,en,5.733096,6.238679072246408
898984,2,Enron,en,1.2850778,7.6023740714358174
1283822,1,Enron,en,1.4583822,6.781264142290154
76386,3,Enron,en,1.0000058,4.267676393749542
69629,3,Enron,en,1.0002187,3.6523628131515142
898133,1,Enron,en,1.0000519,4.918329603255129
69159,3,Enron,en,1.7417897,5.7065536887077135
59484,3,Enron,en,4.542712,7.408661129958298
276674,3,Enron,en,1.0001832,5.081276608147444
39375,1,Enron,en,1.000022,6.680880049519712
1121025,3,Enron,en,1.0000298,5.471107904554474
1306478,3,Enron,en,1.0046461,7.407373226599234
1247026,3,Enron,en,1.5853744,4.516751610108262
291516,3,Enron,en,1.0000021,4.6360131692704005
60143,2,Enron,en,58.743237,8.484665019327315
1121989,3,Enron,en,1.0002166,6.3244767767795285
742799,1,Enron,en,1.0001435,9.669361133857588
725106,3,Enron,en,2.439742,5.139253847601658
66925,1,Enron,en,1.72567,6.711181490542501
1034016,2,Enron,en,1.0000106,8.672316491269916
1106055,1,Enron,en,1.0000201,6.781469227279499
899685,3,Enron,en,1.0000088,8.289790102809784
756812,2,Enron,en,1.0001862,5.228175164611521
38343,1,Enron,en,3.7572758,5.538208924971077
683022,1,Enron,en,1.0000032,6.795203846465759
755603,1,Enron,en,11.528783,9.52200434623136
3025,3,Enron,en,4.7392597,5.522589544130783
1248967,3,Enron,en,7.2962003,5.696501043103209
725250,2,Enron,en,2.3750455,9.299367334026659
1270808,2,Enron,en,1.0001141,5.383730793846463
291554,2,Enron,en,2.111264,5.9395367299394275
1259598,3,Enron,en,1.0001224,4.9353790984212385
1122777,1,Enron,en,1.0039052,7.5955061317669985
292372,3,Enron,en,1.0000067,6.3147985273081675
1307119,2,Enron,en,1.0000813,6.478080589189122
289044,1,Enron,en,1.5465978,5.8947752069032
289126,3,Enron,en,1.000257,5.156277499185553
1251205,1,Enron,en,1.0000424,4.903186134253402
80919,2,Enron,en,1.0000023,8.342908664217232
931566,3,Enron,en,1.0000101,4.819378092685377
1109084,2,Enron,en,3.7083843,6.541245680128574
730896,3,Enron,en,1.0000774,3.4770477687338857
776214,3,Enron,en,2.8368301,4.663517013725685
725063,3,Enron,en,1.000528,8.976885184595636
291982,3,Enron,en,1.0000033,6.067600897498284
275487,3,Enron,en,1.0000101,4.819378092685377
58560,2,Enron,en,1.0060128,7.988166949165863
817282,2,Enron,en,1.000135,8.33755121446586
1354147,3,Enron,en,1.0000906,7.079295396830706
3269,1,Enron,en,2.5071423,9.143107930772704
683007,3,Enron,en,1.0000048,6.6817468059215654
1295561,3,Enron,en,1.0000025,4.583900980850803
1108532,3,Enron,en,1.0355093,5.53103991953014
690504,3,Enron,en,1.0001483,10.30149527529444
684399,1,Enron,en,1.0000042,6.81707849487157
291843,1,Enron,en,13.093258,8.45390684734552
1114503,3,Enron,en,1.0000808,3.6992606407919784
1248887,3,Enron,en,1.0000262,5.344674270345708
1310654,3,Enron,en,2.7280145,6.635248332121286
1293382,3,Enron,en,2.7213862,6.988432196851242
104422,2,Enron,en,1.0001951,4.2455580220894
772915,3,Enron,en,4.0402546,11.318458518680629
773541,3,Enron,en,1.0000077,5.453178202234747
774939,3,Enron,en,1.7202225,9.112981842732875
747514,1,Enron,en,1.8670576,5.851155468532347
1359712,3,Enron,en,1.0008211,8.934115367050135
1144878,3,Enron,en,1.0000501,5.7383371865924255
1120006,3,Enron,en,5.4202013,9.700071274206245
1265724,3,Enron,en,1.000018,10.527157373494935
1275261,2,Enron,en,1.5208722,5.038821159115832
1244855,3,Enron,en,1.0000681,5.150663368718994
1266310,3,Enron,en,1.0000021,3.7871699575561424
1251209,1,Enron,en,2.4665172,4.383493266381649
1354713,1,Enron,en,1.7485131,5.794575662176247
1327647,1,Enron,en,1.4256772,6.958996997704212
722895,2,Enron,en,1.6767156,4.1126883144659505
43746,1,Enron,en,2.5188987,7.896503850603984
69181,1,Enron,en,1.0002756,9.591796191627726
1308549,1,Enron,en,2.1914375,6.272267351852479
1260338,1,Enron,en,1.004378,8.12525457545259
102587,3,Enron,en,1.0000027,4.6983614549290245
1106003,3,Enron,en,1.0000565,6.8150757215171005
1120251,3,Enron,en,1.000003,7.442543878789367
742877,3,Enron,en,1.3091131,5.307353344499623
1105713,3,Enron,en,1.0000693,7.192043223986135
748908,3,Enron,en,1.0001055,5.122831578355788
947387,2,Enron,en,17.123215,7.43059960314833
80907,2,Enron,en,1.0000021,8.895964527233067
1121356,2,Enron,en,1.0002726,6.6423752521844195
45773,1,Enron,en,2.4736032,4.013483363778231
705669,3,Enron,en,1.0000049,3.1603699015044726
1124596,1,Enron,en,1.000128,6.712026665959339
763601,3,Enron,en,1.0000217,5.367389413580858
4666,2,Enron,en,1.4730686,5.341376325568568
683186,1,Enron,en,1.0000021,8.48786256624672
773713,3,Enron,en,1.0020058,5.53821167069112
746039,1,Enron,en,1.001417,7.1155512706850566
776317,3,Enron,en,2.6338499,3.5342105878378507
730503,3,Enron,en,1.0000024,6.682232680344005
56404,3,Enron,en,1.0002027,7.751580102941346
41854,2,Enron,en,2.0420299,7.591915776135961
1111914,2,Enron,en,1.0000072,11.052994208905812
2536,3,Enron,en,1.0000042,5.904346352701889
57263,3,Enron,en,1.0000023,4.0165275771284845
901137,3,Enron,en,1.0000381,6.213183159578531
289092,3,Enron,en,1.0000031,4.3589294282898186
1259769,3,Enron,en,1.0000026,4.962678791886318
3672,3,Enron,en,1.0000052,3.226272041200679
1122511,2,Enron,en,2.0225775,5.121803068844886
280879,2,Enron,en,1.0001023,6.481558708575037
764532,3,Enron,en,1.0000771,10.077822185495275
891307,1,Enron,en,1.0001153,6.884429549676989
39117,1,Enron,en,1.0001433,4.152320734066103
57362,1,Enron,en,2.7480915,6.002281449761492
731427,3,Enron,en,3.7450454,8.92752842485743
771962,3,Enron,en,1.000029,5.406730765100581
1292947,3,Enron,en,1.0000656,6.827542350051144
1296909,2,Enron,en,1.0051026,6.20944883672525
744713,3,Enron,en,2.81519,6.539949688565189
759443,3,Enron,en,1.0001743,4.59147649000669
1255469,3,Enron,en,1.0000081,5.109153659024991
1249068,1,Enron,en,2.7683575,7.418260118688064
1275753,1,Enron,en,1.9473162,8.16345466944113
16296,3,Enron,en,1.2050061,5.748920622237851
281731,2,Enron,en,1.000144,6.6004743274415825
1312600,2,Enron,en,1.0003103,6.340868601577935
763348,1,Enron,en,1.7288339,7.362879058757512
735201,1,Enron,en,1.0001018,8.835171227516097
1127951,3,Enron,en,1.0000038,5.393580885577858
901016,2,Enron,en,1.0000023,11.635817273835121
107621,3,Enron,en,3.6346257,7.008401218901516
45855,2,Enron,en,2.2849214,7.076386407477135
1336362,3,Enron,en,1.0000023,5.310711902595841
30876,3,Enron,en,1.000002,3.851768819594141
39463,3,Enron,en,1.825373,6.66937775511709
755430,1,Enron,en,3.0424113,6.591825679599238
84018,3,Enron,en,2.037902,9.789231669591585
869727,1,Enron,en,1.0000169,12.34721609621148
742861,3,Enron,en,1.0000352,4.417922178021238
57299,3,Enron,en,1.0066805,5.256865953420982
1114458,3,Enron,en,1.8008966,8.183802613798722
1122741,2,Enron,en,1.9430914,6.516923092239247
59186,2,Enron,en,1.0003872,10.565181115467983
1350641,1,Enron,en,1.0000527,10.129389504500184
55396,3,Enron,en,1.0000027,4.458128962264119
1308219,2,Enron,en,1.0036174,4.1221362213456825
1112417,3,Enron,en,1.0000023,5.653179625042913
1112093,2,Enron,en,1.0000021,6.882916554894063
34432,3,Enron,en,3.2471907,7.986165901244979
1034803,1,Enron,en,2.8675642,9.179118888458492
1037142,3,Enron,en,1.2850778,7.6023740714358174
1105537,1,Enron,en,4.8507867,5.122343116402582
36835,3,Enron,en,1.0000043,4.857310809616093
37112,3,Enron,en,1.0000767,6.128449621172233
1131984,2,Enron,en,1.000002,6.000057950100527
30132,2,Enron,en,1.7646405,4.867923041583171
898679,1,Enron,en,1.0015922,10.012294080687415
1350710,3,Enron,en,2.440139,6.752731663302864
888459,3,Enron,en,2.1905258,5.945346495535223
56409,3,Enron,en,1.0001411,10.928206831498882
36991,3,Enron,en,1.000211,4.795401975086184
1306569,3,Enron,en,1.0000285,9.790522727407883
57941,3,Enron,en,1.000079,5.894769361912294
1299753,1,Enron,en,1.5673436,5.8242770030919635
1280570,3,Enron,en,2.1600654,3.9099614505708224
42330,1,Enron,en,1.0000067,6.6202329409052645
39180,2,Enron,en,1.0005752,10.281159579327978
743400,3,Enron,en,1.0000043,5.26083588014033
41960,2,Enron,en,1.0001775,10.037693273511724
1283336,2,Enron,en,1.000002,4.539110233447612
1104318,3,Enron,en,2.7516809,6.981368920469946
1313005,1,Enron,en,2.9611237,6.283042200965659
56332,1,Enron,en,1.0001378,11.558288607504638
283973,3,Enron,en,1.0003791,4.17559191976065
1101425,1,Enron,en,1.5875604,8.961275900551582
683218,3,Enron,en,1.000002,5.216537907254063
725133,1,Enron,en,1.0000706,9.29436023276861
1249002,3,Enron,en,1.0001554,6.779888104003655
1250973,3,Enron,en,3.911001,10.11000837965425
1278733,3,Enron,en,4.0324464,4.3026253349240235
1143943,3,Enron,en,1.0127879,7.027186915837338
1077388,1,Enron,en,1.0002786,4.7909289047016665
1249057,1,Enron,en,1.0000652,8.763330461314087
1270661,3,Enron,en,2.621435,7.176756897248912
1288963,1,Enron,en,3.0014381,7.6473120032330195
1111640,1,Enron,en,1.8583225,8.968643607365285
1100351,3,Enron,en,1.0000027,4.458128962264119
1100636,1,Enron,en,4.9930296,6.772965089240572
742918,3,Enron,en,1.0000057,5.878491181773378
1273084,3,Enron,en,1.0000021,5.382140225832842
900493,3,Enron,en,2.124012,7.729512703513532
29524,3,Enron,en,1.615282,8.07679264250202
3662,3,Enron,en,1.0000049,3.1603699015044726
1122433,1,Enron,en,1.558851,6.07073623083493
275902,3,Enron,en,1.0000536,4.91046394079003
1354250,3,Enron,en,1.0000793,7.219220745572229
1121664,1,Enron,en,1.000013,4.540364623384831
1302759,3,Enron,en,6.7943964,5.697474532852108
1312470,1,Enron,en,2.417249,4.635376547595838
37488,3,Enron,en,1.0000563,9.595211174245184
1291549,3,Enron,en,1.0000075,7.167812731715793
1102746,3,Enron,en,8.629012,10.846520073691897
724995,3,Enron,en,1.0001591,6.547708931931568
754573,3,Enron,en,1.6484345,5.47939710246905
773041,2,Enron,en,1.4739118,8.006644854499292
39374,2,Enron,en,1.0000157,8.551182481983206
743192,3,Enron,en,1.0000023,4.805797939592305
2146,3,Enron,en,1.0002165,11.935882343837457
59847,3,Enron,en,1.2050061,5.748920622237851
1250888,2,Enron,en,1.0002744,8.78787881186408
2943,3,Enron,en,3.0334575,9.131912367309475
1293832,1,Enron,en,1.0000353,6.908720424451031
16369,3,Enron,en,1.0000156,4.429895255627715
34397,3,Enron,en,1.0000226,6.1234586370046955
1120580,3,Enron,en,1.0000049,6.112084689555841
2780,3,Enron,en,1.6542196,3.4024822016200207
1303753,1,Enron,en,1.9392973,7.012976453486814
724909,3,Enron,en,1.0000225,8.582195294994902
289087,2,Enron,en,1.000062,7.372557624534966
1241789,3,Enron,en,1.8971981,8.785111206804777
685033,2,Enron,en,1.0000021,8.646527578776677
1290780,3,Enron,en,1.000009,4.730406294032341
1111963,3,Enron,en,1.0000293,4.719749088541431
1327666,3,Enron,en,1.0000026,8.392911851673453
723460,2,Enron,en,1.4926296,8.050555182517046
1256099,1,Enron,en,1.0001184,7.913400379337377
77311,1,Enron,en,1.0000534,8.458466766975821
1260800,3,Enron,en,1.0000228,4.46552761095174
1286444,3,Enron,en,1.0000027,5.89157009945877
1281368,3,Enron,en,3.0702882,7.127400187802764
59481,3,Enron,en,1.0000199,6.26425890330793
1302952,2,Enron,en,1.00003,8.52787312396559
893210,3,Enron,en,1.0002187,3.6523628131515142
281768,2,Enron,en,1.0001308,5.260781977532807
1101437,3,Enron,en,1.7335389,7.066089989886302
1034003,1,Enron,en,1.0001522,7.9733004322272025
1144260,3,Enron,en,1.0000196,4.655061752812651
82569,3,Enron,en,1.0018245,5.996531991345471
1336772,3,Enron,en,1.5075878,4.9217339705417835
763075,1,Enron,en,1.0004516,12.782390042537566
1304128,1,Enron,en,2.0617461,6.694857909098315
284921,1,Enron,en,1.0000104,10.735225889660637
56963,2,Enron,en,1.0000855,9.449963530051798
739233,3,Enron,en,1.0027251,5.518362815402139
1133291,3,Enron,en,1.0063479,5.846431857022145
730452,1,Enron,en,1.0001769,5.766004315413549
725161,3,Enron,en,1.000034,6.89330831011916
34235,3,Enron,en,1.0005773,7.0255438584791365
1272075,2,Enron,en,2.236077,4.196562726627885
59184,2,Enron,en,2.0244393,9.069235363522
78871,1,Enron,en,3.0137246,7.825260039710834
751270,3,Enron,en,1.0000023,3.628768503622297
1098921,2,Enron,en,1.865429,5.499423884373729
78910,1,Enron,en,2.7143238,8.734012593675649
685138,3,Enron,en,1.0001867,8.609045660004044
1310659,3,Enron,en,4.1971054,6.979595854652299
1359749,2,Enron,en,2.552569,7.7969889474967635
773340,1,Enron,en,1.0000856,4.541057987590027
42040,3,Enron,en,1.0000281,6.3975723894137095
1305974,1,Enron,en,4.1783977,9.43430648650375
1274615,3,Enron,en,1.0000033,8.741730844754239
1350580,3,Enron,en,1.0000706,7.163591066257041
275504,3,Enron,en,1.0000283,5.041758988261367
759308,3,Enron,en,1.0003508,5.274202489939385
31093,3,Enron,en,1.0000311,5.071319650331643
744754,3,Enron,en,1.0000021,2.858638930512004
1105130,2,Enron,en,2.5432186,10.283098384845813
735296,1,Enron,en,2.3468566,6.49913414507064
58474,2,Enron,en,3.1150713,9.149758671007925
292353,3,Enron,en,1.41411,8.10376243059026
1354379,2,Enron,en,1.0002903,8.60191081335441
1278608,1,Enron,en,1.0035076,9.851557705044218
277129,3,Enron,en,1.0000305,5.7052656137272475
1139220,3,Enron,en,1.0000023,6.167600707618453
1111677,3,Enron,en,1.0000031,5.64822285479905
84187,3,Enron,en,1.000277,6.672796478207399
1034041,2,Enron,en,1.517666,8.67495394305676
1101574,1,Enron,en,1.0049618,9.379021077178741
759121,2,Enron,en,1.0000689,5.875428920402542
886940,3,Enron,en,1.0000262,9.557779480844053
1112541,3,Enron,en,1.0001688,5.83234750396147
1278607,3,Enron,en,1.0000021,6.206792655176898
739506,3,Enron,en,1.0000029,7.680486160455604
43009,2,Enron,en,1.0000736,6.851027886349972
59864,3,Enron,en,2.9084067,9.120273816889116
724112,1,Enron,en,1.000138,10.59115320475611
286858,3,Enron,en,1.4208744,5.320999941631604
1101452,1,Enron,en,1.5579813,7.314247366831168
765254,3,Enron,en,1.0000104,3.3440092018940497
1034047,1,Enron,en,1.0002886,8.092019282856507
44553,1,Enron,en,1.0007178,8.829261288339467
1266351,2,Enron,en,1.8752326,5.201844645775503
1243127,1,Enron,en,1.9046918,7.28059013992253
102605,3,Enron,en,1.0001267,8.471283469849373
60211,3,Enron,en,1.0000037,9.668338499582767
1307104,3,Enron,en,1.0000196,4.121910743429948
19490,3,Enron,en,2.2636135,6.843144421937865
57803,1,Enron,en,1.7999545,8.561695793673131
42125,3,Enron,en,2.2045739,8.30098615094143
763164,1,Enron,en,2.383079,8.206568879075064
888446,3,Enron,en,1.0001174,8.909217407481979
754294,1,Enron,en,1.814738,7.699377063938658
289147,3,Enron,en,1.0000156,4.429895255627715
1122905,1,Enron,en,2.9927335,6.818315597114199
263053,1,Enron,en,1.000226,5.117401858582506
931732,1,Enron,en,2.7600012,6.314193280879451
34422,1,Enron,en,1.9131993,10.481924964464342
82600,3,Enron,en,1.000097,8.328118235856959
743577,2,Enron,en,1.2262872,4.2480740656343094
754176,3,Enron,en,1.0001392,3.9974429363005775
931834,3,Enron,en,1.0000877,6.594931085745936
1112908,1,Enron,en,1.0000193,5.960286813073504
1270627,1,Enron,en,1.0149864,8.887243525781955
1315868,2,Enron,en,1.7106069,7.948640408222045
1261990,2,Enron,en,2.1989324,4.89069595439194
884508,1,Enron,en,1.0000844,10.411919419665969
755259,1,Enron,en,2.5318139,9.67804349905217
1120215,3,Enron,en,1.0000608,10.504433496566893
34450,2,Enron,en,1.000097,7.719650018729319
1124565,3,Enron,en,3.9012449,5.952374703360024
1111996,1,Enron,en,1.0000058,7.410573810198331
1264866,3,Enron,en,1.0000074,7.852263193124696
1308548,3,Enron,en,1.0000112,5.691388717678819
284307,1,Enron,en,2.417277,5.534470517519232
743397,2,Enron,en,1.0000538,7.571559083659711
1260920,3,Enron,en,2.1261666,8.162206860535246
720910,3,Enron,en,2.4261591,7.56650939317291
773115,1,Enron,en,1.000002,17.08000924495584
1139212,1,Enron,en,1.000799,7.171451398048647
104551,2,Enron,en,2.4472234,12.545662520442004
1303814,3,Enron,en,1.0000045,11.18211849878646
1242844,2,Enron,en,1.0000042,4.853967047105288
1304538,2,Enron,en,1.0000356,4.3115824769079225
281694,1,Enron,en,1.000082,7.596937225357536
773494,3,Enron,en,1.0001175,3.089787131509855
1133097,3,Enron,en,1.0042166,7.023017899391555
1250409,3,Enron,en,2.253013,5.5683075379136815
60232,1,Enron,en,1.000082,7.596937225357536
1262647,1,Enron,en,1.000613,5.12464445867795
1114468,3,Enron,en,1.0004758,6.643321548529801
56287,1,Enron,en,1.0000073,6.783129187030887
1248661,2,Enron,en,1.0000652,8.763330461314087
1285215,1,Enron,en,1.000003,4.680673975301959
43985,2,Enron,en,2.1809802,7.482028743234278
83921,3,Enron,en,1.000003,4.168444934726063
292751,1,Enron,en,1.0000974,10.998975005711971
730499,1,Enron,en,10.970434,12.39075717857046
1281385,3,Enron,en,2.1752293,5.630825540721956
292648,3,Enron,en,2.274152,6.527880885979826
59837,1,Enron,en,1.000004,6.005217294384293
104505,2,Enron,en,1.0000188,4.996417394442301
771871,1,Enron,en,2.3078566,5.079327974280382
748693,1,Enron,en,1.0008333,5.995896805607052
682179,3,Enron,en,1.0002122,8.921478565762001
1336734,2,Enron,en,1.5083897,5.33298568928711
1114509,1,Enron,en,3.6873567,8.368094861262561
774690,1,Enron,en,1.5398692,3.4346663598032543
721448,3,Enron,en,14.966741,10.885387926166427
1309095,3,Enron,en,1.0000889,6.412916765929887
770384,1,Enron,en,11.82353,9.561670607466924
877320,3,Enron,en,1.0081154,5.152748365529566
1242797,1,Enron,en,1.0000724,7.02585153962861
1303077,3,Enron,en,1.0000037,6.528701898431295
772956,1,Enron,en,10.282225,9.102915253554718
1148601,1,Enron,en,1.733633,5.706902631687835
278764,1,Enron,en,1.3844048,5.9804975788856884
43397,2,Enron,en,1.0002089,12.74761650898102
1034094,3,Enron,en,1.000015,6.553191905401852
69029,2,Enron,en,1.9317938,7.316948204860372
37081,3,Enron,en,1.0002911,5.52450645967628
1294421,3,Enron,en,1.0000049,3.1603699015044726
34601,3,Enron,en,1.000002,4.611553662184734
56782,3,Enron,en,1.000091,6.43431889205835
1266435,1,Enron,en,2.992343,6.0194783651644
743036,2,Enron,en,1.0000609,7.174784808911895
30993,3,Enron,en,1.0000029,5.020639312735321
16095,2,Enron,en,1.000062,7.372557624534966
1120276,2,Enron,en,1.0164185,7.458025331821966
738665,1,Enron,en,1.0009843,5.231302929828329
37074,2,Enron,en,1.0000496,5.155174119113638
756530,2,Enron,en,1.0008401,5.250128810843873
886536,2,Enron,en,1.8677387,9.387112304586756
1268352,3,Enron,en,1.0015574,5.111911999732503
56430,3,Enron,en,4.0402894,5.263538673586879
1301216,2,Enron,en,2.7443025,5.52579938401364
1303432,3,Enron,en,2.4539769,4.71301251804953
1309394,3,Enron,en,17.216063,7.337638880748186
1134960,1,Enron,en,1.0002472,8.617533542921146
884263,3,Enron,en,1.0004555,10.300754750727316
742118,1,Enron,en,5.1103106,11.078004989433406
1242359,2,Enron,en,1.0002258,7.873332942603637
59446,3,Enron,en,1.0000963,8.625079017829611
770403,3,Enron,en,1.0000092,5.918561537119847
4507,3,Enron,en,1.0057633,6.313509839573318
720786,2,Enron,en,1.0000143,9.458664602181395
890560,1,Enron,en,1.0000046,12.12022228968323
283994,1,Enron,en,1.0000066,6.11612532657225
743326,3,Enron,en,1.0000046,7.368714628984045
1112161,1,Enron,en,1.0085535,6.939176770325143
1285127,1,Enron,en,1.0029006,8.367460132227212
1249074,1,Enron,en,10.10537,8.966479928580036
874489,1,Enron,en,14.644895,12.375276111616229
277720,1,Enron,en,1.3844048,5.9804975788856884
883205,3,Enron,en,1.0000062,3.4354219319381265
763286,3,Enron,en,1.0001813,9.674808483189954
1134056,3,Enron,en,1.0000261,5.388106389593312
292590,2,Enron,en,1.5016172,6.537682591253904
104367,2,Enron,en,1.8235787,6.574822046445404
1247910,2,Enron,en,1.0004845,7.881569563468753
80488,3,Enron,en,1.000002,4.611553662184734
685331,2,Enron,en,2.4667015,7.376752490822574
720773,3,Enron,en,1.6542196,3.4024822016200207
58542,3,Enron,en,2.2096443,3.8863385249461873
3968,2,Enron,en,2.313024,7.682009436375672
53295,3,Enron,en,1.0000174,4.846290011653936
775306,3,Enron,en,1.0024419,8.375642005960572
text1413FR,2,Yahoo,en,1.5028911,4.075653552566167
text241PG,1,Yahoo,en,1.0172725,7.908934325248389
text1059SC,2,Yahoo,en,1.000002,5.7884990054438905
text1362NE,2,Yahoo,en,1.000002,6.142303917192957
text1446FR,1,Yahoo,en,1.9390093,8.446777733041804
text1139T,3,Yahoo,en,1.945718,4.244779298226206
text170T,3,Yahoo,en,12.270505,5.719967486972757
text371T,1,Yahoo,en,1.0000936,6.296940025328196
text56T,3,Yahoo,en,1.0000899,3.8878654603635456
text394T,3,Yahoo,en,1.0010326,6.10125010628027
text347SC,1,Yahoo,en,2.77315,6.617554144350912
text1509NE,1,Yahoo,en,1.6000566,7.512464459338438
text693FR,1,Yahoo,en,1.0000101,7.893021654649437
text1755PG,2,Yahoo,en,1.0000021,6.880274730712384
text481SC,1,Yahoo,en,1.00006,8.01435206579209
text513AH,3,Yahoo,en,1.0000799,6.081489492002499
text1085T,3,Yahoo,en,2.4493413,4.807871254332785
text1273SC,3,Yahoo,en,1.0000023,3.725728249391291
text370SC,1,Yahoo,en,1.0000541,6.365231495464605
text1143AH,3,Yahoo,en,2.1687546,4.120999420623073
text10FR,1,Yahoo,en,1.0000197,8.572404779312196
text1221PG,3,Yahoo,en,3.4193227,4.612379091985635
text170SC,1,Yahoo,en,12.923682,8.536083481230113
text1663NE,3,Yahoo,en,1.0002072,8.183547005044149
text603FR,3,Yahoo,en,1.0000175,5.591817883336928
text855FR,1,Yahoo,en,1.0087076,4.496559544254787
text391AH,3,Yahoo,en,3.0526185,6.502209853408728
text323FR,1,Yahoo,en,1.0001978,7.662912933580358
text1621NE,2,Yahoo,en,1.0001684,6.633559882153383
text1349SC,3,Yahoo,en,4.470066,5.098111581593511
text1807PG,2,Yahoo,en,1.0000021,6.475736482194886
text165NE,1,Yahoo,en,1.0000086,6.977702159521528
text1678AH,2,Yahoo,en,1.000004,7.634574788833436
text826AH,3,Yahoo,en,1.0000869,4.7449682998899165
text790SC,2,Yahoo,en,1.0001302,5.57842250244277
text625FR,1,Yahoo,en,1.8854238,5.06015195015275
text429PG,2,Yahoo,en,1.5060515,6.922241438392657
text836PG,1,Yahoo,en,1.0000025,6.7839722120654855
text1518T,1,Yahoo,en,1.0000302,10.054313473237213
text8T,2,Yahoo,en,3.250858,4.9066562407203795
text1199AH,3,Yahoo,en,14.51401,3.777626615004431
text717AH,1,Yahoo,en,1.000087,5.620976894886949
text1339T,1,Yahoo,en,1.0000247,5.435248873520274
text786SC,3,Yahoo,en,1.000017,4.740262601192113
text1506SC,3,Yahoo,en,1.0000103,6.336115074599561
text1318FR,3,Yahoo,en,1.0000664,4.677632692790129
text375AH,3,Yahoo,en,1.0000869,6.693764888338549
text691NE,3,Yahoo,en,1.0000024,6.3998384934337125
text63PG,2,Yahoo,en,1.0002145,6.626399712523759
text586PG,1,Yahoo,en,4.782089,5.931827634481355
text854NE,1,Yahoo,en,1.0002123,6.6376841847008015
text70AH,2,Yahoo,en,1.0001395,3.9734822248004518
text1617SC,2,Yahoo,en,1.0000027,5.548264630136234
text1454NE,3,Yahoo,en,1.0000023,5.19917610945156
text1606AH,3,Yahoo,en,19.266964,5.316089313983412
text543SC,3,Yahoo,en,1.5006673,4.119679109327722
text1558FR,1,Yahoo,en,1.0003223,5.984663860644085
text119SC,1,Yahoo,en,1.0003214,6.504017497353478
text1335SC,2,Yahoo,en,2.348042,4.906921402348032
text1229SC,3,Yahoo,en,1.0008619,6.030910206775676
text608AH,2,Yahoo,en,1.0000029,7.055401618793241
text1754FR,1,Yahoo,en,1.0000019,8.271225991198737
text140SC,2,Yahoo,en,2.100985,5.92501364194642
text1862SC,3,Yahoo,en,2.1577406,7.603308862228648
text1684T,2,Yahoo,en,1.8936116,5.999749581443047
text315AH,3,Yahoo,en,1.5101728,4.902276255772154
text1752T,3,Yahoo,en,1.0000863,4.008950519937584
text1987T,3,Yahoo,en,1.0000032,5.529955042602966
text1076SC,3,Yahoo,en,1.4218081,6.199016347548231
text901AH,1,Yahoo,en,3.2910497,13.620899031667195
text1007T,1,Yahoo,en,1.000248,3.095683723616734
text1125SC,1,Yahoo,en,1.0001171,4.885181263736213
text710AH,2,Yahoo,en,1.0000042,7.53945968151671
text1194SC,1,Yahoo,en,1.0003573,7.368019327891277
text828T,3,Yahoo,en,1.0001196,6.538088838776811
text1785T,2,Yahoo,en,1.0001261,7.473892226879536
text132T,3,Yahoo,en,1.0026264,6.5330665408767565
text1071PG,1,Yahoo,en,1.0000453,5.399027930894628
text1666FR,2,Yahoo,en,1.0000529,4.87451529708526
text1971AH,1,Yahoo,en,1.0005889,4.978514434236573
text1906NE,2,Yahoo,en,3.7325544,6.164775986603429
text717SC,1,Yahoo,en,1.0000026,7.464060894695968
text991FR,3,Yahoo,en,1.0000552,3.8799267484445767
text1055AH,3,Yahoo,en,1.0002786,6.622179549414153
text1555NE,1,Yahoo,en,1.0833163,6.508912048511529
text1033T,3,Yahoo,en,1.0000224,5.799207541021507
text1283SC,3,Yahoo,en,1.1602837,6.778176289881284
text1425AH,3,Yahoo,en,1.0000287,6.324341950286042
text1977PG,3,Yahoo,en,1.00033,5.280263661670732
text890AH,1,Yahoo,en,1.0000076,9.049024464484926
text734SC,1,Yahoo,en,1.000151,4.706630899468739
text113PG,1,Yahoo,en,1.0001869,6.79958484001992
text947NE,1,Yahoo,en,1.0001502,6.159093782502197
text1138AH,2,Yahoo,en,1.0005306,7.722052616457952
text1872NE,1,Yahoo,en,1.0001986,5.4350970756665475
text1221FR,1,Yahoo,en,1.0000205,5.551437099373806
text227FR,2,Yahoo,en,1.0000082,5.8688504106720565
text1332NE,1,Yahoo,en,1.0002111,7.691126204627562
text896FR,1,Yahoo,en,1.0009114,9.500115610596806
text1298T,1,Yahoo,en,2.0050313,2.2499242911232704
text1533SC,1,Yahoo,en,1.3279644,4.271056692983931
text460T,1,Yahoo,en,1.0007503,4.834134897609984
text1759AH,1,Yahoo,en,1.0000906,6.245301597691814
text1029T,1,Yahoo,en,2.313836,6.363664338274856
text873PG,1,Yahoo,en,1.0000564,7.2256887380704065
text1218NE,1,Yahoo,en,1.0002402,10.33673414482927
text1026PG,2,Yahoo,en,1.0007706,5.94715657839374
text1AH,3,Yahoo,en,1.0001335,5.444781098912716
text697SC,3,Yahoo,en,1.8447878,4.51814317852998
text595SC,2,Yahoo,en,1.5638311,4.8393080479810235
text1758NE,3,Yahoo,en,1.0000029,5.2472429928944475
text1293AH,1,Yahoo,en,1.0006518,5.375818187571941
text1306NE,3,Yahoo,en,1.0000277,6.091277227825608
text1761SC,1,Yahoo,en,1.0000066,5.397458710843075
text1056SC,1,Yahoo,en,2.5141754,7.724198105750308
text1297T,3,Yahoo,en,1.0001248,5.816327245690399
text1306T,3,Yahoo,en,1.0000027,3.6749728413053275
text571AH,1,Yahoo,en,1.0004646,6.145121388042623
text675SC,2,Yahoo,en,1.0001072,8.717739278794841
text946FR,1,Yahoo,en,1.0001069,6.959485781035608
text346AH,1,Yahoo,en,1.000002,10.473677579386557
text1729NE,1,Yahoo,en,3.0494676,8.335988871299948
text44T,3,Yahoo,en,1.0002662,6.4150144398237225
text1712AH,1,Yahoo,en,1.0000024,7.862552574379047
text414FR,3,Yahoo,en,3.6767387,4.437513975729234
text86PG,3,Yahoo,en,1.000002,3.99240793657347
text937PG,3,Yahoo,en,1.000005,6.574812267506211
text1614FR,1,Yahoo,en,1.000217,6.669271947079141
text1477AH,3,Yahoo,en,1.0000025,2.35881381249428
text713NE,2,Yahoo,en,1.8216578,5.242733991006029
text851SC,2,Yahoo,en,1.0117042,8.997470234595871
text1756AH,2,Yahoo,en,1.0000035,5.204003681153207
text1855AH,2,Yahoo,en,1.7960558,4.968923893333062
text1426SC,3,Yahoo,en,1.0000645,7.179002393523682
text332AH,3,Yahoo,en,1.0000021,5.0106877302539585
text17T,1,Yahoo,en,2.870463,6.444805483785423
text1760FR,1,Yahoo,en,1.0001569,4.691732170530497
text329PG,3,Yahoo,en,1.000002,5.124812993448484
text131SC,1,Yahoo,en,5.166448,6.457038679297679
text204AH,1,Yahoo,en,1.0000108,5.773636253864483
text1468AH,1,Yahoo,en,1.0000021,6.091995004000348
text1983AH,3,Yahoo,en,1.0000029,5.681596576867486
text508T,1,Yahoo,en,1.0030628,5.518558890293199
text691AH,3,Yahoo,en,1.0003105,5.564325356727159
text1075NE,1,Yahoo,en,1.0000033,10.634246894581336
text1264PG,2,Yahoo,en,1.0000043,4.104441450379981
text1085SC,1,Yahoo,en,1.0000076,8.443197989213301
text1151PG,3,Yahoo,en,1.0003034,4.901160001572493
text107T,3,Yahoo,en,1.0000082,5.075125970581196
text386T,1,Yahoo,en,1.0000129,4.366370536152472
text496SC,2,Yahoo,en,1.3477286,5.696341007519388
text843SC,3,Yahoo,en,1.0000024,5.768980943526889
text22AH,2,Yahoo,en,1.0007263,4.869385785769386
text1869PG,3,Yahoo,en,1.0001572,5.813848835498558
text1766PG,3,Yahoo,en,1.0006062,4.140419742503086
text668PG,1,Yahoo,en,1.0000055,6.752338860045522
text768T,3,Yahoo,en,1.0000734,5.282720635815374
text1390AH,1,Yahoo,en,1.126241,5.420807573261706
text339NE,3,Yahoo,en,1.0000118,6.011068457630739
text409NE,1,Yahoo,en,1.0000118,4.894060974478681
text138FR,3,Yahoo,en,1.0000067,6.18535815843099
text1790SC,1,Yahoo,en,1.0000068,5.760903873081118
text795PG,1,Yahoo,en,1.000355,6.307048456358588
text1330FR,2,Yahoo,en,1.0000023,7.49879182221405
text150AH,1,Yahoo,en,4.0032945,6.086987435345777
text1870T,1,Yahoo,en,1.0000764,6.611293994308524
text1454PG,3,Yahoo,en,1.0000174,5.570105005632435
text587AH,3,Yahoo,en,1.0000705,6.367778685990707
text122PG,1,Yahoo,en,1.0002779,8.122271482042892
text1572SC,1,Yahoo,en,1.0001599,5.178423002307447
text760T,3,Yahoo,en,1.0000234,7.164587936540892
text525PG,2,Yahoo,en,2.0879567,5.590640704934066
text1528SC,1,Yahoo,en,1.0000515,1.6980168886365468
text1066SC,1,Yahoo,en,1.0001379,6.0576139461460015
text1545AH,1,Yahoo,en,1.0064709,7.744014252447224
text1474PG,3,Yahoo,en,1.0007607,6.7369716544940195
text1304FR,1,Yahoo,en,1.0000021,5.501367306658727
text1362FR,3,Yahoo,en,1.0000125,4.049867527424341
text1888T,3,Yahoo,en,1.0000024,5.541406780441498
text1848SC,1,Yahoo,en,1.0000716,6.301834955299816
text1241SC,3,Yahoo,en,1.0000067,6.738514929224583
text1069PG,1,Yahoo,en,2.2121313,6.218574067082323
text1144T,3,Yahoo,en,1.0001911,6.666341951911033
text233NE,2,Yahoo,en,9.004665,7.301326415078206
text1397SC,3,Yahoo,en,1.0000021,4.520932831568781
text1088AH,2,Yahoo,en,4.6968484,6.055722207522986
text536T,2,Yahoo,en,1.0000386,6.988367522611863
text751SC,2,Yahoo,en,1.7419733,5.906984386953357
text1696PG,3,Yahoo,en,1.0000138,5.612979033123226
text829AH,3,Yahoo,en,3.9909444,4.028971222673142
text1044AH,3,Yahoo,en,2.4145126,4.808037317062388
text118AH,3,Yahoo,en,1.000027,6.342947949567396
text1177NE,3,Yahoo,en,1.0001518,5.9522910907666
text1982PG,2,Yahoo,en,1.0002508,5.993084365882886
text322SC,2,Yahoo,en,2.064595,5.492133540844015
text886T,1,Yahoo,en,1.0000727,4.9563375152040345
text189PG,1,Yahoo,en,1.000002,6.780233207891551
text1221T,3,Yahoo,en,1.000142,5.545730892875085
text220AH,1,Yahoo,en,1.5652915,6.320923125980331
text922NE,3,Yahoo,en,1.0001968,4.656706788899824
text237NE,2,Yahoo,en,1.0000076,5.853387631121742
text1820SC,2,Yahoo,en,2.411098,5.761475126703448
text1649SC,2,Yahoo,en,1.000076,5.880886354357968
text245FR,1,Yahoo,en,1.0000473,7.724810847430037
text475T,2,Yahoo,en,1.000223,4.520301554524276
text466T,1,Yahoo,en,3.1269677,6.051251446118926
text257PG,1,Yahoo,en,1.4689641,6.765651093366505
text848NE,2,Yahoo,en,,4.877881275851589
text1500NE,2,Yahoo,en,1.0005405,5.913452211224391
text543NE,3,Yahoo,en,1.0000023,5.117614133073294
text1694FR,3,Yahoo,en,1.0000036,4.011956155323484
text1211T,2,Yahoo,en,1.0000432,5.097032440938729
text1853T,2,Yahoo,en,1.7849473,4.745788591166703
text717PG,1,Yahoo,en,1.0000023,6.130324568282674
text1910SC,1,Yahoo,en,1.0000124,6.610913788469495
text57AH,1,Yahoo,en,1.0001855,6.894889676624596
text1939FR,1,Yahoo,en,1.0199919,9.11286437519527
text100PG,3,Yahoo,en,1.000269,6.015134760355597
text997T,1,Yahoo,en,2.6049724,5.6033153156434645
text538T,3,Yahoo,en,1.000054,6.095217481637233
text1568FR,1,Yahoo,en,4.204411,4.967558491523043
text673FR,1,Yahoo,en,1.0000024,5.369742280444571
text1743SC,1,Yahoo,en,1.578485,6.2106926773106155
text972T,2,Yahoo,en,1.0008485,4.940420551132002
text634FR,3,Yahoo,en,3.2102895,7.891997771636829
text1327NE,1,Yahoo,en,9.825685,6.107866040154662
text1482NE,1,Yahoo,en,1.6838583,5.272260028358328
text1145T,3,Yahoo,en,1.0006435,6.118635523299113
text1109NE,1,Yahoo,en,1.0000039,6.579077264550627
text1323PG,1,Yahoo,en,1.0000497,6.595218818444493
text1444AH,3,Yahoo,en,1.0000169,5.1084478441639245
text1309AH,1,Yahoo,en,8.506484,6.865180204515891
text246SC,1,Yahoo,en,1.0036857,4.226126429911285
text1503SC,2,Yahoo,en,1.0000285,6.5059460614456475
text1192T,3,Yahoo,en,1.0000051,6.391931237548877
text291SC,1,Yahoo,en,1.0000223,5.824148989982587
text812FR,1,Yahoo,en,1.0001186,6.417034324332972
text832NE,1,Yahoo,en,1.0000126,8.942384327405234
text1458PG,1,Yahoo,en,1.000002,5.059670300858454
text658NE,1,Yahoo,en,1.0000634,7.537745428841763
text1697AH,3,Yahoo,en,1.0000105,6.231470371927225
text1372T,3,Yahoo,en,1.0074226,5.400779679883719
text144FR,1,Yahoo,en,1.0000226,8.48796215832424
text1427FR,1,Yahoo,en,1.000279,7.020186562157792
text963SC,1,Yahoo,en,1.0000025,8.152519565688548
text935SC,1,Yahoo,en,1.8320533,8.28858051303242
text680T,3,Yahoo,en,1.0002475,4.201978451797663
text1217PG,3,Yahoo,en,1.69769,3.9092849827503793
text309SC,2,Yahoo,en,3.227717,5.678373185671947
text1812FR,3,Yahoo,en,1.0000154,3.652488663090762
text1002FR,3,Yahoo,en,1.0001419,5.413024748866151
text506SC,1,Yahoo,en,1.5596267,5.542808999032717
text1823AH,3,Yahoo,en,1.6167525,4.214268795124334
text1960PG,1,Yahoo,en,1.7762808,8.22190837855165
text1297SC,1,Yahoo,en,1.6349615,9.322834718383833
text1971T,3,Yahoo,en,1.0000793,5.945465382007209
text615AH,1,Yahoo,en,7.7619004,6.611150868279832
text1274SC,3,Yahoo,en,1.0000584,3.7532513214326713
text333AH,2,Yahoo,en,1.0001743,4.605455550872655
text1310PG,3,Yahoo,en,1.0000066,7.254451073199071
text863PG,3,Yahoo,en,1.0003662,5.36154896964323
text97SC,1,Yahoo,en,2.5981119,6.582196244724242
text1218FR,3,Yahoo,en,2.2785194,4.447390571754621
text38FR,3,Yahoo,en,1.0001655,4.939985402564456
text1203FR,1,Yahoo,en,1.0025495,4.793603373493117
text1615NE,1,Yahoo,en,1.0002615,6.667887779887986
text1941NE,1,Yahoo,en,1.0000026,7.9347771062792996
text1990NE,3,Yahoo,en,1.0000025,4.500026687844185
text1256FR,1,Yahoo,en,1.000014,6.9480537987153905
text1659SC,1,Yahoo,en,1.0001328,11.034094027930697
text906PG,3,Yahoo,en,1.0000689,6.709666652438998
text1694AH,3,Yahoo,en,1.0000043,4.579737206515527
text693SC,1,Yahoo,en,5.4873962,12.785425932027463
text657AH,3,Yahoo,en,1.0000048,6.073261923265068
text1074PG,1,Yahoo,en,1.000003,4.7929403589176625
text380T,3,Yahoo,en,1.0000147,4.462645295238891
text1521NE,2,Yahoo,en,1.0004325,5.905071377496579
text1614PG,3,Yahoo,en,1.0003662,6.475749324305335
text1683PG,1,Yahoo,en,,6.301973467808475
text1822T,1,Yahoo,en,1.0009398,6.147022768590488
text1244T,3,Yahoo,en,1.0000023,5.951728457741375
text472PG,1,Yahoo,en,1.7486846,5.699989052470794
text1873SC,2,Yahoo,en,1.000065,6.801774147762128
text956NE,3,Yahoo,en,1.0000026,5.274250428723983
text338SC,1,Yahoo,en,1.4159131,4.446516041002345
text241SC,1,Yahoo,en,1.0006076,4.413093003377193
text312FR,3,Yahoo,en,1.0000056,4.656158122464013
text1930SC,2,Yahoo,en,1.0000304,5.848608091324948
text1305T,2,Yahoo,en,1.000033,6.480334514623548
text434PG,1,Yahoo,en,2.671865,8.716340484609356
text1576SC,3,Yahoo,en,1.000009,3.527304984862416
text1936AH,1,Yahoo,en,1.0032598,5.352385356564878
text1616FR,1,Yahoo,en,1.0000203,5.430128711269477
text1527FR,3,Yahoo,en,1.000073,3.4847307893733803
text1562PG,3,Yahoo,en,1.0001754,5.906033660924369
text318FR,2,Yahoo,en,1.468783,4.455132147749783
text790PG,3,Yahoo,en,1.0010947,6.753836544977537
text1838SC,2,Yahoo,en,1.0000664,7.005935839425475
text1231AH,3,Yahoo,en,1.0000021,4.138496100119983
text394SC,1,Yahoo,en,1.0000033,4.659926215739255
text1080FR,3,Yahoo,en,1.0001811,5.153725173219515
text1588FR,1,Yahoo,en,1.0000606,4.484455199217229
text618SC,2,Yahoo,en,1.6758415,4.627447178944108
text1773NE,3,Yahoo,en,1.0000424,5.118876967693725
text1214T,3,Yahoo,en,1.0004268,6.424569168585804
text328FR,1,Yahoo,en,1.0001278,4.48488653860376
text744FR,3,Yahoo,en,1.0000335,5.269556239920604
text1498PG,3,Yahoo,en,1.0000048,6.877891931758239
text1469T,2,Yahoo,en,1.0000036,3.654474768868083
text1882AH,3,Yahoo,en,1.0000021,3.555969602054166
text116FR,1,Yahoo,en,1.000003,6.8066441748516056
text36FR,1,Yahoo,en,2.3577204,7.971239876758787
text309PG,3,Yahoo,en,1.0000275,4.525218132261882
text1361T,3,Yahoo,en,1.0003803,6.064279773309424
text472SC,3,Yahoo,en,1.0000459,4.5297492806274535
text1173SC,2,Yahoo,en,11.765394,6.426479484918189
text752FR,1,Yahoo,en,1.0000588,5.957842564178925
text588T,3,Yahoo,en,1.0000663,3.9035823061369745
text1603T,1,Yahoo,en,1.000011,6.7792337994047545
text237AH,2,Yahoo,en,1.0000334,6.796395421800776
text444NE,1,Yahoo,en,1.0000021,6.589859678733302
text1328NE,1,Yahoo,en,1.0001882,6.817215939591241
text1210FR,1,Yahoo,en,1.000028,11.035199115281742
text439NE,3,Yahoo,en,1.0000188,4.908793348229889
text796NE,1,Yahoo,en,1.0001704,8.63789836544384
text1344NE,1,Yahoo,en,1.0000544,5.022937296232513
text688AH,1,Yahoo,en,2.777647,5.037190973989942
text646NE,2,Yahoo,en,1.0000111,5.350087838950635
text387AH,3,Yahoo,en,1.0000136,5.446559394016134
text410NE,1,Yahoo,en,1.0000077,8.809235773788988
text175SC,2,Yahoo,en,1.9839299,5.923263157470131
text101FR,1,Yahoo,en,1.0068511,5.499813786352383
text912PG,3,Yahoo,en,1.0000359,4.277396935721323
text349SC,2,Yahoo,en,2.06619,4.68816380876786
text25FR,3,Yahoo,en,2.2071474,4.996087123850037
text141FR,2,Yahoo,en,1.0000447,4.53062595566149
text1047T,1,Yahoo,en,1.0000329,4.591531122749116
text1445PG,1,Yahoo,en,2.5396094,5.533482813924551
text1051SC,2,Yahoo,en,1.000178,6.404519168102218
text1233PG,1,Yahoo,en,1.0000021,9.836903049246892
text667AH,1,Yahoo,en,1.0019724,6.44256072162736
text487T,3,Yahoo,en,1.0007666,7.653827078535497
text730AH,2,Yahoo,en,1.0001056,4.019534243413933
text1815PG,3,Yahoo,en,1.0000026,6.369319489048495
text819SC,1,Yahoo,en,1.4782661,7.062249182215944
text1162PG,1,Yahoo,en,1.0003889,7.1366265066722905
text35FR,1,Yahoo,en,1.1828516,4.239603365497332
text1377AH,1,Yahoo,en,5.5177674,8.286808228047372
text30AH,1,Yahoo,en,1.7994406,8.249291842430061
text1860FR,3,Yahoo,en,2.190835,5.473631066724308
text133NE,1,Yahoo,en,1.0000081,11.683406740601168
text1406PG,1,Yahoo,en,1.4848839,5.156683977457
text62NE,3,Yahoo,en,2.4535463,5.415470111545603
text279NE,3,Yahoo,en,1.0003339,4.902813412053244
text976FR,3,Yahoo,en,1.0001894,7.971355801801605
text1161FR,3,Yahoo,en,1.0003387,5.788313427530364
text1376NE,2,Yahoo,en,2.506258,5.666621540032188
text1130T,3,Yahoo,en,1.0000354,4.369353856381751
text1766AH,2,Yahoo,en,1.9104412,4.9179792993411535
text324T,3,Yahoo,en,1.0004154,8.965104930119498
text1725SC,3,Yahoo,en,1.5397856,6.8174998505728
text1082AH,3,Yahoo,en,1.0002694,4.791672410863076
text1442AH,3,Yahoo,en,1.000002,3.758880358764318
text1167PG,3,Yahoo,en,2.068195,5.853403108357526
text5T,1,Yahoo,en,4.873144,2.763970841986879
text1445T,1,Yahoo,en,1.0000377,3.314326330594948
text1217NE,1,Yahoo,en,2.0504427,5.229128247738445
text74AH,3,Yahoo,en,1.0003654,6.46831479535215
text1539PG,3,Yahoo,en,1.0000173,6.681243300617254
text836AH,1,Yahoo,en,2.6025655,5.706768710507626
text148AH,1,Yahoo,en,1.4065146,6.498791534866895
text886NE,3,Yahoo,en,1.000199,5.282289382524012
text297SC,1,Yahoo,en,1.0000232,5.227922881569489
text1476FR,3,Yahoo,en,1.0001658,4.288437766861372
text1502NE,2,Yahoo,en,1.0002819,5.3696810502536785
text772NE,1,Yahoo,en,1.9109964,5.707915630281357
text1260FR,2,Yahoo,en,1.0009946,4.992067829895886
text930AH,1,Yahoo,en,2.6265423,3.674820710056184
text1830SC,2,Yahoo,en,1.0000033,7.182554154909546
text1035AH,3,Yahoo,en,1.0001888,5.325903663351158
text1087NE,2,Yahoo,en,1.0000236,5.3569638757660885
text433FR,1,Yahoo,en,3.9702134,8.66989475562183
text984SC,1,Yahoo,en,1.672237,8.653331904054697
text310T,1,Yahoo,en,1.0000105,10.53606845425968
text1722T,3,Yahoo,en,1.0142263,4.566482146524814
text1939PG,3,Yahoo,en,1.0000802,6.666856453574007
text1176PG,1,Yahoo,en,1.000153,6.909824564978004
text1504FR,1,Yahoo,en,1.0000024,8.223749685153903
text1554T,3,Yahoo,en,1.0000974,6.562146640677693
text1173AH,1,Yahoo,en,1.0001955,7.592160433643452
text257FR,1,Yahoo,en,2.2402573,5.150238640259973
text901SC,1,Yahoo,en,1.0000728,5.8692044280321705
text1765NE,1,Yahoo,en,2.7233198,6.280798769774929
text15PG,3,Yahoo,en,1.0000049,4.032918830889705
text983PG,1,Yahoo,en,2.619406,6.753579839175584
text1717FR,3,Yahoo,en,2.5994143,4.4288946142123535
text851NE,3,Yahoo,en,1.0000045,5.789229895906627
text1192FR,1,Yahoo,en,1.2557367,7.779803543634358
text378NE,1,Yahoo,en,1.00003,4.724855269578824
text1463T,1,Yahoo,en,1.0000054,7.1153466652749815
text205AH,2,Yahoo,en,1.0002787,6.061050614255199
text1353PG,3,Yahoo,en,1.777152,5.926828308471955
text1611FR,1,Yahoo,en,1.0000436,6.37452666619544
text1763NE,3,Yahoo,en,1.000002,5.190081586211034
text940NE,3,Yahoo,en,1.000028,5.810453428332984
text21FR,1,Yahoo,en,1.0000168,11.904763178310715
text858SC,3,Yahoo,en,1.0000151,6.691123789579808
text13FR,1,Yahoo,en,1.0001425,6.54708136203679
text1709PG,1,Yahoo,en,1.0000242,8.286072854742462
text1112AH,3,Yahoo,en,1.0000023,4.167209278428674
text59PG,3,Yahoo,en,1.0000025,5.991046444304445
text440PG,2,Yahoo,en,1.0000219,5.474180166861242
text1867AH,3,Yahoo,en,1.0000064,4.44294694719669
text1229PG,3,Yahoo,en,1.0000472,4.834942637922651
text578SC,1,Yahoo,en,5.6948266,6.986620389770098
text1533PG,1,Yahoo,en,1.0000075,5.43390080545641
text238SC,1,Yahoo,en,1.9799598,6.3726475902614785
text1908FR,3,Yahoo,en,1.0000494,4.224043597856175
text950AH,2,Yahoo,en,1.0001031,7.6645378541856815
text453AH,3,Yahoo,en,1.6337719,6.814190543576663
text1142T,2,Yahoo,en,1.0001513,5.984117946196559
text921NE,1,Yahoo,en,1.0000033,5.609076138114707
text1529SC,1,Yahoo,en,1.0001796,8.603366598205497
text502SC,3,Yahoo,en,1.0000023,5.49270900549909
text639NE,1,Yahoo,en,1.0004526,7.6661681869719684
text345SC,1,Yahoo,en,1.0000023,5.569190092938006
text1242NE,3,Yahoo,en,1.0007243,6.974149120117029
text131T,3,Yahoo,en,1.0001727,5.093791338564132
text1325FR,3,Yahoo,en,1.0001997,6.297065942460946
text1635FR,3,Yahoo,en,1.0000024,4.865197459796399
text1286AH,2,Yahoo,en,1.0000185,6.506152496826844
text1620AH,2,Yahoo,en,2.424373,7.105512559014493
text915NE,3,Yahoo,en,1.0000116,4.764426767710779
text943T,1,Yahoo,en,1.0000031,6.723891416311375
text357NE,1,Yahoo,en,1.0001155,7.141429430797184
text799FR,2,Yahoo,en,5.280738,6.902216771833987
text724SC,3,Yahoo,en,1.0000038,4.783503347396059
text1840T,1,Yahoo,en,1.0004873,9.00135935610696
text374SC,2,Yahoo,en,1.0004691,5.773574234687336
text180T,2,Yahoo,en,1.0006633,7.626368166794805
text75NE,1,Yahoo,en,1.0002654,8.734702554480718
text670PG,2,Yahoo,en,1.000002,5.7576183607539795
text1236NE,3,Yahoo,en,1.0003691,6.054973682614475
text199NE,1,Yahoo,en,1.0002081,7.785972127586763
text654AH,1,Yahoo,en,1.0001131,5.32385417819745
text414NE,1,Yahoo,en,1.0002536,11.010032062838876
text1283NE,1,Yahoo,en,3.6403134,4.424948421479131
text1001NE,3,Yahoo,en,1.0000035,5.785235997687598
text1365NE,3,Yahoo,en,2.071554,4.408841751037572
text1832NE,3,Yahoo,en,1.0000111,6.241923438093597
text1635T,1,Yahoo,en,1.0010115,6.240843514315084
text1000PG,1,Yahoo,en,1.9690212,8.515437998848219
text135FR,3,Yahoo,en,4.658211,5.927759850701554
text387T,3,Yahoo,en,1.0000242,6.2815565259646355
text1436AH,1,Yahoo,en,1.0001632,5.093154980761789
text1701FR,3,Yahoo,en,1.7119845,5.134639078088826
text1950FR,1,Yahoo,en,2.3387017,6.335386334150154
text1998NE,2,Yahoo,en,1.0000021,5.697696745319161
text1677SC,1,Yahoo,en,1.0002363,8.33929300732277
text951SC,2,Yahoo,en,1.0000486,4.584479013943899
text903T,1,Yahoo,en,1.000002,6.972034526067252
text444T,3,Yahoo,en,1.000005,4.278073472468746
text1554AH,3,Yahoo,en,1.1311115,6.142961719083937
text1046NE,3,Yahoo,en,1.0000023,4.531955890800482
text1354T,3,Yahoo,en,1.0000057,3.727475738310891
text1768AH,3,Yahoo,en,1.0004236,5.407263324369837
text1413T,3,Yahoo,en,1.5576857,6.036640750976208
text1178SC,2,Yahoo,en,1.1458977,5.878938077052218
text1121NE,1,Yahoo,en,1.0000218,7.133231842009797
text1133T,1,Yahoo,en,2.8415906,6.613949489411731
text1049AH,3,Yahoo,en,1.4387472,5.202811844752571
text667PG,1,Yahoo,en,1.7566981,2.937260082094474
text168FR,3,Yahoo,en,1.0000194,6.738605131538189
text1916PG,2,Yahoo,en,1.0000874,5.965318304885892
text1957AH,2,Yahoo,en,1.0000104,13.52293925374849
text1989T,2,Yahoo,en,1.0000021,6.5180475576893055
text1954AH,2,Yahoo,en,2.5531287,9.100516147166532
text1038AH,1,Yahoo,en,1.0000854,6.689631167213814
text44FR,3,Yahoo,en,1.0859829,4.010519001631546
text688PG,2,Yahoo,en,1.6722574,6.091423192286562
text533SC,3,Yahoo,en,1.0001808,3.958372516627562
text1686AH,1,Yahoo,en,1.0019532,4.2773220071983244
text450SC,3,Yahoo,en,1.0000025,4.836562519898675
text1526PG,1,Yahoo,en,2.1712584,6.5277298568259186
text1708T,2,Yahoo,en,1.0001142,6.440622208810637
text1057NE,1,Yahoo,en,1.0001533,6.071556940557489
text962NE,3,Yahoo,en,1.0000104,5.535070542062782
text1516T,2,Yahoo,en,1.45158,5.221573162974672
text1237AH,2,Yahoo,en,1.8158922,6.370914360157751
text1499PG,1,Yahoo,en,2.0702996,7.910909484940709
text105PG,3,Yahoo,en,1.000186,7.334449191846461
text1608NE,1,Yahoo,en,1.0000734,6.134004210399461
text1054AH,3,Yahoo,en,1.0004789,6.058238649922027
text1003T,2,Yahoo,en,1.0000111,4.718100495012603
text1810T,1,Yahoo,en,1.0000043,6.530887092904368
text1186PG,1,Yahoo,en,1.0006455,6.727706083836506
text214NE,1,Yahoo,en,1.0002292,4.122958536853635
text7NE,3,Yahoo,en,1.0000694,6.375083965054961
text987FR,3,Yahoo,en,1.0032412,4.651342176070622
text1599NE,3,Yahoo,en,1.0001514,7.002494560000255
text687SC,1,Yahoo,en,1.0000023,5.812571122814687
text1044SC,1,Yahoo,en,1.0004792,4.480121134473682
text1977SC,3,Yahoo,en,1.0000492,4.601500323877271
text968T,3,Yahoo,en,2.4227364,4.317649646915083
text1255T,3,Yahoo,en,6.3969994,4.348470943231766
text1958PG,1,Yahoo,en,1.0000118,7.525138475099457
text569PG,2,Yahoo,en,1.0000337,5.309349974050917
text1041NE,2,Yahoo,en,1.0003563,7.540795474121474
text461T,3,Yahoo,en,1.0000031,5.099429437016314
text1511SC,3,Yahoo,en,1.0000274,5.530718181512815
text1882SC,3,Yahoo,en,1.0000025,4.647514971699701
text1482FR,3,Yahoo,en,1.0001678,4.486118530013197
text78AH,1,Yahoo,en,,9.517364934865585
text1879PG,3,Yahoo,en,1.0003253,6.544173685432854
text1879FR,1,Yahoo,en,1.0000021,7.1888467321715
text958T,1,Yahoo,en,2.50138,5.471208266205878
text945NE,1,Yahoo,en,2.5229332,8.112793809116654
text272PG,3,Yahoo,en,1.0000262,6.281534726221831
text528SC,3,Yahoo,en,1.0001435,6.060469688478599
text420NE,1,Yahoo,en,1.0000877,6.583354819874604
text1294T,2,Yahoo,en,1.0000023,5.039844665339477
text1336FR,1,Yahoo,en,2.2536297,5.159827809516723
text793T,1,Yahoo,en,1.0002242,6.034820386856101
text1981SC,1,Yahoo,en,2.1384244,6.548919879013025
text1201PG,2,Yahoo,en,1.0015936,6.428212959200645
text573NE,1,Yahoo,en,1.0002286,8.19109691189681
text1020AH,3,Yahoo,en,1.0000021,4.3117228473120575
text1775PG,3,Yahoo,en,1.0000086,6.824351095918355
text65AH,1,Yahoo,en,1.8402977,4.194538135426214
text1355NE,1,Yahoo,en,1.0000176,13.187769781677895
text395FR,3,Yahoo,en,1.0001657,5.303063483718197
text483SC,1,Yahoo,en,1.0000046,4.151717600108966
text396FR,3,Yahoo,en,1.9181818,5.736198191636891
text1926SC,1,Yahoo,en,1.0000266,7.084207247790638
text802SC,2,Yahoo,en,1.0035318,4.501602057984192
text1905FR,3,Yahoo,en,1.0000362,4.980602999379509
text500FR,2,Yahoo,en,1.5298971,4.884959255511225
text1422AH,3,Yahoo,en,1.0000972,4.291422447382985
text390T,1,Yahoo,en,1.000045,6.013935054233973
text1300NE,2,Yahoo,en,1.0008221,4.380931044287555
text896NE,3,Yahoo,en,1.0892215,7.238466266166802
text1896PG,1,Yahoo,en,1.0000188,6.051480456123822
text26SC,1,Yahoo,en,3.084374,8.955296408065651
text1503AH,1,Yahoo,en,2.2011127,5.799714542077111
text862PG,3,Yahoo,en,9.5448885,6.788553507282375
text912FR,3,Yahoo,en,1.000021,4.868125771967706
text1997PG,3,Yahoo,en,1.8196826,4.146903219664249
text1391FR,1,Yahoo,en,1.0002989,7.886723944539963
text1526NE,1,Yahoo,en,1.0000026,8.661906393612536
text1286PG,3,Yahoo,en,1.0000026,5.151776851245716
text1538PG,2,Yahoo,en,1.0003142,7.130443270835069
text884FR,1,Yahoo,en,1.0000091,6.349816525918853
text1579AH,2,Yahoo,en,1.6165805,5.288500555613403
text1241AH,3,Yahoo,en,1.0000415,5.388848172144464
text743SC,1,Yahoo,en,1.0005721,7.033817621492748
text101T,3,Yahoo,en,1.0000374,3.9457905413799894
text1574SC,3,Yahoo,en,2.1028857,5.755576805490201
text1389NE,1,Yahoo,en,1.8655021,6.465901560356636
text500SC,1,Yahoo,en,1.0000025,8.089739541040583
text1293T,3,Yahoo,en,1.0000021,4.442090908509404
text1817NE,2,Yahoo,en,1.454716,5.577376260581691
text1546T,2,Yahoo,en,1.0000081,8.421960131076153
text127AH,1,Yahoo,en,1.0001925,6.3449598224871835
text454T,1,Yahoo,en,1.0001104,4.754854948545466
text215FR,3,Yahoo,en,1.0000271,6.028486808923577
text703PG,1,Yahoo,en,1.0000021,5.8403963716679
text1068PG,3,Yahoo,en,2.639973,7.122620823884851
text653PG,3,Yahoo,en,1.9528329,6.089255224959998
text1268PG,3,Yahoo,en,1.004888,4.117037714494838
text1671NE,1,Yahoo,en,1.0001638,5.635251092404077
text751PG,1,Yahoo,en,1.000118,7.155884805165416
text523FR,3,Yahoo,en,1.0003723,4.661495934732523
text1256T,1,Yahoo,en,1.0000021,4.752427497797149
text1567SC,3,Yahoo,en,1.0000219,4.307960791306184
text1310AH,1,Yahoo,en,1.5594531,5.474556517712255
text1882FR,3,Yahoo,en,1.0000613,6.739812399700005
text734T,3,Yahoo,en,2.6370356,4.76731097169169
text503SC,1,Yahoo,en,1.0000131,5.495388341996496
text1607SC,3,Yahoo,en,4.878921,7.408872945390631
text830PG,1,Yahoo,en,1.000037,7.125706614557322
text754AH,2,Yahoo,en,1.0004053,6.588007491027566
text89SC,3,Yahoo,en,1.5158389,7.3971269539117666
text1881FR,2,Yahoo,en,2.4117799,5.827226896322844
text225SC,2,Yahoo,en,25.92989,6.592843220006005
text957NE,1,Yahoo,en,1.0023682,11.994871669851836
text1420FR,1,Yahoo,en,3.0743332,6.365067399175612
text905NE,1,Yahoo,en,1.0004423,5.829100237546546
text1808PG,1,Yahoo,en,1.000044,5.758950613755945
text1507NE,2,Yahoo,en,1.0000794,5.471116946069233
text1778PG,2,Yahoo,en,1.2209172,7.122759720487539
text1763FR,3,Yahoo,en,1.000438,4.784833973844224
text1458FR,1,Yahoo,en,2.047196,6.559271296465755
text1487NE,1,Yahoo,en,1.0000789,7.140553785975155
text1277NE,1,Yahoo,en,1.0000236,7.465160028105035
text725FR,3,Yahoo,en,1.000008,6.082029212700701
text563FR,3,Yahoo,en,1.0002635,4.414972090600822
text1581FR,1,Yahoo,en,1.0001556,5.56543813045892
text475FR,2,Yahoo,en,1.0000496,7.987876528527754
text1242PG,1,Yahoo,en,1.0000651,6.6164190729938595
text1886NE,1,Yahoo,en,1.0000039,7.28602213583895
text299NE,1,Yahoo,en,1.0000454,5.492834272357697
text473PG,3,Yahoo,en,1.0000023,5.874398813154553
text1318SC,1,Yahoo,en,2.5005345,5.164769063578065
text1166FR,1,Yahoo,en,1.0000027,11.051156793390616
text1624T,1,Yahoo,en,1.000008,8.006423887916258
text67T,3,Yahoo,en,1.0000176,3.9611098027878313
text1990PG,1,Yahoo,en,,7.000993798189485
text621AH,1,Yahoo,en,1.0000963,8.216234856082393
text1838FR,1,Yahoo,en,1.0041313,4.085191907270986
text268NE,2,Yahoo,en,1.0004218,4.602710343151563
text1594FR,3,Yahoo,en,1.0000037,5.8691549613093885
text1385T,3,Yahoo,en,1.0008363,4.7529623731755315
text1255FR,1,Yahoo,en,1.0012869,5.788864439140163
text919AH,1,Yahoo,en,7.4405146,5.366704685310932
text1190PG,1,Yahoo,en,3.7915626,12.040152508027056
text829NE,1,Yahoo,en,1.0000026,7.8821348694407005
text1678PG,1,Yahoo,en,1.0000119,9.685894866202663
text1671T,3,Yahoo,en,1.0000036,3.886117275064109
text1645NE,3,Yahoo,en,1.0000956,5.867977582391679
text1076T,2,Yahoo,en,1.000296,6.556840380560446
text1019T,1,Yahoo,en,1.0001568,8.52415758526009
text1643FR,3,Yahoo,en,1.0000106,4.332985630202925
text290SC,3,Yahoo,en,1.0000073,4.73997511244371
text1322FR,3,Yahoo,en,2.4630291,5.16060894993615
text1897NE,3,Yahoo,en,1.0001704,9.162093466090388
text1373T,1,Yahoo,en,1.0024387,5.487288959112732
text817T,2,Yahoo,en,1.0000437,5.707521350612406
text22T,1,Yahoo,en,,9.182163879001495
text341FR,1,Yahoo,en,2.530236,7.420338370386434
text1429AH,3,Yahoo,en,1.0000528,5.426119807124029
text1950PG,1,Yahoo,en,1.000004,4.875649655185813
text738NE,3,Yahoo,en,1.0000021,6.040184304490287
text935PG,3,Yahoo,en,2.4115744,4.872170880739104
text1945PG,2,Yahoo,en,2.5799253,8.89319080616807
text1975SC,1,Yahoo,en,1.1180547,6.14103723793608
text1731FR,1,Yahoo,en,1.0000086,6.8971632416073785
text959T,2,Yahoo,en,1.0000021,5.561533366559562
text414AH,3,Yahoo,en,1.0011408,5.9238426789470005
text628T,3,Yahoo,en,1.000238,6.009442507705131
text736SC,1,Yahoo,en,1.0001361,4.2726309867762176
text647NE,1,Yahoo,en,1.0014118,6.656501357343762
text1936T,1,Yahoo,en,1.0002733,7.261757033521502
text1877NE,2,Yahoo,en,1.0000167,4.95076026211008
text535SC,2,Yahoo,en,1.4984303,5.943964246376522
text758PG,3,Yahoo,en,1.0000032,3.8259296007483496
text1846PG,1,Yahoo,en,1.001117,9.752035789838843
text488T,3,Yahoo,en,1.0000132,5.9163006098667115
text567PG,1,Yahoo,en,1.0004741,6.796509985763471
text973NE,3,Yahoo,en,1.0068295,5.192467421905401
text1264T,2,Yahoo,en,1.1463207,7.797483756370514
text949AH,1,Yahoo,en,1.0000682,6.091196697206432
text1987PG,1,Yahoo,en,1.0003834,7.866629719927956
text44SC,1,Yahoo,en,1.000048,6.649683454545721
text972PG,3,Yahoo,en,1.0000023,7.9608674632138605
text1625NE,2,Yahoo,en,2.5809493,5.105800219179504
text1779FR,1,Yahoo,en,1.0000155,6.087983387977483
text1099PG,1,Yahoo,en,1.0002384,5.500507316685534
text634SC,1,Yahoo,en,6.2727213,5.827738273170382
text1940SC,1,Yahoo,en,1.0000814,13.256356700422476
text392NE,1,Yahoo,en,1.2847706,6.155128510891887
text1697FR,1,Yahoo,en,1.0000056,5.563712046832955
text565AH,3,Yahoo,en,1.0000026,4.102149448159761
text145NE,1,Yahoo,en,1.4961948,4.945508835297142
text992FR,1,Yahoo,en,1.0001042,6.120854411898581
text1028AH,3,Yahoo,en,1.0000608,5.21678015755647
text1754NE,1,Yahoo,en,1.6164746,6.067169740352563
text442FR,1,Yahoo,en,1.0000136,6.815285207930345
text1108AH,3,Yahoo,en,1.0007738,4.19751781296207
text1889AH,2,Yahoo,en,1.0000024,7.8638208509254675
text320T,3,Yahoo,en,1.0000099,4.287167957956216
text1669PG,1,Yahoo,en,1.0000852,7.835055658970849
text1432PG,1,Yahoo,en,1.0004113,10.004017767899967
text390FR,1,Yahoo,en,1.7109933,5.6117269178869575
text1868SC,1,Yahoo,en,3.7602096,9.484372338496774
text618NE,3,Yahoo,en,1.0000068,4.051880545684676
text753NE,3,Yahoo,en,1.0000024,5.3118266272210395
text893AH,1,Yahoo,en,,7.326968384883376
text199AH,1,Yahoo,en,1.0024269,8.52815358110787
text1107FR,2,Yahoo,en,1.0000057,7.817477579428467
text121AH,1,Yahoo,en,1.000527,5.654882066158027
text375T,2,Yahoo,en,3.376682,5.940883586903178
text883PG,3,Yahoo,en,1.0000147,2.5989611207383465
text1243NE,1,Yahoo,en,1.3527492,5.445103236835788
text795AH,2,Yahoo,en,1.5726794,5.337043088540227
text584PG,1,Yahoo,en,1.0000046,6.021168723440166
text1352SC,2,Yahoo,en,1.0000032,3.8933659814676838
text1586PG,3,Yahoo,en,1.0001996,5.526544596480661
text1955AH,3,Yahoo,en,1.7307847,4.743684036832591
text1563FR,3,Yahoo,en,1.0001711,5.116823434141987
text868AH,1,Yahoo,en,1.7608865,8.6290082415445
text714PG,3,Yahoo,en,1.0000136,4.405440494630398
text1440T,1,Yahoo,en,5.927425,6.553230892618843
text625PG,3,Yahoo,en,3.8066757,5.340414256799116
text424FR,1,Yahoo,en,1.0031924,8.4431072941697
text1141PG,3,Yahoo,en,1.0036705,4.718129344346844
text356AH,1,Yahoo,en,1.0000091,6.14014828256543
text671NE,1,Yahoo,en,1.0001522,6.094387530728247
text970FR,1,Yahoo,en,2.2518654,6.2569617064435645
text980NE,1,Yahoo,en,6.7998466,8.066708127449958
text577FR,3,Yahoo,en,1.0000033,5.337546731612601
text1796NE,1,Yahoo,en,1.000002,10.037772897226787
text277PG,1,Yahoo,en,2.7904556,12.237078927591755
text188SC,1,Yahoo,en,1.0002725,5.486384022592933
text863FR,3,Yahoo,en,1.0004631,4.811541862653034
text436T,3,Yahoo,en,1.0000025,4.039192586477023
text364FR,1,Yahoo,en,1.0000955,7.9618502817950425
text1490AH,1,Yahoo,en,1.0000087,7.872648572480185
text1915NE,1,Yahoo,en,1.0000975,3.8301548630629614
text798NE,3,Yahoo,en,1.0099131,3.0855414736839357
text1700NE,3,Yahoo,en,2.670807,4.6923842866636045
text1085FR,1,Yahoo,en,1.0001683,6.3825516202379
text1179FR,3,Yahoo,en,1.5740751,4.5866645315006025
text1241PG,3,Yahoo,en,1.0001125,5.299756181534962
text156SC,1,Yahoo,en,1.000003,6.608790282183141
text535AH,3,Yahoo,en,1.0000068,3.954250529348481
text1632T,3,Yahoo,en,3.333376,6.671339916631606
text98T,3,Yahoo,en,1.0000542,6.296717335075945
text1773T,3,Yahoo,en,1.0000021,4.121383541094774
text908SC,1,Yahoo,en,1.0000464,2.9923514635418127
text1174T,2,Yahoo,en,1.0000988,4.804893428464062
text73T,1,Yahoo,en,1.0000043,6.092861884321485
text232SC,1,Yahoo,en,1.0001806,7.503904206728056
text488PG,1,Yahoo,en,1.0099665,7.904355839294342
text1921FR,1,Yahoo,en,1.4075354,9.152305370582845
text293FR,3,Yahoo,en,1.0000899,4.594994039810339
text61NE,1,Yahoo,en,1.000361,5.461890627658152
text1101FR,1,Yahoo,en,1.4346768,4.106274616965368
text680FR,1,Yahoo,en,3.4279556,3.103069906382199
text867PG,1,Yahoo,en,6.7936935,7.5339034807883065
text1258PG,2,Yahoo,en,1.0000021,6.656449655295033
text910AH,2,Yahoo,en,1.4124761,4.511689144066426
text965FR,1,Yahoo,en,1.0000479,6.755764382440833
text267NE,1,Yahoo,en,29.95444,6.560354281584062
text1926T,3,Yahoo,en,1.0001976,5.354509536266477
text766AH,1,Yahoo,en,1.0001626,6.022952123050224
text1868FR,3,Yahoo,en,1.0001546,6.006929458089618
text689T,2,Yahoo,en,1.0005325,4.976207168920986
text606T,1,Yahoo,en,1.030083,5.346943837807154
text1351AH,3,Yahoo,en,1.0001358,5.548477355381874
text443T,1,Yahoo,en,1.0000292,7.096924583671886
text1461T,3,Yahoo,en,1.0000808,5.617994002169664
text498AH,1,Yahoo,en,1.0005808,8.581779747129838
text415SC,3,Yahoo,en,3.390385,5.697982056235698
text1176FR,1,Yahoo,en,1.0009282,8.311605290958742
text888FR,2,Yahoo,en,1.580143,5.170397714542727
text1844FR,2,Yahoo,en,1.000006,4.438642729305178
text68PG,2,Yahoo,en,2.1605453,8.067088069172454
text134PG,1,Yahoo,en,1.0000463,6.226160887588872
text156PG,2,Yahoo,en,1.0002668,5.689428940318598
text1981AH,3,Yahoo,en,4.784111,4.745817609802794
text1694SC,1,Yahoo,en,1.0001606,5.043694876192401
text1880PG,3,Yahoo,en,1.0000025,5.836980637121034
text16PG,1,Yahoo,en,5.6107883,7.694633773495606
text560AH,1,Yahoo,en,1.0000048,10.495514482014027
text198AH,3,Yahoo,en,1.9930072,6.630308086182993
text1282FR,3,Yahoo,en,1.0014244,4.897425881817335
text1713PG,1,Yahoo,en,1.1570617,6.567563558442956
text875PG,1,Yahoo,en,1.0001411,9.067714235215544
text548AH,1,Yahoo,en,1.0000037,7.188321645264995
text334T,3,Yahoo,en,1.0071799,5.908976136630504
text1792PG,3,Yahoo,en,1.0010668,6.448005727870517
text1929AH,3,Yahoo,en,1.0000023,4.559685521737667
text1556T,3,Yahoo,en,2.0190833,3.640659051393484
text204SC,3,Yahoo,en,1.0000408,5.7667037754717985
text635AH,1,Yahoo,en,3.0471961,11.310569718187923
text701SC,1,Yahoo,en,1.0000058,5.772767092002978
text1752PG,1,Yahoo,en,1.0002819,7.237837080269509
text257T,3,Yahoo,en,1.0000273,4.566623268822112
text1601AH,3,Yahoo,en,2.1026516,4.533301948869471
text1250FR,1,Yahoo,en,1.0000705,5.1849104660404794
text235T,1,Yahoo,en,1.0000025,5.232942318009367
text957AH,2,Yahoo,en,3.4455338,6.492301465191523
text828NE,1,Yahoo,en,1.9911258,4.462908588020616
text1539NE,2,Yahoo,en,1.0000021,6.369994233967234
text1695PG,3,Yahoo,en,1.0002226,5.6151073422825455
text659SC,1,Yahoo,en,1.002736,9.354925262225269
text1027AH,1,Yahoo,en,2.1255262,10.962141520163627
text923FR,1,Yahoo,en,1.0000023,5.053053105282195
text49SC,2,Yahoo,en,1.0041095,3.670687641624392
text1467FR,1,Yahoo,en,1.8546958,8.086158768987247
text1368T,3,Yahoo,en,1.0003179,6.5836104953749555
text1019PG,1,Yahoo,en,1.000002,6.1233645256648925
text208AH,3,Yahoo,en,1.0000825,4.69606140476415
text1852PG,3,Yahoo,en,1.0014598,4.63169183580282
text862NE,1,Yahoo,en,1.0000128,12.200749950990572
text707AH,3,Yahoo,en,1.0000081,4.521483496661467
text899T,1,Yahoo,en,1.0000172,6.07409000102812
text1249T,3,Yahoo,en,1.0002985,5.840634775754701
text695PG,3,Yahoo,en,1.0002265,6.131974104474748
text1383NE,1,Yahoo,en,1.0000292,6.0478902966695385
text1930AH,1,Yahoo,en,1.0002961,5.752364677516385
text1284SC,3,Yahoo,en,1.522141,6.941798764789478
text1303PG,3,Yahoo,en,1.0154392,4.939037678781509
text1593SC,1,Yahoo,en,1.0000381,9.183617698482097
text663AH,2,Yahoo,en,1.0118626,7.7561047033604815
text605FR,1,Yahoo,en,1.0000024,5.195260439440722
text327PG,1,Yahoo,en,19.813051,4.730432091621636
text124PG,1,Yahoo,en,1.0003724,5.363427714367145
text1963FR,1,Yahoo,en,1.4660896,5.892204944306318
text1003SC,3,Yahoo,en,11.929627,4.198894990244785
text224T,1,Yahoo,en,1.0002724,6.875672442411465
text1900NE,3,Yahoo,en,1.0005494,6.184633470212027
text904SC,3,Yahoo,en,1.0103759,6.88172004567388
text6AH,1,Yahoo,en,1.0000991,9.204285881268152
text214SC,3,Yahoo,en,1.000002,3.9438308815401264
text408AH,1,Yahoo,en,1.0000021,6.050620463390737
text1955SC,1,Yahoo,en,1.000314,4.763544213080325
text320PG,1,Yahoo,en,1.0000426,5.101153948919657
text1750PG,3,Yahoo,en,1.0000103,4.385822871193493
text1611T,1,Yahoo,en,1.5135001,5.477487692298872
text652T,1,Yahoo,en,1.0000913,5.2367669590302555
text112FR,1,Yahoo,en,2.615985,3.4845715611672543
text1094PG,1,Yahoo,en,1.0000128,6.40062541999679
text1114SC,2,Yahoo,en,1.000112,4.301996103216579
text191T,2,Yahoo,en,1.0011086,4.619094718885037
text890T,2,Yahoo,en,1.0000032,5.6653265622543385
text765SC,3,Yahoo,en,1.0001593,5.084953425196518
text1471NE,1,Yahoo,en,2.720823,6.844974450396966
text172NE,1,Yahoo,en,1.0002623,4.292574337704871
text388PG,3,Yahoo,en,1.0000678,4.986741270772122
text1637NE,3,Yahoo,en,1.0000107,4.24555240915409
text801AH,1,Yahoo,en,1.0009621,5.721546317511058
text248NE,1,Yahoo,en,1.000302,4.9649051189378985
text105NE,1,Yahoo,en,1.0000532,13.702927590702874
text675PG,2,Yahoo,en,1.0000745,4.757205807538856
text267FR,1,Yahoo,en,1.0000094,5.358147635767585
text411SC,1,Yahoo,en,1.000002,6.780985102183463
text656SC,2,Yahoo,en,3.127372,5.952007800357884
text670SC,3,Yahoo,en,1.0001557,6.927541162685733
text1086SC,1,Yahoo,en,1.0003172,4.973125081724417
text887PG,3,Yahoo,en,1.000002,4.839499189618509
text1629T,1,Yahoo,en,1.0047643,5.624123091248986
text353T,3,Yahoo,en,1.000047,5.298751695960161
text1003PG,1,Yahoo,en,12.256718,6.076226461044502
text671FR,2,Yahoo,en,2.7768543,4.761442014211212
text870SC,3,Yahoo,en,1.0008099,4.86883539480408
text1316SC,2,Yahoo,en,4.235125,8.607250369905131
text85NE,1,Yahoo,en,2.0647156,5.795546756773522
text480NE,1,Yahoo,en,2.100987,8.270904776897662
text84T,1,Yahoo,en,1.0000081,5.276118637377441
text1775T,1,Yahoo,en,3.6058435,6.925858452764019
text376T,2,Yahoo,en,1.0000689,6.36974053833523
text188AH,2,Yahoo,en,1.0000021,6.000833403701853
text859NE,3,Yahoo,en,1.0000343,5.817326981044739
text1574AH,2,Yahoo,en,1.0000464,7.562672781071989
text928FR,1,Yahoo,en,1.0000566,3.8035714160339857
text1437PG,1,Yahoo,en,2.143551,6.1958331922988386
text1196AH,3,Yahoo,en,1.8754851,6.295911969727296
text823PG,2,Yahoo,en,1.0010983,8.563894828619537
text1838PG,1,Yahoo,en,1.0000123,6.793810383938672
text1980SC,3,Yahoo,en,2.3097558,4.657179324849898
text1225FR,1,Yahoo,en,1.7988207,4.09766002326716
text1290NE,1,Yahoo,en,1.0000128,5.523275906002
text179NE,2,Yahoo,en,1.0000066,5.986688728198242
text1194T,3,Yahoo,en,1.0000038,5.400185288716607
text765AH,1,Yahoo,en,1.0001822,9.58698493722153
text151NE,1,Yahoo,en,1.0000052,5.769190690275086
text1278NE,1,Yahoo,en,2.2443764,6.700004584186904
text1036T,1,Yahoo,en,1.0001271,7.139148494299428
text1633FR,1,Yahoo,en,12.646605,8.839120201317833
text1430NE,3,Yahoo,en,1.0001062,4.409180563757837
text806NE,1,Yahoo,en,1.0000156,7.457319138721326
text1526SC,1,Yahoo,en,1.0000323,6.322540358901194
text857NE,1,Yahoo,en,1.4827136,6.5828543774223505
text1978T,1,Yahoo,en,1.0000117,9.059988147495794
text842T,2,Yahoo,en,1.0332694,5.583437968829126
text654SC,3,Yahoo,en,2.2223704,7.773292994983785
text920FR,3,Yahoo,en,1.0001493,5.08603253002918
text81AH,3,Yahoo,en,1.000115,4.9185970214116015
text701FR,1,Yahoo,en,1.000077,9.126923030545605
text1476T,2,Yahoo,en,1.0000852,5.608083461183152
text457FR,1,Yahoo,en,1.5938467,8.746424331211992
text1647T,3,Yahoo,en,1.9608899,5.434032813341302
text1493AH,3,Yahoo,en,1.0001166,5.453752289004218
text768AH,2,Yahoo,en,2.6354134,5.60044082563607
text110AH,3,Yahoo,en,1.0000094,7.0756812716692545
text684AH,2,Yahoo,en,1.0000031,5.0873623962086505
text564T,1,Yahoo,en,1.0023185,8.838442441330443
text958PG,1,Yahoo,en,1.7752844,8.175820301457843
text819PG,1,Yahoo,en,1.0044278,6.51428502221034
text1238SC,1,Yahoo,en,1.4303278,5.917032969646283
text1305AH,3,Yahoo,en,4.4431653,6.437747981957611
text1958AH,3,Yahoo,en,1.000002,2.4591899985271324
text269FR,1,Yahoo,en,2.63117,5.108419140838352
text422T,1,Yahoo,en,1.0000063,8.459394983106456
text12SC,1,Yahoo,en,,7.654081320638928
text1405SC,3,Yahoo,en,1.0000021,3.7748738866133524
text315FR,3,Yahoo,en,1.9950396,5.1509502291968134
text604PG,1,Yahoo,en,6.0002465,7.905943113355642
text1377T,3,Yahoo,en,1.0000068,8.181764727842989
text545T,3,Yahoo,en,1.000012,4.860807892300546
text903SC,1,Yahoo,en,1.0000199,4.777499183632339
text1199T,3,Yahoo,en,7.4334,4.1154813033986875
text173SC,2,Yahoo,en,1.3879224,4.4457805394793635
text1238FR,2,Yahoo,en,1.0001162,6.71756286606154
text1180FR,1,Yahoo,en,4.1489344,7.0374545574959
text128SC,1,Yahoo,en,1.0000433,6.418869206185482
text1374T,2,Yahoo,en,1.5790694,7.003053522664327
text1514PG,1,Yahoo,en,1.0004059,8.245786254260736
text451FR,3,Yahoo,en,1.000052,4.754366216412941
text1913PG,3,Yahoo,en,1.0000023,7.550132687697153
text556PG,3,Yahoo,en,1.0000031,4.79430134095621
text352T,3,Yahoo,en,1.3650503,4.036334637292592
text1865T,3,Yahoo,en,1.0000509,4.1881255274063385
text1089AH,3,Yahoo,en,1.1458167,5.014581962554174
text1498SC,1,Yahoo,en,1.0000023,9.874104423335758
text1876NE,2,Yahoo,en,1.0000887,7.179219507265087
text1280FR,3,Yahoo,en,1.0000031,3.980272244207429
text266PG,3,Yahoo,en,1.0000021,4.060076820329229
text29T,3,Yahoo,en,1.0000023,5.7694519309794
text1110T,1,Yahoo,en,1.0350263,8.23730513725527
text1832FR,1,Yahoo,en,1.0068057,5.2883493604127505
text1632SC,3,Yahoo,en,11.615058,5.0866057925365125
text1395FR,1,Yahoo,en,1.000317,7.886630103651961
text467T,3,Yahoo,en,1.0000033,5.586469908219425
text106PG,3,Yahoo,en,1.0000223,5.790499606948788
text1402PG,3,Yahoo,en,1.000015,5.255109643914664
text1472PG,1,Yahoo,en,1.0000305,10.803728421401546
text105T,1,Yahoo,en,1.0000129,4.490349310813122
text1767NE,3,Yahoo,en,2.204673,3.6418035738919365
text1417AH,1,Yahoo,en,1.0000644,6.938189477998272
text1494FR,3,Yahoo,en,1.0004735,7.676008209922665
text1558AH,3,Yahoo,en,1.0007854,5.808713750813922
text1367FR,1,Yahoo,en,,10.015590633014028
text1794NE,2,Yahoo,en,2.3709078,8.191662758747023
text1213FR,1,Yahoo,en,1.0076905,4.8713142542209
text1997FR,3,Yahoo,en,1.0001513,5.6856889937960755
text182FR,1,Yahoo,en,1.0001061,4.381539961358729
text1211AH,3,Yahoo,en,1.0000025,5.17839133847521
text1048NE,1,Yahoo,en,5.9101267,7.767101083041934
text297T,2,Yahoo,en,1.0000492,5.59938305140418
text1848AH,1,Yahoo,en,2.1043355,8.937212007606346
text1436PG,2,Yahoo,en,6.608134,6.2496089757907995
text1421FR,3,Yahoo,en,2.504023,3.9432137186052967
text864AH,3,Yahoo,en,1.0000031,5.583518245550452
text1397NE,3,Yahoo,en,1.0000162,7.882589488217616
text589AH,3,Yahoo,en,1.000526,6.317547910998799
text60T,2,Yahoo,en,1.0002513,6.348773542395026
text1410T,3,Yahoo,en,1.0014104,6.749145949772119
text1342NE,2,Yahoo,en,2.0194435,4.62228432314225
text1571PG,1,Yahoo,en,1.0000024,7.630860035075887
text1586AH,3,Yahoo,en,1.0002015,4.174559035437911
text499NE,1,Yahoo,en,1.000302,6.785001472411901
text1776AH,2,Yahoo,en,1.0000025,6.906828837879642
text1863T,2,Yahoo,en,1.0005571,3.956449107341903
text1628PG,1,Yahoo,en,2.22314,5.912032434273206
text1298NE,1,Yahoo,en,1.0001467,8.633992203644162
text1577AH,3,Yahoo,en,2.0868323,9.202725372553411
text1823NE,1,Yahoo,en,2.371052,5.584639472107321
text55SC,1,Yahoo,en,1.0001376,10.313712245134912
text656AH,3,Yahoo,en,1.7689813,4.513854134298764
text831PG,2,Yahoo,en,1.0001262,4.736687857303446
text1625T,3,Yahoo,en,1.0000021,4.354993036689084
text1804NE,1,Yahoo,en,3.6183088,6.273032372160042
text1654FR,3,Yahoo,en,1.0000274,3.454900006958486
text533AH,3,Yahoo,en,1.0002369,3.8304099577412134
text1872PG,1,Yahoo,en,1.0000877,8.870057299699859
text1966FR,3,Yahoo,en,1.0003581,7.5707157749573275
text141SC,3,Yahoo,en,1.6922376,5.822510093326898
text834NE,2,Yahoo,en,1.0000123,4.124618655883365
text1356PG,2,Yahoo,en,1.000002,6.630699269470977
text1362AH,3,Yahoo,en,1.5837948,5.4376000359303465
text279AH,3,Yahoo,en,1.0000069,4.046217593867659
text1227PG,3,Yahoo,en,1.0006617,4.029568511450381
text855NE,2,Yahoo,en,1.0002655,5.6102126954736695
text1015PG,2,Yahoo,en,1.0000521,6.983519814158312
text301T,2,Yahoo,en,1.0001523,5.22636107129463
text1506T,2,Yahoo,en,1.0005436,7.415472865164223
text602FR,3,Yahoo,en,4.318549,4.904173174665669
text1803AH,2,Yahoo,en,1.0000625,4.872737754024865
text872SC,1,Yahoo,en,1.0000693,6.0131271020464405
text47PG,1,Yahoo,en,1.951098,7.691203737793544
text1099T,3,Yahoo,en,1.0000023,5.6630669124104145
text948AH,3,Yahoo,en,1.0000037,5.511847062840829
text1513SC,1,Yahoo,en,5.283021,7.695701998996
text57NE,3,Yahoo,en,1.0007695,5.496094030182146
text1171T,1,Yahoo,en,1.0000862,5.235459467011134
text1201NE,3,Yahoo,en,1.0024561,4.9472025515172025
text1449PG,2,Yahoo,en,1.0000101,4.035118804165676
text545SC,3,Yahoo,en,1.0000224,3.7463860665294413
text153NE,2,Yahoo,en,1.0004482,6.522985006479098
text1224AH,3,Yahoo,en,1.0000368,4.059441466278478
text508PG,3,Yahoo,en,1.0000023,4.308447066943964
text900PG,1,Yahoo,en,1.0000024,6.171824916853967
text1321AH,1,Yahoo,en,1.0112725,5.969786744039328
text1301NE,1,Yahoo,en,2.5405166,4.77925778057828
text6NE,2,Yahoo,en,1.0001594,9.392777833077496
text1743AH,3,Yahoo,en,2.1207125,5.128256041828753
text1813T,2,Yahoo,en,1.0000703,7.169119405871967
text1684NE,3,Yahoo,en,1.0005279,6.598398882567924
text967FR,1,Yahoo,en,1.0000025,10.050100621022112
text870NE,2,Yahoo,en,1.0002347,4.2813473852174475
text795SC,3,Yahoo,en,1.0000348,6.019332135166454
text1741SC,3,Yahoo,en,1.0000057,3.9579110355265454
text1776SC,1,Yahoo,en,1.0000389,6.7976624718622345
text823AH,1,Yahoo,en,1.8166858,4.846663242556932
text1959NE,2,Yahoo,en,1.0020919,5.378334734362011
text1181SC,3,Yahoo,en,1.0003786,6.654117980415479
text657T,1,Yahoo,en,1.0001304,7.721775699048835
text1181AH,1,Yahoo,en,2.179247,6.0556501529723965
text1507FR,2,Yahoo,en,10.959639,7.043143944957893
text698AH,1,Yahoo,en,1.000003,4.3204633032048125
text1091AH,1,Yahoo,en,24.409136,6.960098821362996
text1220FR,3,Yahoo,en,3.0465581,5.830766042391477
text366T,2,Yahoo,en,1.0008644,7.239114648014759
text84NE,3,Yahoo,en,1.0003852,5.390793498696933
text1854FR,1,Yahoo,en,1.0000025,10.625749714625737
text1720FR,3,Yahoo,en,1.0000037,5.015347745024363
text952FR,2,Yahoo,en,1.1161916,6.291460387587741
text864NE,1,Yahoo,en,1.0000274,4.755361805827473
text1784SC,1,Yahoo,en,1.0011476,7.490723729688064
text889PG,3,Yahoo,en,1.0000032,7.4799023104769065
text1528FR,2,Yahoo,en,1.0000064,5.879559900913412
text889FR,1,Yahoo,en,1.0001249,6.065445418123503
text1047AH,1,Yahoo,en,1.0000198,10.524222893069712
text1490NE,1,Yahoo,en,1.0000026,8.73549506625392
text1541NE,1,Yahoo,en,1.6743805,9.337893185567008
text372PG,1,Yahoo,en,1.000002,10.934086898411074
text952PG,1,Yahoo,en,1.024027,8.62768499394426
text799T,2,Yahoo,en,1.000012,4.776336354064064
text1705NE,3,Yahoo,en,1.0004154,7.3990770075397565
text805T,3,Yahoo,en,1.0005375,4.999140481558087
text1645T,1,Yahoo,en,1.0032219,6.107218052025961
text1432FR,2,Yahoo,en,1.0000225,5.26375874973435
text967SC,3,Yahoo,en,2.219058,5.267453574973942
text1799SC,3,Yahoo,en,1.0007218,5.048973798222565
text898NE,1,Yahoo,en,1.0000049,4.417898084716509
text1263SC,1,Yahoo,en,1.0000024,9.079801877754667
text371FR,1,Yahoo,en,1.0000032,6.973320491601613
text1046FR,1,Yahoo,en,1.0004245,6.229327710776328
text318AH,2,Yahoo,en,1.0000279,4.543462319882006
text1710NE,1,Yahoo,en,1.0049926,5.943987821493038
text1682PG,2,Yahoo,en,1.0000023,7.779426847387996
text713SC,1,Yahoo,en,1.0006678,6.4561541265698486
text1929FR,1,Yahoo,en,2.8887866,6.541134337993275
text1568NE,1,Yahoo,en,2.0400045,6.4400740806312875
text885SC,1,Yahoo,en,1.0000675,6.692656561690647
text615T,1,Yahoo,en,2.3667173,7.81867914789775
text1265PG,1,Yahoo,en,1.0000162,8.000848816103412
text1933PG,1,Yahoo,en,1.0013301,6.118842814734033
text590SC,1,Yahoo,en,1.000167,6.1028908106121245
text1773SC,2,Yahoo,en,1.0002539,4.879296212135734
text1904SC,1,Yahoo,en,1.000066,6.9287135777105755
text840AH,3,Yahoo,en,1.0000032,5.318473307007019
text661FR,1,Yahoo,en,1.5939773,5.486133785931542
text1860AH,3,Yahoo,en,1.00001,5.285896756707273
text1569SC,2,Yahoo,en,1.7192706,6.059485246595091
text1721AH,3,Yahoo,en,1.0000535,3.2424888040412214
text584SC,1,Yahoo,en,5.2542143,7.230368781086144
text10T,3,Yahoo,en,1.000034,5.9109275306864015
text1590NE,1,Yahoo,en,1.0000638,4.348419921178746
text608PG,3,Yahoo,en,1.0000086,6.558109373148708
text1080T,3,Yahoo,en,1.000024,7.012121194166427
text40PG,1,Yahoo,en,1.0000024,5.01947702825347
text1522PG,3,Yahoo,en,1.0000068,4.792936398532669
text1997SC,1,Yahoo,en,1.3276641,7.607222661516869
text1700FR,1,Yahoo,en,2.456668,3.1544413227909582
text1889FR,3,Yahoo,en,1.001766,6.795684494503959
text835PG,3,Yahoo,en,1.0000024,5.320616561454343
text1838AH,2,Yahoo,en,1.0037758,3.8766420231720335
text825FR,3,Yahoo,en,1.7125396,5.719946690915331
text1098FR,2,Yahoo,en,1.0002358,4.396338496973959
text1795AH,3,Yahoo,en,1.000003,7.263675001675521
text501NE,1,Yahoo,en,1.000002,7.196524268338255
text132NE,2,Yahoo,en,1.0000029,6.591382325146807
text103AH,3,Yahoo,en,1.0001147,4.976969558602038
text18SC,1,Yahoo,en,3.29945,6.943961565864802
text1371T,3,Yahoo,en,1.5477045,5.433415008137298
text1905PG,3,Yahoo,en,1.0002,5.198458717341158
text1137SC,1,Yahoo,en,1.0001836,5.51712268911913
text67NE,3,Yahoo,en,1.0000226,4.96587257806178
text1521PG,1,Yahoo,en,1.0002415,5.7222555149397225
text976SC,1,Yahoo,en,1.0003023,7.28276221144111
text1272AH,3,Yahoo,en,1.0001901,5.509087777492312
text181AH,2,Yahoo,en,1.0001543,6.727746109299018
text1477T,3,Yahoo,en,1.0000196,4.134245642336264
text1915AH,1,Yahoo,en,1.000812,6.822497266638634
text1053PG,1,Yahoo,en,1.0002037,6.054119196438405
text1214NE,1,Yahoo,en,,6.156928185533777
text1996FR,1,Yahoo,en,1.0001239,4.907780235146393
text672T,2,Yahoo,en,1.0000455,5.351146272445642
text453PG,1,Yahoo,en,1.000004,9.192737391660044
text900FR,1,Yahoo,en,1.6927203,7.875212013588088
text1884SC,3,Yahoo,en,1.0000044,4.228234046573198
text1565SC,3,Yahoo,en,1.0000098,6.2882183318617315
text1983T,3,Yahoo,en,1.0000036,2.56635407508285
text89FR,3,Yahoo,en,1.0000112,3.2798299573506076
text26NE,3,Yahoo,en,1.0003175,5.389379860634937
text1207NE,2,Yahoo,en,1.0000746,4.8961246287382
text1031FR,1,Yahoo,en,1.000002,5.935838371325534
text1891NE,3,Yahoo,en,1.0001113,5.5092698659516675
text1403T,1,Yahoo,en,1.2321173,5.064385913378808
text407PG,1,Yahoo,en,1.00004,6.401984788521388
text478PG,1,Yahoo,en,1.0001656,6.309216807950531
text618PG,3,Yahoo,en,1.0004641,6.103174222171806
text927SC,2,Yahoo,en,2.2175453,5.624634305321438
text1602NE,3,Yahoo,en,1.0001068,6.20359833042872
text50SC,3,Yahoo,en,1.0000037,5.83375874943832
text1968SC,3,Yahoo,en,1.0000021,5.580188192459465
text749T,3,Yahoo,en,1.0000023,4.366716187971634
text463FR,3,Yahoo,en,2.1708667,6.870035456850321
text1058FR,2,Yahoo,en,1.0001488,5.068994505817499
text1152NE,1,Yahoo,en,1.000084,6.369755275564395
text1953SC,1,Yahoo,en,1.1263553,5.347834612528839
text354T,1,Yahoo,en,1.0000077,6.753824267521361
text125FR,1,Yahoo,en,1.0001812,7.358795450227778
text1583T,3,Yahoo,en,1.0226719,4.7011815810898625
text1224SC,3,Yahoo,en,1.8237777,4.394407064179538
text649FR,3,Yahoo,en,1.0000379,5.402939137556215
text1453NE,1,Yahoo,en,1.0001173,7.350181935033723
text1655FR,2,Yahoo,en,1.0000085,7.37573707043828
text1387PG,3,Yahoo,en,1.000137,4.7867044339368245
text26AH,2,Yahoo,en,1.000007,8.847970905059107
text367SC,3,Yahoo,en,1.0002846,5.699832686693149
text1986T,2,Yahoo,en,1.0020854,5.731777665554992
text1852NE,2,Yahoo,en,1.0000118,6.460766014902451
text1366PG,3,Yahoo,en,1.9485158,7.516765016812196
text439SC,1,Yahoo,en,1.0010859,4.518187978626474
text504T,3,Yahoo,en,1.0000042,4.174474180550597
text1209SC,1,Yahoo,en,1.0036907,7.315120133812678
text1876T,3,Yahoo,en,1.0000021,8.709937133744521
text289NE,1,Yahoo,en,1.0000749,5.688646722501711
text1803PG,1,Yahoo,en,1.00646,8.489234514865293
text1462AH,1,Yahoo,en,1.0001576,7.855966285633921
text755AH,3,Yahoo,en,1.000135,6.970509189931351
text1516AH,3,Yahoo,en,1.0000364,4.262674007898585
text1006NE,1,Yahoo,en,21.203394,10.883081967662264
text1500T,2,Yahoo,en,3.964077,5.25208828926448
text594SC,1,Yahoo,en,,5.324589754934603
text1150FR,3,Yahoo,en,2.8515606,6.944157800251198
text1337SC,2,Yahoo,en,1.000164,7.38387289056649
text1292AH,3,Yahoo,en,1.0002029,4.289330826434428
text685AH,1,Yahoo,en,1.0001374,5.167670157460044
text757NE,2,Yahoo,en,1.0000032,4.252147810096085
text771AH,1,Yahoo,en,2.1137626,9.192105432791905
text1335FR,1,Yahoo,en,1.0000534,12.164074507189227
text1943FR,1,Yahoo,en,1.0001671,8.9470436009939
text1593PG,1,Yahoo,en,1.7752283,7.054276547661977
text306T,3,Yahoo,en,2.2794912,4.510880988240028
text432PG,3,Yahoo,en,1.0000044,4.662396566638524
text1836NE,1,Yahoo,en,3.0451632,4.771683134007312
text153SC,1,Yahoo,en,1.005089,8.626168071829369
text105FR,3,Yahoo,en,1.0001522,4.75997236429042
text1594AH,2,Yahoo,en,1.1298516,7.571726755634415
text363AH,3,Yahoo,en,1.0000868,5.3047236069467925
text1338T,3,Yahoo,en,1.0000099,5.553505362456602
text1263NE,1,Yahoo,en,4.008762,7.483809477423612
text210FR,1,Yahoo,en,1.0003027,6.909120041289148
text184T,3,Yahoo,en,1.0000079,3.197176660954554
text1965PG,2,Yahoo,en,1.000018,4.818592064191494
text1839AH,1,Yahoo,en,1.0006895,6.716189764674585
text627PG,1,Yahoo,en,1.0001045,6.323805808253916
text874SC,3,Yahoo,en,1.0000029,4.5974740351579575
text1412SC,3,Yahoo,en,1.0001694,5.290448126405481
text1054T,2,Yahoo,en,1.0000575,5.397656733929986
text1526T,3,Yahoo,en,1.5699385,4.812352190151731
text1123PG,3,Yahoo,en,1.0000292,7.38451843244846
text563PG,3,Yahoo,en,1.0000598,5.44033160745729
text373T,3,Yahoo,en,1.7870011,6.126729145296107
text532NE,3,Yahoo,en,1.000002,5.235368620994542
text932NE,1,Yahoo,en,1.000123,8.622535101604694
text494AH,1,Yahoo,en,1.0003105,6.501954115591167
text1910FR,1,Yahoo,en,7.3477383,11.056052374700158
text1802AH,3,Yahoo,en,1.0000023,4.344721339932415
text1139FR,3,Yahoo,en,3.2628937,4.98640669548705
text563NE,1,Yahoo,en,1.0001734,5.297765786329382
text1524AH,3,Yahoo,en,1.9185259,7.219485605843277
text1635NE,3,Yahoo,en,2.1482947,5.682961014555447
text1112PG,1,Yahoo,en,1.0000287,6.224414009292916
text147AH,3,Yahoo,en,1.000008,3.4259289178324046
text1231PG,1,Yahoo,en,1.0000114,7.795916969318149
text120SC,1,Yahoo,en,1.0000026,5.946349736156924
text1429NE,3,Yahoo,en,1.0001624,5.763309233617227
text36PG,1,Yahoo,en,1.0000757,5.0628202478281885
text1584AH,1,Yahoo,en,1.0001724,6.087716778625404
text1593FR,1,Yahoo,en,3.6668758,4.070175302848013
text596SC,2,Yahoo,en,1.0314953,5.6668107083417425
text1814FR,1,Yahoo,en,1.0000604,5.294333170788151
text1521FR,1,Yahoo,en,5.682964,5.597451255227222
text1849SC,3,Yahoo,en,1.000004,2.850679895761368
text1793SC,1,Yahoo,en,1.0003549,6.022737131709886
text944T,1,Yahoo,en,1.0000689,6.702274804915981
text1837AH,1,Yahoo,en,1.0000054,4.9526513875306835
text1960T,1,Yahoo,en,1.0000136,6.36993738842445
text1443T,2,Yahoo,en,1.0000557,5.579789826109338
text447SC,3,Yahoo,en,1.0018293,5.534989132479926
text1540NE,1,Yahoo,en,1.0013058,5.910659883968872
text827AH,1,Yahoo,en,1.0002118,6.928616250552895
text1149NE,3,Yahoo,en,2.6680486,4.996501616936794
text1366NE,3,Yahoo,en,1.0002426,5.333446642060035
text1232T,1,Yahoo,en,1.0002503,3.7745289229984573
text564FR,1,Yahoo,en,1.0003433,5.229913829429923
text398PG,2,Yahoo,en,4.715355,6.540177738520225
text242NE,1,Yahoo,en,1.0002418,2.8317129156766687
text116NE,2,Yahoo,en,2.392373,6.427607464685442
text1952T,1,Yahoo,en,3.3072674,5.405327240237858
text154NE,1,Yahoo,en,1.0001045,6.033165080340215
text461FR,2,Yahoo,en,1.000022,4.157221097444966
text1964NE,1,Yahoo,en,1.8323975,6.621672872771345
text1163AH,2,Yahoo,en,1.0000182,8.221833647876633
40fxk9sDmyhh7S6V6Uuimg,1,Yelp,en,1.000011,4.495187252285916
zmFn_KhpZPFsvz6Zp9_ogw,1,Yelp,en,1.000705,5.813338677432048
zVU8PV5i9mKTJtBNIv_2Sg,1,Yelp,en,6.548697,5.312468358277879
bc0dLKd-9LYrRK9GmmWmXg,3,Yelp,en,1.2613349,4.2531612334719
4DrOVgI9rdBFb67kZ26miw,3,Yelp,en,1.000013,5.560879009869532
OXOVo3ZY6XE_k08gha2nXA,3,Yelp,en,1.0001413,4.37708039203625
-I1Arja8KXGbZvwH3JQykw,2,Yelp,en,1.0000923,5.149669269683992
q6uXJY_QG-qV6zYiAo-WKQ,3,Yelp,en,1.0000032,4.610586656767157
ApzqwFxKU5rkyu9HFjv5oA,1,Yelp,en,1.000251,6.927505672746739
4Bpe8G4nxbYMgSqZ0_24ug,1,Yelp,en,1.9347562,4.3037923233725035
PmU1Ob2xGBzk5OWwm4bwKw,2,Yelp,en,2.5567553,6.285076619345955
Wkrvjvo1_l1PiKMOLieiBw,3,Yelp,en,5.1225367,4.193180404089527
ZG_fo3doBo3kaeW3a0Yrkg,1,Yelp,en,1.0000026,5.053446435423634
QdvyaVuhvSonD-V5-8YPYg,3,Yelp,en,1.0001296,4.696900408337087
MCCbEtg58ze8VL-EITFu4g,2,Yelp,en,1.9224445,4.2463277661235885
s59B3zmgo5aZDhYqOBMsNg,3,Yelp,en,1.000288,6.595406287410908
zmUo8oLt-OgOxaKG52aepw,3,Yelp,en,1.0008832,4.567680692798741
XOp1WBC0NHSMHRuk_zDpww,1,Yelp,en,1.605952,4.841625449484871
exy99i_b8uECj6_mh6Oz7g,3,Yelp,en,1.0005671,4.296162498499873
DWJ3H3z_bB-pZfObDaro_A,3,Yelp,en,1.0005536,4.885128788154296
54YD32GLga7JAdjs3Igpew,3,Yelp,en,1.8057696,5.666082164082082
9v5rO2uA40CDg6t3y9vkow,3,Yelp,en,7.3515863,6.330313650794485
uKxvEldmDwO63BwHfNlBeg,3,Yelp,en,1.6355343,3.9393034646295497
12ZGjTtgD14MLVnBrQlvBw,1,Yelp,en,1.0001875,6.40453504420433
F8Sib-KcHxFI9nG1afB84g,3,Yelp,en,1.0000056,5.273920967324832
LDwYlwWSDrZGGhdOG-pllQ,3,Yelp,en,1.0001707,4.1070394698459145
CJ1uc0INGc4ktyd64ulKgA,1,Yelp,en,2.1367464,6.808869512294205
Vb-5kRwtj0e7HcYeuaBzYg,3,Yelp,en,3.93085,5.132476589399779
oy0bejXK0lmqgH1NPnBvfw,1,Yelp,en,3.0688505,7.794745950093145
P-geQ9s3D1HjjRUQ0aZBxQ,2,Yelp,en,1.0047998,4.379101906018416
1fmKmK3_VSJ6IOV2yxDfVw,3,Yelp,en,1.0001976,5.166296246311493
-Aw8BAt08nv5nwrWjHkmSA,3,Yelp,en,1.001231,3.625947772119153
FKx4xYsf9NTay8qlkyu0ew,3,Yelp,en,2.83455,4.910989820412626
cxpFOKt_jfXxzi6fMKwjoQ,3,Yelp,en,1.0000919,9.776257748440988
S7PFFLSe8FKsMk63VCvLCg,3,Yelp,en,1.0001677,7.034659251492502
jO1DCI8EVZZtsmVMaPAG7Q,3,Yelp,en,1.404003,5.791360910821118
LFAeBEC7PQLfzt0w5AWh_w,1,Yelp,en,1.0006166,5.3721467828808676
h4sw6JkSGNqHafPVcgZgVw,3,Yelp,en,1.2523997,6.723473623849459
QCWE97QqDTtg7HJ6nFnXnA,3,Yelp,en,19.422876,5.0805099947443315
Gshw2Tc8UT2gJn3Xks3TJw,3,Yelp,en,1.001371,5.413908638354702
J31onYZ75C1MdL-JNkL2DQ,3,Yelp,en,1.000083,4.246130580473744
AduRtvntzmTG9Jl2ld6e0Q,2,Yelp,en,1.000418,5.303329909884402
bgD3UWo_jdGNccwsQwmNsQ,3,Yelp,en,1.7435973,4.2803541256673565
Sxs3PuHMQ-AydVPUr1GBZA,2,Yelp,en,1.0002438,8.007700814943444
4UKK8UFUm7BwV5VFbLuM1w,3,Yelp,en,3.7923965,5.720082811936136
AZlmav3EtfbZu_5BIF0RMA,3,Yelp,en,1.0000496,5.810151923720062
Qmxf_shYPiUKhJlu9KZa_g,2,Yelp,en,1.3980154,4.607986121458843
yhZ0swkDryfLlkM9WPMQkw,2,Yelp,en,1.0006331,5.549687843902798
TqJNEtjKqx_tMNgPbe7VpA,1,Yelp,en,6.719546,5.752496816741474
72CJH5x4iQZIEH-INl6rgw,1,Yelp,en,1.001554,8.726543433570448
RbmYdagTMs5qRFNakLwSfA,3,Yelp,en,2.0333817,4.776314252781065
XsFhavj4KZpYy6mBsW5k4Q,1,Yelp,en,1.0015188,6.1828512415632355
6-q8aj2Tq_QUUsTP3k_08A,3,Yelp,en,5.9421964,6.887988104137707
638jKaVp4VtbOJl8gKuBsg,2,Yelp,en,1.0000849,5.196074422258333
DBXr5KdvryAWWUKO7Ma9dw,3,Yelp,en,1.0002178,3.8701950770415277
Jl8Wda1EMHCel1xSeMp4KQ,3,Yelp,en,1.0000049,5.622848976244245
CJcyv591XyGsDE_ituC0mg,3,Yelp,en,1.0000399,4.59268615034445
3bFYB6923ySeFsNJ7_oN7Q,2,Yelp,en,1.0000118,4.237525796293211
9d_uGJJkZ7P8gTblJCSRiw,2,Yelp,en,4.05646,5.733091622478421
OO9T_kjJrlN8Y37EzKR_GQ,3,Yelp,en,1.9031143,5.545330404326011
ZNEtFf5Ms2tdr2GqTQyi1g,1,Yelp,en,1.0007757,6.448292378502946
cKUOFdtOGqjXITze8YHi9Q,2,Yelp,en,1.1739289,9.08257376210486
pJXQOt2RmXgj1PrimW96fA,3,Yelp,en,5.738342,7.738657711653632
C9hErWu1k8jCCRCBRFCvWg,1,Yelp,en,1.0006118,6.818691955076503
l9ZoJFm_4TE0di5rwC2JEA,2,Yelp,en,1.0006255,5.196241871246753
klQ2f-820NW6nmsYH9LuQg,2,Yelp,en,1.0004925,4.239899043066712
r5tX2mEOYxFW_FzHjG3YbA,3,Yelp,en,1.0001426,4.903580764504882
ATEw3l3lf2CrhkbXjz5KqA,3,Yelp,en,1.0001088,4.854078548979763
57CfGcN7-j2PYtiFeyJvVQ,2,Yelp,en,1.6068676,4.643283438266405
zA7yVKjo2RQ_0BaMcrZs7w,3,Yelp,en,1.1783191,4.333945980569493
zY7Ddgfh9QtZLJf5tlhzhw,2,Yelp,en,3.0126176,5.487820384175118
JLc7cOgmzgim1QlqXdDNuA,2,Yelp,en,6.0994043,4.265011295668922
oESTJSMAjhJ_8qehHx3J0w,1,Yelp,en,1.0010448,5.9358707428198425
ljDH75jgyqvA4J5hmWWGxA,3,Yelp,en,1.0001541,7.028925607549854
37lrwoFupAFwvLnL43T8bA,3,Yelp,en,3.9299574,5.097865574706227
DdNguO0pzUvHR_6SW2xTkg,2,Yelp,en,1.6987671,6.949405396371014
3j48Urx6X5Ak-6S3FPSKjA,3,Yelp,en,1.0005103,4.784610200315996
hOG2QomA5ZdDExBUGZS2-Q,3,Yelp,en,1.0004772,4.913709386516682
979l8tvjgIYEJeWHT_sxGA,2,Yelp,en,2.0503385,5.366291407157372
uSi5fBrP8bH3dq9V3bN-Qw,3,Yelp,en,1.0002469,5.210183073889632
ofLaA36f19HXGXikZqC5jg,3,Yelp,en,2.0248442,4.2805507784198475
kBiywFn-4GolvcbS228MgA,2,Yelp,en,2.409759,5.475477600804115
ogUpAbhctrdUJ4T8DKTBmQ,2,Yelp,en,1.0000806,5.579566679609649
D7zYb-8AiNzLAQnvMJpnpQ,1,Yelp,en,1.0000887,5.654079369514512
j6fecH_D2ce-DLEm3VKakQ,3,Yelp,en,2.7828953,5.674650822309837
6cguyMF27761uk2GPAyk8A,1,Yelp,en,1.0005554,7.515455836944011
7l_NjDwxlotj0kHaltaDkw,3,Yelp,en,1.0000194,5.215578499667431
5NYPA5XdQVovDVjLWZdPqQ,2,Yelp,en,1.0000391,7.23239798002384
NWzLuyTIk7eXCRDHgqJLzg,3,Yelp,en,1.0000073,4.876997048298191
BTLrVXYhqO_QZZ54XBCB_A,2,Yelp,en,9.07912,5.300356161294857
2SuNXvsMAnOS-dOaHIyvRw,3,Yelp,en,3.1246374,6.983075503389135
nHZXr986FeOW9d-eKzW-uw,2,Yelp,en,1.0003154,10.137679068185495
7SNf-EY_bbE2Md4BOiS-iQ,1,Yelp,en,1.8739501,7.446520134443345
KSU2gGhcfHuXBcqpKq9U_w,3,Yelp,en,1.0002503,4.111789902828427
GsVeNJA1T-NOJ5GAgDRORg,1,Yelp,en,6.726702,4.981698653060819
ZnRAK1Xy2DAEWk_oQeZUew,3,Yelp,en,1.0002432,4.435438376161562
b_xGkXI1griSm5lhvZVXTg,1,Yelp,en,2.1282024,10.342186576391635
xKP6qqXFCu2hrpIFKpEeqw,1,Yelp,en,1.0001465,5.166431998766558
fPTTH4FdpF-Bz7yI4eUoGw,3,Yelp,en,2.1897376,5.156287724661116
kqexK4Lo6XIxCwPM8GniXw,3,Yelp,en,9.046347,5.217646660852473
5DaqHKYpSJM1PJmvGGWe9Q,1,Yelp,en,1.0000062,4.652115529344001
1QAE1djvFPgUnMPGSxSn6w,3,Yelp,en,1.0000634,6.5725439466776505
Iw9KI31ZEYbUNxSaMkmdVw,1,Yelp,en,1.0000232,5.05747502923186
1Kc_trDSrz6drMOVJ2DP8g,3,Yelp,en,1.0002124,7.756463606534393
1jBVUPzzcF_7F15rsQi7NQ,3,Yelp,en,2.87404,4.504988216956494
RiCWRP1-qJCWZcQf_kPkLQ,1,Yelp,en,1.9440476,4.699090595511103
T9swH7xnizGI1ZAn2_1PGg,3,Yelp,en,1.0014035,5.247157145251685
KXR5RACA65fbr4j5w-H3BQ,3,Yelp,en,1.0000538,6.338987923986207
UJqJWussgZavisFOWic4RA,3,Yelp,en,1.0003704,4.454284802952936
EYmFn86eq7XZD4RkOF4Zig,1,Yelp,en,2.6568716,5.55322820353839
b45gy8Z-vASJO9nwQyC1gQ,3,Yelp,en,5.9752927,4.976552573723271
DRR1bqQKNg6ZAEmcNK0-Ug,1,Yelp,en,3.554175,9.74199738588949
PnxW9K0tGDTrBWAchge6Iw,3,Yelp,en,1.0002646,4.606879777439658
UgFxfn9WXncZ4C1qs95RmA,1,Yelp,en,1.9597361,7.8934182004395606
XM4AiCPsvCP9rLe5uoPVfQ,1,Yelp,en,2.2224424,4.364922559709768
G09_yFukFtV077gs1L_4GQ,3,Yelp,en,1.000103,4.303061229594532
jnYhqz6a-E_6YvrcLzGMcw,2,Yelp,en,1.0003623,5.8914143197646265
POID_EJrzJctOp3RODRY8g,3,Yelp,en,1.9274246,3.8090854978871858
XqR5QMe3GQeh8VnCViqFkA,2,Yelp,en,1.0000054,5.861435506615561
SLctk3NALjgmBvHYHvByUA,3,Yelp,en,1.0002548,4.969894599514768
hAgFJD4IKPF5lof-cl3hlA,3,Yelp,en,1.4188684,4.894821294661019
WJXHBUQRpwAmVo0wwyAGaw,3,Yelp,en,1.0032272,6.030187669248176
eE8go8VsA8trl4cIUl0fRA,3,Yelp,en,1.0000254,6.600207089575588
rInpBVPeEBzCikakDgLUMw,3,Yelp,en,1.0000057,4.09340821181231
W3MDuJxHknuMVy9FFCJlmQ,2,Yelp,en,2.3124619,6.69340759333591
ToaH1r1K4mDJWF6r4cZNJg,2,Yelp,en,3.5577443,4.627420413539379
1cQoCOsiWqPnB05wO-fmVQ,2,Yelp,en,1.0000176,8.12929867041283
y8oazOqHFuYuLsrmKFfa-g,3,Yelp,en,1.7292396,6.325372557549085
r9WycsZU4Njz_CA3lp3DhA,2,Yelp,en,1.5044949,6.208877287268193
LSZ0KpYhYUlgGINOt-vkzg,3,Yelp,en,1.0001419,5.314668916744387
bm8nWWN2ASuAVRZ6gyv1Wg,3,Yelp,en,1.0000806,4.136695718865038
BamUN7tyUWlm2EbHd-4FVA,3,Yelp,en,1.7621384,3.7883420702673187
9aadXe1qZdtv0IBr-xbaLg,3,Yelp,en,8.411698,6.250623272764439
Uf5NdZp-hS3m6shR9guTxg,3,Yelp,en,1.0004686,5.2945064111650515
C8t5pKNfzpdaH8YSFDVEpQ,1,Yelp,en,1.0001636,6.104912296855345
Zbipczs9DnCfIS0zd4dIQQ,3,Yelp,en,2.1156054,4.479259413778138
SxXicwdD_INOHVYwUEqmzQ,3,Yelp,en,1.0000342,5.359473367813754
22OeBPD1QiO6OkzaQqNreg,1,Yelp,en,1.0000551,5.949502054399317
XHKpyYQ897Gb1ffQGSXpbA,3,Yelp,en,1.0073678,4.310508830121542
2r0XqX1Db-NnRPiq9XMcRQ,3,Yelp,en,1.0000057,4.375296967813194
f-gK5s0YnBUKacieqvEB2w,3,Yelp,en,1.492449,4.157849080137572
_zEr2qp8sU3eFFoWfH4mTg,1,Yelp,en,11.918454,5.052492808846008
zCYlhzVURHA6hWZzmpn4bg,3,Yelp,en,1.421354,6.0108111766395655
tzCb3rppgABWcc_w0wBuRg,3,Yelp,en,10.963754,5.035749390803822
iA-IDb8dczl6___fyUEsLQ,3,Yelp,en,10.727472,5.552356436204357
3Hasa1b9v_CHmxWV4L7BAg,1,Yelp,en,2.881905,4.738669490629033
8vaw9GLH08PmduP3GsJPyQ,2,Yelp,en,3.6833887,4.36092310094643
wP2J_lHyLq649yt07EJnfg,3,Yelp,en,1.3282149,5.156649889997949
NiONdcLm2zDKxbEjl0FTwA,3,Yelp,en,1.0014775,5.879899988656549
ZWo3KvNivBmirbNAQVaFJQ,1,Yelp,en,1.4692936,8.830303158884224
WQ1FLCdvu6_ZVZrXTQ7XRw,1,Yelp,en,2.0238974,6.731839970075351
bciKPDdp3OpdH3dImArYMQ,1,Yelp,en,1.0002528,4.410405607170186
vLSi8gVxcotSIl_v88rQcA,3,Yelp,en,2.6200395,4.151971468343812
6GxsqURup3yP9_SWl6Z4Ow,2,Yelp,en,1.000326,5.320555012164498
iHK_vPVC7fUFuglRFjDggw,2,Yelp,en,2.447565,4.835295817037077
ArTLKDrMsBRp6-V52W6-6A,2,Yelp,en,1.077043,5.5308086684385005
60ounadBwcU6ZSbS5EZBfA,1,Yelp,en,2.1474118,5.469195959916882
tWiUHTkysGwWaQUOvjCQiQ,1,Yelp,en,1.001978,6.947693263983122
kQkFa4cRSGD3SsBV2CQdfg,1,Yelp,en,1.0000061,5.824812186107665
9hqqIyiRzV_XA_wB6BMyMQ,3,Yelp,en,1.000267,6.1766256507548825
7ivVqXrdzDHqUWLU5_oX0Q,3,Yelp,en,1.0000079,4.7436518955135245
biPjej6C7bN-qvwT6Mex6w,3,Yelp,en,42.320538,8.794869950705266
gGHVIz1_oVknT5NhKP6A8w,1,Yelp,en,1.0002021,7.044652578053892
gx9eABySDxgKb_NXDYjHxw,1,Yelp,en,1.0004257,5.438095194372802
pIyaIJdVa_Kl8vebITpIew,1,Yelp,en,1.0405067,12.063636470585475
ZLvRXnrzh26O5t7gCFwInA,3,Yelp,en,4.0420384,4.4845878576006335
ngpOYX62J3c7nBX7moCzww,3,Yelp,en,1.0266618,5.742153517535223
cDA-6oRM_shHLMdMYHX4pQ,2,Yelp,en,1.0001653,6.2204868669177475
J1PTjZvCGieme_Jo43NvDg,1,Yelp,en,1.000002,5.587663753222388
8omL8tvpc_y3smxByLUn9g,3,Yelp,en,2.4814956,5.446994156702892
mjYus-iLdgubSWHw8m5W7w,1,Yelp,en,2.5038817,7.260999827626944
F3gGECYo4o0SldUCFBRq-Q,3,Yelp,en,1.0003558,4.997865888780233
viWciVFlio9jqs3XSvfuaA,2,Yelp,en,5.3189726,4.84675134846548
XDre87Ohl4_zvEzevaLHJQ,2,Yelp,en,1.002768,4.8910297657374375
bIWRD_4W_9VQY2x_5xdqaw,3,Yelp,en,2.3747032,5.482888996541412
FVtdxl-r1fPuTkFPQO1rVw,3,Yelp,en,1.0005426,6.462395531788961
dH5lp9Ztqnk8a5G_8z1aiQ,3,Yelp,en,1.00022,5.763770232857144
r2sPTv6_1ejRiOG-czhe2Q,2,Yelp,en,1.0001483,6.690729041500013
TFcEaCCJZAuz7z8mOAItiA,2,Yelp,en,3.069036,8.12652628079698
ScLPr1fUtc9fOnr1vJuhxQ,3,Yelp,en,1.0001311,5.74669790735983
Sw6mWDlle2kwKBGdF5HmfQ,3,Yelp,en,1.000004,6.107218052025961
ESRv3Lqw8r0tMF5O0fjUCw,3,Yelp,en,5.6361947,7.124039344563861
nZYFnKkWBzH98ESC3rp5uQ,3,Yelp,en,1.0000032,4.3813821126607335
Tca6wuqV_ifS4RqK6Kd34A,3,Yelp,en,1.000015,5.833957353732508
eXqFXV7IkHzo4XOOUx14FA,3,Yelp,en,1.7040515,4.709557166835475
9lVNz4q6_wIJUkwXeukJLQ,1,Yelp,en,2.2435875,8.234259133157927
1cYvSiaB1Xa48jTjmL2r8w,1,Yelp,en,1.0000025,9.002180525101965
NmQm_Hul1qS4WoeF1rvhdQ,1,Yelp,en,1.0000472,6.343705865343129
ay5fG0JVsFShPFiJ9N-JjQ,3,Yelp,en,1.0000325,6.983204754515393
xgFVNQCYc6hgho-hzPWyOA,1,Yelp,en,8.23862,6.521061090494263
kq4fs7Q7JDsPmELYWqGbQw,3,Yelp,en,1.0000217,6.593421784637544
9wVube2g027SUCbai23rqg,3,Yelp,en,1.6521446,4.9240143513686805
ahF7oKprvUYv3At5gEQ45w,2,Yelp,en,1.000342,5.6278439319739695
QvZaJNqrrVj_l-gyPz2Z3A,1,Yelp,en,3.0628495,8.048589050008797
WekLyZ_jGhbwag8rduP_lA,3,Yelp,en,2.5841389,4.973942894190594
Ld1-4STmN0Qe-xVyX5N8Iw,3,Yelp,en,2.754632,4.868090373990602
XZbkHGhOo_Pu-ypw4j_bvw,2,Yelp,en,1.2079241,4.227048426560766
sB-Lx1QF2hI8yQpb_SdINA,3,Yelp,en,2.563582,4.735184373503046
GifRhXPlxytoRkhyEWbqjQ,3,Yelp,en,2.3610973,6.668377054568372
1CpDgSzeGxpo5DM9MRZXsQ,2,Yelp,en,1.0001755,10.556880435151992
FUYQ99EUHg2TOHMMTy7cFQ,3,Yelp,en,1.0000044,4.5074583692237065
8Mkhxopb8jzL748V-oCVKg,3,Yelp,en,1.303757,6.470767427642966
db7i0JVq9s_AKVvOoHBNxQ,3,Yelp,en,1.0000143,4.2289405463219945
9HebYLRstsuqti5_7P0hEg,3,Yelp,en,1.0016792,4.205200385276789
7KgfshQrZ9O9iMIABtm59Q,3,Yelp,en,2.4417772,4.858815330734968
hNrTy0Ygw2w__LFgRN-dMw,3,Yelp,en,1.0000962,5.954561835675952
QOreEvrNP6iEZo58gCIuBg,2,Yelp,en,5.054086,5.179064878484615
i97Bt0ulP8sIEHz5pSRTDg,1,Yelp,en,1.0000327,8.5243181780225
00ITXtcMZ1lKorsTbL8sKA,1,Yelp,en,3.4251156,6.232125363979078
WTBZoUYPne_lsXD2v95fsA,1,Yelp,en,4.551837,8.296069654124574
Wqw7YrOVrBecuVpcPGkO6w,3,Yelp,en,2.8346653,4.907107105107929
xXMbtC0bRW4P_QryB9bMng,1,Yelp,en,1.0002599,9.132677529400096
u8NNXExuaSHcr4rSrI5D4Q,1,Yelp,en,1.8568664,7.7515083661722075
egvjp70Ww4g1QAhKP92bbQ,3,Yelp,en,1.0000265,4.9609412445685575
zdWQtnrWzGZGXW4qolAtjQ,2,Yelp,en,1.0000118,4.172320272030899
ZkEBqstj-ACQPVu1PzmHRg,2,Yelp,en,1.9207437,5.386155801928522
q8dgKSX2H6hHPu62k1DjBg,3,Yelp,en,1.0002005,4.533706518558461
c51VoXUeG0KdGGx-Ee51xw,3,Yelp,en,1.0003835,3.881328329839531
_0zpVW6YeumcztzbPzc1nA,2,Yelp,en,1.0001181,4.980876272854875
h8MtXPfTGZeC92flVZmDGA,3,Yelp,en,1.0002327,4.316272751331287
1dCwguKPnwHUgrI2pzncdA,1,Yelp,en,1.0004394,4.932301920946793
2sfu7MvxXewhRD5rr24goA,3,Yelp,en,2.659967,5.2845979580214575
_gnQu_MzmeEm2Fh4Ode_yg,1,Yelp,en,4.6438165,4.735042737217153
v9gBt3uqUqUJQzl9TXMn6g,2,Yelp,en,3.3917956,4.791044500853745
4_OyAzfa1z1e_0sDBI0Gfw,1,Yelp,en,1.4992745,6.774690141804928
sdkJ2-Oy0_LO3Clw6J6mNQ,1,Yelp,en,3.6581373,4.510973426776424
RkNHU_-5S2WOjKVKrxcAIg,3,Yelp,en,1.0001127,4.566562895113016
dVcpoMrZNbHlmU9qu-eYsA,2,Yelp,en,1.5159675,5.884475594630028
Y842zLaf6gJjDHUC3ssogg,3,Yelp,en,1.0002445,4.92105973991912
5mHGXfC4eVPIeYt5RV2UgA,3,Yelp,en,1.5482792,5.01344427879639
hCaAzhLFkM_FnxU658Ix0A,2,Yelp,en,1.9300413,6.312970442720132
m-kF7UF3nCPO1KxuMFcMdA,1,Yelp,en,1.0000378,10.075872129323358
2IANNlhdnOsYhbgRSHpxYA,2,Yelp,en,1.000764,6.127881476541945
8YemFuUV2HQ5C6SmzSynqg,2,Yelp,en,5.7985616,6.0481451667127475
Bst8b497_GHgsMMnunN1og,1,Yelp,en,1.0001125,6.438479984611441
SsR56CtOdG44wwlDQjQUdA,3,Yelp,en,1.9767144,8.344392322653208
mbZiBt_f2YOJ78S5vo2tNA,1,Yelp,en,1.0001652,7.34619156390162
p9sE1W5-EAhEKJI_clSU1Q,2,Yelp,en,3.7832837,6.323412875317655
Y914T4fKnDbwRmvcYFG6vQ,1,Yelp,en,1.0004431,4.733928575199986
Xt2Nig5nndCt2HDT4pQ-RA,3,Yelp,en,6.482854,4.89393723141261
Sd69G-QUAm-Ojl8L4qkWKQ,3,Yelp,en,1.0002034,6.48028203903686
mEpamMc1zPJYAAJJAJ6V9w,3,Yelp,en,4.152529,4.9887590872157315
CUe72xnZLjz4h27V-Aa1qQ,3,Yelp,en,1.0000116,6.221164350846496
IFLs0IP8O16NBthfy-uCmw,2,Yelp,en,2.7428734,4.994871916053747
-dwfuRRPqAg3YeL3XsCAmw,3,Yelp,en,2.353629,7.411287824432843
duvPONn-Lv2sK8m7nCqm_Q,1,Yelp,en,1.0002701,4.781666536838431
p4GNAzzCIeU-LnnKVljzoQ,3,Yelp,en,1.000049,4.544370186765193
COyzVILA-Ph2qgK66HBzbQ,1,Yelp,en,2.0767696,5.160617478322503
F2up7H0b19laVGHfCI6SPA,3,Yelp,en,1.0000297,5.606766651200398
1P3eCLKdnNkQROzmhgpQ5g,2,Yelp,en,1.000031,7.239865982272354
JEmtDSrk5Z5mjkg1_js3Wg,1,Yelp,en,1.5290419,5.862821817184653
_YdoXIXscuxrp5pCxhOmaQ,3,Yelp,en,1.0000668,4.54168615890206
eXAFI9k0Rx_XorJlGtDNow,1,Yelp,en,1.0009621,4.861816129638897
n5sqTF5o61hBFmL_o-PwnQ,3,Yelp,en,1.7490685,4.599679430199554
bGidcya8kL48bHEH0bA7Zg,3,Yelp,en,1.4751952,6.5762336258929395
HENyzqKqR2SjYr6JV3lJQg,2,Yelp,en,2.7752166,5.83679639864942
djfa761gw78Y-oUrGOoBNA,3,Yelp,en,1.9211403,4.152352986017226
fcEBV70rEpGFoH_og07hog,3,Yelp,en,1.0000235,4.8294668705748585
vf0nzr_XLzpSHNKuRcNx1Q,3,Yelp,en,1.9734483,4.862007356802958
MiCyNL1qDCQpB1GGoCnp6g,3,Yelp,en,1.000422,5.466031646320676
npSLJ6Fp2VccQO3EdjC0Dw,3,Yelp,en,2.5736191,4.291691241423505
IWPhp9yzaRAhX2jxt149Hw,2,Yelp,en,1.0008872,5.785316307560161
MOTU5O3BZbSRov4hK5xYCQ,3,Yelp,en,1.0001142,4.5772811511610225
XG2jElV3uX_x2I04dpKzmA,3,Yelp,en,1.0002362,4.862274123226183
jLvSufOuqxozx2iudp8RVg,3,Yelp,en,2.389751,4.139269006872485
AEnkw2Kab_8TZFMcyFd5wg,3,Yelp,en,2.128282,4.510739352222052
efMH2_aWgUQzw19bP_v1bQ,2,Yelp,en,1.1092966,4.850572680439724
JSg8H8to0wiLJW5MlqWqEw,3,Yelp,en,1.907115,3.981584066619282
d5dYddRfcGaX54sUsLPKFg,3,Yelp,en,2.2130475,4.3087738920984835
ukUPTPoUb5drr9p4UXmcpQ,1,Yelp,en,3.4207578,5.804802339877923
FO1qsiXrBUVvpG3WqMHdCw,1,Yelp,en,1.0002898,5.28765112189698
6_XzKWWpEUnDsh6Zzo7DWQ,1,Yelp,en,3.9087353,3.6870348962761614
IXBa604iZBWLHfsHFUMxQw,2,Yelp,en,1.0003678,4.401694141526998
U_RWUVYqnANSeHdxP7wsDg,3,Yelp,en,2.6584113,3.691165326134066
4cUg9K1I_kbDJePcqJIb5Q,2,Yelp,en,1.3050529,5.1975593248323975
riFj2evo2LSDWFMxGHgl3A,3,Yelp,en,1.0004672,4.238205132020194
DhA_zGxQzzC9hftN-jYOPA,2,Yelp,en,1.0000025,4.6137932600797065
iNqZUb0l0bxVnzooBuTLWA,2,Yelp,en,1.0000197,4.430402616670726
WRU7PLmReFlDzZnjUi6ylw,3,Yelp,en,3.6889718,5.101831775956703
VpoelJp_xL0Xy42fcrVeNQ,3,Yelp,en,1.0004884,5.5202773515546735
U1bZ02MkJf9qet5Z99HZ1Q,3,Yelp,en,1.2393994,5.6961960379893375
_kZJSpHQiCjnK0ChanRxvQ,1,Yelp,en,1.0009819,8.110422433512914
wHkZ54FlwxjYjzC7DNd7eA,3,Yelp,en,2.7340546,4.997051575182445
ZvlgkL23ni6MKhpIoBTKRg,3,Yelp,en,1.0000049,8.229167283162617
7lML4LqsG_E0DXQ4xM-Ryw,1,Yelp,en,4.0584064,6.7740542504133865
rINCJagxQFR7q4KkFRp9KA,3,Yelp,en,1.5276089,4.810063108341424
cGo30g18YbCUD0ZB_W-bUg,3,Yelp,en,2.9194522,6.276406623357299
aq5YVNy-QhpxSukDqGWXTQ,1,Yelp,en,4.8533278,7.119468128861323
s4DLSezr-TUjaVa_EiA9kg,3,Yelp,en,1.0003556,2.818088661693682
POGcpeTg60CRfQlDamVc3g,3,Yelp,en,4.5519776,4.989325508388662
GkoTDCm5akWw5l4O41skKg,2,Yelp,en,1.2798837,3.749356255506119
iLm339DWMbsvxJiRcL4DAA,2,Yelp,en,3.7880423,9.736523469545412
GzzFbTQTW2kur2ok0QZ2fA,2,Yelp,en,1.534973,4.427049108113486
4HTrV9WWPmu_279Euvupmw,3,Yelp,en,1.0010735,3.891769997510431
UG-WOGWKLch6qHLWJBZdIQ,3,Yelp,en,5.5442114,4.733881635927435
fMJG9nwrWiCN1WCqdFpiGw,3,Yelp,en,1.0000687,8.78542625742642
p-Yt0-JBqOTsQoRAXE2Pcg,3,Yelp,en,1.000291,7.23564970935999
zs8c74SeRpncik3GHnvjbw,3,Yelp,en,1.0000316,5.205841845606613
N-qmRjSPTwBJXlnrpMkc8g,2,Yelp,en,2.369866,5.487166539130814
8nsPMx5azDNn4q4iyntSEA,1,Yelp,en,4.1693482,5.90996249653807
T9vrx8gWE-FVKEExq8__9w,2,Yelp,en,2.6534166,5.242414295520432
6j15xCag3aEs1LfPX9pIEQ,3,Yelp,en,2.2307746,5.092041545896153
bSBFTof9gO-FFaeERsLDkQ,1,Yelp,en,2.0369399,5.105520091809542
Kh7iaYDaUOw9H02Qz0hQvA,3,Yelp,en,1.0001941,4.055610652277867
qUGOhDgaPtGbGAzxIpuYFA,3,Yelp,en,1.7362972,5.435918092113868
c3npzYE-SZQYbebw6-k3fw,1,Yelp,en,1.0013514,6.55649689534044
CyxbAU6ni84K7j3ZNdzuNA,1,Yelp,en,3.825874,5.515342318744771
3XZw6EkxSdjGVAcifjLURg,3,Yelp,en,4.0046153,5.229327872825819
J6rT8Pz5fpwJJZHnU-ntPw,2,Yelp,en,2.238903,4.774490460110544
qRZk9STzIo-JaThfVWApIw,1,Yelp,en,1.0861703,6.1440277513376795
bj3MzobYzbxD3zc1jOcHFw,2,Yelp,en,1.002802,5.494506586186425
wNruTA4D0EuPnQAh8uJgRg,3,Yelp,en,1.0088627,5.498019920949872
Abaaeihqis13tEr42AghPA,1,Yelp,en,2.102427,7.377644908404637
2qzJeltKbbWvFpUl5mQ7GQ,1,Yelp,en,1.7565653,6.869403103619209
fpgIeuz8Dv5F79whJNK4CA,2,Yelp,en,1.0000118,4.63349553888792
DQJWEtX-HY_Qk9BjqJuhHQ,2,Yelp,en,1.0002959,3.751344199008915
chPnSOFvkhGiOmfefbs2eg,3,Yelp,en,1.000376,4.084747705484904
KjtinE_DjWG8jOgiqO5qPw,3,Yelp,en,1.0000025,4.330423589202752
hH8IliLYE53hw9xRlJ9bkA,3,Yelp,en,3.1824944,4.285983519966824
XfJP3IyzB1zoFsasxaFi1A,1,Yelp,en,2.5253704,5.55305200373649
SfCc5X6hZwmLWtkFVE8cYw,1,Yelp,en,1.9832659,7.541973211446539
Ij1XU_MKd-uPNENNgE9law,3,Yelp,en,1.0000408,7.475559837308276
VyIUh4PRTS_z1ag7qb-1-w,3,Yelp,en,1.0000092,4.689221478242716
eMDIeqWe2QKBCPsFtaY3iw,3,Yelp,en,1.5101979,4.198639640644223
R1LEx0o_DawJHp-EMqYhlQ,1,Yelp,en,1.4761964,5.579385033882998
XGeiaaKx-Jq3Ri7g3VWWYg,3,Yelp,en,1.00094,6.092347379495629
DVcVHqBwhjvnEwJx07p-4Q,1,Yelp,en,1.0000764,8.935261161413523
hptXL1d5xWdYcOcOrsLNjg,3,Yelp,en,2.5603096,5.082136561903166
n5xIDwys1RA07QLTr9KtWg,3,Yelp,en,1.0000236,6.177576036531309
IT8LNjTE91wUk7wEx4VLhA,2,Yelp,en,1.0002414,4.672881796785394
ODRs5xdjVs-NchMyXkJYCA,3,Yelp,en,7.0512357,5.435574040586237
T0W__vAUZvRwldJWCPlsOQ,3,Yelp,en,16.060167,5.278332052166448
ZwYbCFcj9u_YAB5yIGdFDw,3,Yelp,en,2.374212,4.537046346224494
zW611AxH7ZY7V_oDmsATpg,2,Yelp,en,1.000155,5.161362060775938
y63ilXPF4Eyz0sjydWNGOA,3,Yelp,en,1.0000677,6.670549470912594
FKEskvuuC2LUrUUDOJ860A,3,Yelp,en,3.0040646,4.557638640768752
XmX_0zEkIhyKLZoLO4NZYw,3,Yelp,en,1.0000839,4.6456044699062415
07QQwsMRegA3eMhwfaIfig,2,Yelp,en,1.0000522,5.6926727189129425
EViTAqCQFYIYu8_drDQNOQ,3,Yelp,en,1.0008266,6.270706502288589
RR2D6uAjEMnHO8tBzAFe4A,3,Yelp,en,1.000235,5.826922595429082
qxKM_b4Hon8ITukDkJBRkg,3,Yelp,en,1.000099,7.960658284557714
5acr7wys1_J0Plsa2p0oWg,3,Yelp,en,1.3567833,4.803571512626721
I7NAdbxQTd0pVYUeBPaQZQ,3,Yelp,en,2.617015,5.610109783980732
vg0MQQ_i0hDqUMb3rFtoCw,2,Yelp,en,1.0009143,6.099020181925447
HXLB8ZEpZLiiiB4PpSgIQQ,1,Yelp,en,1.0001138,5.5138823516972035
ddRrVl9Em-qY-D2JSBDCWA,2,Yelp,en,1.0000179,7.22100575764403
IfHPh9OyL0LTWvgnJdop9A,1,Yelp,en,1.0005382,5.505487304347871
jdMiHyS19Toma60s1YxDhw,1,Yelp,en,1.000025,4.049739697395448
im4b-tMpze6pox-uWU4u6g,3,Yelp,en,1.000883,6.913273999452105
SPgh-ABAC0CztTM2jWFzmw,3,Yelp,en,1.4729173,4.242653618439715
v6D_YbXXCmA-DeGa_ODFSw,3,Yelp,en,1.9510931,6.688530157053019
FvfEApQ-3mPy7UmAsKzVnQ,3,Yelp,en,1.0007408,4.936975518309305
5Nm3ZagnijtWoItJetsxaQ,1,Yelp,en,2.2452133,5.017887929901508
Tb1Px4qXsf4bTXTTxQYApw,1,Yelp,en,2.3483415,6.907463494762278
MlxS0q9wHqnAc7uxYNFFqQ,3,Yelp,en,1.0001547,3.639835181832154
hvwi5JG-B_ACoi6_AYV-yQ,2,Yelp,en,1.0000025,4.205974628512818
mGa_uXCQJjcb7hDtVDV6dA,3,Yelp,en,1.0005744,7.154059141438016
qTmCaUnKJEgzd48LbbQ_IQ,1,Yelp,en,1.0000024,7.233178500835359
wru6tdmuL9j6F8iD8wWYcA,1,Yelp,en,2.790548,7.249431965609242
Y0d13hC0i0LBr0RuD2ViHw,3,Yelp,en,1.0002289,6.322458860522268
AUPW6fyw1OI2dzqca0jAHw,3,Yelp,en,1.0001038,5.054087854694222
TxAiv073Dc6OdTDouCyDkw,1,Yelp,en,1.7022511,5.557674509574479
0nVb9YTuHz81PfrhNiL6Lw,3,Yelp,en,1.0000092,3.7035941921605375
9ZAL83WYOB9X1SptLgzglw,1,Yelp,en,2.3986003,6.352067813660381
vhkDaUBUEPaqnUc-ChV3rA,2,Yelp,en,1.0112703,4.409497541164576
1tJUjkFHZHyMLhrQB-yXCQ,3,Yelp,en,2.2114444,3.5017443440234812
xyo4ijHMReXYyP3JGveZZA,3,Yelp,en,2.6717613,5.245138829710098
TmlUrYUk2MMDSyxKRhyXTA,3,Yelp,en,1.0000044,5.704332271117641
xpLK5mcaRgzMVj1mYLwgFA,3,Yelp,en,1.0000308,5.217709606499422
NdZQmh5BR0-JsDdfl4ljvw,1,Yelp,en,3.651797,4.654676353664544
bwWQdFw6TQ9z-toAjs9yJw,3,Yelp,en,1.0001123,5.876608765555515
Z2cHMMxBIgD5JBLIpYx1Lw,3,Yelp,en,1.0000142,6.214261377863035
eEkohbQg8tT-VZYv2hN2Rg,3,Yelp,en,1.0003527,5.844050717095637
xFBr1B-2KNnqEgBEettdaA,3,Yelp,en,1.8592331,3.5678754305678098
MkiPUkdUZMJhjnsGQh7C7A,3,Yelp,en,1.0004182,4.8858231260793765
bCpNvG-JEKdw2eMwh3pslQ,1,Yelp,en,1.7810324,8.387931205944053
UGy-qmWzp_GtLqy6Xcln4g,1,Yelp,en,1.8710948,6.288006341548986
w1SCWQ99vq8uOBdJm_Qtdg,3,Yelp,en,1.0001638,5.529603211628919
thbN4v-2phaZy3uuOZrvOw,3,Yelp,en,1.45804,5.2269000504248835
oR86u1TeVJ-0Lfqvriz9QA,2,Yelp,en,1.0000534,4.7849786810262405
UEzuC9SSbXXbzFXNiGWNSg,3,Yelp,en,1.0001189,4.154172538913538
T4sOzKOCOn8qQshYnWwJ1w,1,Yelp,en,1.0000039,5.969297429352768
q43ax8a_83BBVvl87GqYlQ,2,Yelp,en,1.0000296,6.031164361244357
dHTfkp71y86i0oa8_dgCSA,3,Yelp,en,1.0000858,4.574288905787064
ZD7uTmruHK0quYj9e_G6tg,3,Yelp,en,1.000251,5.334244369566228
oZgWO8KcH987QBCKHreNOQ,3,Yelp,en,1.8970737,4.449079858286139
zQ5TEokC2H65phbVH3-wRg,3,Yelp,en,1.0005385,4.507269913764413
19viWo-zncoQa4GGgvGudQ,1,Yelp,en,1.0000058,6.188970600040018
uvoyS539kM5La4PPv_gr7Q,1,Yelp,en,28.170103,5.6412032304208255
r3eqS8cJbrRMClE9SU1zKg,1,Yelp,en,2.6721833,6.081565874145111
RXLmm75V_QN6doMh8pgjLw,3,Yelp,en,1.0001036,4.185742523220832
PD8JjJPSv6gP82OVlrAnUg,3,Yelp,en,2.508019,6.212367945403765
tf-cssgLa8IrQXRpimS0Vw,2,Yelp,en,1.7050766,4.403920610559741
k1Uz_FOthOJzFzzyUYG6cg,3,Yelp,en,1.0000635,4.162672728665974
6pYTilI3VrQgT_xlyK42KA,1,Yelp,en,1.0003823,6.483093829639558
UZ3s_tUBDb5TWsq6O3Pr9w,2,Yelp,en,1.8344196,6.481506223075234
F1PiX_YKiFXHNxUBLpSJ8w,3,Yelp,en,2.898696,5.5227300953346985
tAizG4wh2ygfV5zmtogrFg,1,Yelp,en,1.0002233,4.863116301216693
QGUYDCcaJUk71KXUJjbWKA,1,Yelp,en,1.0003195,4.8988472970217956
7dP-OkRxzzxvn6hX2f7Q9g,3,Yelp,en,1.0001261,7.863770167918288
LtCiFdef-OYK7U-xpWpFsw,2,Yelp,en,1.0001811,4.07674820058954
bmpip-lqYe9dOJAjmYZXvA,3,Yelp,en,1.2553867,4.500200710142667
C0yYvDx0JfJbZUUfzsk41w,3,Yelp,en,1.0000311,5.465056156598829
_lNqIA9miU63OT5jYVFhPQ,1,Yelp,en,1.3633363,5.476626909941625
vxxqaz2JqPyUiitVQIHijw,3,Yelp,en,1.4010034,4.987230812992981
o_DSicmdy05lwHe67ovSoQ,3,Yelp,en,3.464092,4.319071235002122
TLD40NwB1_McX6VqizzJ-w,2,Yelp,en,1.5301182,4.306618300536628
hQCBUqXmVB2QuQ2MVv3Apg,1,Yelp,en,1.9365654,5.548781786730867
BwokiKnjfIzSUvsBgbjKHQ,1,Yelp,en,1.000181,4.871149226003592
N2q6mb8ttotUmudk4eBgBQ,3,Yelp,en,2.9434996,5.578974739159758
W1oUoAMeQ0MTsM4rsqx46w,3,Yelp,en,2.267589,3.9619576130689347
zhGYHKzwpUt_uMaaObyRtA,2,Yelp,en,3.9713411,5.615530502494487
x20RjRCOpo7FIgCB8_mXxg,2,Yelp,en,23.656664,5.0882082441839325
8cfVQ2YYdO8H_6w5j-BVRw,1,Yelp,en,1.0000184,3.678333784120706
EJx916ZOe2U0I7667vbS4w,1,Yelp,en,1.0005958,3.495718949639736
m8LLJTwOMW3SpaxNBrlGqw,1,Yelp,en,1.0002809,5.737206909044184
qHcwx9X4cWrVhGg1QUtfyg,3,Yelp,en,2.031593,4.413310341341288
GzCEz13WvMLK3bbO8gW0yA,3,Yelp,en,1.0000577,4.322502957543194
dyRJ4p0ZvjdbG0SGYnXyzw,2,Yelp,en,1.000729,4.543066639798405
3gT1xAhK7AD12NCJKn68Ew,1,Yelp,en,1.9639506,4.307951536226033
NeS9y5gNa3WthnaXru_HHg,2,Yelp,en,1.0003748,3.867360194988809
JIj1xC25OU32fwWhkOIYqA,2,Yelp,en,1.8978308,4.8860572855362125
AfwVK9hRBIVLLwCZHRC6IA,3,Yelp,en,1.0000082,4.2920125397655635
H8pGm5P5pCh8yp6jR3-JLQ,2,Yelp,en,1.0000598,4.272146635508572
4ns1dZVVAYq6AxF6683T_w,2,Yelp,en,1.0008619,9.555462619554449
_HllgJ9hI2WG2F1DQhdZZQ,1,Yelp,en,1.0002671,4.236536402075312
26MzE8EbIkqogQ5VQW5m0g,1,Yelp,en,1.0002831,6.4113029038757405
kRseNyEC80uPPqKz3hF9vA,3,Yelp,en,5.4711795,5.484857393913881
w72cKob_T-1MvbjHpZyQQA,3,Yelp,en,1.000037,5.764077903691744
zeq0O_Q8V7uuMvd-3Gt5uw,3,Yelp,en,2.2043436,4.088995251501367
JcR10hsuw8tvLeTrkZlpww,3,Yelp,en,1.7088758,6.927949882506056
bpWvFWR9atwvdYxbgvg9tw,2,Yelp,en,1.000322,5.853294768566442
wrH6BmB4dNahOH7VdlYEfQ,1,Yelp,en,2.101757,6.879988205505929
9UC5QI707SDPMMa2yychxw,2,Yelp,en,1.0001643,5.7505806198649125
hUnjwmNm5j-Wl3Ba4ayXzQ,2,Yelp,en,1.0002832,6.8437856679367695
6N1r7P6EjiuhSvoXogb2kg,1,Yelp,en,1.6268784,8.81718806696702
vNqA8sHPSyMgBiihPRo4DA,3,Yelp,en,3.8787503,4.818772035082505
-BhDl3tbQM2oj7CqF9nBrQ,2,Yelp,en,1.446475,4.848935284808514
59YuUFbYk61S364jFr_7-g,1,Yelp,en,1.0003111,5.5513499446008225
2oRtQoGuFy3qAWb0KrmzbQ,1,Yelp,en,1.0005472,5.396180655522632
j6jTRtZdp5YpSfSkBJTkhg,3,Yelp,en,1.0019962,4.4853201431991145
NlAHxz6rERVoNPp-FyeNKw,3,Yelp,en,1.0001688,6.552120930622058
s5Cox9GDPEYhYKS3b4wveA,3,Yelp,en,1.7400206,6.095628470039923
Ymw3EoQ6MhcX4U3OMAvv0g,2,Yelp,en,1.0003848,5.355857380829228
7Ry0XPXGhKqhJ_CnwPcMgA,1,Yelp,en,1.0000502,3.9895929798218717
GxEcE9KL5MtvpkWt9w7O2Q,2,Yelp,en,5.2513127,6.831604359827663
yvw_0Pt2nWpqPkNmfcxdRg,2,Yelp,en,1.0012413,5.672382766360105
PXbq39tJsZzqwS4ggi3ZvQ,3,Yelp,en,2.3736887,4.105342327077154
SrEpxE5MA7Y6VN5Ry39oMg,1,Yelp,en,1.6597985,6.149512109550783
cgRFRxP9jgZU2-SouzEkeg,1,Yelp,en,3.8653884,10.3152531699113
PrVfhaFCVoLHi-wgk-3euQ,3,Yelp,en,1.000087,4.190484265102929
r8f_w1lBN9stdr1gxwPQMQ,3,Yelp,en,1.0000048,4.233291159208749
Qcvs1wcF1HYNCgXxsxhXlA,3,Yelp,en,2.073385,5.402300762343347
tPoCbXferydoVn5q-eEOmQ,3,Yelp,en,2.539783,6.157171370163397
7yTIr5dJznQdu0QbgnlILg,1,Yelp,en,1.0001545,5.6429981174444075
tBxBWzM0KPhudrzEJcNUug,3,Yelp,en,2.634029,4.272746787340475
JIxJ66ZIAC9tAssEGsAQtQ,3,Yelp,en,2.630366,5.51706798408472
VmhI6BAGJnlxVDn0laShrg,3,Yelp,en,10.044002,6.65808781538284
aLc35dN0Z_x2W1kdQ1Z0kg,3,Yelp,en,1.8984667,4.117209853782756
PIJ9mLb3veH41aXJB6N-nw,1,Yelp,en,10.823667,8.626815297325534
ivOI8hoBKWy9_6MOW2yV2w,1,Yelp,en,1.0002735,7.423668464695968
-3MThSZO4rbh21vfHLwpLQ,3,Yelp,en,1.0000309,5.881792207304861
tvZLuIIT2hL3NrfN0gI9SA,3,Yelp,en,1.0002149,6.06182192933902
imMZzfLAExXvhp-Rc8gGNw,2,Yelp,en,1.000419,6.429980904604379
ICh6A2vNc3iIQnpclzf2pQ,3,Yelp,en,1.5760665,4.390390021742219
PCV2WBICl01QYq7j4l_7Lw,3,Yelp,en,1.0037915,5.651143349210459
nNMUNBK64PPd96c0_FjNhQ,3,Yelp,en,1.00237,5.201940927747359
Cgq-yU5Mb74sEJgKUhFoEQ,3,Yelp,en,1.4419675,4.266861176448242
QBsCPdLoQAA3IGwSCsE5Mg,1,Yelp,en,1.0006348,4.656133499399276
EN_bU-eMbVZ3nFFvEEBapg,1,Yelp,en,4.9578996,7.381011952433052
yOYLQHugjU1Mo7xRTe35VQ,3,Yelp,en,1.0000302,4.470300393721817
iPpxWQVLkRXM_hF41qnh-g,2,Yelp,en,1.2788246,5.314984234990941
JVbjxJxhf_GAFdheHVkNaA,1,Yelp,en,1.0067735,7.756544362037252
mLmE0KMHQedVi0PIac_AcA,2,Yelp,en,1.0000938,4.878095707045843
LLhYgycPkkRZBLlR8jiCdQ,2,Yelp,en,2.3436115,5.056214808758517
7-0gfR8FGwHapgZYKSK1wg,3,Yelp,en,1.0002592,4.330266150782892
syZbSWDtHc7LJwyv47XIcw,1,Yelp,en,8.278157,6.517547771315788
T4vUwN-CC-9sX5K66ppgnA,2,Yelp,en,1.0000069,4.969595647794934
jws3QS8EvRrqN9A3hOfQvA,3,Yelp,en,1.0000032,5.080589757450638
3YX3x-MAhr1ruSl_uquarg,3,Yelp,en,7.0367336,5.804324629732884
irhFaTf6WHaAHqmhs6HjdA,1,Yelp,en,2.1283817,8.871913270415272
NHhg_olmv4ioSe_-80H9Pw,1,Yelp,en,,7.129032900120488
fLKby2oq65w2WoawfL3T0g,3,Yelp,en,1.0000991,4.712650358104209
SHi7cfLmY1qyLMOOkqapzQ,1,Yelp,en,1.0001277,5.773738348422468
E4cZBxbdecVt4LpAipUPkQ,1,Yelp,en,1.9812248,5.273119189599228
YneVs1-hQVSi59wBTCMvJw,3,Yelp,en,2.212653,5.788697025551981
b53nFlAS6z1aY02-UiDGuA,3,Yelp,en,3.809602,4.572845282182277
Gmzb9PI6oyteDCoNQqMp8w,1,Yelp,en,2.9046178,5.392956984590583
w9k5EV4KACgNenf4EgLX1A,3,Yelp,en,1.0001142,5.431965058201016
GEn5y2ozGYqmEU9IVQguVQ,1,Yelp,en,1.6655288,5.930164317485116
rR3ZQrVy2hYdaqCtZVB3Rg,3,Yelp,en,1.0003443,4.940988832859872
aCc0vLZ2cKWb4ba3WfqA2Q,1,Yelp,en,1.0004874,4.6495799337864705
SSOpV9or14llcLuAd6xfmw,3,Yelp,en,1.0004408,4.7787894425473345
0rKMHVvWeMiF1uhJXGCUbg,3,Yelp,en,1.007561,4.015165756116073
e9VSMcswGNtZax-5PN99Zg,1,Yelp,en,1.8468179,6.2398194612446245
0Hzys6cIU3RsX36cTHAVUQ,3,Yelp,en,1.7253585,5.480885074804849
L2Ec47rEb1kvz3uULGDz5Q,1,Yelp,en,1.0001221,7.076683450891091
rtyAhAAcSS-IQyTwO48qpA,1,Yelp,en,1.0001348,5.2071600121047155
hV4j36jlyeBwTW_9uQiTjQ,3,Yelp,en,1.0002788,5.412683040805307
P_4g1IHcjVTZ_vualJyG1A,3,Yelp,en,1.0000093,3.5304013540856203
yFe0T_4cYwmj2j4cg_-Y1A,3,Yelp,en,1.000007,4.255081215265536
VCsazEj1LByXMyII3aFVYg,3,Yelp,en,1.0008317,5.322230286125374
hs8VkG2SfGcwZB8gjfqHTg,1,Yelp,en,1.024967,6.0660749394326405
N3rdFhD5z3RP4QbpZ1IdAQ,2,Yelp,en,1.0000209,6.725273872161486
39dAOR3mbvYf23X8CovNPg,1,Yelp,en,1.0001581,6.510601049693928
2VaJ-l2n8-mIUmH-PYqg9A,3,Yelp,en,1.7914593,5.029999651303426
BgZ1ejni17FM6mkwjxWfhg,1,Yelp,en,2.5858169,6.801311052652453
o_HpgN3AqAyhKAWXwmut4w,1,Yelp,en,1.1872915,5.475804269651206
hOae7OnB2WQW-VNOWQJv5g,2,Yelp,en,1.0000027,4.918313347301037
lp0-WowWqKKWcDyivFPpgw,3,Yelp,en,1.447503,4.090266523439987
twPKNYzUv7bO4isfUXpwmQ,1,Yelp,en,1.6798261,6.143013493519342
97Jxp6X1liNfQF7YfQtfDQ,2,Yelp,en,1.8441166,6.293045122700867
lB7Cgm_kApXZQstonEVcXA,3,Yelp,en,1.0000275,4.766728792126313
Pu9fnTXJjquVBmOUta1mDw,3,Yelp,en,1.7710488,5.235554640719297
5j9fNju5E2FEiW0Pf1pG-g,2,Yelp,en,2.130163,4.547557040696211
lrBsyf41yU1kT_mDryN8mA,3,Yelp,en,1.0002521,4.52757517012271
azSOkq0Xf3B7jHM7SWrUwA,3,Yelp,en,3.4284132,5.133745636710174
LR0EzhnRXSE_P4xzd3K_gA,3,Yelp,en,3.1342778,4.602002241718691
Y0jshOebyD7EVTCRQJKarQ,2,Yelp,en,1.5957143,4.620311655460877
Aq0EsuI_21EK8KpIqsDlow,2,Yelp,en,1.439447,5.787241209807846
zi_DnBhg14pAZVQyVBQUcQ,2,Yelp,en,9.196823,5.7888156495374234
NxaXrrf3uf_4EgjmUG9mFw,1,Yelp,en,1.0002861,7.34651814401749
frwTBKXUVBTG5ZZluuNtkA,2,Yelp,en,340.7381,6.095276912069826
8GMfHmv6krX3lmdX_e7KtQ,1,Yelp,en,1.0014526,6.284646626116448
yg4YnGS7tOFTvCdE-RkQQw,2,Yelp,en,2.997025,6.356316471546542
TxZKJDsmr4sTJtfQKASfdA,2,Yelp,en,1.0000031,5.193188278319536
LtbL6o2LBRX6ubJrYYZ6Bw,3,Yelp,en,1.000079,5.340643725354376
RjRlbzUlIi14xLbizAhXKQ,1,Yelp,en,9.897735,7.873569753724079
gyzL1mY1Y99yb_Q9H-7XAA,2,Yelp,en,1.8222698,7.915889441690653
iy5etVDgENgdeJYuZVoUOQ,3,Yelp,en,1.0000353,4.164276578670494
K-4B4EMc0fBuy_DWZJDzhA,3,Yelp,en,3.8727767,3.2277636652718176
GmW67LRKrdWiUxwZxnpktA,3,Yelp,en,1.0000241,6.04865393942621
15b5vD8fMHS3pHVVnoP-hA,1,Yelp,en,1.654816,8.029005862861771
m-tyKAj4BT1LXrdAlDJvZg,3,Yelp,en,1.0000027,5.8203945490177365
BdrWT6oT0uRKyyvT7FTbkw,2,Yelp,en,1.9977009,3.998269449954831
Gf4Uk2E-goiAZn-9lKo3Zw,2,Yelp,en,2.928549,5.087413681196386
sOsOWchd_SnCVkTwVIVLGA,1,Yelp,en,1.8740993,4.634388463305801
tZYKvSQr2d5LhI_TGSTsWg,3,Yelp,en,1.0011638,5.1179803484102395
IQPON-9vaDCtg5_DgcS19Q,3,Yelp,en,1.0001885,4.542824893974597
VZUqlxqA_jMVRHBp1P2SmA,3,Yelp,en,1.2200885,6.9506998233714725
PpvacwWPOkRjOqDhCPa6CA,1,Yelp,en,1.000304,5.442085066066969
sFSXB_k8TqeAs03Qkmr0Ng,1,Yelp,en,1.0001892,7.468484318456803
UW5mXNeWemMe8PlFzzjSHg,2,Yelp,en,2.1802437,6.032902865615596
sEOyZG8FHmnGTtXq4JaNPA,3,Yelp,en,1.0000232,5.056758804403602
HH4uup3wsnVysBcgeN2fcA,3,Yelp,en,1.0000097,4.365902254058727
8RLjZO7pzo7R05P1EyZv3Q,3,Yelp,en,1.0000072,4.2109410951474215
FBv1p1zV2vRfuFRfg2qRCw,2,Yelp,en,1.0024961,6.122376949808282
aSzwpQpWcCPYlIKb5cu1cg,2,Yelp,en,1.0003684,6.214663960654445
8Mm-p375ecciHs0PPBqecA,1,Yelp,en,5.15315,6.59580522166663
SvrE1iGi3wlFR1d6tBf_jg,2,Yelp,en,1.0000362,6.151538872373101
bNy0jCdoXvapIWYnPz2OeQ,3,Yelp,en,2.1809993,4.34646859739871
o_M9Vpf24j9PLP-oJjw5Ag,3,Yelp,en,4.7392855,5.88304819132152
IsPNFye3SFmehOaKZ1cPBA,3,Yelp,en,1.0000584,4.100963263549092
7fiI6b06EqrKD0nag3clcw,3,Yelp,en,1.0000823,5.915068807259145
76XYgGM5Zb_kpj9IlbWWxg,3,Yelp,en,1.0000179,6.014385288711122
TcyE6elLWjJZb_M-FDaEEw,1,Yelp,en,1.0000091,4.838721874056369
BXMbwULFUh-NEzWaoYtWiA,2,Yelp,en,1.0004098,8.913089003603131
ex1HSUW_zzefeMXojxQyeQ,3,Yelp,en,1.0264399,4.335281228306937
i50gJJHaVAfBMtiBxm0AHg,1,Yelp,en,1.0001115,6.018829807474847
O0950Gpf5dLVjWABFnt-RA,3,Yelp,en,2.5164068,6.157810411538651
Cz9OvgR66e23zUjDcnxdNA,3,Yelp,en,1.0002831,7.034619725178258
8VAg7TqPK8ChPo7TAHz0tQ,3,Yelp,en,1.0001444,5.804676673358334
jLm17mvn99QNnF_QvYAEIw,2,Yelp,en,7.3945823,6.191959896924741
LNOHi7QP5281mAkutgS2BQ,3,Yelp,en,1.0238836,4.599517523402523
p3xWaM3pCOIFRIvGBEHYIA,3,Yelp,en,1.000025,6.054609460645634
6Ia89mbunYKdkXqiPcjORg,3,Yelp,en,2.3911743,6.688841870454349
yHLQy8W7lGQGM1XUj9bqUQ,3,Yelp,en,1.0005708,4.618220005206805
nekF4QCfJXtmv8mqrQpknQ,2,Yelp,en,13.2519865,6.754824395268199
Bfq7huE_Vyb-573asm9pHg,1,Yelp,en,3.3120768,8.739171297706354
cx5t0ISnEDA81U23EMrBFg,2,Yelp,en,2.1841605,7.616605624212898
OYUA5JhIJY9zgWw2UtsfkQ,3,Yelp,en,2.1636934,4.2730122931637
OZfZbt6akkk21aAtBeR79w,3,Yelp,en,1.0000474,4.779918112496957
E9xLgLKCfRbfjlgGXjkh6A,3,Yelp,en,1.0000722,5.405741737989752
rOGDC7FHe_kZHcrwIeb9Rw,2,Yelp,en,1.0006956,4.97094928710612
zhfDK1V7BZrqgAgUgLghjA,3,Yelp,en,1.0002103,4.633314830696382
Bcuec9BDFYSAsa2XoXadkA,3,Yelp,en,3.03518,5.279222738206956
LmL9lKPqPOsgCIVb0PTYvw,3,Yelp,en,1.000079,4.04791036313347
Sh6oG2HaHPLoBp5g2wZMGQ,3,Yelp,en,1.0000043,4.5347323394423045
9cbcpBsU2Fg2Y8R1KviYUg,3,Yelp,en,1.0001676,5.191522736629474
LUvsSZTt89k7NUUTTEvPFA,3,Yelp,en,2.60445,6.513941613308648
d-MNQ7wrFd1VLWajNpDPTQ,3,Yelp,en,1.1683134,5.5265573828655565
xGtHI1sn4vHI95EumWwkkQ,1,Yelp,en,1.0000103,5.2799757075730795
AC-dM1IM8hshUEhbRqUb-g,1,Yelp,en,2.2223513,3.942514883542725
WlEpLIPeRT8iuKahb5YDTQ,3,Yelp,en,1.6734294,5.013108740389288
BgU2W6_Mf_ixA0qjh0CyIw,2,Yelp,en,1.0000198,5.273283021224677
kCub9lJONereg0l0gZVo3Q,3,Yelp,en,2.8320124,5.381584349537937
z7Iumxa4j6xLbb92Zu496w,2,Yelp,en,1.324158,5.151649997434069
MbW8w4u94IeTG22LQoXM4Q,3,Yelp,en,1.0000248,5.521333868751038
cJ7fPFhZWQOtoiSRMXY-ZQ,3,Yelp,en,2.493381,4.5650794620160395
0SN2AjbHrsndEujM9F0lXA,3,Yelp,en,4.51527,5.4830783742232825
56kHf03HU34G-mta8UXp2w,1,Yelp,en,27.90035,7.8655728643694225
yqDS-k-EvniI2-LJUj0EZg,3,Yelp,en,3.383286,4.901406236088295
xjBF_F_0PrbvgcmXSUbw2A,3,Yelp,en,3.001934,4.731034075313485
bVlDNIBjFwoKhL6wQRO5sg,2,Yelp,en,1.2398952,4.778714417954324
TjSYl_nAdGsaDhOYuTHLCg,1,Yelp,en,1.0001906,7.118244614347575
oeJhu-MAdcO0wSFoxsiw7g,1,Yelp,en,2.167918,5.286258415835061
_AkYxgZm4lwfW94sa40Sxw,3,Yelp,en,3.249673,4.237265996675552
bpWTW8_EQ8q2SXoP7cibuQ,2,Yelp,en,1.6811427,4.249552804816722
8fHuxFDbwAFfVknLL40Vwg,3,Yelp,en,2.6295989,3.969598700002553
OeKhxxh-flT6LgMXDRZVFA,3,Yelp,en,1.0000039,6.90637114491935
4-ARGcSTgKOO8dGYOkjS2w,1,Yelp,en,1.000004,9.984299008151213
A6KI5e7P87soauEwj828Bw,1,Yelp,en,1.0001346,5.359261689192589
GOV3X503j0Tvhb4pMLAO2Q,1,Yelp,en,1.6551025,9.933879090835855
a2iqqoYhPnzKdvmMz3i7Nw,3,Yelp,en,1.7917377,4.195705622883595
nXo1fNPKpzjIt1Y9-AGEfw,3,Yelp,en,1.4764673,4.621844352168215
IDI_wM4HDgOr4ZcBgmWdDw,1,Yelp,en,1.1233991,5.154398912209938
zt-P_ka_o-s2Hv4GFa6weA,1,Yelp,en,1.0000205,7.144400578540701
NTEq7MHSYvwh6h4tX4mU8A,1,Yelp,en,1.000975,4.984140250790113
KJ16AnI1-zB_CvJNJVP8kg,3,Yelp,en,1.5024532,5.017153266438552
79qaD8TP8Mb6P6LNfMDnLQ,3,Yelp,en,1.0005876,5.012644823041631
anW_8Mv5AW8xSOYJaN1w2g,3,Yelp,en,1.0001664,5.491789561586777
xo_izdfP5K0T7cE5-TfUdQ,3,Yelp,en,1.0003207,7.2336889328872065
fgy8ZelBYZ-ufxJwNj2P7Q,3,Yelp,en,4.600937,6.417579430986546
RQMjg6QJoV2Kpnh-EY1g_w,3,Yelp,en,3.6247756,6.127656663800783
F2bO_ttnjsTK2YC-ZEQ10g,1,Yelp,en,2.6784832,5.325673948007677
4tAKuSiimzqZ7YKCPiLMmQ,3,Yelp,en,2.4504986,4.72215906739164
dNyKkwU70I4iVY--1yJeyA,3,Yelp,en,1.6465155,5.825594835412738
hVjPr99rf2z-I0z6o8Yl6Q,1,Yelp,en,1.0002177,5.363771631362187
BRQ0qD-N3d3Ny2oSR9QYuw,1,Yelp,en,3.0902107,5.811990000569431
xw4kK45s90BmY46XirImhA,3,Yelp,en,1.0007826,4.762140807762918
iEr8A4lPLQ3NP9pdaPYDXA,1,Yelp,en,1.1317129,6.178730783546069
ZYzNmSlWmnE6GTqlBpR4DQ,3,Yelp,en,1.0005158,6.1802789527853506
ZikaNmKfuOx9OV5hhAuVYg,1,Yelp,en,2.2556016,6.665804356622953
twXitLa5A0vRcA70jBWoKw,3,Yelp,en,2.7515848,6.150134094107623
VtyyjDdLKADFBwFT4TIhJQ,3,Yelp,en,1.0001698,4.53894445783967
IN-6GAYlFUylBDVFUhs68A,2,Yelp,en,1.0000138,4.865256957527289
6Wb6pcTJmKK71Gw2bFus8w,3,Yelp,en,1.0002899,6.42797712823987
DOiwpGcvLWD_3C5cBQI3jQ,2,Yelp,en,3.49834,5.77719918093941
Q-5uthojAHEEJOP-rkTqeg,2,Yelp,en,1.0002232,4.353843823426077
t8Z8KfDIv65TTfAUm68YBg,2,Yelp,en,2.3689291,5.978064800342934
rTewi04uc4RAE8Cy0R18ZQ,1,Yelp,en,6.721585,7.024437478755713
TTCELxCaoTeJrO4Ck6VSNA,2,Yelp,en,1.0006748,5.700138828532952
g1yXveVmjyjL3LuhZtxKcg,3,Yelp,en,1.0003405,3.2458607909893185
IYshAjRe6noD7DRTOlJ16w,3,Yelp,en,2.2646298,4.659612027359588
xkLtyKayC_dLaErUr1me_w,2,Yelp,en,1.0000981,5.002136186253553
Y-26XkXgzgTyeTx1t-WFXg,2,Yelp,en,1.0018674,4.189579936886057
l2R-ZYkDZaR62mjQqdmZeQ,3,Yelp,en,3.5348718,4.003870919386604
Id2fVafMU5OY26s04SadZA,1,Yelp,en,1.0000947,4.883860665140657
Wp0xIWB8Y5cXP1LLMf1NbA,3,Yelp,en,2.807697,4.823113280129455
a04CeEqDFgO5yJPsd_WSTA,1,Yelp,en,1.0014553,6.879018428971599
Nh7azZIRkcoDW4EfXWO63A,2,Yelp,en,1.0003452,8.812934299646782
0-3x38PHfwAI4cSaPi2KmQ,2,Yelp,en,1.0001253,6.4604094126760545
HcKFHSwdS9xGNd1UXDgIYQ,2,Yelp,en,3.2011614,5.5117996971154435
OF9bl87QQf37rh7R4cjuDw,1,Yelp,en,9.56589,6.948500474377516
HQvrm3qqZx_ncG4zMGJRWg,2,Yelp,en,9.652961,8.255452036871164
5qkUgC4xsXi-Gy3lU6Cisg,1,Yelp,en,3.1211889,5.021996896352011
sMSgZyUq_Qo5VJRKOoxzUA,2,Yelp,en,2.281613,9.28537296423574
1IB8ZWhI6sLtwznuf_Xk8g,2,Yelp,en,2.8317413,5.295323692214203
X99szH6izOaDg2vhE6ZU1A,3,Yelp,en,1.4505686,5.856672624192276
iOfhjgXegsXFGdC8yfeV9A,2,Yelp,en,1.0037239,5.757436627273457
nNMbFyC7R6x95PtVIF-QRg,3,Yelp,en,1.818543,6.5879007964865055
S3I281c7XYAZalvpOlD44g,3,Yelp,en,1.5102614,4.489299402568986
928XGpwSWPmiexStB3Cp7g,2,Yelp,en,1.0003902,7.499131382780222
DFAyPMFrYs26yrML3RWwkA,1,Yelp,en,1.0003438,7.090052772510912
aUtsgvP0VhL0_F6XvkuE7A,3,Yelp,en,1.0000192,5.446670106686435
S0ZFqarObr3u3SV10c8scQ,3,Yelp,en,1.0000063,6.4137593569331015
ut-nP_lLu1WzyHo7QnbTdA,3,Yelp,en,1.000054,4.446081044382303
8qvg5RGq0No1ddUE27ENxA,1,Yelp,en,1.0000296,6.831152780658049
EMrNvKZ9JBmYBVO8PJlayA,3,Yelp,en,1.0001429,5.679888909125712
pUnHO77QyqKuiDoGMYTgRw,1,Yelp,en,1.0000038,6.572845909744264
EN1LZ1mMxkWJ0yCEYH4odw,2,Yelp,en,1.000158,5.458833381677141
6k_DOWEQfqx1CVj55z48pA,3,Yelp,en,1.0000125,5.38663559345745
M8wlrn4K8dawThDdalcyKg,3,Yelp,en,2.3770359,4.507123177222723
mZRKgCbpev_6zPNauXobOw,3,Yelp,en,2.7105248,7.094006005519879
zbihn0pA5MhMmUO3lOV01w,2,Yelp,en,1.0015337,4.9356980148283105
bDFV29JldJSOfFAgY2mt3g,3,Yelp,en,2.2971225,5.738903357272893
4BKaS2-4-JjE02opxWaddQ,2,Yelp,en,1.0000031,6.772863234201374
UndfB1fKtSFYHvDphWu0Bg,3,Yelp,en,1.0003483,4.41845737530046
z5oIZ4jIvpVwM51DwOHulA,2,Yelp,en,4.187387,7.060194215668436
nnbF9cOTHSUzmy80YtCx6w,3,Yelp,en,5.9483294,6.042024259572363
aF1qNjjDZop5IEbjI9D-JA,3,Yelp,en,4.210405,6.573556337998267
ciBRmWMDOVWWfZCxyTLfng,3,Yelp,en,1.0000966,4.583935827439276
QEPpmCUoyJ3xSj-DBcoO8w,3,Yelp,en,2.897589,4.013818989856751
cOMen13R-baeoVeqLAc_uQ,3,Yelp,en,2.2771568,4.539802655849443
Awx8-QdHS2f682K2HStpIQ,2,Yelp,en,1.0001637,11.779047744188663
jbsY9L7M2V9eSCdyepJKPw,3,Yelp,en,1.0000991,4.436275537554751
suHfy0_a1_B5Rjtk9h2jBQ,3,Yelp,en,2.8795507,3.7790789866741537
pMWUSE65IV7J2psEw7anBQ,1,Yelp,en,3.2754939,8.813854804000796
k_zv2s9_lHZiF0Vy4RUfdA,1,Yelp,en,1.001551,7.296358075075107
o-hi-A9uGTu4L1pOyH-SHQ,1,Yelp,en,1.0001717,7.305040101603163
0_9i2TGFQXttrOesUPMrrA,1,Yelp,en,1.397628,6.52003846649027
mArPXQ1wQQv0TyXI7C-iOg,3,Yelp,en,1.8393673,4.046713780800923
v96cF9JHcvB2m8Jcu_TqMQ,2,Yelp,en,1.0000538,6.662324255942416
W_2ZCQljUfjlZ4FcnLVJ7g,3,Yelp,en,1.7102277,5.072082362351175
dAnaZ8FJiefW6v5W65pcww,1,Yelp,en,1.051368,6.9420247660554315
fBf1brms1ynO7vAIGVPCzQ,1,Yelp,en,2.130148,5.076169434425817
oujlMROrgQXZDrQMYoMFZA,3,Yelp,en,4.100794,6.85107543871147
RIzxLmCYj_GYlLH0sxrlsw,3,Yelp,en,1.0001773,4.11841026610394
0f6V7-lb0zBKSEvx7kHPXQ,3,Yelp,en,2.0670512,5.5180326957437185
HnVZ-qWKhxbJ7nD52AZ7kw,3,Yelp,en,1.84283,4.225800286834519
jdUDWvx0OaEUhhnuZwlxoQ,3,Yelp,en,1.0001216,5.944523198268232
C5ldq1owqUeqKIDGmi5Z4A,3,Yelp,en,1.0002344,5.445180624762562
gbwcakYpwukvXB0G0CGQxQ,3,Yelp,en,1.0300882,5.662130180303656
dplp7tVIklPMdJrWUsQMFg,3,Yelp,en,1.0003407,4.154357215577262
USdcpIYj_B5btBbow2aPnw,3,Yelp,en,1.4651698,4.83548280465966
30reRgWKu7JwNhNRyGMhIg,2,Yelp,en,1.0000094,5.453346726935115
Bwu4GP2xDXxb158bA1YowQ,2,Yelp,en,1.0000854,5.731323960919322
T8TAythsFzkH8vNYhktCdA,3,Yelp,en,1.0002719,4.650926340441613
QcvLl4IMvvdWzJ24wKAuxw,3,Yelp,en,3.061146,4.249290161128973
Ei7t1A2oNA0QDMIjWuHMYg,1,Yelp,en,3.0747554,6.807276375719645
mC4570o6-A4yLI3sJi0omw,1,Yelp,en,2.6829917,5.118143589094055
n5EF7cFLmuugGPb6DlGq9g,2,Yelp,en,1.0001167,4.742278645538296
LmztgUpm4eXfibCgr7pH1g,3,Yelp,en,5.0429473,5.484194838752206
TxCDi83rdEP_Uy9q2u1Stg,3,Yelp,en,1.0005168,6.308341037776133
ZiagztvkLfA_EIVgj6mVaw,1,Yelp,en,3.906288,7.946085894636363
nMJMXl7U4fYCZzWqzPJqRQ,2,Yelp,en,2.9816864,4.56559476079299
p9BO8R8RQTCDRzCmVIAjFg,1,Yelp,en,1.0001227,5.9245612859959405
oyz8qeRucMgBZ2hKtYrkvA,3,Yelp,en,1.678648,4.7980369159846585
9BscxlQ40RgEdSnMdyEbXg,2,Yelp,en,1.0000379,6.256905869597985
38o0lYD9pFy_lmEUd7KNqg,2,Yelp,en,1.0002495,6.231912175046792
ek9v-V4Eo-WewPvG6lbyzg,2,Yelp,en,1.0001639,5.756115188260407
GorzdbNwjciNyyTfcmldvQ,3,Yelp,en,1.8582027,5.04442925795974
7Xr45COo9-WexBBqwEExSA,2,Yelp,en,1.000121,4.474753628005603
hHSXyv-bHCjfsJ5EaAX_zA,1,Yelp,en,1.0001439,4.998194624964044
UZcLe8ubbUfv3RxwzEeNcg,2,Yelp,en,1.4905034,8.60551233959125
RwPUwHEFDA1u78d16W5yog,3,Yelp,en,1.068356,4.596649753483722
BW4qfkeaVQvS9A4tus0mAw,1,Yelp,en,1.0000702,6.969699422774671
KayUWGFqP2-9Tvnhyjfsgg,1,Yelp,en,3.5725234,6.999493358019239
s5MbIKkZkuDwT4uV5giT0w,2,Yelp,en,7.477424,4.959097764734575
TDn7INJVwbgNWFs1S-EDBA,1,Yelp,en,1.0002202,8.185542047261693
tE5OPTuOTDYPDaLuWQpnNQ,3,Yelp,en,1.2211944,6.299559828454253
MB2ScWZU8x8qw-UmQA2oGg,3,Yelp,en,1.0008355,6.051599464744923
0Q_6enIfskc3S-pHXFsQGw,3,Yelp,en,1.0000916,5.692661429727994
tXco1j5xYY2uXrWMOpZXPA,1,Yelp,en,1.8496858,6.736571975022686
zXrsj9LApJMw5lbwB0JNSQ,1,Yelp,en,1.000083,4.550211451567173
-1fDL8BBv185AXgbeQXtgg,3,Yelp,en,1.4430863,3.9540146314971474
YZIcP1Zr3v6epr7ZVCUvGg,3,Yelp,en,1.0000442,5.689116792428507
h95DUsbzzV0rUqSGmOCHhg,3,Yelp,en,1.8568451,5.93956715846683
C6wS93yUQY_6FcOO85Wy2w,3,Yelp,en,1.0000813,4.12311865878473
2RE0hFS2G2bqdLeIVbA11Q,1,Yelp,en,1.0054066,5.451462610812295
rA6rOAObUiqw4dXDWFAPdQ,3,Yelp,en,1.8307891,7.026031510320189
eS7d9l_dS0p3yTQwolwwhg,3,Yelp,en,1.0048982,4.795244273337355
iv7VL9LYmJFoUn09d5-Z1g,3,Yelp,en,2.5210187,4.386794932252891
laDalD6JpAjJ3FSHSlcwvQ,2,Yelp,en,3.1091793,4.878486705478473
-kKFrtQWZbl_aREayQX5CA,2,Yelp,en,1.9280409,6.5724831212638
28rrhva8q2hfyzu4aIicMg,3,Yelp,en,1.0001801,5.3788538297723845
BwKIWLd-sp3YiG-yTNQ-2A,1,Yelp,en,4.9838114,7.777948523038016
psxeRA5NrQSEqYcUYPPUWQ,3,Yelp,en,1.000006,4.103653345437756
8fPq3Z6NqOiETeCQykW03Q,3,Yelp,en,1.0010074,5.896471473281688
ReGcWAZ4afDMWY5dU274cQ,2,Yelp,en,1.0002217,6.004592104093468
1uDulioDHbfaTmZafoxTNw,3,Yelp,en,1.0023398,4.597970194823779
2eE85-1RDZ2mGpQldkjvYg,3,Yelp,en,1.000583,4.782723169983263
A1kdvups6w7jP90CsnA7Hg,1,Yelp,en,1.0002536,9.798729291171366
lzlKAlu5gWcOJcfX7JNttQ,2,Yelp,en,1.0001434,3.7181986451708777
PH0pfvuVQyxX_Hmb9tr54w,2,Yelp,en,1.0039849,4.596835868684984
QLj6wviNN86M0cPF7NOYsw,2,Yelp,en,1.0000027,5.172848019216022
zBxm4DD2bk9S8b8Az2GWKA,2,Yelp,en,1.0001297,6.282643494776289
wJC2Af20CrD1OJGvaCSSKw,3,Yelp,en,1.0002853,4.85054622765921
Sfp0o1lJtvymEeiSZ_cgFw,3,Yelp,en,1.0000045,4.737227224177142
HukUGZLMMpwt4_3UiU6ugA,3,Yelp,en,2.8649018,7.0953191584992314
0IhLphIFGtyhzQ2ET69zFw,3,Yelp,en,1.0013199,5.087806322740743
ffjqoa-DVEtCP7bNoUJrYg,2,Yelp,en,1.0421695,5.036659904004716
uon0agVsobxhbnG777mwJQ,2,Yelp,en,3.034344,4.039155873395996
qeuei7dpXwp1Xt4epkA3jA,3,Yelp,en,1.9137126,4.87909624182488
tFBlhAOyUxPBx2L0Mi10hg,1,Yelp,en,1.000392,5.951123588206115
LYKAC1YBeECvqXNAM6z_kQ,3,Yelp,en,1.0004216,5.768145845742227
qe1vZ5dfBw4_JOnSRpry_w,3,Yelp,en,1.5952425,7.642836974561793
2ePfjeNFErr3VbDj1d49xQ,3,Yelp,en,4.2000546,3.6595205060820386
Zl4J5yD-VvaWfxiZDC5Lqw,3,Yelp,en,1.9252697,4.730102205780307
q4AOyGj_PxkCfslUPVvbnQ,1,Yelp,en,1.000049,4.744923603578735
N6TZ8jZfO8CltYzU738GBg,1,Yelp,en,9.624168,6.713687379595971
QO4E2QnXD5p_BZPKyJ2u4Q,3,Yelp,en,1.0001585,4.078114733745136
oO_5J8RCL7_aqmLQXrlPKQ,2,Yelp,en,1.0007176,5.112861632239565
fn9GNpnx6hufSkk_TQJlzw,3,Yelp,en,1.5264871,5.711666421473455
dz8ZJQGkaDmW9iz6yJIUZg,2,Yelp,en,8.832043,5.51278535244056
ENjiys6Pc5xy2cFhGxji9w,2,Yelp,en,2.3283932,6.149384061715456
gqyXKg8OQRHkxVuz4YsKHA,2,Yelp,en,1.0003579,5.090677646489427
90Fz1h6qAbnIolyHlw47nQ,3,Yelp,en,1.1590751,4.7164431240975615
2kr7jRKizQQAnf1wTX3xAg,2,Yelp,en,1.7483867,5.502134683932189
s5eHZhytdlmCmaUyDk5oLw,3,Yelp,en,2.2480202,4.487658624384269
_yt5DGRQ49fMpKzvCuAJpw,3,Yelp,en,1.5661374,5.5553641529808155
1p5NFyQ_F2RIj1VhxEJgQw,2,Yelp,en,1.7566487,7.182968423891126
JSzz3YnlVau9kpYFzRKCaw,3,Yelp,en,1.459889,6.194243251330698
bJclfkfUChpky6NIzWdFKA,3,Yelp,en,1.0006638,4.300706643565517
apQDPZ8rNcepRm0rcP_VeA,1,Yelp,en,1.5411217,5.310300303595584
2LxoAVMqpdLhf0e96NmGhg,2,Yelp,en,1.740206,6.51351641420644
VJSBS_z4KG2ZA7U4Qk-Zjg,3,Yelp,en,1.9611397,4.563572377234399
63gzKNCp2_BQxeuhWa0BwA,3,Yelp,en,2.2373903,4.372395575718432
tIhwy9eLZN95uf7lOyjmfA,2,Yelp,en,2.7405448,6.255561799622438
RO1ONljGvrjVA_f2PbFiRg,1,Yelp,en,1.0000705,8.442161333176934
Eb81K20H64MT9mWg_AGRDA,2,Yelp,en,1.0000762,4.454999624464769
FJ9AJZ2ploOI-y8fYz7ELw,1,Yelp,en,2.0387008,6.446961532221298
i9Sq6SZUSTJz5E4dJw8jSQ,2,Yelp,en,1.0000073,4.165350973833405
Qud_xMEBFrj4bEAsPJJZUQ,3,Yelp,en,1.6637524,6.393947023864392
7Hd4WDMLoAn5a5FqauilEA,2,Yelp,en,1.0008152,5.42224379202327
2mWBpJwBq1cr3uJf4O_h2Q,3,Yelp,en,2.2815275,5.130682135666766
DyOx8HOStjAEZDy_JnN-Xw,2,Yelp,en,5.3868327,4.855198522801979
75ZfUODpg8x7vWLqfhYM0w,3,Yelp,en,1.0004302,4.715161906259162
zBTETBTyvbyW5f8uSxq0Fg,3,Yelp,en,5.520031,4.064328265460747
SW33FkagEeGk5yvusKDdKQ,3,Yelp,en,7.7170963,5.828232357830035
wiIfYUjA2cTTUz4Qr7hSHA,3,Yelp,en,2.75018,5.473214981395671
OM9NSZA9-xF1xcOSsX_nVQ,3,Yelp,en,1.0003716,4.802185678021682
AOJDMqdD5XTmYLNeg9Agkg,3,Yelp,en,3.8549662,5.675397350707359
iAbhJrDlUTftAQota63E1g,1,Yelp,en,1.7369928,5.174634986347372
QlmNm8qd_QztV6BXCeBbhA,3,Yelp,en,4.891015,4.354433144124988
ve3exE-O_ud-DX6kzwND9w,3,Yelp,en,1.0000899,5.165914621726757
4V1xXcHV1Zpq4R0TYPn_BQ,3,Yelp,en,1.0010341,3.9287878283320423
o0hOU0sG-IGo1-nHsCwqcg,3,Yelp,en,2.4817042,4.8942672198751485
ZvEguciNnIZm7L0FAtitdg,2,Yelp,en,3.251105,6.765630967851022
8JiG-ffNTAKaJpaIMxiTXw,1,Yelp,en,1.6454058,6.765113315443731
0a9cuUX1k_1yzymqW-SN0w,3,Yelp,en,1.0003102,5.46503086843992
vWCCllZXwa4ZOY40hRNGSw,1,Yelp,en,1.0001109,6.521990103993751
eSysbkSoJbJlDSnjnrmQcA,1,Yelp,en,1.9028147,5.076576309241692
y5jQjnditWhHCwbwPQ_plA,2,Yelp,en,2.304297,5.568149263379357
nURsQp2QzSjOEHvO1qqJtw,1,Yelp,en,7.496856,6.1115685614819535
9pXStpnNtO8oivCOAjIl6Q,3,Yelp,en,9.573929,4.528781466746342
JUGzmeD07hl7ZsTBw6N5Mg,1,Yelp,en,1.000002,7.884216691181016
7u-UBIkNcJ4Xmq0MeeMwXw,1,Yelp,en,1.0000355,5.922151261515253
OmPyP-OsgsjVzu0zHapcug,3,Yelp,en,1.0000086,4.305360895836945
8dC__CmDkszQq5MkXj2IFA,1,Yelp,en,1.000878,5.808228999731222
t0EZcfi2vy2QKEx0IquYyA,3,Yelp,en,3.3810768,5.108753460159763
RHqmgTdg8jwHXuNDLUiQQA,3,Yelp,en,3.0001569,5.198175224397424
jnIgCAP9FHGyRyU3tBypJw,3,Yelp,en,39.584305,3.283757630271091
UosSrogg6B04RfU_Vq63Tg,2,Yelp,en,1.8195393,6.185701622842382
QtDx_yGyGipB_LWKs2JcwQ,3,Yelp,en,1.7156985,6.423290986145073
BAQZA_IurZVn-L7ZEyz56A,3,Yelp,en,1.0002537,5.993453800991118
ZrakvnWEQ74elNpAIxP_Rg,3,Yelp,en,1.0334599,7.247266241747726
9Eb1xeXi-nyoiY-7IJ2tkw,2,Yelp,en,5.2034903,5.521203389795527
C1_pmW4YyD0EXcntJuGHtw,3,Yelp,en,1.000029,4.212578162116069
4F0tS2yBSjLG_N_a-EEp7A,3,Yelp,en,1.0002444,4.9360577381139805
gk61FWLkGMB0yXyFYrfPzQ,1,Yelp,en,1.0022562,8.224570592331442
uh2FtQ9shFy8pXxfI5Y-IQ,3,Yelp,en,3.7072968,4.852544219324805
NI2xzy3xQaGQXec1_evbNw,2,Yelp,en,1.0002478,6.282431692404131
Mqg3zIIlUsIAC-RPyXG3aQ,3,Yelp,en,1.0000174,5.574031447391431
EmL76-50Nz-t29CY4m3MNw,1,Yelp,en,1.0000718,5.83798585203019
g0P2FadctFRDi5wov9YjGQ,3,Yelp,en,1.0000491,4.354829667282111
Vhp9PIXmIaLjiOD9-8fDZg,3,Yelp,en,1.8049818,7.296895877256487
biheFkov2WTjaJIUqIKdzQ,2,Yelp,en,1.0002437,6.636584046913649
PrxzcoPVs4uRRLVUpyVnog,3,Yelp,en,1.0001903,4.545626781504848
MoLcD04zo5rXRtp68XAoLw,1,Yelp,en,2.2138436,7.775556803712326
BggX0T6Ok6hgAZFhY-l6tw,1,Yelp,en,1.3394625,5.662112401672262
5siCKbG_SO6GQLjPo9NpDw,3,Yelp,en,1.4858903,5.912499467107679
T-nijLH6wFt3BrzUFR4AMw,3,Yelp,en,1.0002693,4.980742926695611
-HwRfUAzaYx2EUPdATV49g,3,Yelp,en,1.0000064,6.257559398706428
4i2TogiNV3OxzuBkpPotiw,3,Yelp,en,1.0149559,5.995362746741228
L9L9qnEdFa23z_-9WGmdAg,3,Yelp,en,1.8352396,4.232586031053641
a68YyZiVVsYkwtADlYpSSA,1,Yelp,en,1.000007,5.087134562595335
g76YPLeEBz87U_YAsiWWew,2,Yelp,en,1.0330409,7.063981373103766
R8akGdZSUc3QmoqHIsbs2g,3,Yelp,en,2.8094926,4.215351908665502
5zBND9zYHfoIVeCsKrfJCQ,3,Yelp,en,3.4483705,5.81591298264512
k9ZTpwkVscqJntS9nbhikw,3,Yelp,en,1.0013424,6.177792471348048
0z9tQ1H16928woWizJhi_A,3,Yelp,en,2.4114506,5.874268727629679
EgT4Q40g8SX0lUNfdv5HyA,3,Yelp,en,3.093035,5.216802572743801
NWooUqCwIo2HfBQH9nXM9w,3,Yelp,en,1.0000596,5.293876473329266
ylKa8suAm0CCsgqFMSUyNQ,1,Yelp,en,1.00049,5.207844179128652
t6DqVK-p3qja2xen_Otk9A,3,Yelp,en,1.000006,5.010245564616467
zxaEPQa13ciKjuXJnKni8g,3,Yelp,en,2.1753998,5.313854797089319
35FdqfzW3CkL4_lWs518Hg,1,Yelp,en,1.0003844,5.241948216166758
HiadWh22GOOBThm6dzMT_w,3,Yelp,en,2.0471613,4.687296155581914
x7gkibNJ6JLizbTj4aGRZw,3,Yelp,en,1.0003779,6.785846972985473
kYOeFvaCLxviNOj7s4H1Kg,3,Yelp,en,6.150984,5.024110345309898
EHM79sarzYcJAZkyArT_8Q,2,Yelp,en,2.848695,6.3495478940633445
uTqBSp2RoMXvN2jl08Lt9w,2,Yelp,en,1.0023804,6.973998138740626
wWG6ewCPmVHL_v4qJZc46A,3,Yelp,en,1.5296773,5.638053069677848
PY3Sqplce6W0zxKCbylHGw,1,Yelp,en,4.7783394,8.244380076279365
vjbYdRM3a7JFw8BVmj560w,3,Yelp,en,1.0001752,4.9779829692437385
nnicvswt-pHW5vWt6IDvQA,3,Yelp,en,1.0000093,7.454302857333452
1iUu69QuIvGlYG8XJv9MPQ,3,Yelp,en,1.0004708,4.363040259247596
99wunwZt-impQyGIDUyxtw,1,Yelp,en,1.7934813,4.073867718220497
HW2g93OuZEIy3tOK32rdAA,3,Yelp,en,3.6194808,4.440264118704615
7GNfVMhPFJWF7X_rKLx33A,3,Yelp,en,1.0000035,4.017757063598
72LTlgj5WLMki3qN6h3WuQ,2,Yelp,en,3.8140566,6.55797064979227
GIdttK_vqUZuIk_qa9qd8A,3,Yelp,en,1.688667,4.375719254020206
zUf06m199GfkohI0MOQkPw,1,Yelp,en,2.2060997,5.796595606779095
eIJEpTsZwLHepmMhb72utg,3,Yelp,en,1.6111753,5.361183045500211
wkvaPnzBtJAu8HOIziar_g,1,Yelp,en,1.0005918,5.062991769611095
1YmcV1ufsxoUPpGGzpSrhQ,3,Yelp,en,2.615927,5.871505576294341
ax5x477XLo7trW0UWHhN-A,3,Yelp,en,1.0003464,3.9041277786247357
BLHWR4lxQ8WDP8pgXz0CJg,3,Yelp,en,1.0000091,5.224185853528738
iVqcow8SsOlbvzSEpErp-g,1,Yelp,en,1.000099,7.721308662691966
Nq0t9jjPTgS1A17uphE8-w,1,Yelp,en,1.0000067,7.194459954253823
2cJlmD6MJ4tVJYbEjVNwlA,1,Yelp,en,1.0000663,7.176695224221253
pvR7qZJfXz35XQz28HkCCw,3,Yelp,en,1.5617949,5.455270260038811
nDTuVu-pR3o8KiD-ndFb4A,1,Yelp,en,1.4698806,5.508862906550861
PLkMb8BnVGghYv7B0HEYQw,1,Yelp,en,3.3483808,4.986030943113673
S6wuU2a473LPsjFDOmMA6g,3,Yelp,en,2.8651695,5.381848494794091
Lc0I1SjtgCe0YPtCunkiVQ,1,Yelp,en,1.0000919,10.917248186653811
oCpExyt12jk5yIB7r9rdzQ,2,Yelp,en,1.194168,5.5855015392487015
EtlsvcXI4Ws5NfqX5HHaOA,3,Yelp,en,1.3857903,5.2225423040045476
XzkY5PyClfzoFKcN2cLs-A,3,Yelp,en,2.2247112,4.120795115809527
5pfF894YilnKrN1ktF25Nw,3,Yelp,en,1.000324,6.874863467266551
iJUDXqv5qf6IFDsOXLIKpw,2,Yelp,en,1.0015532,5.348408215656812
jRyweggWV14nKH7yaSAAuQ,1,Yelp,en,2.6289334,6.907905277770031
CapJXK3bpWmHlB6t5cR6fQ,2,Yelp,en,2.496151,7.118518710378684
LFqEvdRRr1nCd6JbNc5hZQ,2,Yelp,en,1.0001137,5.592385309008315
UDP9rZysg-7gbj00MCmkMA,3,Yelp,en,1.0000274,6.7064008227818945
27asL7Jbzg3fad851Y6NbQ,1,Yelp,en,2.6851168,9.187005778370366
kfpB1pHcw-rWEIyAJD0LDQ,2,Yelp,en,1.5916028,4.655317164637966
H_5dI8c7UXWGre59owEJrQ,2,Yelp,en,2.3954113,4.502546205421798
QkwN-NNiBHcT_JZ9KTVppA,1,Yelp,en,1.0000216,5.942356447647837
BVPrXyXG4uXpA0Qejs-6xA,1,Yelp,en,2.1848905,6.335791528623075
TlcoSI6mSDPFWB6UnX3Kgg,2,Yelp,en,1.0008537,5.490459227231063
FjmKJ-gWeikH7VhZVlXVMw,1,Yelp,en,1.6941879,5.738248994178157
xfjhQY7cK5NbA8ADd9wcuA,2,Yelp,en,4.376658,4.838390033532254
TScyq0NEfw4pBopIBLykrw,2,Yelp,en,5.2987475,8.532850846932858
5STwgLtdIDCAh60RNEDd7A,3,Yelp,en,1.0008245,3.5978539329838677
sh_C0z120IWhoe0-HhdLEg,2,Yelp,en,8.1290245,5.559455682388221
oWCnl-mWuDfPCo8iX3LTCg,3,Yelp,en,1.0003321,4.504369587751216
nWcJ527NmG3rFDVbbGFuhQ,3,Yelp,en,1.0000838,5.0408308923646645
mdQV_xAo7Gd69irh3Y7Bbg,2,Yelp,en,1.7198558,5.563925364345859
93q9elX55yhwnEb9ec0Fow,3,Yelp,en,1.9177624,4.661405033737096
q9D6A1PUAB-ruTL5URZtWw,1,Yelp,en,1.0000576,7.438649650754759
CKYAJVKuVd983npOWAtb2g,3,Yelp,en,2.2514107,3.838450336578952
NC_WjrfsfqQTBHpUv7S2Og,3,Yelp,en,14.726727,4.195569029481195
GI4kxAv7eGKtRsC_Bo4y-g,3,Yelp,en,1.000054,5.207210783676532
dqoAQr6c_W_wAEdZvFkgYA,1,Yelp,en,4.31234,6.291081940345959
P80C9KYoljCrcMr1Q-GRgw,3,Yelp,en,1.000013,4.674822830254799
St4IhorbMLAu-V7h-0b0EQ,3,Yelp,en,1.7162735,6.575895645101527
Ku140rxLMngU2aIe0oqCtA,1,Yelp,en,1.7259247,4.548742350830882
BEk9ZG_sfX_c5P6DhIbshA,3,Yelp,en,1.0000033,5.602190339542538
1HOv2pxzRBmgj3jFFPAZ5A,3,Yelp,en,1.000131,6.199356472376763
lOoxqV6K2zGhm627k4v43g,3,Yelp,en,1.0001271,5.66307907878177
6Gq-o3V5_k3SZ_CpHql2Pg,1,Yelp,en,1.9942737,4.66624450845408
nVCAP5sHV2CHAvrsXUH6Mg,3,Yelp,en,1.4498457,6.645078372429204
Y5cB62xyYNL6JkpnbECTGg,3,Yelp,en,1.0001535,4.607473652420055
gCnzNY2sj8yb51JwS9DEhw,1,Yelp,en,1.6706662,4.6032709690250595
NJzssV9FJZDePzfXRSDfCQ,3,Yelp,en,1.0000077,5.0311385975893295
h6P8J9P_v0GuLLS121M72A,3,Yelp,en,1.0000273,4.805383383946461
fME6IBWqP50Z5BQGcsJF9Q,2,Yelp,en,2.3180377,5.486498264863511
8p9MezJ9wgQlyvW1uOfpgw,1,Yelp,en,1.4931622,6.502362441267411
IcXKtEXe17XgD489Bol0cA,3,Yelp,en,1.000657,5.743498327928288
473M5z3jVvKpP8kZd2hLYA,2,Yelp,en,1.8494354,6.7196502513186065
T5N5UYN1Ln9iCA31ORMrrQ,3,Yelp,en,1.000137,4.671722041432954
lbAuWgM0odpBJHmt8b_xsA,1,Yelp,en,2.4171503,5.263246412769498
6nYS9ddD-q-qKlfA4-uR6Q,3,Yelp,en,1.000049,4.620513236754679
BKfgSvyS2E7zGpEdXGwoVQ,1,Yelp,en,1.0011095,8.473529298907033
U5_cxpFi_9UJME_uyC_OyQ,3,Yelp,en,6.1603837,5.152363484323079
aqUT6uEdkEKJ7O4qSNGG_A,2,Yelp,en,1.7992734,6.454493116803389
OOkGkujTqaLTKOwlQv2G-A,3,Yelp,en,1.000548,5.284486173187681
7uCRCrw6lBDBhRbQOpcLiQ,3,Yelp,en,4.0351067,4.199642393392588
Z6eOSzaksOuptwxKG6M2VQ,3,Yelp,en,1.0039885,4.980210400781883
nyhRQDai_ARmzd0BuIIsdw,1,Yelp,en,1.0003557,5.344624808215515
how3_9GC2kFFoFAcevxhVA,3,Yelp,en,1.0000123,4.099926480322619
1zoCGbAazQpdvaJQbvXbyg,1,Yelp,en,10.886696,4.409802152417688
F02s1Vm-iKlD7us77ONCYA,2,Yelp,en,1.3115022,5.3057678048553845
h_YxSrz6jmL2zL4wraV6zg,3,Yelp,en,1.0000051,5.9341239153991285
ecjd11SUgmSa1arV-Sf17g,1,Yelp,en,1.0003885,5.243556278428612
7g23jgqfeiGOXH8CJcjzkw,3,Yelp,en,1.3730862,5.081042329566489
6HS30EpKheXN2k95MzzQLQ,3,Yelp,en,7.181055,6.014428027951714
llFJIAuUMDa6Oigo_uAIbQ,2,Yelp,en,1.000249,5.531722760794775
OqGq5yfjWt_CQEussmmjfA,3,Yelp,en,1.0001941,5.191945721591694
VsbChZUPs_C3xY8JU6BL3w,1,Yelp,en,5.9913607,4.190315987109754
SlBlAfL0e9cSrCx0_0dxeQ,2,Yelp,en,16.320692,5.851473606057654
0tEGolccEcIJCeH9neiqPA,2,Yelp,en,1.0003666,6.350605697722729
Mz7OdTPVgTbSlw1wcQa6Lg,3,Yelp,en,1.0002809,3.8815589290065984
_ouz4W_Acfr12VFygMyYIQ,3,Yelp,en,1.0006932,4.010353311298044
iE9oXLbXzfizYjV38hWDhA,2,Yelp,en,1.000326,4.722322169642693
tybJlNH4RC7IWXiHH76x8w,3,Yelp,en,4.821725,5.73312762553717
wwaacsCsHSdat2QH9BpuNw,1,Yelp,en,1.8870142,5.32687368182178
__EghqNB6pJzr-K3_9sswQ,2,Yelp,en,1.0002147,6.15553946993761
BDAE4961GQ4gmbZtm2VAwg,3,Yelp,en,1.0002662,6.129562770191567
4pn5FIWdVgczDh2pT3xdGQ,3,Yelp,en,1.0000964,4.884918084185833
QzsyjQXoQlNTJDdkFQ9rOw,1,Yelp,en,1.0000767,8.014635502063435
ri2qVV9brqignxXYfyTTkw,3,Yelp,en,1.0000042,5.302553455174528
POGugz8_G-suD2oVwYg9rg,3,Yelp,en,2.4814801,7.603952225884713
NmxHs2xQmrE87IHh-K4JzQ,3,Yelp,en,1.0000255,5.623381448715799
NgTo9u6ydgGRWvqcTDnKKg,1,Yelp,en,2.3853335,8.107911059648378
bTDdfXTKERHZIFR_dxycYA,2,Yelp,en,2.2279494,4.110770762695802
886xYzLtJEynrpNrLDlKJQ,3,Yelp,en,1.0001124,5.771060633486725
R9lraTC8_Wp4CxvsYHxGHA,3,Yelp,en,3.1357632,5.992731789538468
H-vCgXawBqvuOh4OWXRtXg,1,Yelp,en,2.0907326,10.497054813245612
rBKWqbfeEmcCqT4pmzI1Cg,1,Yelp,en,9.856488,8.249500425543662
rJcXV-SV2NH_a4flwug5yw,3,Yelp,en,1.0002768,4.287053891971755
lM9UkKLdAvfEYmzk2yu1aQ,1,Yelp,en,5.0680094,8.5999379357188
-1O-NVZ3Ks_ci3SFWFm5bw,3,Yelp,en,1.3668549,4.3569150664176695
V6PIbnuq33MS1zLYbDz8Rg,1,Yelp,en,6.284516,5.540267681816358
r4soZfFAh8Qjw0yfrmOHXg,1,Yelp,en,1.5145069,7.793139788538279
pfJs4n6C-P2x9QAvA70qiA,2,Yelp,en,2.2340777,5.956781272752003
sQSAXOXh5lX2rYlR7mwWBw,1,Yelp,en,2.422053,4.69060649485848
DXBIpL59jVx1-Y6VXuxQlg,1,Yelp,en,2.2463374,5.43505665683442
rRT5hJz4q4w9T2Goa15HVQ,1,Yelp,en,1.0000049,7.137541774282904
SRLFfJ2IPdws_K19tCPZ6w,2,Yelp,en,1.4348398,4.602091984313832
W1J2LD2_5wQ7aT7UzHEu4g,3,Yelp,en,1.826337,6.215201120653058
oIFP9HpoLKlfQL6Gfii_bg,2,Yelp,en,1.9273578,5.298643114329289
2IeGittotZHV4Wrpv58qSw,3,Yelp,en,1.0000322,5.130866131584206
FIYOTbU_LqVY9PIPLfS5Uw,1,Yelp,en,1.0004842,9.73084196413341
hE1PlgznO65PkofM4UPBDw,1,Yelp,en,1.7874622,7.717651188389634
f98sR-dXOf-7-q_k5hDitQ,1,Yelp,en,1.002467,7.479217530005516
zDIEHk830TBAIr0wG6dGwQ,1,Yelp,en,1.3021953,5.4770441597839294
miwkQLr1i6SyH15qK1PQQA,1,Yelp,en,1.0006509,9.507766067742462
N8NsaOLbMzJhhY5mP_pWAQ,1,Yelp,en,5.0081644,7.881345536375438
XYcGLQ0-TuysqmhgdGbX8A,1,Yelp,en,1.3970726,5.566801351569131
k4mLY6_KetykXX3TGj3ebw,3,Yelp,en,1.0001479,4.624512318997775
t8T1iFdVjhJoYFzFHjiLzQ,1,Yelp,en,1.0002934,7.633137866611006
S12nG4rtvmuXWEBCofvmCg,1,Yelp,en,1.0000347,4.406341899640744
Hqk1aX0EbGjQZ4Ztt0PaoA,3,Yelp,en,2.488644,5.350514900953449
0-yjM1Ex3w7kYMdpG3JKUg,2,Yelp,en,1.897439,7.789325998427236
aNQpzk6RFo1aRX9l-QVLWw,1,Yelp,en,2.2302895,5.495467352771035
jhJ4X0W-TVEcj_ZrOimY3A,1,Yelp,en,1.0000025,4.6076198487719475
xLVv1hJEy-l2tW8cFI45_w,1,Yelp,en,1.0000546,3.919312490613692
sItBv_OTOzApPqrCW5BzEw,3,Yelp,en,1.0002196,4.390329801323211
llPyvPgjWhdzcF7FK_ENIQ,3,Yelp,en,2.385468,7.232035837413337
Dp5gZp7pufgbzSnhdDuvSA,3,Yelp,en,1.0000163,4.259275707060682
t2bwHxaKyNfqjvHM-RZlYQ,1,Yelp,en,1.0000054,7.315065733935626
vuNhc4HaYb6319XzIX3uXw,1,Yelp,en,1.0003403,6.1990819123283
fZYINBIz04yIp-8M6nQtPw,2,Yelp,en,1.000055,5.694269423284097
G16xP-RM9v_L8nojJP60aw,3,Yelp,en,1.0000087,4.351382347382011
CNR8_dcC9iv311O6G6zNmQ,3,Yelp,en,1.2622044,4.191354155392969
KvD4EQ5JnejqqG9VJ8afqw,2,Yelp,en,3.0561476,5.117518566176958
YFDN7uPtBDqPf4t2X7gwKg,2,Yelp,en,1.0003536,6.420996416412752
6qOaeWmE9dIqGI6xcXNtNA,1,Yelp,en,1.0001768,15.669070321451537
2fR66GBDGxTSfInBMuPHdQ,1,Yelp,en,2.9611373,7.6479274929526335
OeP1tOd0tW0_DKvCKd4NZg,3,Yelp,en,1.0000257,3.7817135367932857
C5se0vXJpSXive27Z15DYQ,2,Yelp,en,3.8885715,7.19920067199056
YPMydeiwGYHY1yCHoRQA_A,1,Yelp,en,1.0002258,7.128853825388951
lCO5s9r704hSJaRkaOYB_g,1,Yelp,en,1.0008118,5.209128418273302
QxwN9ndYAsHDj5xcoolZjg,3,Yelp,en,1.9359106,4.743924711678839
kH-oBa2Pq02sefGYnnvksQ,3,Yelp,en,1.0028205,4.989688315558727
TkvW0giLJ4jzJmmos1Sj7A,3,Yelp,en,2.256462,4.969382943098088
E6HLNyn4hVwEufrlvxwMfg,1,Yelp,en,1.0002303,7.407468709847665
qDOx3oVujnGpKVc9wFLV2g,2,Yelp,en,1.00025,5.66345905707333
aTg8_HYKfVSVEguJXACh3A,2,Yelp,en,7.9276667,5.929282370466297
NMZnqnyThXX9BnKZSCTTTg,3,Yelp,en,1.0000021,3.593599863618362
4lq25gk-0TtXfF0w92r8Mg,2,Yelp,en,1.000145,4.592717268772653
kst5-JiR-5V4t-zIKMMXWg,1,Yelp,en,1.003005,5.503678854941128
OWJgt6XNG65x38E48RwHpg,3,Yelp,en,1.0000477,5.995400396828024
JNveFKa8bJ0bH4L90-jguQ,3,Yelp,en,1.0009288,4.100201575026019
9cCEoyWSYyge-Wma_D1Zyw,3,Yelp,en,2.4750347,4.849069108932272
fkthsI3-WciYwYC10P7LbQ,3,Yelp,en,1.0000535,5.1848222108317845
IqB5v7OHGBCGPo4HnxdM2g,3,Yelp,en,1.9600493,3.7510633748825954
9kRk09N56ABvnc-GB24TbA,3,Yelp,en,1.000006,6.2582822896721195
aNt4Qyx58hUALNbCl-82Mw,3,Yelp,en,2.0610986,4.8413158117918975
H_wD6cy271x4AAdu9aqD7A,2,Yelp,en,1.0000228,5.35205543676752
ToNp10c2bcNsiMqsThJBuw,3,Yelp,en,1.0000952,4.206347205674182
NU-mwO5qdj57SrNrLtOLAA,1,Yelp,en,1.0003159,6.700518361931414
4q52a2kxtScSW2yqHRXzyQ,1,Yelp,en,2.0790412,8.700614833956386
y9S9Ld6iZ-d_NkqXWD8kSw,3,Yelp,en,1.0004039,4.1752020569786055
aDueQBVdC_4sXPe0l4H4Eg,1,Yelp,en,2.6431983,5.20730458330622
HEdiR3QWDzRnYAYyCnMJfw,3,Yelp,en,3.1272237,5.038122562698619
ZU6gEKo6_w8H8K6DN7JiOw,1,Yelp,en,4.041901,5.381932988437705
CYXG7kq3GvSzU1hBqZ4_Mw,2,Yelp,en,2.7493134,5.296194489078704
JGYSVnV2lUzjpCSGTy1czQ,3,Yelp,en,2.8815556,5.3390085358586115
xANJTaEipAvjgjEgBa2blA,3,Yelp,en,1.3125695,4.94243432659634
bdNn4ELGQ_6-YvrDvsVDJQ,3,Yelp,en,1.0001355,5.185561715961072
bA9_r16Gszyv0H-1sXuMNQ,2,Yelp,en,3.6273878,6.290771089998705
MhsXAxenRnaydChfvPAoWQ,2,Yelp,en,2.0529335,4.662386550100304
ArM1Gn5iVQUGr-A1hamwIA,1,Yelp,en,6.633096,6.20333383408411
uTNmkPru3bGKlhJM6uHR0g,2,Yelp,en,4.1391068,5.656724307249771
aIOUsGW1myfkRF_1fBQPcg,3,Yelp,en,1.6031655,4.735518526721491
j5IJ9eM1MbLBCt8vrVnIeg,1,Yelp,en,2.1178663,6.304571401592884
vynicM39XKxKAvBiDf4vqA,3,Yelp,en,1.0000136,5.086747016679673
TBWIAvCR6D-vMiOmRkB52g,2,Yelp,en,1.0001013,7.675844571204801
soB8SclTnaLwaESknQjBcQ,3,Yelp,en,1.0003965,5.524818706062762
D-hewovQk2pXkag-t3VGvg,3,Yelp,en,2.1589422,6.436052353703612
TGDuIB_K2wyjoOyRChqsZg,1,Yelp,en,1.0000546,7.929789198540935
4jVV5lKCScT_of4LEtK21A,1,Yelp,en,1.0002425,4.746024666842506
xd4ZW9UBlrRLunIhOINwYg,3,Yelp,en,1.0002664,4.713271888402569
QMwTYoIJ6TgpEHupO0pM1Q,3,Yelp,en,1.8817868,3.6823893512141197
QXIVATI06wWXbnQS_WLxyA,3,Yelp,en,1.715689,4.44582682619729
0a6aGpJ3YNVoPaDS0lX50w,2,Yelp,en,2.359544,5.373808106953046
jC_kwt4LSK8t11KhnF_lMQ,3,Yelp,en,1.6195587,6.26579950930959
dxuDpPRIu53ZeaXblJ6cwQ,1,Yelp,en,1.0004925,7.709985941558913
o6XGjtKNLWoTObhkzhPUVw,2,Yelp,en,1.0000106,7.15951978276131
3pnqa4hNl7KG29LI1Gwc-w,3,Yelp,en,2.1544712,5.549092654048512
XmDJfgC9RfPXXdmZzB05yw,1,Yelp,en,5.87164,6.672992768953317
t8vL1VLUBMfjX0LJoZOyaw,3,Yelp,en,1.000151,5.012971217555578
aOo7ctYjecAXxgZwbDyFHA,3,Yelp,en,2.2085583,5.181865244761354
rSpNleJcbAi0Hm9vn6OKoQ,2,Yelp,en,1.1718233,5.884360845052509
1HUg0BUTCs-6jPh9ZrnunA,2,Yelp,en,1.0024941,4.4722274901396135
xRViHttQtRIcR6oU7WuAmw,1,Yelp,en,1.0002856,5.839180372692486
R6RPS-BFWa--NNE_UVXOLQ,1,Yelp,en,2.4820235,4.613566049130024
hvqoNcsY6WmYnc7pbnv27g,3,Yelp,en,2.1478786,6.59213724381156
kT2mZkwOrIgDHh2xZ3VsiA,3,Yelp,en,1.0003095,5.7264321060057775
zvtKrni0qWA4lpo2pPZQoQ,3,Yelp,en,2.1525013,5.9612482428259215
E4SYDWrxfQdTY8Bm6Xev3A,3,Yelp,en,3.8172448,4.25072436523763
fWRq4atj_9PzT59NAi6FAg,3,Yelp,en,1.000012,4.1115486835100645
sQLEHKCcFSCGjM8RnUSYWQ,3,Yelp,en,1.0001264,5.322272504565036
7t2-Vy8_jyl8KDch_CfWPw,1,Yelp,en,2.6539419,7.63571669775573
ezzef7-SsEcE67PO7AKZyA,3,Yelp,en,3.482828,4.119958933686077
f_RFHWDkEuRv0LF5G4geBQ,3,Yelp,en,3.4676476,4.1543709465121195
L1X15RqQ-O7uk86pV_i9tw,2,Yelp,en,1.0041548,5.1093765681881855
2zPYto1F2yakvxKXUkec7Q,1,Yelp,en,1.7742146,6.152494548892355
y3DVv89Eyck37LqiRyctqQ,1,Yelp,en,4.934578,4.883902634663462
qVJGyUl30PzYCi3j6B-bGg,2,Yelp,en,1.2144072,3.95876339493626
nLau0UGu2NtlLcxdghXu-w,3,Yelp,en,1.001357,5.833849373860082
Rfus62HNLZL4fSjXiOTHIQ,3,Yelp,en,3.0880284,5.915888025188094
w0oYj8ielbSi7PTYiBTbWg,1,Yelp,en,4.4632134,6.145742928505538
1iUqfOAD12aDPnLEpbhcVQ,3,Yelp,en,1.0003467,5.8166627146493015
lJo0aIhOK5hpfrOXEQYuIw,1,Yelp,en,1.000168,5.533865070886548
4NLDsQwzLxhmnAvMLAWkqA,1,Yelp,en,3.4104125,6.514150455436596
oib1NTidN5sqvZzfzpVXCA,2,Yelp,en,2.0264933,7.191532165186992
NMsiCISrAOXgRevu9q5axA,2,Yelp,en,1.000022,5.158897588033251
bAb5uA2R9OsKHKqNDCc9fQ,2,Yelp,en,1.0000027,5.882684589421944
JvvF9NbTPvRIH3-e3NnKhw,3,Yelp,en,1.0451623,5.672778368543697
k7kAp1vlvUao4VgW2hbKig,2,Yelp,en,2.0161307,7.029497135220749
CP58zT6wkneJz8zawVzJOg,2,Yelp,en,1.0001246,4.437031464337229
S9nhpBv-58NLQMq0TaHVGQ,1,Yelp,en,5.261894,6.078449056076209
N4V6JpV3xyNWt0paJOaKWA,1,Yelp,en,1.0016907,4.737776047990269
o876gh1ZyCT03flIyhoe1g,3,Yelp,en,1.0003264,4.7901435581217955
vQk_rTs0XrmtCYKnjqO9Ww,3,Yelp,en,3.588205,4.7334545099353225
6ztx67OQqAMsqI89j7CItg,3,Yelp,en,1.3811105,6.182967724764128
S-8j5u372B_1cJsCFeimhg,2,Yelp,en,1.0000029,6.28664520149563
8Z85svkiIJMsK8TtHRTXyQ,1,Yelp,en,2.9857132,5.560490292282321
JWylO2qk8JJyHAQlZvcEXA,3,Yelp,en,1.0004282,6.348390598492321
eADa-sb7Ff3jYKBMdPrQbw,3,Yelp,en,2.0905623,4.123203832558267
MS81qBjAk_xwy8vbM_QZlQ,1,Yelp,en,1.0012314,6.160407962778342
WLr3jiV0TCB7PeP7FOo-9g,3,Yelp,en,4.4882755,4.378454977873561
sIRELR8i356LkxQAxSTrDA,3,Yelp,en,6.545134,6.282339290665163
GAuV0pp5V46QPkaIusKEag,1,Yelp,en,4.451781,5.335033399750126
M1Et0ykaG2t2h7tqkjupmw,3,Yelp,en,1.0002669,4.510614119868654
ybLpIvBoic-3Y5NAgkkk1g,1,Yelp,en,1.0000815,6.508377468749474
G58xUjSz-jDAFnuXx51zhQ,3,Yelp,en,3.8388252,4.668409599657871
cHHF2h1lwbt_UUZUKHSL2w,1,Yelp,en,1.0003359,6.207569180886489
GTFspSqw1udvJnmuyIjOjQ,2,Yelp,en,2.3347793,6.364783396364856
CBMz2dmemUTOW3ydUSvVIA,3,Yelp,en,144.777,5.408005063095231
JvGN96TQbXMOUOow-3IRKA,3,Yelp,en,8.399607,6.6030229021707925
LXNs38cSaDH6yViPaUNTcw,3,Yelp,en,1.0019227,6.314795396573931
Rjd4R7zjvD5Gn7DNzu45nA,3,Yelp,en,1.0000056,4.897098917547718
kVSSD1eaBLqlk74A7Dplug,3,Yelp,en,2.3784218,6.674053721122521
lrJKB8aPgvrhK8wX4PovCQ,3,Yelp,en,1.0000335,3.3575743739913553
e_TYMWrROg1AOT-3-Nxf5w,3,Yelp,en,2.5286088,4.840986193426436
XnCI2Zs0w5kE0GWOhUu05w,3,Yelp,en,3.469318,5.531919310382754
rVQx1FVVwLvHU18o0fq15g,3,Yelp,en,1.0000197,6.36952895758962
jKTtLQMBzsWALBzWF33fvw,2,Yelp,en,1.0000808,7.378773995703546
Zve-DlTV3UpGdQ_4FWPMtg,1,Yelp,en,1.000184,6.302999388301637
57bsWwf0dG-W57uezfEVOA,2,Yelp,en,1.5047209,5.841514155939829
p2kh6jjsH3HrfVBHy90Q_Q,2,Yelp,en,1.436347,5.352498577697034
p_jygu_jw5MeZhzUt9UrBw,3,Yelp,en,1.974541,6.1834316357753805
7XO8kxi26vOCQZZt40k7Hw,2,Yelp,en,2.8711727,4.942679367442871
tJBUFx4ZbhyTDu3moFLcPg,3,Yelp,en,1.0004319,6.0864965610720825
eqqmDzQ-c55OBsuaD27BjQ,2,Yelp,en,2.8438146,5.987463443430844
fnoYJFBqSoklrwd3k9MMuQ,1,Yelp,en,1.0011057,7.954453836146202
0cL1uDSpX1dbXRt8wx9XrA,1,Yelp,en,1.0003872,7.55696584448866
AAtpWFSYmAG1oFBs9ZpyhA,1,Yelp,en,1.0003164,5.994990221784034
P7-XZoyBUvKetuDZIav4Rw,3,Yelp,en,1.3918066,5.485761172055721
v-ZeZMBoQheMTdRqnVa8Vg,1,Yelp,en,1.8069781,6.18539291289105
cyeWdlS5-4TF7CGj7eZhXw,3,Yelp,en,1.0000763,4.887383324206072
k8pXzttLGKzzH1Xg1jWPBQ,3,Yelp,en,1.0000359,3.8674551049863237
ChUKi2jqMTZRpI1iU-qCTg,3,Yelp,en,2.3380904,7.660047681774097
SjYLHcYtMofMxdQ1sGVEqw,2,Yelp,en,1.7281034,5.427552051619218
V8lOFOzew5pn6eIyTO8feA,3,Yelp,en,1.0020434,6.2096951220098315
_tABay4Rq4CP3A8FYX2ppA,3,Yelp,en,1.0000281,3.28506002765719
zuqNCCGcMq_xkVmyUR1SqA,3,Yelp,en,1.0000077,5.295065543777733
7ERg6mZTlEtds3qvKqPOjg,3,Yelp,en,2.3446555,4.628288456274754
h9Ry9C7exe-1LscR8uaeRw,3,Yelp,en,1.0000248,4.576085379431747
X_wUMS1gXI7HT797HIBYbg,1,Yelp,en,1.000002,6.2301348546085045
HDwrzDKdWQ31AfgXGx3eJg,3,Yelp,en,1.000237,5.463917402322112
OJh_FW7SinnOPT6HzMjtjQ,3,Yelp,en,1.0000188,7.406338903628235
fXNmTMrIzX-9049MXTBxfQ,1,Yelp,en,,12.14295735477584
YKjOxmLC_OXkz5aoBHqcbQ,3,Yelp,en,1.0000123,5.603456995314562
7WB0SHx0DQxH7-ep6PxjSQ,3,Yelp,en,1.5793706,4.8474378284394
4tfuYa07ympmlWwPPu5kVw,3,Yelp,en,4.5028434,5.5811141352288685
6VnUhcWP-wLSfUkCeKV-IQ,3,Yelp,en,4.01393,5.925903767798828
DnILD4n2QBNnZFbG5MaeqA,2,Yelp,en,1.0000517,5.7612885109573195
OhBo_zmbM1564L7AVXjfXg,1,Yelp,en,1.0001096,5.602909742665729
KAFCxLIUYf4mio5zaPswoQ,2,Yelp,en,1.0000875,5.247658376580066
CC2IzBGRHFLJszlvrq2fFQ,3,Yelp,en,1.000173,6.22604667738919
Jw4tuqNPzzVwverOaJitoA,3,Yelp,en,2.4918668,4.448734303629837
vGdm3bI6YjoDA8wjJO8STA,3,Yelp,en,1.0004472,8.339728512389796
a7mzrqJYkIdnahDE9xGqBg,3,Yelp,en,1.0000206,6.017240539798012
9x9GNkbsu6ci_9Kt9XTlVw,1,Yelp,en,1.0001565,4.515135122086049
7Ub0pfWZLh3Z4mkeTcl3zQ,2,Yelp,en,1.000418,6.277014471751329
RrdlcNJf_FjFnTjlKAiSEQ,1,Yelp,en,1.9779996,5.5950836789585345
lp8ImFz2tAsygNnSpGt0Eg,3,Yelp,en,2.2816942,5.148660046952611
v5BMd2Oyo5uCxoUju4EEvA,3,Yelp,en,1.0000254,4.546045974054029
qSE4kyxaoI4vjIZttq_A_g,1,Yelp,en,1.5859218,6.184551705363031
d3Gjd5og4dN0IU6Gz8I57g,2,Yelp,en,1.0001541,4.943946422400666
KACs7kHiY-M8m3XdhBPdag,1,Yelp,en,1.0012991,6.559725499686607
FX7CVwyateSha9WGVLoIbQ,3,Yelp,en,2.103317,7.456272912719178
oG7p44_fNq5IlNAGBvDONg,3,Yelp,en,1.0019358,4.542196565161433
L-MJsDZQie055_Xaaty5AQ,1,Yelp,en,6.249145,6.756044617701576
aq4O50wlRaeM8qVFTDEl9Q,3,Yelp,en,1.0000051,5.430050639897601
EBSjgkn2kLcBTLRvz49ZIg,3,Yelp,en,2.0596673,5.121679492299864
O2m_QFY93uuizYhR6KKcrA,2,Yelp,en,1.0004648,5.567415922076001
U-EVjHoVSmiHG4MAbbI1NQ,3,Yelp,en,1.0000316,5.598523467822823
3h9gANlcrg7A5xPqKfsrew,2,Yelp,en,2.0675929,5.61614952454117
xffyezrD2ourGc_86Ii9iQ,3,Yelp,en,2.2168543,5.06950971614804
gUp7M9FmaEmqpQy8i9_TsA,1,Yelp,en,1.0032884,6.689766042363217
MSanumDUhhD2aIINsUWLsA,1,Yelp,en,2.2059436,6.71332014567745
BX1HjtFVQWkty72h6Hy4sw,3,Yelp,en,2.0995674,4.420514070499664
IE0zDAn4OB3fCOMk2Ethew,1,Yelp,en,1.1349268,5.995882933346432
-GnFJoSG0fJ653e-zigzsQ,3,Yelp,en,1.0011537,5.937876157710827
55o0OAZXj1X7NIVHLCNSBg,3,Yelp,en,5.6884584,5.250948787023197
7b0gR7o_dhNy6LQCe74trQ,3,Yelp,en,1.0000124,4.5750214733716685
nuMWRNljvIhGOPccv9Gitg,3,Yelp,en,1.3895423,5.424828689667724
xVCJsREopxuXDdultnu7XA,3,Yelp,en,1.5452073,5.781652826571057
M5jkeYiLzHbCLDYCvoy7xg,3,Yelp,en,1.0063417,4.412271883395883
nV1rAk-Ncwj_l-RKOl7D7A,3,Yelp,en,1.5406295,5.0864965146403955
5eVbyRfm8rDSvVny5ZY8dQ,3,Yelp,en,2.84349,5.072205580438626
YicRoGcuKuEDLqqkkPv1rw,3,Yelp,en,1.0002618,3.8900139493500734
tR5MZyoQILgJh0Io82F5dg,3,Yelp,en,2.275845,4.89376334938497
RRmtPzkAeUFk8jfrS5WeSQ,2,Yelp,en,1.000138,6.246613526094602
d_FWMJe-5VX_NCyKP0b_zQ,1,Yelp,en,1.0000048,6.108820989080228
w1GN9VTRbBma9Jv6OqVYrQ,2,Yelp,en,3.8700473,6.032941748448223
rYeVDzI1no1ApBREAcnoZw,2,Yelp,en,1.0000046,4.563969089035064
uOhw4tq3jMeYLfqdem8jUg,3,Yelp,en,1.0001608,4.277320593465223
-cEUjzflfpn49gHpKYXwpw,1,Yelp,en,1.7604678,3.7891857776978273
r0TmZhy_-ElBysolYKA14A,3,Yelp,en,1.0001315,5.88665626181665
xzcakFjHGeDk-AEITikDvA,2,Yelp,en,2.0154467,4.258106715602982
iNLA_NmCM5cW9Ywiz8040g,2,Yelp,en,1.7750927,5.542099144497571
nen-zDUorGGXCb28NmEo6g,2,Yelp,en,1.0006354,5.458363396217317
9piCcvnKWRtHeJ27BOQeJw,1,Yelp,en,1.0000988,5.795085131357674
kERJIKglAhVmOxejEYJw6A,2,Yelp,en,1.0000807,6.612196524451649
eHlsOGuMGlzpsFnj5pUIZw,3,Yelp,en,1.0000805,4.332666992731385
iZPl5XxZv9W4WGK7-Ys_HA,3,Yelp,en,1.000394,4.296556555599065
9ISZhCjisjmIpINkfVDkHg,1,Yelp,en,1.6330968,5.53347184043038
-grSvaH5qWD3yn4NiLT3tg,1,Yelp,en,1.0000027,4.7136029373649615
RF7zy-XMzDsUaCa5zq33Vg,3,Yelp,en,1.0000128,4.506372437589829
KiLwmdDe_PDPdov8coneBA,1,Yelp,en,2.7848232,7.471051969549604
asaA3l3YlSVKm84QD-xvNQ,3,Yelp,en,2.5259492,6.119549680767484
