Index,coherence,source,lang,Prompt_MeanK1,Prompt_MeanK2,Prompt_Global,Prompt_MCR,Prompt_SSC,Prompt_WL,Prompt_Var,Prompt_Peak,Prompt_Valley,Prompt_Amp,Prompt_Skew,Prompt_Kurt,Prompt_ApEn,Prompt_Acf,Prompt_AcfZcr
3181,3,CEDCC,zh,0.5764829969924429,,0.7442098259925842,0.45454545454545453,0.6190476190476191,0.11842237277464433,0.014837790807813264,1.0,0.3943101763725281,0.6056898236274719,1.520617076185939,0.9438843461264508,0.07950674446691597,0.20868040280968903,0.5454545454545454
1326,3,CEDCC,zh,0.47741069793701174,,0.6174377202987671,0.3157894736842105,0.7222222222222222,0.06912878626271297,0.02070395808598354,1.0,0.3720119595527649,0.6279880404472351,2.45010353350325,2.9798273168384597,0.23601116416078893,0.3483385313002781,0.3157894736842105
268,3,CEDCC,zh,0.6054976990348414,,0.7655471563339233,0.3333333333333333,0.8235294117647058,0.15499594807624817,0.020048672760073282,1.0,0.4018006920814514,0.5981993079185486,0.9560925490022201,-1.9805782356244404,0.09687429295115102,0.14102841459121504,0.3333333333333333
3031,2,CEDCC,zh,0.5831453549234491,,0.635406494140625,0.5,0.47058823529411764,0.08505200015174018,0.01361389984515167,1.0,0.4334106743335724,0.5665893256664276,2.20157541315219,2.8524430560439153,0.2509069997422495,0.14833039178585777,0.5
2302,3,CEDCC,zh,0.4871223957642265,,0.7014888525009155,0.2727272727272727,0.5238095238095238,0.09357810020446777,0.021578180501644763,1.0,0.29558953642845154,0.7044104635715485,1.696327800484709,0.8468916957400499,0.12344239238853927,0.3373556749925542,0.18181818181818182
4250,2,CEDCC,zh,0.6023425213668657,,0.7797713875770569,0.4090909090909091,0.6666666666666666,0.09631528095765547,0.012745321854752656,0.8395674228668213,0.45106571912765503,0.38850170373916626,0.7289199369221604,-3.5125857234506315,0.14252012451782026,0.3743262900076098,0.22727272727272727
4258,3,CEDCC,zh,0.555142770920481,,0.7413380742073059,0.23076923076923078,0.3333333333333333,0.09789060629331149,0.0183031478934945,1.0,0.4425167441368103,0.5574832558631897,2.4481119684487975,2.459596228152588,0.32438001325167765,0.11964871488634751,0.23076923076923078
3757,3,CEDCC,zh,0.49323636094729106,,0.650967001914978,0.2857142857142857,0.6153846153846154,0.12201324105262756,0.022272335314802,1.0,0.35319650173187256,0.6468034982681274,2.518973582296081,2.9760481935505148,0.43020630278440475,0.2059545294893693,0.42857142857142855
980,1,CEDCC,zh,0.4907388614445198,,0.7542867660522461,0.3,0.7435897435897436,0.06533287912607193,0.009464188330787954,1.0,0.37523123621940613,0.6247687637805939,3.453533861261465,12.572485394367337,0.523335272546821,-0.033248249500671886,0.5
2960,2,CEDCC,zh,0.5354442000389099,,0.7184064984321594,0.5172413793103449,0.8571428571428571,0.10594416384039254,0.012064886068413412,1.0,0.3959868848323822,0.6040131151676178,2.330340692790919,5.033948233380581,0.16083014536107632,-0.09069538088751303,0.6551724137931034
2232,1,CEDCC,zh,0.5749968449274699,,0.8331233263015747,0.7142857142857143,0.6923076923076923,0.16899807964052474,0.02236056786206728,1.0,0.4251415729522705,0.5748584270477295,1.375843410939766,-1.2900396762488322,0.11631707745065922,-0.06517978848286074,0.7142857142857143
1919,1,CEDCC,zh,0.5689522380178625,,0.7317942976951599,0.5714285714285714,0.75,0.12578450498126803,0.015272625006504371,1.0,0.4382478892803192,0.5617521107196808,1.900056997689841,1.1251918141889048,0.3335947927004521,-0.005076895235088212,0.5714285714285714
3044,2,CEDCC,zh,0.6751459730522973,,0.7719740867614746,0.7692307692307693,0.9166666666666666,0.20146817656663749,0.020926961300535344,1.0,0.4488031566143036,0.5511968433856964,0.3532840586384724,-3.2678407846938393,-0.08004270767353594,-0.41555832284709265,0.7692307692307693
536,1,CEDCC,zh,0.5100069256817422,,0.4784019887447357,0.4,0.5897435897435898,0.08370087072253227,0.010413631019179597,1.0,0.3868398666381836,0.6131601333618164,2.6247001826554968,7.528387730664253,0.5568621262879292,0.1481136050441865,0.5
2690,1,CEDCC,zh,0.5407165519215844,,0.771825909614563,0.38095238095238093,0.7,0.09530598776681083,0.015003901203411303,1.0,0.4276401996612549,0.5723598003387451,2.4837803157712783,3.4814785337675627,0.24136378307316297,-0.05546157358370495,0.38095238095238093
1956,2,CEDCC,zh,0.4768572223597559,,0.7354915738105774,0.2857142857142857,0.5925925925925926,0.0793508631842477,0.013989864653223038,1.0,0.35630786418914795,0.643692135810852,3.0828160375973153,7.71078360242336,0.3624800668133563,0.37581379191813946,0.35714285714285715
3470,2,CEDCC,zh,0.5283702803509576,,0.5974488854408264,0.38461538461538464,0.5833333333333334,0.08820084425119254,0.019824657521939165,1.0,0.38831576704978943,0.6116842329502106,2.5547312157923616,3.1098616231583343,0.23987137566182337,0.10816153271933711,0.23076923076923078
2413,3,CEDCC,zh,0.5872229561209679,,0.5883416533470154,0.2727272727272727,0.4,0.08668480136177757,0.019808246635213727,1.0,0.4426562190055847,0.5573437809944153,1.9187558258859,0.33549305067002155,0.030716580297483365,0.23358129991812243,0.2727272727272727
4274,3,CEDCC,zh,0.587045231834054,,0.8055335879325867,0.4666666666666667,0.7142857142857143,0.10052442153294881,0.015814744403633584,0.948184072971344,0.38983282446861267,0.5583512485027313,1.1475966610447665,-1.13588518134397,0.09006617011262952,0.2653973198359515,0.4666666666666667
2700,3,CEDCC,zh,0.637252257058495,,0.7731322050094604,0.6111111111111112,0.7058823529411765,0.15573359860314262,0.017440277615963475,1.0,0.48062294721603394,0.5193770527839661,1.1141126872510538,-2.2543042129097364,0.09687429295115102,-0.23158580914875787,0.6111111111111112
2790,3,CEDCC,zh,0.6268735937774181,,0.8026103377342224,0.34782608695652173,0.7272727272727273,0.089371541272039,0.014311034121140306,1.0,0.34742602705955505,0.652573972940445,0.5824167425112627,-0.39507687868904107,0.1966429089282773,0.2623756801768621,0.2608695652173913
2693,2,CEDCC,zh,0.6592473466145364,,0.7815021276473999,0.4444444444444444,0.47058823529411764,0.12168213393953112,0.017225639403746974,1.0,0.42506617307662964,0.5749338269233704,0.2740587997279216,-2.365526607490187,0.1693602726175496,0.22973989451341412,0.4444444444444444
2976,1,CEDCC,zh,0.5684765764960537,,0.6722792387008667,0.38461538461538464,0.56,0.07685355039743277,0.0092756633419425,0.923470139503479,0.4286027252674103,0.4948674142360687,1.952313966605685,1.7304288888135257,0.29868553823283817,0.4353736598409591,0.07692307692307693
518,3,CEDCC,zh,0.5796099768744575,,0.9397894740104675,0.5769230769230769,0.72,0.11768440558360173,0.012237642148252745,1.0,0.4536499083042145,0.5463500916957855,1.9893334452823355,2.2066743317628195,0.21630966119855222,0.021476706677526942,0.5
2108,1,CEDCC,zh,0.6702750302278079,,0.8367221355438232,0.6666666666666666,0.7272727272727273,0.13809023797512054,0.01518675714463265,1.0,0.4815186560153961,0.5184813439846039,1.009761351457005,-1.3796002226977464,0.0285131531036944,-0.2630640937493446,0.6666666666666666
2036,1,CEDCC,zh,0.5558608255603097,,0.7842584848403931,0.3125,0.6451612903225806,0.06939309276640415,0.009328431105855246,1.0,0.434842973947525,0.565157026052475,2.927689421478798,7.964373999007941,0.44484013638544706,0.04796812211112316,0.375
1636,2,CEDCC,zh,0.4584662414366199,,0.6408939957618713,0.4,0.6551724137931034,0.06159161031246185,0.012096504558651579,1.0,0.32848218083381653,0.6715178191661835,3.805731826941312,13.16013092307509,0.5912142544967427,0.23978503986633787,0.3333333333333333
2739,1,CEDCC,zh,0.6414901063992426,,0.7993793487548828,0.4,0.5833333333333334,0.11703270673751831,0.013554441075443359,1.0,0.47044938802719116,0.5295506119728088,1.1997335624416359,-1.6263397895617118,0.15566004686091972,0.30498056151105435,0.32
877,3,CEDCC,zh,0.5392882394440034,,0.775313138961792,0.48484848484848486,0.59375,0.12359145735249374,0.015935200021850407,1.0,0.3727582097053528,0.6272417902946472,1.4609432793397188,-0.14138666652246368,0.4909271396619288,0.07174691573773932,0.42424242424242425
3193,3,CEDCC,zh,0.5519370860175082,,0.6894630789756775,0.3888888888888889,0.7647058823529411,0.1253936986128489,0.017229202184792833,1.0,0.41800928115844727,0.5819907188415527,2.0232955759944473,1.496831003781736,0.08089195559271856,0.020356662664077575,0.3888888888888889
1805,1,CEDCC,zh,0.621988906101747,,0.8626172542572021,0.4,0.6666666666666666,0.1070239782333374,0.01249293032148547,0.8773834109306335,0.4670049250125885,0.41037848591804504,0.9530252840669285,-2.8693685638178663,0.03326892045416274,-0.010836787681512165,0.4
114,2,CEDCC,zh,0.5039698619108933,,0.6679979562759399,0.6666666666666666,0.8181818181818182,0.17826276024182638,0.012535134267057605,0.7180067896842957,0.3413902521133423,0.37661653757095337,0.5803311159545034,-3.717203085284441,-0.08701137698962969,-0.4291231326348019,0.8333333333333334
4270,1,CEDCC,zh,0.60724076628685,,0.7353208661079407,0.14285714285714285,0.6923076923076923,0.08822053245135716,0.015122294495810824,1.0,0.4496749937534332,0.5503250062465668,1.9968981442100366,1.202880040641504,0.024913053640556626,0.17884250209430683,0.14285714285714285
222,3,CEDCC,zh,0.5522634964436293,,0.911385178565979,0.4666666666666667,0.6428571428571429,0.1440931757291158,0.025009884828081246,1.0,0.37231454253196716,0.6276854574680328,1.288126301858309,-1.5237802129821416,0.023426752587707433,-0.09444485583876971,0.6
656,3,CEDCC,zh,0.42677973075346515,,0.6987900137901306,0.46296296296296297,0.6415094339622641,0.09394625933082015,0.013341090237418446,1.0,0.2530791163444519,0.7469208836555481,2.3233720610963133,5.909484969768286,0.3923090487966707,0.17633785023150353,0.42592592592592593
3388,1,CEDCC,zh,0.46990210724913556,,0.7720977663993835,0.2727272727272727,0.7142857142857143,0.08698505705053156,0.01837066271678239,1.0,0.33766528964042664,0.6623347103595734,2.6305180580033265,4.459697235527571,0.34366897130448804,0.2724177421040022,0.2727272727272727
1827,1,CEDCC,zh,0.552363555539738,,0.6790668368339539,0.5714285714285714,0.9,0.1294435943875994,0.01639301155636807,1.0,0.42644089460372925,0.5735591053962708,1.998915124865008,1.2991886127788792,0.1982660574482722,0.16493937670542194,0.47619047619047616
2078,3,CEDCC,zh,0.6361550459494958,,0.7638236284255981,0.5,0.6363636363636364,0.10765333473682404,0.016564909026199434,1.0,0.4347573518753052,0.5652426481246948,1.336567672417473,-0.49330464843126975,-0.08701137698962969,0.12934985482947794,0.5
3183,3,CEDCC,zh,0.5330328332341235,,0.6172999739646912,0.45454545454545453,0.6666666666666666,0.09408000382510098,0.012416012840425318,1.0,0.41079649329185486,0.5892035067081451,3.063630290170583,7.547690063815958,0.4355757235004436,0.15640562728448953,0.36363636363636365
377,3,CEDCC,zh,0.46178320745627083,,0.5804856419563293,0.3103448275862069,0.6071428571428571,0.07879380933169661,0.014486110058451884,1.0,0.3100793659687042,0.6899206340312958,2.898096426180442,7.633141619713859,0.3915437576991083,0.22674700370736983,0.4482758620689655
2631,1,CEDCC,zh,0.6215152536567888,,0.6917160153388977,0.4444444444444444,0.6470588235294118,0.14839261439111498,0.02098171390543663,1.0,0.40767866373062134,0.5923213362693787,1.0524784363587951,-2.4462670678402683,0.09687429295115102,0.1633196138687026,0.4444444444444444
3121,3,CEDCC,zh,0.6154278356295365,,0.7357736229896545,0.5,0.7272727272727273,0.1381316234668096,0.017592078315594315,1.0,0.4737907648086548,0.5262092351913452,1.6689055218118976,-0.30944985855136853,0.01801092309521035,0.024379900632830437,0.5
1407,1,CEDCC,zh,0.5253542736172676,,0.681220293045044,0.4666666666666667,0.5,0.11842472950617472,0.01980567283647522,1.0,0.4009990394115448,0.5990009605884552,2.36615808647243,2.254952580793839,0.10924497494274865,-0.17941402364203538,0.4666666666666667
2919,2,CEDCC,zh,0.6149100636442503,,0.7469826340675354,0.45454545454545453,0.8,0.19075013290752063,0.02474241485246427,1.0,0.3498520851135254,0.6501479148864746,0.7846272776457254,-2.1844914110976124,-0.09531017980432521,-0.17810100037971616,0.6363636363636364
1377,2,CEDCC,zh,0.5897618929545084,,0.7995398044586182,0.30434782608695654,0.5454545454545454,0.06655187451321146,0.00812491887844666,0.8922740817070007,0.4693889915943146,0.42288509011268616,1.5492383195900281,0.008498964225408301,0.14149024260377585,0.3762066329783533,0.30434782608695654
2021,1,CEDCC,zh,0.5569872244408256,,0.7855919599533081,0.2777777777777778,0.5294117647058824,0.13416577378908792,0.025658608626263495,1.0,0.3204614520072937,0.6795385479927063,0.7845145492867047,-2.255274786296162,0.019857939555601778,0.4216531876800331,0.2777777777777778
1103,2,CEDCC,zh,0.567376109957695,,0.7589521408081055,0.2222222222222222,0.625,0.1372241973876953,0.029476882739239308,1.0,0.40140438079833984,0.5985956192016602,1.3935628957052644,-1.7390109175442907,0.016995582785827912,0.1920532088049796,0.4444444444444444
2943,2,CEDCC,zh,0.523063006401062,,0.522832453250885,0.4583333333333333,0.6086956521739131,0.10591981435815494,0.01368114821765793,1.0,0.4049058258533478,0.5950941741466522,2.7569387121106383,5.408638801669321,0.25396866131152995,0.0037231599773217784,0.5416666666666666
780,3,CEDCC,zh,0.6766612508467266,,0.7922061681747437,0.7692307692307693,0.75,0.13759719408475435,0.0156579684956255,1.0,0.444335013628006,0.555664986371994,0.6324105023368355,-1.6613520241316895,0.026595320104917164,-0.41884732542202624,0.6153846153846154
2562,3,CEDCC,zh,0.6037401976408782,,0.7272010445594788,0.3076923076923077,0.64,0.09465976861807016,0.011101549106643328,1.0,0.4213273823261261,0.5786726176738739,1.597686354845022,2.220794831431615,0.2609613361939256,0.20706265767802437,0.46153846153846156
137,2,CEDCC,zh,0.497028562757704,,0.7596456408500671,0.5142857142857142,0.6470588235294118,0.08592824595315116,0.010602538153763863,1.0,0.3875080347061157,0.6124919652938843,3.173677048563114,10.067541816316165,0.42116844527012454,-0.13800894876321493,0.5714285714285714
3284,1,CEDCC,zh,0.5364035895237556,,0.7568922638893127,0.16666666666666666,0.5454545454545454,0.12970152497291565,0.033082136876935106,1.0,0.330873042345047,0.669126957654953,1.3174403615713473,-2.2022444534645076,0.20111297120656246,0.265496801222865,0.3333333333333333
2085,3,CEDCC,zh,0.5426310085588031,,0.7400159239768982,0.11764705882352941,0.4375,0.07743139477337108,0.02359511852412695,1.0,0.36464571952819824,0.6353542804718018,1.3228295557783234,-1.2503572378322962,0.2416627872442767,0.48999651281065654,0.11764705882352941
840,3,CEDCC,zh,0.5220191404223442,,0.7135441899299622,0.5263157894736842,0.5,0.14005135705596522,0.02051215574677804,1.0,0.35739240050315857,0.6426075994968414,1.7227982946063265,0.6183350963622409,0.23778422317601633,0.26131667919453017,0.5263157894736842
3200,3,CEDCC,zh,0.6774498770634333,,0.8440597057342529,0.43478260869565216,0.5454545454545454,0.1042372869408649,0.012762576451928033,1.0,0.4503081440925598,0.5496918559074402,0.4752926180330587,-2.0203768771994417,0.27692678392103964,0.18217145042681893,0.34782608695652173
1072,2,CEDCC,zh,0.5702645423320624,,0.7699298858642578,0.52,0.6666666666666666,0.09091983675956726,0.012188103660596299,0.9080249667167664,0.3853265345096588,0.5226984322071075,1.09864865674364,-1.210704890467281,0.2573668034543055,0.3642603337561353,0.44
2812,2,CEDCC,zh,0.5932911574840546,,0.7924075126647949,0.3157894736842105,0.4444444444444444,0.12012027125609548,0.020387113220134232,1.0,0.3767106831073761,0.6232893168926239,0.9595568082925456,-1.7634770955736618,0.01889563984129694,0.40125603619587985,0.3157894736842105
962,3,CEDCC,zh,0.5604850153128306,,0.6294544339179993,0.29411764705882354,0.5625,0.0764054866398082,0.013219991776616603,1.0,0.4566466808319092,0.5433533191680908,3.0119082046338876,5.956814584332461,0.3756810440311322,0.010718935096172796,0.29411764705882354
2556,1,CEDCC,zh,0.6139754032095274,,0.8402156233787537,0.6086956521739131,0.7727272727272727,0.13343238053114517,0.014842141115295167,1.0,0.4104374647140503,0.5895625352859497,0.976043453074448,-0.8550067655374951,0.24952966215977712,-0.038405549967727645,0.6956521739130435
4254,3,CEDCC,zh,0.5008998524259638,,0.8260031342506409,0.5,0.76,0.11180429045970623,0.014084378566900565,1.0,0.353674978017807,0.646325021982193,2.6782970061549127,5.893850339370411,0.3942588709169921,-0.01619837250328712,0.5769230769230769
3291,1,CEDCC,zh,0.524898998439312,,0.6873924732208252,0.42857142857142855,0.5,0.14480369431631906,0.03863041557447716,1.0,0.31164979934692383,0.6883502006530762,1.5434200840024348,-1.5153162615484792,-0.1541506798272585,0.12681698827928187,0.14285714285714285
1885,3,CEDCC,zh,0.5773394939800104,,0.800065279006958,0.391304347826087,0.5454545454545454,0.13277550624764484,0.01555893526741555,1.0,0.38528910279273987,0.6147108972072601,1.3416944836530142,0.09351237424250591,0.2193928282223876,0.03428352233289133,0.391304347826087
2561,2,CEDCC,zh,0.5719924487850883,,0.7916160225868225,0.4,0.4444444444444444,0.07347888350486756,0.0069863606288927205,0.7883586287498474,0.48988768458366394,0.29847094416618347,1.3716765003335472,-1.6371016704862624,0.01786564977505334,0.24341615867728397,0.4
3126,3,CEDCC,zh,0.5580927147106691,,0.6733145713806152,0.2857142857142857,0.6,0.08146836927958898,0.012184554104704875,0.8293333053588867,0.3639346659183502,0.4653986394405365,0.9593004230416886,-2.3227567468919377,0.14595118655931438,0.41171472338059334,0.2857142857142857
3292,3,CEDCC,zh,0.5938706177732219,,0.7501333951950073,0.5454545454545454,0.6190476190476191,0.14596618847413498,0.026967428252171445,1.0,0.326657772064209,0.673342227935791,0.8100194350921205,-2.759800260101628,0.03427609666020226,0.2579443730099729,0.2727272727272727
2781,3,CEDCC,zh,0.5682001685102781,,0.8207255005836487,0.34782608695652173,0.6818181818181818,0.09866274958071501,0.012906924306790963,1.0,0.4172019958496094,0.5827980041503906,2.0775570234149714,3.1094414193753064,0.2569165768030546,0.19407277392603448,0.43478260869565216
362,1,CEDCC,zh,0.47928829897533765,,0.8312234282493591,0.3125,0.45161290322580644,0.0755799300968647,0.013605845007591627,1.0,0.29954347014427185,0.7004565298557281,2.589667408355964,6.443557790059087,0.44594217680029313,0.22428420038530494,0.25
1830,1,CEDCC,zh,0.5862301658181583,,0.8026227355003357,0.25,0.6,0.08391883969306946,0.017847868812814204,1.0,0.47271043062210083,0.5272895693778992,1.7221320052590254,-0.27855314227668604,0.27744273871872593,0.3343089836900714,0.25
2888,3,CEDCC,zh,0.5937474822556531,,0.7042955756187439,0.46153846153846156,0.64,0.11821557237551762,0.01232946276606144,1.0,0.41322287917137146,0.5867771208286285,1.7607806025046053,1.8339052701550935,0.17645269860407087,-0.27457247137724844,0.46153846153846156
784,1,CEDCC,zh,0.5306679284572602,,0.8457010388374329,0.4166666666666667,0.5652173913043478,0.1262111316124598,0.025469755292126802,1.0,0.335540235042572,0.664459764957428,1.5222913072261035,-1.1604303905259563,0.38516398416582254,0.1738567729648265,0.4166666666666667
4186,3,CEDCC,zh,0.6020806553688917,,0.7414764761924744,0.42857142857142855,0.7,0.10169228485652379,0.012780567807666305,1.0,0.40936851501464844,0.5906314849853516,1.6382028482523776,1.5688309942460315,0.10485374763763167,0.15574751065466366,0.42857142857142855
1622,1,CEDCC,zh,0.6116933703422547,,0.7713660597801208,0.3684210526315789,0.6666666666666666,0.10769684691178172,0.013325952065365368,1.0,0.4841902554035187,0.5158097445964813,1.8417711464922215,0.7699571596857773,0.2612701068796479,0.031489552634601986,0.47368421052631576
1691,1,CEDCC,zh,,,,,,,,,,,,,,,
2897,2,CEDCC,zh,0.5867774458602071,,0.8417034149169922,0.3870967741935484,0.8,0.1307775301318015,0.013682581762595755,0.9838939309120178,0.43466463685035706,0.5492292940616608,1.113809674936033,-1.0484975255979148,0.19080604187376604,-0.10974327215391333,0.6451612903225806
4266,3,CEDCC,zh,0.6174693084680117,,0.827782928943634,0.32,0.625,0.09801412343978883,0.015259177893230277,1.0,0.4528863728046417,0.5471136271953583,1.2297463663900632,-1.326031851225081,0.07008155436933672,0.4319562117434933,0.24
275,3,CEDCC,zh,0.589841451909807,,0.8045215010643005,0.5882352941176471,0.6875,0.1880669067887699,0.026517718162209318,1.0,0.3501746654510498,0.6498253345489502,0.7841054986207241,-2.6079769014295002,0.020922105308264438,-0.22066965011106332,0.5882352941176471
1373,2,CEDCC,zh,0.5443818867206573,,0.7411365509033203,0.6666666666666666,0.7647058823529411,0.11335348751809862,0.01623679456903597,1.0,0.43827152252197266,0.5617284774780273,2.338473168769765,2.776128508115317,0.3889573691749164,-0.08479868635665495,0.5555555555555556
3167,3,CEDCC,zh,0.6197705119848251,,0.7769947648048401,0.3157894736842105,0.6111111111111112,0.111671424225757,0.014420526823276747,0.8828990459442139,0.42107969522476196,0.4618193507194519,0.4589321638187108,-3.557047248690984,0.23778422317601633,0.19190070533529754,0.3157894736842105
1068,3,CEDCC,zh,0.5293370385964712,,0.7858748435974121,0.30434782608695654,0.5,0.1175031014110731,0.024831654178734095,1.0,0.2993447184562683,0.7006552815437317,0.8345916406797679,-1.9244288989957905,0.21939282822238804,0.5026139132016638,0.13043478260869565
3230,1,CEDCC,zh,0.6337931545881125,,0.8296354413032532,0.3333333333333333,0.45454545454545453,0.11162637670834859,0.017719021709796005,1.0,0.43506452441215515,0.5649354755878448,1.145845488722734,-0.9519138595764955,0.25956221329034346,0.39505102861332037,0.3333333333333333
1403,3,CEDCC,zh,0.5568432927131652,,0.7242770791053772,0.5,0.46153846153846156,0.09840408180441175,0.019069965160918634,1.0,0.38249221444129944,0.6175077855587006,1.9454880831251546,1.3795760787755649,0.12393407943483403,0.18003926935551226,0.5
2828,2,CEDCC,zh,0.6940390020608902,,0.7838459014892578,0.4666666666666667,0.7142857142857143,0.07785195112228394,0.0049988242715921505,0.8588083982467651,0.5211425423622131,0.337665855884552,-0.04365280296466563,-1.6751267314837817,0.1890871959069078,-0.1753235496975641,0.3333333333333333
1808,3,CEDCC,zh,0.5631368660926819,,0.6962975263595581,0.5,0.6521739130434783,0.10550153752168019,0.013318605213369474,1.0,0.4370032548904419,0.5629967451095581,2.1425570157477707,2.6336536102807404,0.3113178260044269,-0.16310637119485738,0.5833333333333334
2808,2,CEDCC,zh,0.5788271518853995,,0.692585825920105,0.16666666666666666,0.5454545454545454,0.11592423419157664,0.024782940943294016,1.0,0.372441828250885,0.627558171749115,1.210574235385849,-1.5692776113395723,-0.08701137698962969,0.47922084779258667,0.16666666666666666
314,2,CEDCC,zh,0.49788682433691894,,0.6446614265441895,0.2857142857142857,0.8,0.10941384519849505,0.018286468738377585,1.0,0.37487637996673584,0.6251236200332642,2.3241349733300694,3.0042820981098206,0.24018248288981114,0.22350703586880116,0.09523809523809523
1791,1,CEDCC,zh,0.48825110495090485,,0.5965642333030701,0.42857142857142855,0.6,0.07335533272652399,0.00713958096261485,0.7470412254333496,0.36729946732521057,0.37974175810813904,1.1248949660473286,-1.2554625584377206,0.07993716936312945,0.031053266943631464,0.6190476190476191
2780,2,CEDCC,zh,0.6071448244831779,,0.8901482820510864,0.5625,0.6774193548387096,0.1576523408293724,0.01572222634287853,0.8920304775238037,0.39226800203323364,0.49976247549057007,0.18186463305343675,-3.8406179416049535,0.22818149439540036,-0.18891261517730704,0.5625
3235,2,CEDCC,zh,0.5612220774803843,,0.7611936330795288,0.2962962962962963,0.5384615384615384,0.1298303030155323,0.022115964423099647,1.0,0.3110977113246918,0.6889022886753082,0.7664648094996138,-2.4334083038903707,0.19767106685774172,0.44451345819014093,0.2222222222222222
4275,1,CEDCC,zh,0.6659405529499054,,0.8680057525634766,0.4,0.25,0.1329050898551941,0.019204270353636293,0.9360356330871582,0.4996894598007202,0.436346173286438,0.9128432116750884,-3.2170667676079363,-0.2231435513142097,0.045738710678650166,0.4
2864,3,CEDCC,zh,0.5930989129202706,,0.7389155030250549,0.3,0.5263157894736842,0.1094345360994339,0.01913095787976362,1.0,0.36538419127464294,0.6346158087253571,0.7986981439665083,-1.5859690494590621,0.018021423668444392,0.500735422596917,0.1
2626,1,CEDCC,zh,0.5969679745344015,,0.791451096534729,0.5,0.6363636363636364,0.10141892731189728,0.016739202893746103,1.0,0.4749614894390106,0.5250385105609894,2.2500422941654477,1.3973306934058876,0.23558870725269454,0.04778763696070031,0.5
918,3,CEDCC,zh,0.5340256028705173,,0.8212865591049194,0.23529411764705882,0.5,0.10423054765252505,0.025353130621839283,1.0,0.2959464490413666,0.7040535509586334,1.0469161272750336,-1.2601447723549661,0.020922105308264438,0.38669929241844797,0.11764705882352941
2369,2,CEDCC,zh,0.6184786978889915,,0.7987406253814697,0.4375,0.8,0.11492803692817688,0.013225883777504052,0.9918333292007446,0.49320363998413086,0.49862968921661377,2.023910263695486,0.9827728728923946,0.12989882997836766,-0.001989927176340243,0.4375
2698,3,CEDCC,zh,0.5720455050468445,,0.7417416572570801,0.42857142857142855,0.6153846153846154,0.1363499973501478,0.02467984210472428,0.9766541719436646,0.38521048426628113,0.5914436876773834,1.020895557099066,-2.464029846404193,-0.0032526678044608737,0.16848252479942186,0.42857142857142855
2306,2,CEDCC,zh,0.5240011185407638,,0.527382493019104,0.3684210526315789,0.5555555555555556,0.05732502435383044,0.013674874676801344,1.0,0.3812691867351532,0.6187308132648468,3.221638076271687,7.8825546278245024,0.5898054631621255,0.06803643387138877,0.3684210526315789
2581,3,CEDCC,zh,0.6006954863667489,,0.7911312580108643,0.3157894736842105,0.6666666666666666,0.13346156321073832,0.022486904576169333,1.0,0.38991454243659973,0.6100854575634003,0.7802117142506994,-2.6029501531036803,0.09185850095287007,0.432931202916467,0.21052631578947367
683,2,CEDCC,zh,0.4826706551015377,,0.615011990070343,0.41025641025641024,0.6578947368421053,0.06975108232253636,0.010108689874856197,1.0,0.3868170380592346,0.6131829619407654,3.5518166849396153,12.006870352481734,0.6494412550550059,0.06684256147632493,0.46153846153846156
1860,1,CEDCC,zh,0.5898329147270748,,0.8534817099571228,0.46153846153846156,0.8333333333333334,0.14147082200417152,0.01869477803138365,1.0,0.4042969346046448,0.5957030653953552,1.6649218275435043,0.16790524862464906,-0.08004270767353594,-0.007313835697837573,0.46153846153846156
3276,1,CEDCC,zh,0.6256391861859489,,0.7714781165122986,0.25,0.4666666666666667,0.16049174591898918,0.04321596726640033,1.0,0.3944551646709442,0.6055448353290558,0.5956923265705439,-4.254116396308498,0.30160041189449593,0.3424240810355048,0.375
2612,1,CEDCC,zh,0.5761867731809616,,0.7334751486778259,0.4444444444444444,0.625,0.12621670961380005,0.025930026585555842,1.0,0.45751866698265076,0.5424813330173492,1.7677554064783172,-1.0363017051879941,0.280385735283184,-0.06709620206935198,0.4444444444444444
4232,3,CEDCC,zh,0.5196466147899628,,0.6152381300926208,0.36,0.8333333333333334,0.07378106117248535,0.012890020960503793,1.0,0.36388862133026123,0.6361113786697388,2.7208861857800697,6.643947762588947,0.3544525788439592,0.1697763921980557,0.36
3214,2,CEDCC,zh,0.4582898020744324,,0.5401005148887634,0.3333333333333333,0.75,0.1272616551982032,0.03511813294334019,1.0,0.3303905725479126,0.6696094274520874,2.32835768136865,1.0329154413133503,0.24587314292501738,0.11969246036090897,0.5555555555555556
4466,1,CEDCC,zh,0.5609690981251853,,0.8544401526451111,0.47058823529411764,0.696969696969697,0.12505711615085602,0.013571335689439239,1.0,0.4051848351955414,0.5948151648044586,1.7832708087720381,0.8089676188390396,0.50206232738116,-0.13494749512690296,0.5882352941176471
1388,3,CEDCC,zh,0.4789994070606847,,0.6256620287895203,0.4,0.7241379310344828,0.0898268719514211,0.012315611950987794,1.0,0.33743467926979065,0.6625653207302094,3.182168681367091,9.932265545951138,0.3070087373777777,0.17841364753848485,0.26666666666666666
3164,3,CEDCC,zh,0.5440044563550216,,0.800865650177002,0.6,0.6666666666666666,0.083043532371521,0.00820114790674098,0.9173081517219543,0.4505680501461029,0.46674010157585144,2.794765447765709,5.667650888345202,0.2365272179262461,-0.08900770606887651,0.52
406,2,CEDCC,zh,0.49351055175065994,,0.6905354261398315,0.4074074074074074,0.6923076923076923,0.09094975392023723,0.013768869077549302,1.0,0.3269190490245819,0.6730809509754181,2.772099943899401,6.7162618262547475,0.45656194460290944,0.0015847811689965754,0.3333333333333333
2933,1,CEDCC,zh,0.5336872584679547,,0.5786263346672058,0.3333333333333333,0.6875,0.060422743811751854,0.009399717018909891,1.0,0.38165807723999023,0.6183419227600098,3.0535470998844887,10.056600341650626,0.49370013103859334,0.1479719384283338,0.3939393939393939
1649,2,CEDCC,zh,0.7242804302109612,,0.8205550909042358,0.5,0.8571428571428571,0.13513469696044922,0.014518097258339583,1.0,0.5713118314743042,0.4286881685256958,0.9459180965205686,-2.4878107045802995,-0.13353139262452252,0.03168019576606049,0.25
1886,2,CEDCC,zh,0.49063681264718373,,0.6549891829490662,0.41379310344827586,0.7142857142857143,0.10328240846765452,0.013533611124360908,1.0,0.3645988404750824,0.6354011595249176,2.7321076420491557,6.525958059917537,0.31193451207396894,0.07697022832622835,0.4827586206896552
2111,1,CEDCC,zh,0.5659090860022439,,0.5722293257713318,0.35294117647058826,0.625,0.08963926048839793,0.015081180816206349,1.0,0.4581815004348755,0.5418184995651245,2.4511168030587087,2.8798914713023027,0.4081770961565343,0.4916649359551178,0.35294117647058826
2226,1,CEDCC,zh,0.5851881802082062,,0.6778682470321655,0.36363636363636365,0.6,0.1377682469107888,0.021151265764633997,1.0,0.4090048670768738,0.5909951329231262,1.711175760887877,-0.22680241631834352,-0.09531017980432521,0.30681428964850094,0.18181818181818182
2016,2,CEDCC,zh,0.6006458813235873,,0.8101904988288879,0.6,0.5789473684210527,0.13763049244880676,0.020465497110792517,1.0,0.3751157224178314,0.6248842775821686,0.7004940573102321,-2.1022612695043583,0.018021423668444392,0.06498037267653539,0.6
3337,1,CEDCC,zh,0.5944874882698059,,0.84670090675354,0.6,0.5789473684210527,0.11360355019569397,0.016111590656806098,1.0,0.39370056986808777,0.6062994301319122,1.2915720681359006,-0.36188568645514874,0.08733614172443893,0.1999594114405379,0.3
2401,2,CEDCC,zh,0.5417198085266611,,0.6625361442565918,0.5,0.6666666666666666,0.10891378196803006,0.012806660615160292,0.974958062171936,0.3739606738090515,0.6009973883628845,2.1186255386820307,3.807321415804168,0.2263168739581949,0.13432957203326124,0.4090909090909091
3257,1,CEDCC,zh,0.6054917126893997,,0.7230893969535828,0.42857142857142855,0.5,0.1468469954672314,0.02187350776941398,1.0,0.3770976662635803,0.6229023337364197,0.7401554168024304,-2.8307671197115396,0.017223853026753222,0.29127096771985717,0.5238095238095238
3163,2,CEDCC,zh,0.643166755254452,,0.8042259216308594,0.5,0.6363636363636364,0.15453178683916727,0.02516559247886293,1.0,0.4428466856479645,0.5571533143520355,0.6199167373916591,-3.3450976800484518,0.0285131531036944,0.12403973279775216,0.3333333333333333
657,2,CEDCC,zh,0.60334069468081,,0.7434786558151245,0.5333333333333333,0.6428571428571429,0.13052846789360045,0.015503465426722063,1.0,0.44031038880348206,0.5596896111965179,1.8914127889376797,0.8138067119987635,0.003622547428852041,-0.3487920342011984,0.4
1478,2,CEDCC,zh,0.6308845525438135,,0.82093346118927,0.3,0.4444444444444444,0.09330680966377258,0.018622201114174432,1.0,0.4473284184932709,0.5526715815067291,1.5129994033639664,-0.7589512527147031,0.03326892045416274,0.25730155867762416,0.1
2849,2,CEDCC,zh,0.6526588911101932,,0.8268327116966248,0.55,0.5789473684210527,0.13511097729206084,0.014149120855916384,1.0,0.4384016692638397,0.5615983307361603,0.7390203386296188,-1.474572131483729,0.15665085978043392,-0.1517214230063365,0.55
3347,2,CEDCC,zh,0.5363518377145131,,0.6466039419174194,0.35714285714285715,0.46153846153846156,0.09801994476999555,0.02131220526114668,1.0,0.35658934712409973,0.6434106528759003,1.893361123207542,1.0592804863583956,0.024913053640556626,0.219087037352188,0.35714285714285715
3056,3,CEDCC,zh,0.5683364254586837,,0.7225304841995239,0.5625,0.9333333333333333,0.13562792539596558,0.016666542928404197,1.0,0.41269779205322266,0.5873022079467773,2.094543076967156,1.6773211278798197,0.02210487643242187,-0.11268255977575398,0.5625
2906,1,CEDCC,zh,0.5559383220970631,,0.678078293800354,0.4666666666666667,0.5714285714285714,0.14006174206733704,0.01834004727702286,1.0,0.4254622161388397,0.5745377838611603,2.0902052897694494,1.4219805189921964,0.11584637666236697,-0.057103474932613654,0.6
331,1,CEDCC,zh,0.5449417216910256,,0.8273521065711975,0.47058823529411764,0.625,0.13173532836577473,0.021638930688225273,1.0,0.37089410424232483,0.6291058957576752,1.5742144352793759,-0.48757771479163914,0.2604656162370693,0.24596586165729734,0.35294117647058826
207,3,CEDCC,zh,0.5181592524051666,,0.6384806036949158,0.47368421052631576,0.6111111111111112,0.08102628118113468,0.016590255146082315,0.9634170532226562,0.37417516112327576,0.5892418920993805,2.073564058124824,1.654089992485348,0.2226430614680277,0.38458009915470176,0.15789473684210525
3187,3,CEDCC,zh,0.5845023797404382,,0.8290789723396301,0.43333333333333335,0.5172413793103449,0.11386056939760844,0.014196990874649849,0.8544013500213623,0.36088529229164124,0.49351605772972107,0.5383917409486756,-3.2081728802957934,0.15093769647363686,0.29050967530373156,0.43333333333333335
2915,1,CEDCC,zh,0.6302518424662676,,0.7898929119110107,0.38095238095238093,0.65,0.11397026266370501,0.012533778800004525,1.0,0.429106742143631,0.570893257856369,1.2183735767522723,0.2630479305544764,0.14925188741912354,0.09111468866135207,0.47619047619047616
2824,1,CEDCC,zh,0.6412648641400867,,0.8123372793197632,0.29411764705882354,0.625,0.10107324403875015,0.013998931865597067,1.0,0.47341930866241455,0.5265806913375854,1.2164579644539077,-0.7435582603457984,0.1024688324329639,0.1243827012734639,0.29411764705882354
1665,1,CEDCC,zh,0.5599371820688248,,0.6823366284370422,0.3684210526315789,0.6111111111111112,0.09895012096354835,0.01315859932980582,0.9727123975753784,0.45729026198387146,0.515422135591507,2.3095471149289137,2.674689176044737,0.13048554636448984,0.3022600147567427,0.47368421052631576
1947,2,CEDCC,zh,0.6318562076641963,,0.7785549163818359,0.5,0.6363636363636364,0.17253812154134116,0.025565923811420102,1.0,0.41010892391204834,0.5898910760879517,0.4779745202269108,-3.1124359421205563,-0.08701137698962969,0.10301439948308225,0.5
1944,1,CEDCC,zh,0.4615021948630993,,0.6429245471954346,0.390625,0.6825396825396826,0.0820863526314497,0.010374437819387189,0.8772374391555786,0.30732932686805725,0.5699081122875214,1.648258495128365,1.5428169051760179,0.4212936502729856,0.34436196361471644,0.296875
2677,1,CEDCC,zh,0.5717963937557105,,0.6483301520347595,0.59375,0.5806451612903226,0.09691940248012543,0.011214785351341358,1.0,0.4130902886390686,0.5869097113609314,1.9509629913255522,2.9942565832349928,0.45811539362307574,-0.11890163246735157,0.65625
3984,2,CEDCC,zh,0.5132574992520469,,0.6522321701049805,0.48148148148148145,0.6153846153846154,0.11565398949163931,0.017790263187447693,1.0,0.37732934951782227,0.6226706504821777,1.9266650151143354,1.0001601396845539,0.21741884977967718,0.16137583193854593,0.4074074074074074
2869,3,CEDCC,zh,0.5784681927074086,,0.8557722568511963,0.5238095238095238,0.7,0.12559058552696592,0.013470600928260197,0.9357709288597107,0.40183088183403015,0.5339400470256805,1.2180512509785335,-1.1034607922658628,0.14564345813869428,-0.05394951170359142,0.5238095238095238
3110,3,CEDCC,zh,0.6004722927297864,,0.808678925037384,0.2222222222222222,0.6153846153846154,0.08217485083474053,0.012843561125048166,0.862127423286438,0.42757511138916016,0.43455231189727783,0.7315547022005832,-3.292526029523458,0.06494814321121867,0.49842760876725845,0.2222222222222222
3067,3,CEDCC,zh,0.6034457746304964,,0.7506527900695801,0.1111111111111111,0.6470588235294118,0.07633518841531542,0.016697404699892903,1.0,0.4018413722515106,0.5981586277484894,1.264292945317264,-0.76111255820497,0.17389064634670026,0.3448348054490737,0.1111111111111111
3210,3,CEDCC,zh,0.6457254156470299,,0.8243849873542786,0.3157894736842105,0.6666666666666666,0.13865581311677633,0.019009258963883235,1.0,0.4015713036060333,0.5984286963939667,0.3889002854557344,-2.711740035008088,0.07671733924488144,0.05073119016547897,0.3157894736842105
2910,3,CEDCC,zh,0.5873270388692617,,0.6644952297210693,0.6666666666666666,0.7142857142857143,0.1312459945678711,0.015604402272078844,1.0,0.3985350728034973,0.6014649271965027,1.9211097891198434,1.890983954914903,0.016825350868088673,0.030053318487868557,0.4
2853,1,CEDCC,zh,0.6620158217847347,,0.8054395318031311,0.5652173913043478,0.5454545454545454,0.10562302496122278,0.011111050117609364,1.0,0.4936314523220062,0.5063685476779938,1.361551772373442,-0.27568159132585457,0.38489989299501026,-0.029605267124703707,0.391304347826087
3046,3,CEDCC,zh,0.6023333242961338,,0.8589040637016296,0.4,0.47368421052631576,0.127655528485775,0.018858900550326414,0.9329422116279602,0.400042325258255,0.5328998863697052,0.7121238509865873,-3.358589883601035,0.08733614172443893,0.2684740140143461,0.4
2166,1,CEDCC,zh,0.5020041549578309,,0.801555335521698,0.2903225806451613,0.6666666666666666,0.07180271514000432,0.014148359754266938,1.0,0.3880440592765808,0.6119559407234192,2.3211137758059874,4.0564426083633265,0.2856801896498813,0.4205689274182648,0.22580645161290322
2792,2,CEDCC,zh,0.5435812795484388,,0.7022581696510315,0.3611111111111111,0.6857142857142857,0.0798473209142685,0.01071537753106136,0.8680952191352844,0.4134153723716736,0.45467984676361084,1.2957784699414499,-1.7764244986937836,0.3158548129950338,0.3971806417078094,0.3055555555555556
4252,3,CEDCC,zh,0.5813339584403567,,0.8662861585617065,0.34615384615384615,0.64,0.11530554294586182,0.017796118930153777,1.0,0.43148869276046753,0.5685113072395325,1.3715142929407462,-1.4585800654703638,0.2542984588823418,0.2807163712194253,0.34615384615384615
2248,1,CEDCC,zh,0.5082418123881022,,0.715889573097229,0.391304347826087,0.7272727272727273,0.13362512899481732,0.024641762116655752,1.0,0.38686403632164,0.61313596367836,2.460748787779977,2.0984709504099577,0.4378278273917937,-0.06788469336735493,0.4782608695652174
2135,3,CEDCC,zh,0.6880862046690548,,0.7404735684394836,0.5625,0.6666666666666666,0.13556960225105286,0.013986832563989153,1.0,0.5114747881889343,0.4885252118110657,0.6617759302389485,-2.371247892478959,0.02210487643242187,0.0101629235440152,0.3125
662,3,CEDCC,zh,0.49756454676389694,,0.7536064982414246,0.4444444444444444,0.5,0.09371708940576624,0.013552280933025684,0.7376924157142639,0.30868813395500183,0.4290042817592621,0.511446842993871,-3.617392463254363,0.22136840636406419,0.3875578786995504,0.2222222222222222
4246,3,CEDCC,zh,0.5207355859733763,,0.7285493016242981,0.3,0.6842105263157895,0.12666790187358856,0.023565128751214814,1.0,0.3330480456352234,0.6669519543647766,1.3816485850689475,-0.9252668128352841,0.28089619226983364,0.26532313107390126,0.3
2909,1,CEDCC,zh,0.5663653707504273,,0.7585138082504272,0.5416666666666666,0.8695652173913043,0.13773039728403091,0.01576303009806059,1.0,0.3925982117652893,0.6074017882347107,1.4812354173019762,0.33393082423066645,0.11622902487425035,0.03128093757305394,0.375
3117,2,CEDCC,zh,0.4948521554470062,,0.7123508453369141,0.42857142857142855,0.6923076923076923,0.20680053744997298,0.03783127505868554,1.0,0.2741612493991852,0.7258387506008148,1.4877413394541474,-1.9096737497973075,0.10338535997399223,-0.10693831141925224,0.5714285714285714
3159,3,CEDCC,zh,0.6295036060942544,,0.7271369099617004,0.5294117647058824,0.5625,0.14101609412361593,0.017493175896869446,1.0,0.47538259625434875,0.5246174037456512,1.2153584578491603,-2.0064655983522215,0.1024688324329639,-0.03299048728662265,0.4117647058823529
727,2,CEDCC,zh,0.5688340842723847,,0.8678280115127563,0.21052631578947367,0.7222222222222222,0.10212645091508564,0.016573475363782588,0.9562340378761292,0.4319903552532196,0.5242436826229095,1.2559394485723459,-1.4508752888717389,0.20750189976003952,0.25496499650050247,0.21052631578947367
3633,1,CEDCC,zh,0.6060027692999158,,0.805588960647583,0.6666666666666666,0.6,0.23607661326726279,0.036492557954812786,1.0,0.40133753418922424,0.5986624658107758,0.9219974411742492,-3.054829339490291,0.04872750339269394,-0.15754846343417617,1.0
3256,3,CEDCC,zh,0.648933137456576,,0.784126877784729,0.34782608695652173,0.5909090909090909,0.11683997123137764,0.02116073378593635,1.0,0.4109771251678467,0.5890228748321533,0.19354872548826252,-3.3094415581477707,0.015821905303942785,0.5050362299782719,0.2608695652173913
2141,3,CEDCC,zh,0.6427515149116516,,0.7429702877998352,0.1,0.8888888888888888,0.0689045786857605,0.013409315460549465,1.0,0.5521917343139648,0.44780826568603516,2.589553585478004,2.287673105876811,0.27312236339456897,-0.10058015310521295,0.5
2072,1,CEDCC,zh,0.5381587776872847,,0.7510637640953064,0.5,0.42857142857142855,0.09157562255859375,0.011480437851906533,0.786372721195221,0.4213312566280365,0.36504146456718445,1.1508868584454592,-2.459684921715613,-0.13353139262452252,0.2400902198700757,0.5
2877,3,CEDCC,zh,0.6958690935915167,,0.8223139047622681,0.38095238095238093,0.5,0.09438733827500116,0.009284258029514643,1.0,0.5133590698242188,0.48664093017578125,1.1612416880773626,-0.5304787953545365,-0.04879016416943216,0.257933153103019,0.47619047619047616
1863,1,CEDCC,zh,0.6507356148213148,,0.7157566547393799,0.6666666666666666,0.6428571428571429,0.11819117665290832,0.009705520041716039,0.8757904767990112,0.4966539442539215,0.3791365325450897,0.6207258047052112,-3.224178459369079,0.023426752587707433,-0.16645233792105193,0.6666666666666666
2904,1,CEDCC,zh,0.5913666468113661,,0.8714114427566528,0.26666666666666666,0.5,0.10366870959599812,0.020165415253421352,1.0,0.40562161803245544,0.5943783819675446,1.3510117502290042,-1.0784554067189767,0.1890871959069078,0.26199773155026085,0.13333333333333333
3120,3,CEDCC,zh,0.5902755577117205,,0.7536835670471191,0.2,0.5,0.11789527336756388,0.02073749890889425,1.0,0.4317949712276459,0.5682050287723541,1.2655186130720415,-1.4648494875642708,0.05170856045239214,-0.10958054728743367,0.4666666666666667
2823,3,CEDCC,zh,0.6799758687615395,,0.7975831031799316,0.6842105263157895,0.7777777777777778,0.12522738701418826,0.012615920968824001,1.0,0.46560460329055786,0.5343953967094421,0.5565938778786927,-1.2678155111733869,0.16482136206444276,-0.20832975397597664,0.6842105263157895
2503,2,CEDCC,zh,0.5428046350893767,,0.7892289161682129,0.36363636363636365,0.7619047619047619,0.11380828781561418,0.020420051475777266,1.0,0.4123991131782532,0.5876008868217468,1.6532427762475648,-0.6627387322776679,0.5403057502755648,0.22625799863070628,0.18181818181818182
2139,3,CEDCC,zh,0.5595650756359101,,0.8088405728340149,0.3333333333333333,0.5652173913043478,0.10126623759667079,0.015210458494550388,1.0,0.40950721502304077,0.5904927849769592,1.9361964078988583,1.3443876425672716,0.07296491567452845,-0.028949917727676477,0.4166666666666667
3290,3,CEDCC,zh,0.5248151766626459,,0.6959167122840881,0.2777777777777778,0.5882352941176471,0.11671208673053318,0.022647079253001228,1.0,0.31263965368270874,0.6873603463172913,1.6998733879603216,-0.07225455750405985,0.31848451776027753,0.15466645945394414,0.2777777777777778
3157,1,CEDCC,zh,0.48671290112866294,,0.7228905558586121,0.35294117647058826,0.5625,0.10039570401696597,0.019610610851488477,1.0,0.33206838369369507,0.6679316163063049,2.6326436293201834,4.196505076843264,0.020922105308264438,0.04040717320174774,0.35294117647058826
2169,2,CEDCC,zh,0.5327313058078289,,0.6042842268943787,0.3333333333333333,0.5,0.08274615208307902,0.017760026375434487,1.0,0.3980380594730377,0.6019619405269623,2.531221590328588,3.6037448531662175,0.11584637666236697,0.1463637203957623,0.3333333333333333
3011,1,CEDCC,zh,0.5242738970394792,,0.8291019797325134,0.4642857142857143,0.6666666666666666,0.15957265347242355,0.025443885372334916,0.9780799746513367,0.3578193187713623,0.6202606558799744,1.2075965148523549,-2.020494864003651,0.3918605386288556,0.027307383334623243,0.25
3051,2,CEDCC,zh,0.6512590220996312,,0.9121975302696228,0.5384615384615384,0.5,0.09048890150510348,0.012877860067169537,1.0,0.5137626528739929,0.4862373471260071,1.8727623272799858,0.6339801539318222,0.13323334788337027,0.10134754810346555,0.5384615384615384
848,2,CEDCC,zh,0.5020921988920732,,0.6667779088020325,0.3333333333333333,0.7,0.10667311719485692,0.015969052312072515,1.0,0.3863591253757477,0.6136408746242523,2.9027256061549913,5.436506202170177,0.32482099245369067,-0.1389431109074526,0.6190476190476191
2022,2,CEDCC,zh,0.6592264641886172,,0.8010897636413574,0.6363636363636364,0.7619047619047619,0.1263995902104811,0.013187613029033176,1.0,0.460956871509552,0.539043128490448,0.8399427925431786,-1.630567828140653,0.07950674446691597,-0.028682663668240533,0.6363636363636364
2345,1,CEDCC,zh,0.5996300361373208,,0.7611585259437561,0.4,0.6666666666666666,0.1472382664680481,0.026614697078369054,1.0,0.3825950622558594,0.6174049377441406,0.9799816007672288,-2.1070611398462407,-0.10536051565782634,0.19545654666320098,0.2
2455,1,CEDCC,zh,0.5951277499015515,,0.7427343130111694,0.4166666666666667,0.5454545454545454,0.11468774080276489,0.012042710824851949,0.8336181640625,0.44342464208602905,0.39019352197647095,0.8549749218187465,-3.077706890303398,0.028513153103694844,0.14585757476279174,0.4166666666666667
2374,1,CEDCC,zh,0.6021245531737804,,0.8714392185211182,0.4,0.6428571428571429,0.09228203296661378,0.01956810232963778,1.0,0.46092724800109863,0.5390727519989014,1.3026719490981895,-1.5078933257352976,0.1890871959069078,0.29958028928253083,0.26666666666666666
3273,1,CEDCC,zh,0.5807950906455517,,0.7524845600128174,0.2857142857142857,0.16666666666666666,0.11750598464693342,0.03050851834199107,1.0,0.4273744821548462,0.5726255178451538,1.5759303668197147,-1.7095174295497113,-0.1541506798272585,0.09990967658968712,0.2857142857142857
44,1,CEDCC,zh,0.5992775769794688,,0.7139987349510193,0.375,0.6,0.135872021317482,0.018683839626754368,1.0,0.4157419204711914,0.5842580795288086,1.2661975662198388,-1.2218892112747204,0.02210487643242187,0.07916578014350877,0.375
2758,1,CEDCC,zh,0.5744042918086052,,0.6478404998779297,0.2727272727272727,0.5,0.11377043615687978,0.01819350253052371,1.0,0.4734646677970886,0.5265353322029114,2.5195945754405535,2.3250986089878705,0.28277010050109963,0.10966946906788036,0.2727272727272727
748,2,CEDCC,zh,0.5638030263884314,,0.8616718649864197,0.5714285714285714,0.6666666666666666,0.11624207454068321,0.01145260061384488,0.9278050661087036,0.38453376293182373,0.5432713031768799,1.170415180057365,-0.4988723496812666,0.20091056058439927,-0.005488636255187103,0.5
2950,2,CEDCC,zh,0.6038621313431684,,0.7905217409133911,0.3125,0.6,0.14065765216946602,0.023641348560154776,1.0,0.4138641059398651,0.5861358940601349,1.0631978729990195,-2.656922921309832,0.08499191796951289,0.31168614015588925,0.3125
1819,2,CEDCC,zh,0.5077907670111883,,0.6001230478286743,0.45,0.42105263157894735,0.08578782826662064,0.017114702648391694,1.0,0.3459148406982422,0.6540851593017578,2.3903366001118087,3.8496263296857904,0.48623454638086683,0.15361832737289588,0.45
2296,3,CEDCC,zh,0.5822185134887695,,0.8830560445785522,0.5,0.6086956521739131,0.09801471730073293,0.012602842683853064,1.0,0.42130574584007263,0.5786942541599274,1.6693940003369563,2.292051372151967,0.2320934577482321,0.03092521580777422,0.5
1676,1,CEDCC,zh,0.49968348383903505,,0.6145621538162231,0.3333333333333333,0.6521739130434783,0.08499165624380112,0.016439350757652002,1.0,0.33400821685791016,0.6659917831420898,2.310839944811871,3.660763301083705,0.26805371680470547,0.2908921292549939,0.08333333333333333
2684,2,CEDCC,zh,0.600666459868936,,0.8771580457687378,0.375,0.6,0.10625383630394936,0.017609156213857103,0.9181330800056458,0.43342798948287964,0.4847050905227661,0.9491701149463476,-3.126489942485426,0.11033348722627245,0.31627448447932943,0.25
1602,2,CEDCC,zh,0.5716684880581769,,0.7156289219856262,0.42857142857142855,0.55,0.10201636950174968,0.013557213635197747,1.0,0.47167107462882996,0.52832892537117,2.2371283701307183,2.6082124456523808,0.017223853026753222,-0.06107236923917532,0.5238095238095238
1976,1,CEDCC,zh,0.5803808677196503,,0.7183830738067627,0.4583333333333333,0.6086956521739131,0.10461060454448064,0.014728855452221402,0.968984067440033,0.45164716243743896,0.517336905002594,1.4112359899608038,-1.1233362455758353,0.13563480720687426,0.05311738836375621,0.375
3601,2,CEDCC,zh,0.49545703402587343,,0.697959303855896,0.46153846153846156,0.5833333333333334,0.11749707735501803,0.024225328602242885,1.0,0.3687930107116699,0.6312069892883301,2.32824503913878,1.9989489165548857,0.13323334788337027,0.010554394596153316,0.46153846153846156
3008,3,CEDCC,zh,0.6638614069670439,,0.7958336472511292,0.4666666666666667,0.5,0.15947086413701375,0.021803294436071423,1.0,0.4221268892288208,0.5778731107711792,0.22312944902409254,-3.2116204639499264,-0.06899287148695166,0.22309331238331231,0.4666666666666667
3239,3,CEDCC,zh,0.5895743239670992,,0.7622891664505005,0.4,0.6428571428571429,0.10532482067743937,0.02540491484535589,1.0,0.3862457275390625,0.6137542724609375,0.7820354226490099,-2.602818590598335,0.24314921032132997,0.592571668393736,0.13333333333333333
1523,1,CEDCC,zh,0.6403164548032424,,0.8410842418670654,0.5,0.4666666666666667,0.09314274787902832,0.015170893068813496,1.0,0.44585365056991577,0.5541463494300842,1.090027232321273,-1.0546830224578354,0.10874827400241527,0.20307440716021058,0.25
2714,1,CEDCC,zh,0.5689715532695546,,0.733762800693512,0.375,0.6,0.1250329166650772,0.020496234260354088,1.0,0.41429388523101807,0.5857061147689819,1.518015854678504,-0.7634121391201178,0.1103334872262729,0.10543923364841902,0.375
2462,3,CEDCC,zh,0.6043280454782339,,0.8017572164535522,0.5,0.45454545454545453,0.11098308364550273,0.018704215796528204,1.0,0.47073230147361755,0.5292676985263824,1.7243320331881202,-0.35369820819524556,0.10956194715088596,-0.05292252775776128,0.5
3030,2,CEDCC,zh,0.647200906977934,,0.7856457233428955,0.625,0.6666666666666666,0.17184895277023315,0.01661644255542106,1.0,0.46288707852363586,0.5371129214763641,0.9284266149608074,-1.907890512537299,0.02210487643242187,-0.2852122415551889,0.375
1065,3,CEDCC,zh,0.5451846387651231,,0.6722285747528076,0.11764705882352941,0.4375,0.09616471388760735,0.01953113870363626,1.0,0.42041903734207153,0.5795809626579285,1.8305464248887744,0.5395923819587773,0.33018653895695715,0.3769471836295425,0.11764705882352941
2855,3,CEDCC,zh,0.6228503204054303,,0.8562778234481812,0.23529411764705882,0.5625,0.0752819110365475,0.00807969500325157,0.8789030909538269,0.4677329659461975,0.4111701250076294,0.8397408428963654,-1.305832582679308,0.21479486213204835,0.16595492780907056,0.35294117647058826
2546,3,CEDCC,zh,0.6037034567664651,,0.734679102897644,0.5,0.8666666666666667,0.12244882062077522,0.015939325847959554,1.0,0.43246251344680786,0.5675374865531921,1.5519618778804722,0.1660074100584934,-0.06453852113757108,-0.12893940647179192,0.625
868,1,CEDCC,zh,0.538496347990903,,0.8458911776542664,0.1,0.4444444444444444,0.1076785832643509,0.026803983240567875,1.0,0.32989275455474854,0.6701072454452515,1.7964815214988852,0.02185785333426704,0.143130149320974,0.22263010094222674,0.1
261,3,CEDCC,zh,0.46687398062032814,,0.6274462938308716,0.4375,0.5333333333333333,0.08794841356575489,0.012498326430340646,0.8562650680541992,0.3322882056236267,0.5239768624305725,2.3253996549237166,2.8636487353959534,0.2640549396141654,-0.0011570559152958943,0.5625
2697,1,CEDCC,zh,0.6300419930900846,,0.9642156362533569,0.5384615384615384,0.6666666666666666,0.15821477083059457,0.021740353635157174,1.0,0.45131421089172363,0.5486857891082764,0.8627199791535085,-2.5825422545359604,0.026595320104917164,0.018543665091221243,0.6923076923076923
2636,2,CEDCC,zh,0.535439983010292,,0.7163198590278625,0.34782608695652173,0.5454545454545454,0.10388151977373206,0.013861752513169678,1.0,0.3462789058685303,0.6537210941314697,2.293456181413376,4.550540494890459,0.16888736436503926,0.13572684607715874,0.43478260869565216
3319,1,CEDCC,zh,0.5937988460063934,,0.7131330966949463,0.4117647058823529,0.75,0.18000027362038107,0.023337462749321247,1.0,0.394386887550354,0.605613112449646,1.1281492681919243,-2.360678140245338,0.020922105308264438,-0.3159304806445267,0.6470588235294118
2066,1,CEDCC,zh,0.5478359997272492,,0.7551488876342773,0.4827586206896552,0.7142857142857143,0.08739063246496792,0.013018690243915308,1.0,0.39392250776290894,0.6060774922370911,2.207271699787698,2.9352138247086437,0.49024130056472925,0.339801094511275,0.20689655172413793
2850,2,CEDCC,zh,0.668334139244897,,0.8418362140655518,0.46153846153846156,0.6666666666666666,0.1603021530004648,0.0203795700236194,0.980083703994751,0.4524760842323303,0.5276076197624207,0.3538658563727966,-3.530805939656395,-0.08004270767353594,0.1614669640016795,0.3076923076923077
2844,3,CEDCC,zh,0.5979725913359568,,0.7907878160476685,0.32,0.625,0.12463548421859741,0.016367242391145103,1.0,0.4162709414958954,0.5837290585041046,1.2339507483455725,-1.1337204560419805,0.12091234761039926,0.09944185290920125,0.4
2820,1,CEDCC,zh,0.63252690328019,,0.8982000350952148,0.4444444444444444,0.6153846153846154,0.11082882351345485,0.013315190235214117,1.0,0.45282790064811707,0.5471720993518829,1.05471282401387,-1.4865722773007217,0.29209220284126536,0.12442294426578135,0.37037037037037035
1634,3,CEDCC,zh,0.5854381964756892,,0.781489908695221,0.48,0.75,0.12009752750396728,0.01859758724579026,1.0,0.4153584837913513,0.5846415162086487,2.0669821550281093,0.7807465803858094,0.49855480671359986,-0.022084644599859996,0.56
836,1,CEDCC,zh,0.5896036947766939,,0.7259264588356018,0.5652173913043478,0.5909090909090909,0.11888075522754503,0.013613557618077433,1.0,0.4593168795108795,0.5406831204891205,1.675642900823368,0.78560854753038,0.2444086606094995,0.182965548928065,0.391304347826087
1866,2,CEDCC,zh,0.5186494048684835,,0.7957544326782227,0.4666666666666667,0.7142857142857143,0.10836930672327677,0.019257184440545715,1.0,0.39193636178970337,0.6080636382102966,2.528365675925014,3.1535071320814154,0.3019364254691599,0.03261894152595556,0.4666666666666667
3037,3,CEDCC,zh,0.6185995129247507,,0.8231161236763,0.5217391304347826,0.6363636363636364,0.13648300067238187,0.013691095225337846,0.9543123245239258,0.43311816453933716,0.5211941599845886,0.6399938295058358,-2.2161292416655423,0.12112161268381705,0.12345045212667315,0.5217391304347826
2832,1,CEDCC,zh,0.6980692818760872,,0.8718156218528748,0.42857142857142855,0.3333333333333333,0.10828737701688494,0.01692980127700533,1.0,0.5645833611488342,0.43541663885116577,1.3126896441928975,-2.1484233357468843,0.043891371761297204,-0.05751296784533962,0.42857142857142855
2821,2,CEDCC,zh,0.5293459949039278,,0.5707623362541199,0.3,0.3684210526315789,0.10613145977258683,0.019272208092910997,1.0,0.36014559864997864,0.6398544013500214,1.6403741053721632,0.7088075938850062,0.13861861310226553,0.42109741798410144,0.2
102,1,CEDCC,zh,0.5910776257514954,,0.7892286777496338,0.5263157894736842,0.6111111111111112,0.10477441863009804,0.01611101563960471,1.0,0.4081730544567108,0.5918269455432892,1.437690465665162,-0.039387007614988256,0.09185850095287007,0.10979911256805981,0.42105263157894735
61,2,CEDCC,zh,0.4410128508295332,,0.6684549450874329,0.45,0.7894736842105263,0.09229215383529663,0.019608749376949258,1.0,0.3418674170970917,0.6581325829029083,3.0883100531983074,6.327352697407928,0.5184564827655911,0.19876397051235614,0.35
1564,2,CEDCC,zh,0.6178288207604334,,0.8320000767707825,0.56,0.6666666666666666,0.09825596809387208,0.009896311014976015,1.0,0.46072787046432495,0.539272129535675,2.1420258594753627,3.1014283013181405,0.28388695940300845,0.0816019534612004,0.4
1295,2,CEDCC,zh,0.5606288697038379,,0.5579745173454285,0.3333333333333333,0.8,0.20369489987691244,0.037425240316348536,1.0,0.3459717333316803,0.6540282666683197,1.4308169465387677,-1.9521301710876218,-0.18232155679395445,0.1440097189013121,0.3333333333333333
1097,3,CEDCC,zh,0.4222215576605363,,0.6731610298156738,0.28125,0.5161290322580645,0.1108752004802227,0.019483461926951218,1.0,0.27057895064353943,0.7294210493564606,2.318636442556968,3.485477494434889,0.3496333449880429,0.20502760241983237,0.28125
193,3,CEDCC,zh,0.552811992579493,,0.8043701648712158,0.21428571428571427,0.7407407407407407,0.10691876922334943,0.024191963482185785,1.0,0.3953331708908081,0.6046668291091919,1.2350299834462066,-2.437859752500935,0.36142912242976966,0.3103349401868795,0.14285714285714285
1077,1,CEDCC,zh,0.6189073289141935,,0.8334749341011047,0.4375,0.7333333333333333,0.14550109580159187,0.02100174604208733,1.0,0.3172370493412018,0.6827629506587982,0.3612426387347018,-1.7554877035027614,0.02210487643242187,0.2830186381571097,0.1875
791,1,CEDCC,zh,0.6072000356820914,,0.7799297571182251,0.5833333333333334,0.5454545454545454,0.17591963708400726,0.025183049674300594,1.0,0.4159374535083771,0.5840625464916229,1.0402507162923196,-2.568481935296604,0.14403768319701893,-0.06922082247199828,0.4166666666666667
1756,1,CEDCC,zh,0.5763880839714637,,0.5704021453857422,0.5,0.8181818181818182,0.12130322804053624,0.013427661148946151,0.9179620146751404,0.4526421129703522,0.4653199017047882,1.7342512883866867,0.05658332630340723,0.0285131531036944,-0.01867383525854998,0.5
993,1,CEDCC,zh,0.6252185421831468,,0.8222911953926086,0.375,0.6,0.11871513351798058,0.01956190196185335,1.0,0.443446546792984,0.556553453207016,1.1655997901625623,-2.155661380660413,0.14787895950660346,-0.1117913015095855,0.375
134,1,CEDCC,zh,0.590247122446696,,0.7465282678604126,0.42857142857142855,0.6153846153846154,0.11456601534570966,0.0173186570557022,1.0,0.4235735833644867,0.5764264166355133,1.8100579932127774,0.5598904998003587,0.024913053640556626,0.3554948522360031,0.2857142857142857
253,2,CEDCC,zh,0.4256740933970401,,0.5603410601615906,0.3333333333333333,0.7647058823529411,0.07424187825785743,0.019414105547484174,1.0,0.30351871252059937,0.6964812874794006,3.625641150595691,9.235127514222203,0.3903845558374004,0.020083112159803282,0.4444444444444444
199,1,CEDCC,zh,0.5220248121768236,,0.6124035716056824,0.5333333333333333,0.6428571428571429,0.1350072979927063,0.014741945133958262,0.8255815505981445,0.3615323603153229,0.46404919028282166,0.8215241270059923,-2.6523155178909925,0.11584637666236697,0.030154775775745813,0.26666666666666666
1370,2,CEDCC,zh,0.5354149412541163,,0.5106937885284424,0.55,0.6842105263157895,0.09651994109153747,0.010436239315798405,0.8713541626930237,0.4205220937728882,0.4508320689201355,1.678247985229244,0.10775670812413818,0.10985040585708772,0.0665094726033891,0.35
373,3,CEDCC,zh,0.5766187969006991,,0.8066093325614929,0.3333333333333333,0.7058823529411765,0.12319291962517633,0.016996449321387656,0.97379070520401,0.4301208555698395,0.5436698496341705,1.3553658172208107,-0.9987051406886645,0.15790830898826824,0.2541642712832418,0.2222222222222222
1558,1,CEDCC,zh,0.5866988883777098,,0.6413674354553223,0.2857142857142857,0.6,0.09221978414626349,0.010889318649734544,0.8556873202323914,0.41467830538749695,0.4410090148448944,0.6164164841804219,-3.0046449632750867,0.0832378702229386,0.366086676312093,0.09523809523809523
655,1,CEDCC,zh,0.633436769247055,,0.8293637633323669,0.5714285714285714,0.5384615384615384,0.08849578882966723,0.011267789912363569,1.0,0.48648372292518616,0.5135162770748138,2.539480338238868,3.7416365379930596,0.4499589502539654,-0.349237872304386,0.5714285714285714
708,2,CEDCC,zh,0.5671665412292146,,0.8454920053482056,0.5,0.6909090909090909,0.10425263856138502,0.010976160511133,0.8421347737312317,0.4059080183506012,0.4362267553806305,0.5466921096984478,-3.414321741222968,0.2332905003989545,0.21583319412088067,0.42857142857142855
1094,2,CEDCC,zh,0.4324025886674081,,0.7006893754005432,0.3333333333333333,0.6206896551724138,0.05408856471379598,0.013042197869950195,1.0,0.30844658613204956,0.6915534138679504,3.8983484646825355,13.79016930815893,0.4711863607258513,0.10610676535256824,0.3333333333333333
208,3,CEDCC,zh,0.5889064144520533,,0.7869815230369568,0.5,0.6842105263157895,0.09210842847824097,0.013979481344617834,1.0,0.4750126302242279,0.5249873697757721,1.9556286379687755,1.3132676343456149,0.32877343452001373,0.1950676730488913,0.5
1436,3,CEDCC,zh,0.6072282170255979,,0.799773633480072,0.6956521739130435,0.6818181818181818,0.15932401885157046,0.016538490852590734,1.0,0.4497700333595276,0.5502299666404724,0.9521900173750232,-1.7626719988043806,0.16650607499088776,-0.24679387750990986,0.782608695652174
1682,2,CEDCC,zh,0.5702187012542378,,0.840553879737854,0.4,0.5555555555555556,0.15850722193717956,0.022677035589959302,0.8020812273025513,0.34125104546546936,0.4608301818370819,0.15999514455505318,-4.211607939772652,-0.10536051565782634,-0.0526728238720196,0.6
1203,1,CEDCC,zh,0.6385583436489105,,0.7776947021484375,0.5833333333333334,0.6521739130434783,0.13300681362549463,0.013086118538583885,1.0,0.4287155270576477,0.5712844729423523,0.9364685018518495,-0.8862889620513741,0.13072718072119072,-0.02754035800008695,0.5
1412,1,CEDCC,zh,0.5332437700458935,,0.7204393148422241,0.4444444444444444,0.5769230769230769,0.1038998873145492,0.015179705367968505,1.0,0.3647887706756592,0.6352112293243408,1.9391240818410804,2.023981984882619,0.3027470944135544,0.05409477917754874,0.37037037037037035
608,2,CEDCC,zh,0.5507592502981424,,0.7663632035255432,0.4,0.5714285714285714,0.10758177439371745,0.018416533039855486,0.9137271642684937,0.35524412989616394,0.5584830343723297,1.2809076667568569,-1.6262239897746902,-0.0023534539620300166,0.37604532145788333,0.26666666666666666
1037,3,CEDCC,zh,0.5561330175918081,,0.7350755333900452,0.5909090909090909,0.8571428571428571,0.09587375684217973,0.012004249565380843,1.0,0.4424874782562256,0.5575125217437744,2.859292882471329,5.938237095210079,0.33626653907600446,-0.04533158117701897,0.6818181818181818
1392,2,CEDCC,zh,0.5950091276317835,,0.8237678408622742,0.5333333333333333,0.7857142857142857,0.15490248203277587,0.02185696809880474,1.0,0.4026530086994171,0.5973469913005829,0.9970789010602908,-1.9046629774749873,0.20826600073702695,-0.01795569544151024,0.4
1119,3,CEDCC,zh,0.5326720933119456,,0.7290170192718506,0.2857142857142857,0.6153846153846154,0.10022768378257751,0.024713369207019876,1.0,0.3216473460197449,0.6783526539802551,1.513003425575003,-0.3245309482160206,0.024913053640556626,0.33943697638423753,0.2857142857142857
1435,3,CEDCC,zh,0.5262851504718556,,0.8247446417808533,0.5,0.6,0.10110320523381233,0.018745097463855064,1.0,0.3865814208984375,0.6134185791015625,2.3064568440741193,2.5963079022998325,0.02210487643242187,-0.0062348392303383255,0.5
494,1,CEDCC,zh,0.423909896841416,,0.5899277925491333,0.44,0.625,0.12753872871398925,0.022094530472006827,1.0,0.26507988572120667,0.7349201142787933,2.1570289065103636,3.1182409086188176,0.3450299359914486,0.2580769819753739,0.36
89,1,CEDCC,zh,0.6381497245568496,,0.7213309407234192,0.5,0.6363636363636364,0.13997112214565277,0.015306757005246972,1.0,0.471676230430603,0.528323769569397,1.603413991931518,0.015200154597263982,0.12006417715937046,-0.1312459362015331,0.6666666666666666
1739,2,CEDCC,zh,0.5247424348540928,,0.7462239861488342,0.22727272727272727,0.5714285714285714,0.07957052913579074,0.015208623821007485,1.0,0.4115711450576782,0.5884288549423218,2.4597463493708904,3.844891099201325,0.19413787251616288,0.2716119641379735,0.22727272727272727
1113,1,CEDCC,zh,0.5546783595173447,,0.726054847240448,0.19230769230769232,0.56,0.06954357945002042,0.013361913781933597,1.0,0.3926437795162201,0.6073562204837799,2.0757559784219457,2.740173030252244,0.284912479656652,0.4147030694421241,0.11538461538461539
1159,3,CEDCC,zh,0.48144654512405394,,0.7753711938858032,0.5,0.8260869565217391,0.08933173368374507,0.01235595250761917,0.8803420662879944,0.3698223829269409,0.5105196833610535,2.0969351762162614,1.7166440277405552,0.29442344649992025,0.2697972195632568,0.16666666666666666
1731,1,CEDCC,zh,0.5792097497370935,,0.7960132360458374,0.5,0.6551724137931034,0.11208574573198954,0.011634067810299385,1.0,0.4213678538799286,0.5786321461200714,1.6515649054501917,2.034999362838702,0.2607989253404477,-0.0357970478600188,0.5
624,2,CEDCC,zh,0.48354132298161,,0.6847551465034485,0.3939393939393939,0.625,0.08565100756558505,0.012842002331973808,1.0,0.3341798186302185,0.6658201813697815,2.6186678874256857,7.10121855176336,0.368613773041512,0.03432586970124543,0.2727272727272727
977,2,CEDCC,zh,0.5509555254663739,,0.7932711243629456,0.25,0.7368421052631579,0.06332940757274627,0.01345347209916442,0.852717399597168,0.4363054037094116,0.41641199588775635,1.4329373153930807,-1.8909422456789775,0.34880377599749,0.6461658105123621,0.15
1132,2,CEDCC,zh,0.5711083543300629,,0.7953822016716003,0.4583333333333333,0.6521739130434783,0.10934874663750331,0.01515068402034601,1.0,0.391271710395813,0.608728289604187,1.4733417437881617,0.4290669861342469,0.07296491567452845,0.050843805404943765,0.375
278,1,CEDCC,zh,0.5794056266546249,,0.7555876970291138,0.7777777777777778,0.75,0.19205315907796225,0.02493983253854105,0.9944907426834106,0.3953734040260315,0.5991173386573792,1.539913523051288,-0.9440401937651588,0.03624967113471511,-0.035009365276940436,0.5555555555555556
1250,2,CEDCC,zh,0.6383388666879564,,0.8944563269615173,0.3,0.5789473684210527,0.08122798204421997,0.015687359666050876,1.0,0.46658599376678467,0.5334140062332153,0.8432771754893054,-1.9931317565221072,0.018021423668444392,0.2788081486176793,0.1
1354,3,CEDCC,zh,0.6589040322737261,,0.8811477422714233,0.5,0.7777777777777778,0.17098029255867003,0.020017483774303516,1.0,0.4760809540748596,0.5239190459251404,1.1866679747131323,-2.341247411321746,-0.10536051565782634,-0.043169768809102955,0.5
1374,3,CEDCC,zh,0.6385167845908333,,0.7893750667572021,0.5454545454545454,0.65625,0.12050675623344653,0.011668548492731075,0.9813992977142334,0.4363686144351959,0.5450306832790375,0.6117947860724563,-1.8631937317187015,0.2125642229777176,0.07965744642621908,0.42424242424242425
1546,2,CEDCC,zh,0.6068038453658422,,0.7780654430389404,0.5862068965517241,0.7142857142857143,0.16154450794746136,0.017701540011746855,1.0,0.4029633104801178,0.5970366895198822,0.6843054365005963,-2.526855079241969,0.20392494934733119,-0.047605178716036735,0.4482758620689655
554,2,CEDCC,zh,0.6437706090509892,,0.8770018219947815,0.30434782608695654,0.4090909090909091,0.10867416858673096,0.016471413370024876,0.9878900647163391,0.41859105229377747,0.5692990124225616,0.43028455311068076,-2.706950331942031,0.06358765698516589,0.3654832356718197,0.30434782608695654
1309,1,CEDCC,zh,0.5158089494163339,,0.748435378074646,0.2857142857142857,0.6,0.09328390586943854,0.01457962041083363,1.0,0.39940574765205383,0.6005942523479462,2.864931769602036,5.933555857307759,0.30520381435001553,0.23163194452832683,0.38095238095238093
964,1,CEDCC,zh,0.5213166020418468,,0.6649758219718933,0.3333333333333333,0.7647058823529411,0.09845734967125787,0.016932318989109366,1.0,0.3781702518463135,0.6218297481536865,2.5044228134864457,3.811638421486718,0.19842961393780323,-0.049224729359901825,0.3333333333333333
80,1,CEDCC,zh,0.5983287734644753,,0.6775506734848022,0.3,0.5789473684210527,0.12116535604000092,0.01790374153922854,1.0,0.39974814653396606,0.6002518534660339,1.0683731553680347,-1.351627875386746,0.07295203810185003,0.22115643568786467,0.4
92,1,CEDCC,zh,0.5830445361859871,,0.8189681172370911,0.53125,0.6774193548387096,0.12514211609959602,0.016786705551823045,1.0,0.37085047364234924,0.6291495263576508,0.6706422826871382,-1.7919746834447094,0.3940186170011337,0.16488587068186583,0.46875
1566,3,CEDCC,zh,0.5301640152931213,,0.7707058787345886,0.5263157894736842,0.7222222222222222,0.1392656313745599,0.02189419257457853,1.0,0.303521066904068,0.696478933095932,1.3468505367311503,-0.34899183966100633,0.2804647608716131,-0.113760093460849,0.631578947368421
1211,3,CEDCC,zh,0.575267131626606,,0.7106364369392395,0.5263157894736842,0.6111111111111112,0.10577824554945293,0.014124635345279149,1.0,0.41313791275024414,0.5868620872497559,2.0732173684768185,2.4632919785654703,0.09185850095287051,-0.004535096255476976,0.5263157894736842
1746,1,CEDCC,zh,0.539806941524148,,0.8377493619918823,0.3333333333333333,0.7142857142857143,0.11992207566897074,0.026282260771864095,1.0,0.33839842677116394,0.6616015732288361,1.1869770426964112,-1.477476242688403,-0.06899287148695166,0.32683548422753805,0.2
1090,2,CEDCC,zh,0.5363959074020386,,0.5920493602752686,0.4444444444444444,0.6470588235294118,0.13413764205243853,0.01686443853553321,1.0,0.35937270522117615,0.6406272947788239,2.2003509846832543,2.890718487702781,0.23492466238381748,0.03404283653056837,0.5555555555555556
1385,2,CEDCC,zh,0.5983287734644753,,0.6775506734848022,0.3,0.5789473684210527,0.12116535604000092,0.01790374153922854,1.0,0.39974814653396606,0.6002518534660339,1.0683731553680347,-1.351627875386746,0.07295203810185003,0.22115643568786467,0.4
830,2,CEDCC,zh,0.5583767380033221,,0.7127854824066162,0.3,0.5263157894736842,0.11792152523994445,0.022496087514474024,0.9882096648216248,0.40606117248535156,0.5821484923362732,1.0501148955550015,-2.2082939849036136,0.19881725331856215,0.45561732632557156,0.2
95,2,CEDCC,zh,0.47301157524711207,,0.6811838746070862,0.2777777777777778,0.5294117647058824,0.07428191271093157,0.01848485185073655,1.0,0.36702749133110046,0.6329725086688995,3.045590104317122,6.016431174229513,0.25039399743354984,0.2613053363843302,0.2777777777777778
685,1,CEDCC,zh,0.502554886341095,,0.6831870079040527,0.3333333333333333,0.5652173913043478,0.06539938102165858,0.01668542844277818,1.0,0.3711110055446625,0.6288889944553375,2.3401589973180594,3.2218998254208575,0.5037836033107292,0.4367905140402294,0.3333333333333333
1710,1,CEDCC,zh,0.46428789276825755,,0.6859021782875061,0.1111111111111111,0.6470588235294118,0.08277888430489434,0.020852582944441877,1.0,0.33158624172210693,0.6684137582778931,2.5843281054079768,4.138682721135385,0.137395597900686,0.22261679983823116,0.1111111111111111
1528,3,CEDCC,zh,0.6421177701817619,,0.7448665499687195,0.47058823529411764,0.5625,0.14755084234125473,0.020346749923933146,1.0,0.42597195506095886,0.5740280449390411,0.480132338370669,-2.9745489434262913,0.020922105308264438,0.06000225105993831,0.47058823529411764
45,1,CEDCC,zh,0.607302230947158,,0.84891676902771,0.625,0.7333333333333333,0.12030201777815819,0.016036700122922184,1.0,0.4362695813179016,0.5637304186820984,1.4421527889906811,-0.012979851625294359,0.14210273300193688,-0.23279135890659197,0.5
1628,2,CEDCC,zh,0.5694364469784957,,0.8827433586120605,0.48,0.7083333333333334,0.15262941360473634,0.023960159606048633,0.9833014011383057,0.3224022686481476,0.6608991324901581,0.9693407121872207,-2.589777843410556,0.19960453840764414,0.16795296311236965,0.24
1503,1,CEDCC,zh,0.5685504674911499,,0.6791586875915527,0.4444444444444444,0.7058823529411765,0.13308394617504543,0.017149414884438056,1.0,0.39397355914115906,0.6060264408588409,1.8506507014734574,0.7629084637407137,0.2268088152581358,-0.07741321023003013,0.6666666666666666
1754,1,CEDCC,zh,0.5707931571147021,,0.7936004996299744,0.4375,0.7333333333333333,0.09944003447890282,0.01833957541463816,1.0,0.42955875396728516,0.5704412460327148,1.938172193718554,0.4939222858074386,0.02210487643242187,0.3343111610216107,0.3125
1473,3,CEDCC,zh,0.58089918585924,,0.8918261528015137,0.5,0.8181818181818182,0.12225357194741567,0.021487015501047514,1.0,0.4420261085033417,0.5579738914966583,1.830700928031674,-0.45656606941553246,0.0285131531036944,0.051425844427152284,0.5
642,3,CEDCC,zh,0.5916884666994998,,0.7678506970405579,0.4444444444444444,0.8235294117647058,0.12808279858695137,0.016457012095704854,0.8769029378890991,0.38692036271095276,0.48998257517814636,0.52959935684992,-3.20646405269998,-0.05715841383994791,0.14808956629927525,0.3333333333333333
622,1,CEDCC,zh,0.5980925623859678,,0.77352374792099,0.3076923076923077,0.5833333333333334,0.10781489885770358,0.01702531428664147,1.0,0.45188817381858826,0.5481118261814117,1.952845413140126,0.6525415924055116,0.17348320509602821,0.053078117122161615,0.46153846153846156
1372,2,CEDCC,zh,0.5606310789783796,,0.6662592887878418,0.45454545454545453,0.6,0.18063688278198242,0.0265752376450324,1.0,0.4104384779930115,0.5895615220069885,1.5312989688949816,-1.377265598006069,0.030716580297483365,-0.13956145799174424,0.45454545454545453
1448,2,CEDCC,zh,0.5900847204895907,,0.751849353313446,0.3333333333333333,0.5609756097560976,0.09838874425206866,0.012389357933441926,1.0,0.4082546532154083,0.5917453467845917,1.0745822250722266,-0.45106157007548564,0.1662898778656836,0.30574578789131224,0.19047619047619047
58,3,CEDCC,zh,0.456402125954628,,0.43076473474502563,0.47368421052631576,0.5555555555555556,0.0886169201449344,0.017032960868258396,1.0,0.35999807715415955,0.6400019228458405,3.55602293358039,9.0932448356174,0.6233124179690193,0.04659823890720147,0.47368421052631576
719,1,CEDCC,zh,0.5335365572036841,,0.8900837898254395,0.2894736842105263,0.6756756756756757,0.07524714030717548,0.009372327468733486,0.8512248992919922,0.38703176379203796,0.4641931354999542,1.2862808174795475,-0.7703254899100971,0.3030657993546244,0.29923119174412677,0.13157894736842105
992,3,CEDCC,zh,0.6018904611468315,,0.7578689455986023,0.42105263157894735,0.5,0.08846435735100194,0.012806137177325502,1.0,0.47751349210739136,0.5224865078926086,2.023978431117006,1.9440041412744558,0.21858956918405115,-0.033006706994995964,0.42105263157894735
859,1,CEDCC,zh,0.49741459769361157,,0.7343647480010986,0.36363636363636365,0.75,0.04747211933135986,0.009072494225777515,0.7998868227005005,0.40001359581947327,0.3998732268810272,2.161928198131978,0.9999079873776484,0.5028982233926778,0.6088571317140979,0.06060606060606061
833,3,CEDCC,zh,0.5321755539625883,,0.7044624090194702,0.13333333333333333,0.42857142857142855,0.11624672412872314,0.022072483597988628,1.0,0.4035945236682892,0.5964054763317108,1.9281999870341449,0.41221386843706664,0.24314921032132952,0.2680420166542369,0.26666666666666666
770,2,CEDCC,zh,0.5482773557305336,,0.7582239508628845,0.5789473684210527,0.7222222222222222,0.1155725497948496,0.01584178956301797,1.0,0.3446838855743408,0.6553161144256592,2.0258172285455354,2.7606934193696215,0.20344840747606385,0.03183408366130747,0.6842105263157895
1129,1,CEDCC,zh,0.5237448374430339,,0.7046021223068237,0.2857142857142857,0.6923076923076923,0.09731344665799822,0.018959116091138255,1.0,0.3628763258457184,0.6371236741542816,2.6229060864406017,3.694073772293775,0.34332092247551227,0.07104516385009509,0.42857142857142855
712,2,CEDCC,zh,0.5071213742097219,,0.6657920479774475,0.22857142857142856,0.6176470588235294,0.06541847331183297,0.009923261585653364,1.0,0.3990999758243561,0.6009000241756439,3.2904228195804848,10.904324763258945,0.5099183516914203,0.08178076656110847,0.17142857142857143
1038,1,CEDCC,zh,0.5952838885373083,,0.8364161849021912,0.5714285714285714,0.7407407407407407,0.13782951874392374,0.014590610600849046,1.0,0.37011653184890747,0.6298834681510925,1.1807074295908815,-0.4827649387587858,0.26306824749979363,-0.24298053561214483,0.7857142857142857
1513,3,CEDCC,zh,0.6113732324706184,,0.7974696159362793,0.46153846153846156,0.8,0.14906253952246445,0.01613399712036485,1.0,0.4162415564060211,0.5837584435939789,0.8966464364005557,-1.805736191263133,0.1719225818480563,-0.05514631440704858,0.6923076923076923
532,3,CEDCC,zh,0.5964098494985829,,0.735636293888092,0.5,0.6666666666666666,0.12497166882861745,0.012750444273458252,1.0,0.43713995814323425,0.5628600418567657,1.7683013626884532,1.5841480357766642,0.07650610732163443,-0.0768043737883937,0.6818181818181818
766,1,CEDCC,zh,0.5483824626395577,,0.6724183559417725,0.3333333333333333,0.7058823529411765,0.11670560638109843,0.01859936018764615,1.0,0.36444392800331116,0.6355560719966888,1.6484139483493594,0.757801013647188,-0.05715841383994791,0.12902650218254041,0.3333333333333333
1759,2,CEDCC,zh,0.5488389199599624,,0.8510438203811646,0.41935483870967744,0.7,0.1303018908346853,0.0195231877920478,1.0,0.3631511628627777,0.6368488371372223,1.1311297977678902,-1.5494280681367005,0.3125116934134926,0.08430504680670517,0.2903225806451613
1163,1,CEDCC,zh,0.5174947082996368,,0.6979731321334839,0.43478260869565216,0.6363636363636364,0.07851989891218103,0.015747203905564684,1.0,0.3880746364593506,0.6119253635406494,2.5354619148729745,3.884450347531736,0.4276109536079842,0.3864330289558031,0.17391304347826086
587,3,CEDCC,zh,0.5815177747496852,,0.9002992510795593,0.5,0.76,0.10149387671397282,0.011268248191294471,1.0,0.4362446665763855,0.5637553334236145,2.0631663463995564,3.353704192434181,0.25429845888234137,0.0787487414628654,0.5
697,2,CEDCC,zh,0.49568609814894826,,0.6157009601593018,0.3333333333333333,0.7647058823529411,0.0851679179403517,0.018467523782435658,1.0,0.36435019969940186,0.6356498003005981,2.564569494686936,4.141386291011143,0.2734328390815923,0.07744485323611812,0.3333333333333333
138,1,CEDCC,zh,0.5634218534597983,,0.8156059384346008,0.52,0.75,0.12470760464668273,0.013651246696271683,0.9124258160591125,0.41625016927719116,0.4961756467819214,1.3076139394261204,-1.5260475584736888,0.1209123476103997,-0.2737460087556047,0.68
1069,1,CEDCC,zh,0.5499143561591273,,0.7091304659843445,0.6363636363636364,0.7142857142857143,0.11409221995960582,0.015100573387409333,0.9058375358581543,0.3213520050048828,0.5844855308532715,0.4506325050815683,-1.5949191776030496,0.2132404161194783,0.20824982414016724,0.18181818181818182
720,1,CEDCC,zh,0.5234929812260163,,0.7578272819519043,0.39473684210526316,0.7837837837837838,0.07757776191360072,0.010240804072153331,1.0,0.41092267632484436,0.5890773236751556,2.7485033537435575,7.16480601264748,0.5212953065007424,0.13491579181828975,0.23684210526315788
677,1,CEDCC,zh,0.6894599497318268,,0.8503437638282776,0.45454545454545453,0.4,0.11624597419391978,0.016582841356459415,1.0,0.5094467997550964,0.49055320024490356,0.8468099449478299,-2.566259660927003,-0.09531017980432521,0.20536258628648074,0.45454545454545453
86,1,CEDCC,zh,0.5523458952084184,,0.7470654845237732,0.6129032258064516,0.7,0.1568215354796379,0.019101076467206865,1.0,0.34553009271621704,0.654469907283783,0.9558035201892034,-1.6957310578027345,0.2601936149479229,-0.05238655362587023,0.7419354838709677
983,1,CEDCC,zh,0.5897538318083837,,0.7228114008903503,0.25,0.7272727272727273,0.09970078865687053,0.01566895592602816,0.8832729458808899,0.45804089307785034,0.42523205280303955,1.1137256271652232,-2.8995442781803975,0.0285131531036944,0.5261288218129773,0.08333333333333333
1264,3,CEDCC,zh,0.48219482513035045,,0.7415874004364014,0.25,0.8666666666666667,0.0945284366607666,0.02416878225513027,1.0,0.3020687401294708,0.6979312598705292,1.9983311181416101,1.4619988659176633,0.3141754889765629,0.24046928239787224,0.25
1554,3,CEDCC,zh,0.5679190419614315,,0.7074027061462402,0.5333333333333333,0.7142857142857143,0.14014272292455038,0.016220967806716544,0.9587010145187378,0.4042391777038574,0.5544618368148804,1.5470297735804233,-0.0206757477889008,0.11584637666236697,-0.11426732891902303,0.6666666666666666
1588,3,CEDCC,zh,0.5978672529260317,,0.8059630393981934,0.5217391304347826,0.5454545454545454,0.11579972505569458,0.011944558183909266,1.0,0.44259658455848694,0.5574034154415131,1.9270597329771415,2.092162145511736,0.13636924105349868,0.04894469055022905,0.6086956521739131
1533,1,CEDCC,zh,0.5746983715466091,,0.8446140885353088,0.7037037037037037,0.6923076923076923,0.18281771960081877,0.02182099373674512,0.9882134199142456,0.3248312473297119,0.6633821725845337,0.6928375004790042,-2.8007617137489746,0.06297336491902605,-0.15808970355713625,0.6296296296296297
1735,1,CEDCC,zh,0.5879574252499474,,0.7296510338783264,0.5294117647058824,0.75,0.16527025489246144,0.018965407472874497,1.0,0.3959299325942993,0.6040700674057007,1.200295883575818,-1.0556562232533153,-0.06062462181643502,-0.36831165197289967,0.6470588235294118
60,3,CEDCC,zh,0.5690911595637982,,0.6987503170967102,0.4166666666666667,0.7272727272727273,0.11708202461401622,0.01875350191691272,1.0,0.43193456530570984,0.5680654346942902,2.2478425477645256,1.6798785550925643,-0.08701137698962969,-0.0919897961598166,0.5833333333333334
131,3,CEDCC,zh,0.5594758454122042,,0.812626838684082,0.3888888888888889,0.7647058823529411,0.10713734891679552,0.015417160323067627,0.8681666851043701,0.406601220369339,0.46156546473503113,0.7283130356547076,-3.176289909687105,0.13739559790068512,0.26562841216437094,0.2777777777777778
2680,3,CEDCC,zh,0.6615758339564005,,0.7098285555839539,0.36363636363636365,0.6,0.13101832975040784,0.016075317757637424,1.0,0.45669710636138916,0.5433028936386108,1.2192613024332963,-1.0382899280871003,0.030716580297483365,0.09107286309975873,0.5454545454545454
2798,2,CEDCC,zh,0.6027393392894579,,0.6901295185089111,0.4090909090909091,0.7619047619047619,0.10549749840389598,0.013560775308045078,1.0,0.4141347408294678,0.5858652591705322,1.555263538883574,0.5901063502012311,0.01649336441601168,0.2431562214599375,0.5909090909090909
2774,3,CEDCC,zh,0.5629460612932841,,0.7120097875595093,0.42857142857142855,0.6923076923076923,0.10183155962399074,0.017875381428451298,1.0,0.4154663681983948,0.5845336318016052,2.2407076803320756,1.863163478128925,0.280878692101707,0.015028256940998309,0.42857142857142855
2596,1,CEDCC,zh,0.554638908803463,,0.8311337232589722,0.3157894736842105,0.7222222222222222,0.08041594844115407,0.017963829763501547,1.0,0.44859713315963745,0.5514028668403625,2.102428493435962,0.7687869748430831,0.3721651180704222,0.2899294470891325,0.21052631578947367
2260,3,CEDCC,zh,0.596602700650692,,0.840179443359375,0.391304347826087,0.5454545454545454,0.0833440319351528,0.010162834359332315,0.9631636738777161,0.5022419095039368,0.4609217643737793,2.069642744459977,1.6689108952408134,0.4204939558773604,0.23516140710041927,0.4782608695652174
2668,1,CEDCC,zh,0.5407409207387404,,0.7687984108924866,0.5,0.8888888888888888,0.17547664642333985,0.0333091931807091,1.0,0.2873378396034241,0.7126621603965759,1.1550954721123499,-1.8685233778524681,0.03326892045416274,0.15237341131069812,0.3
2857,2,CEDCC,zh,0.6998766586184502,,0.8171581029891968,0.42857142857142855,0.5,0.1802662185260228,0.020716495837123927,1.0,0.4524952173233032,0.5475047826766968,0.4998983192438506,-2.5278196229163457,-0.1541506798272585,-0.02772923430377695,0.42857142857142855
2770,1,CEDCC,zh,0.4601317822933197,,0.4226684272289276,0.42105263157894735,0.6111111111111112,0.11190974869226154,0.019021309206440528,1.0,0.3246516287326813,0.6753483712673187,2.871017905434269,5.855153525884317,0.36177234397882874,0.08035295330906146,0.42105263157894735
2172,2,CEDCC,zh,0.5851948548246313,,0.7530069351196289,0.34615384615384615,0.6,0.14419536865674532,0.01799858144324539,1.0,0.4059064984321594,0.5940935015678406,1.2082930416706201,-1.7323235941200537,0.21630966119855222,0.029782439362519657,0.4230769230769231
2645,3,CEDCC,zh,0.5482049187024435,,0.6759670972824097,0.36363636363636365,0.7,0.11857089671221646,0.02309497506835406,1.0,0.42600077390670776,0.5739992260932922,2.0900354304513624,0.6209312452848694,0.018113904287301974,-0.09554095831784877,0.36363636363636365
2809,3,CEDCC,zh,0.5496025085449219,,0.5486817359924316,0.4666666666666667,0.5714285714285714,0.1327822248140971,0.02180663816532935,1.0,0.3948979675769806,0.6051020324230194,1.6775191181427758,-0.26369055284726883,0.023426752587707433,0.09182337136227568,0.4666666666666667
2748,2,CEDCC,zh,0.5604685427564563,,0.8700075745582581,0.46875,0.6451612903225806,0.11800125800073147,0.01696709605842961,1.0,0.3880600035190582,0.6119399964809418,1.0096483890694548,-1.2589855159594485,0.2625131284162787,0.3954685189086046,0.21875
2476,2,CEDCC,zh,0.5481771774151746,,0.7806029915809631,0.375,0.6,0.1311306245625019,0.027208450998397242,1.0,0.330141544342041,0.669858455657959,0.8963657731999451,-2.048611058692832,-0.06453852113757108,0.29703273033883587,0.25
1834,2,CEDCC,zh,0.6057216368970417,,0.7406089305877686,0.4,0.5789473684210527,0.09249876737594605,0.013073153627851315,1.0,0.4277576506137848,0.5722423493862152,1.7743598560235878,1.2349759014212625,0.3119054082422519,0.10814078606638661,0.3
2721,1,CEDCC,zh,0.45460935460554586,,0.6254047155380249,0.4722222222222222,0.7142857142857143,0.07352826495965321,0.011903340281060153,1.0,0.3306088149547577,0.6693911850452423,3.333902942892398,11.194996888824711,0.36921335860192084,0.15005780163244614,0.3611111111111111
2825,1,CEDCC,zh,0.6168906342983246,,0.7863719463348389,0.5833333333333334,0.6956521739130435,0.11335835605859756,0.011266570551742891,1.0,0.47118887305259705,0.528811126947403,1.814698402567699,1.3160344070687557,0.1908856694254193,0.24505914959025693,0.3333333333333333
2730,3,CEDCC,zh,0.49198769071163273,,0.604268491268158,0.39473684210526316,0.5675675675675675,0.07969025091121071,0.011600433775616285,1.0,0.37637531757354736,0.6236246824264526,2.874252748336529,7.475505223949607,0.40151237233369796,0.11103215875072726,0.5
2846,3,CEDCC,zh,0.5623175317332858,,0.7460855841636658,0.25,0.6842105263157895,0.1135908082127571,0.01830446590792793,1.0,0.3898870050907135,0.6101129949092865,1.306812313513125,-0.3090122286283288,0.35482885986577983,0.29517694616367474,0.25
2411,1,CEDCC,zh,0.48600268041765365,,0.5299243927001953,0.5277777777777778,0.5714285714285714,0.08961552464299732,0.011067364890205472,1.0,0.3586248457431793,0.6413751542568207,3.164594030363174,9.791595075014806,0.5632649912123675,-0.04582970535092256,0.4722222222222222
2049,1,CEDCC,zh,0.6051761507987976,,0.9258814454078674,0.4444444444444444,0.5294117647058824,0.13489092720879448,0.024770981035133637,0.9335314631462097,0.38187238574028015,0.5516590774059296,0.6487447951054324,-3.6553813101040653,0.09687429295115102,0.2836830939914907,0.2222222222222222
1937,3,CEDCC,zh,0.6050154035506041,,0.7286597490310669,0.6818181818181818,0.7619047619047619,0.0995418673211878,0.010437007680549035,1.0,0.47503140568733215,0.5249685943126678,2.3639144226837616,4.024522603357031,0.24953622049301272,-0.016906629269846814,0.4090909090909091
2863,2,CEDCC,zh,0.5459484074796949,,0.7667688131332397,0.37037037037037035,0.8076923076923077,0.09867067690248843,0.012563820833648572,0.9414368271827698,0.4161943793296814,0.5252424478530884,1.613736929375238,0.11333215243671102,0.2600829720966158,0.30441886049922956,0.2962962962962963
1761,3,CEDCC,zh,0.4990093802150927,,0.7011391520500183,0.3888888888888889,0.7058823529411765,0.08887860178947449,0.016701772754875454,1.0,0.40934857726097107,0.5906514227390289,3.0011215801391407,5.951169501469074,0.3186132487865678,0.010132427523791782,0.2777777777777778
2122,3,CEDCC,zh,0.5727896610131631,,0.7562400102615356,0.24,0.5416666666666666,0.10969199776649476,0.020149336127684193,1.0,0.3886655569076538,0.6113344430923462,0.9546113595977672,-2.0367624607251043,0.06777106376747088,0.25044922735410674,0.24
2286,2,CEDCC,zh,0.5715008886421428,,0.6084124445915222,0.5,0.6,0.08891834132373333,0.012982621587296638,1.0,0.48172444105148315,0.5182755589485168,3.0252617561198054,5.8432686798348605,0.2043162973493935,-0.09867187494870464,0.375
2860,1,CEDCC,zh,0.6311734142628583,,0.916325569152832,0.47619047619047616,0.7,0.11024788447788783,0.014075915377602355,0.9087105393409729,0.4125151038169861,0.4961954355239868,0.359369648630167,-2.8704844916984857,-0.04879016416943216,0.29015004323034627,0.19047619047619047
2642,3,CEDCC,zh,0.48071668576449156,,0.6460798382759094,0.3548387096774194,0.6,0.06219050192063855,0.011100289041265511,1.0,0.3950863182544708,0.6049136817455292,3.7827748639852907,12.604785285641995,0.4769015810165609,0.15796061933709896,0.4838709677419355
2811,3,CEDCC,zh,0.619139775633812,,0.7911471724510193,0.6296296296296297,0.6923076923076923,0.13782707629380403,0.01599954983857445,1.0,0.34887275099754333,0.6511272490024567,0.3567323497840185,-1.6214178246073514,0.305134650775301,-0.006653598459266356,0.4074074074074074
2699,2,CEDCC,zh,0.5700561816875751,,0.7810993194580078,0.24,0.6666666666666666,0.1151909065246582,0.019320101710725353,0.9408367872238159,0.3031606078147888,0.6376761794090271,0.6094013437775924,-2.6231165557406593,0.07008155436933672,0.47195405885570624,0.08
1938,3,CEDCC,zh,0.5817823621961805,,0.8328952193260193,0.4772727272727273,0.6511627906976745,0.08774269439957359,0.006458786609271116,0.8954463005065918,0.4356004297733307,0.4598458707332611,1.2618250689067687,0.2876052993587459,0.2672879779186852,0.11604626518285821,0.5227272727272727
1949,3,CEDCC,zh,0.5179703235626221,,0.5795148611068726,0.5,0.8,0.13929412886500359,0.021543137089985218,1.0,0.34747186303138733,0.6525281369686127,1.89436904842637,1.1233749177042593,0.02210487643242187,-0.17581840418983938,0.625
2027,2,CEDCC,zh,0.578279297053814,,0.8145627975463867,0.5263157894736842,0.7222222222222222,0.13232694487822683,0.01863349959961947,1.0,0.4231354892253876,0.5768645107746124,1.3456119474650265,-0.9566640780284885,0.21858956918405115,-0.15130110102285926,0.5263157894736842
2092,1,CEDCC,zh,0.5606937814842571,,0.7615370750427246,0.5,0.5555555555555556,0.09483619630336762,0.02110019748213646,1.0,0.47025322914123535,0.5297467708587646,2.432662077795157,1.6490513151149413,0.1945747629430319,0.08095343697871608,0.5
2805,3,CEDCC,zh,0.6069645390791052,,0.735132098197937,0.1875,0.7333333333333333,0.09018692001700401,0.012830762163044266,1.0,0.4956411123275757,0.5043588876724243,2.3410166719847343,2.7186711477713725,0.17741154204417198,0.03590203220996083,0.1875
2580,3,CEDCC,zh,0.6643321275711059,,0.8372668027877808,0.7777777777777778,0.75,0.15866568353441027,0.0193225425119374,1.0,0.44869524240493774,0.5513047575950623,0.9820753870175557,-1.9417564603574275,-0.11778303565638382,-0.3053841781149483,0.7777777777777778
2759,1,CEDCC,zh,0.4693220002310617,,0.551189124584198,0.48148148148148145,0.6923076923076923,0.13837977802311932,0.022248255060075408,1.0,0.30058836936950684,0.6994116306304932,1.7216127173258666,0.34200516996904895,0.13567193968842028,0.052196887462594564,0.48148148148148145
2292,2,CEDCC,zh,0.4815894445857486,,0.48152458667755127,0.3611111111111111,0.7142857142857143,0.07197050667471355,0.010640896808278216,0.8738972544670105,0.38243019580841064,0.49146705865859985,2.2344612573506186,2.607875955424813,0.36391579100514093,0.42494215175481465,0.1388888888888889
2641,3,CEDCC,zh,0.46835199811241846,,0.7635784149169922,0.5714285714285714,0.55,0.11529226246334258,0.020876080079460183,1.0,0.32525384426116943,0.6747461557388306,2.1995049632766994,2.671386584083388,0.21526590461530892,0.13686867450400655,0.38095238095238093
2372,2,CEDCC,zh,0.6346655877736899,,0.7517396807670593,0.6666666666666666,0.6363636363636364,0.16312643388907114,0.020763221785581803,1.0,0.3751222789287567,0.6248777210712433,0.7959440362341088,-1.8598630685070585,-0.08701137698962969,0.0070771883782159515,0.16666666666666666
1960,3,CEDCC,zh,0.5539202943996147,,0.7232531309127808,0.6923076923076923,0.68,0.09738046389359695,0.010319428703542704,0.9464536309242249,0.390063613653183,0.5563900172710419,2.024441998266138,2.964062247426128,0.3767606927290439,-0.10753629801352142,0.8461538461538461
1894,1,CEDCC,zh,0.6173974331468344,,0.8188300132751465,0.4,0.35714285714285715,0.0908144990603129,0.01491841628299564,1.0,0.4386613667011261,0.5613386332988739,1.5949752662017502,0.5198858789920653,0.31639002956587037,0.18808588655269123,0.4
2268,3,CEDCC,zh,0.5505826820929846,,0.6723960041999817,0.5652173913043478,0.7727272727272727,0.10292986942374188,0.012683567318247319,1.0,0.37822428345680237,0.6217757165431976,2.378481791122764,4.960608023723042,0.21391340387013535,0.24087692458917506,0.13043478260869565
2861,2,CEDCC,zh,0.5421401547349017,,0.6452590823173523,0.2727272727272727,0.47619047619047616,0.11788374998352745,0.019377841307287636,1.0,0.3452163338661194,0.6547836661338806,1.5061556598266135,-0.23286464994073786,0.22631687395819533,0.4224421685740239,0.2727272727272727
2114,2,CEDCC,zh,0.49586929839390975,,0.6950595378875732,0.44,0.5833333333333334,0.09597225666046143,0.01726488029995691,1.0,0.3125056028366089,0.6874943971633911,2.0064126439066157,2.7388218531024737,0.3868897874926125,0.2550659982654014,0.36
2843,1,CEDCC,zh,0.6314662575721741,,0.781379759311676,0.6666666666666666,0.875,0.10079571273591784,0.007800317575757133,0.8145157694816589,0.4451406002044678,0.36937516927719116,-0.048396002279999434,-2.1350459777270303,-0.11778303565638382,-0.07966924560777384,0.6666666666666666
2048,1,CEDCC,zh,0.5322698333433696,,0.8448752164840698,0.5185185185185185,0.6153846153846154,0.12295707729127672,0.014012854016573656,1.0,0.39603084325790405,0.603969156742096,2.141280871116685,3.1066750533569554,0.15500694454080355,-0.029665657789138183,0.5185185185185185
1802,3,CEDCC,zh,0.5997528398738188,,0.7187333106994629,0.4375,0.5333333333333333,0.09642501920461655,0.016929063048712837,0.903574526309967,0.3590194880962372,0.5445550382137299,0.7092225328272518,-2.53773419932951,0.02210487643242187,0.4922119973515758,0.3125
2047,2,CEDCC,zh,0.5566635757684708,,0.5764364004135132,0.3684210526315789,0.6111111111111112,0.06429947991120188,0.012543550973286865,1.0,0.4425172805786133,0.5574827194213867,2.973238927307221,6.418435399908031,0.36046179912322174,0.19229882673429577,0.2631578947368421
2845,2,CEDCC,zh,0.5894730314612389,,0.7511053085327148,0.4782608695652174,0.7272727272727273,0.11747275098510411,0.015246706125616091,1.0,0.42888909578323364,0.5711109042167664,1.4146596548162997,-0.3186565733019018,0.07609557317872184,0.11550862363731411,0.21739130434782608
2110,3,CEDCC,zh,0.5746056508450281,,0.7934820652008057,0.6,0.6842105263157895,0.1434005931019783,0.015485923080805491,1.0,0.44579631090164185,0.5542036890983582,2.0009754198999747,1.0512033940501624,0.2721927718303383,-0.12948416741073204,0.6
2077,2,CEDCC,zh,0.5669683714707693,,0.8640871644020081,0.5,0.47368421052631576,0.12475520372390747,0.01937741918355452,1.0,0.3617458939552307,0.6382541060447693,1.060147610600417,-0.8770485122148353,0.15665085978043392,0.24377543315071926,0.5
2279,2,CEDCC,zh,0.6307919255711816,,0.8250731229782104,0.47619047619047616,0.55,0.1545572933696565,0.024942161746700473,0.9324360489845276,0.38906365633010864,0.543372392654419,0.5474698519710003,-3.7167506894663287,0.017223853026753222,0.13528152285751133,0.2857142857142857
2394,3,CEDCC,zh,0.5368370931399497,,0.5969973206520081,0.3783783783783784,0.6944444444444444,0.11093903473905616,0.012362975641941405,1.0,0.41159602999687195,0.588403970003128,2.179481510437689,3.1334653480699597,0.2950234384453374,-0.014216862734401826,0.5405405405405406
1948,2,CEDCC,zh,0.4676854681968689,,0.6749546527862549,0.2916666666666667,0.7391304347826086,0.07702871039509773,0.014993028656825818,1.0,0.3518296182155609,0.6481703817844391,3.2716641890739213,8.425000083222738,0.477272507429773,0.010634662385427948,0.20833333333333334
2622,3,CEDCC,zh,0.5876349098980427,,0.7554438710212708,0.13333333333333333,0.42857142857142855,0.09461966753005982,0.023008082800250115,1.0,0.43016237020492554,0.5698376297950745,1.0512213815178157,-2.129768649223074,0.21611820311411867,0.5549039643078848,0.13333333333333333
2157,1,CEDCC,zh,0.5552933160215616,,0.7511556148529053,0.5333333333333333,0.6428571428571429,0.11107848882675171,0.016680275041161895,1.0,0.43487802147865295,0.565121978521347,2.4524088572159983,2.903115626659364,0.11584637666236697,-0.11878386948108688,0.6666666666666666
2264,3,CEDCC,zh,0.6211937963962555,,0.808643639087677,0.42105263157894735,0.5555555555555556,0.12052382607209056,0.012944342389963559,1.0,0.4385591745376587,0.5614408254623413,1.4716734680445847,0.7710315685653191,0.09185850095287051,0.07437748930650709,0.5263157894736842
2705,3,CEDCC,zh,0.6019071966409684,,0.7417863607406616,0.4444444444444444,0.5,0.1887701286209954,0.030902808484772747,1.0,0.3878650963306427,0.6121349036693573,0.7636413345157399,-2.898282032533491,0.03624967113471511,0.0731188373107796,0.6666666666666666
2390,3,CEDCC,zh,0.5696373771537434,,0.7245616316795349,0.4,0.5555555555555556,0.1492411434650421,0.026539676168110607,1.0,0.40439099073410034,0.5956090092658997,1.4750579259630998,-1.2794597325801593,0.143130149320974,0.015021032076021621,0.6
2601,3,CEDCC,zh,0.5471151123444239,,0.7654463648796082,0.391304347826087,0.6363636363636364,0.11208461678546408,0.01916103076458787,1.0,0.3416759967803955,0.6583240032196045,1.2047860383064153,-0.5135839421640123,0.10710581016649368,0.17931423597726823,0.391304347826087
2803,2,CEDCC,zh,0.6745655099550883,,0.781362771987915,0.42857142857142855,0.5384615384615384,0.07501548102923802,0.005871956773804482,0.7806359529495239,0.4918891191482544,0.28874683380126953,-0.7112531067183538,-3.1376406735127844,0.12393407943483359,0.36771279000206636,0.2857142857142857
1881,3,CEDCC,zh,0.6345316746405193,,0.8120254874229431,0.3076923076923077,0.5,0.10347336530685425,0.014417909909985541,0.9422708749771118,0.4809279143810272,0.4613429605960846,1.0795152753785575,-2.1967821807840187,-0.08004270767353594,0.43872689976916457,0.3076923076923077
2482,3,CEDCC,zh,0.6104601005713145,,0.7708008885383606,0.42857142857142855,0.8461538461538461,0.13251474925449916,0.018307621835526602,1.0,0.391193151473999,0.608806848526001,1.185506666214581,-0.777305573306859,0.15369194486241256,-0.069421165464455,0.7142857142857143
2735,1,CEDCC,zh,0.4857890727845105,,0.46213364601135254,0.38095238095238093,0.55,0.09404700142996651,0.01557359521218642,1.0,0.3636803925037384,0.6363196074962616,3.1065674852258653,7.232992267168708,0.43822453447836685,0.1906493617561356,0.38095238095238093
2262,1,CEDCC,zh,0.509292391439279,,0.6769148707389832,0.34782608695652173,0.5909090909090909,0.07152260127274887,0.013709627059773626,1.0,0.38202446699142456,0.6179755330085754,2.989267732973715,7.051930726645855,0.2016440385997731,0.20401173309643056,0.2608695652173913
1936,3,CEDCC,zh,0.5055047410229841,,0.7460569739341736,0.391304347826087,0.5909090909090909,0.12154516836871272,0.01977838840909222,0.9554111361503601,0.3578285276889801,0.59758260846138,1.560720914054154,-0.9284821076762526,0.30425759520027285,0.2572961602525827,0.30434782608695654
2512,3,CEDCC,zh,0.5154806276162466,,0.800449788570404,0.5294117647058824,0.625,0.08609517707544215,0.017979092778092193,1.0,0.3748515844345093,0.6251484155654907,2.501327609691321,3.63550085491236,0.2912449188114543,0.2351235585684015,0.4117647058823529
2733,1,CEDCC,zh,0.54364553269218,,0.7516823410987854,0.5,0.6,0.14179720170795918,0.017532839925455717,0.9358673691749573,0.352324903011322,0.5835424661636353,1.1448602437789197,-0.8656774084019752,0.02210487643242187,-0.1840136066060967,0.5
2856,2,CEDCC,zh,0.5636935408773094,,0.8376638889312744,0.5357142857142857,0.5925925925925926,0.10478579998016357,0.011392959930767244,1.0,0.4375448524951935,0.5624551475048065,2.2555403959551543,3.987727224556334,0.22987235402069617,-0.10289226777552697,0.5357142857142857
2653,3,CEDCC,zh,0.5068077655399547,,0.7156805992126465,0.4375,0.6666666666666666,0.08281855657696724,0.01723182532629077,1.0,0.3936748206615448,0.6063251793384552,3.005503833089703,5.807565355069194,0.2582787131094997,0.06946253944188864,0.5625
2847,1,CEDCC,zh,0.577227519108699,,0.6341467499732971,0.44,0.6666666666666666,0.06694296836853027,0.011422554315886414,1.0,0.4636327028274536,0.5363672971725464,2.6137176960271717,4.294864254861631,0.34054446512149905,0.35235376385106915,0.36
2548,3,CEDCC,zh,0.6427515149116516,,0.7429702877998352,0.1,0.8888888888888888,0.0689045786857605,0.013409315460549465,1.0,0.5521917343139648,0.44780826568603516,2.589553585478004,2.287673105876811,0.27312236339456897,-0.10058015310521295,0.5
2010,2,CEDCC,zh,0.6015166138347826,,0.69829922914505,0.2222222222222222,0.5294117647058824,0.08322023351987202,0.013424895983807089,1.0,0.46932870149612427,0.5306712985038757,2.099006455984912,1.707169897722074,0.202959987666953,0.23802689625163376,0.4444444444444444
2671,2,CEDCC,zh,0.5523519466320673,,0.6610625982284546,0.5294117647058824,0.75,0.10561943755430334,0.01524812441200507,1.0,0.4382568895816803,0.5617431104183197,2.5642082087051103,3.731165414919838,0.16709308470755824,-0.1757753511569939,0.6470588235294118
2815,2,CEDCC,zh,0.6967799729771085,,0.8500829339027405,0.4117647058823529,0.5,0.08724383045645322,0.011412079135114593,1.0,0.5121755003929138,0.4878244996070862,0.7485138527303725,-1.4000377801265973,0.1332481350073489,0.07019711876121985,0.5294117647058824
2738,3,CEDCC,zh,0.5509473443031311,,0.8268681168556213,0.35714285714285715,0.6153846153846154,0.14636698152337754,0.03332581351843838,1.0,0.3051723837852478,0.6948276162147522,0.7768478438676217,-2.980030429894415,0.024913053640556182,0.30339743770935396,0.35714285714285715
1879,2,CEDCC,zh,0.5630930721759796,,0.6474412083625793,0.2857142857142857,0.6923076923076923,0.09913203120231628,0.017215833028601465,1.0,0.40257692337036133,0.5974230766296387,2.2342569900651243,2.4406528690095737,0.11631707745065922,0.10773740310452437,0.2857142857142857
2694,2,CEDCC,zh,0.6142476089298725,,0.8531680703163147,0.26666666666666666,0.5,0.13978496392567952,0.03454393823575251,1.0,0.391069620847702,0.608930379152298,0.8216538892269004,-3.475712986556419,0.15768832988603565,0.2758263872406722,0.13333333333333333
2105,3,CEDCC,zh,0.6062141331759366,,0.7945448756217957,0.6190476190476191,0.7,0.10527796972365606,0.012205406320090094,1.0,0.48777106404304504,0.512228935956955,2.0251524870751454,1.777004761981832,0.0832378702229386,-0.012194722590542734,0.7142857142857143
1895,3,CEDCC,zh,0.5717739270013922,,0.7219493389129639,0.4375,0.6666666666666666,0.14273225143551826,0.022496195920139697,1.0,0.3949957489967346,0.6050042510032654,1.3607713458940995,-1.4306570797242362,0.02210487643242187,0.09374450676151622,0.4375
2506,2,CEDCC,zh,0.5435206455489,,0.781192421913147,0.391304347826087,0.45454545454545453,0.11394112654354262,0.0166857492940428,0.9108356833457947,0.3131249248981476,0.5977107584476471,1.0888016483389298,-1.7645492182123501,0.2569165768030546,0.2714573665312993,0.30434782608695654
2782,1,CEDCC,zh,0.6134481303619616,,0.8307268619537354,0.28125,0.5483870967741935,0.10047752596437931,0.01499659589440276,1.0,0.4253266751766205,0.5746733248233795,0.7668038551488624,-2.088393529309089,0.2625131284162787,0.3678922526193694,0.21875
2148,2,CEDCC,zh,0.5188474804162979,,0.6713511347770691,0.38461538461538464,0.75,0.08601694611402658,0.019636177273392206,1.0,0.3965696096420288,0.6034303903579712,2.808442340784781,3.988975724056937,0.35992602251116246,-0.042139721905703115,0.5384615384615384
2810,2,CEDCC,zh,0.7167941431204478,,0.8477074503898621,0.391304347826087,0.6818181818181818,0.09924552492473436,0.009647951043648954,1.0,0.5847587585449219,0.4152412414550781,0.745628172418834,-2.3364989134302965,0.13636924105349868,0.198769927799296,0.391304347826087
1878,3,CEDCC,zh,0.5477608301137623,,0.6307038068771362,0.2777777777777778,0.5882352941176471,0.10954490966267055,0.01858834152855054,1.0,0.3827848732471466,0.6172151267528534,1.7978408042180192,0.7322099279216232,0.09687429295115102,0.07546231952095538,0.2777777777777778
1783,2,CEDCC,zh,0.5937100410461426,,0.8128008246421814,0.21428571428571427,0.46153846153846156,0.09361409715243749,0.020147465789183413,1.0,0.41904154419898987,0.5809584558010101,1.4725030558917485,-0.9658556087217729,0.10338535997399267,0.2761819040291307,0.21428571428571427
2768,3,CEDCC,zh,0.6328388793127877,,0.8251259922981262,0.46153846153846156,0.75,0.11013847589492798,0.01570581620878069,1.0,0.4895924925804138,0.5104075074195862,1.776518291985567,-0.34257379785799813,0.1956125952846266,-0.08504706907955792,0.7692307692307693
2071,2,CEDCC,zh,0.5019023035253797,,0.7900180816650391,0.4,0.5789473684210527,0.09940841197967529,0.01781330534834696,1.0,0.30425018072128296,0.695749819278717,2.2611419686419127,3.590780476084868,0.18625294142451398,0.19538357399163023,0.3
2632,3,CEDCC,zh,0.5005713465313116,,0.726737916469574,0.2608695652173913,0.5,0.0908394922380862,0.016826097106629707,1.0,0.39124795794487,0.60875204205513,2.4478953837564053,3.4928241476906052,0.3426263147513171,0.08876571236834564,0.2608695652173913
1911,1,CEDCC,zh,0.6435674447566271,,0.9145675897598267,0.5333333333333333,0.7142857142857143,0.1951702356338501,0.029707079924151163,1.0,0.38153696060180664,0.6184630393981934,0.1577111523997642,-3.9825972849526883,0.023426752587707433,-0.03453558300609116,0.4
2865,3,CEDCC,zh,0.5454293332601848,,0.6868016719818115,0.2777777777777778,0.5294117647058824,0.09434134595923954,0.01469295987088864,1.0,0.4189344048500061,0.5810655951499939,2.6027202974413046,4.582935582499275,0.133805361663208,-0.02959612309544326,0.3888888888888889
1965,1,CEDCC,zh,0.5650967760727956,,0.8158043026924133,0.48,0.75,0.12496551990509033,0.014898023168707334,1.0,0.3793022930622101,0.6206977069377899,1.5131887555835686,0.7580562601350227,0.11402604591606114,-0.05804379087509205,0.56
1850,2,CEDCC,zh,0.5409798815846443,,0.7982662320137024,0.42105263157894735,0.5,0.08481886826063458,0.016013348319858813,1.0,0.38885095715522766,0.6111490428447723,2.2235908538315354,2.929074935498697,0.1648213620644432,0.08256597652777758,0.42105263157894735
2132,1,CEDCC,zh,0.5640780436141151,,0.7781655788421631,0.5555555555555556,0.6538461538461539,0.08589204593941017,0.008281195759253535,0.8810842037200928,0.43232715129852295,0.4487570524215698,1.451059760263286,0.1424337208992359,0.208325958430029,0.22734627060532409,0.25925925925925924
2854,3,CEDCC,zh,0.5951367008686066,,0.7266693115234375,0.5,0.5652173913043478,0.11132329454024632,0.014641929534605358,1.0,0.44442105293273926,0.5555789470672607,1.2901825422320348,-0.3957796473068589,0.12570437506495802,0.22498489869724428,0.25
3118,3,CEDCC,zh,0.6367575506369273,,0.8145861029624939,0.42857142857142855,0.6153846153846154,0.10130965283938817,0.014570994542313835,1.0,0.42105385661125183,0.5789461433887482,1.3622085996270623,0.23783627224853632,0.12393407943483403,-0.12848473610423844,0.42857142857142855
468,2,CEDCC,zh,0.5352729573136285,,0.565147340297699,0.35,0.631578947368421,0.09212669134140014,0.018850997936263665,1.0,0.371248334646225,0.628751665353775,1.7437685752180812,0.8031031176379537,0.018021423668444392,0.538205548163566,0.15
3001,3,CEDCC,zh,0.5278809703886509,,0.5577495098114014,0.5333333333333333,0.7142857142857143,0.1300508181254069,0.02069578591380171,1.0,0.36543554067611694,0.6345644593238831,1.9772000603091848,1.5227911658518307,0.023426752587707433,0.1380200146181737,0.4
3141,3,CEDCC,zh,0.5895896605823351,,0.8223726749420166,0.7272727272727273,0.8095238095238095,0.15146500143137845,0.015341856433709314,1.0,0.4087042510509491,0.5912957489490509,1.3554957296386114,-0.12148477301326377,0.14252012451782026,-0.39447815438577155,0.8181818181818182
4288,2,CEDCC,zh,0.5664860553601209,,0.785565972328186,0.1875,0.4666666666666667,0.09093188494443893,0.016222211322379863,0.9810908436775208,0.38231077790260315,0.5987800657749176,1.81916927891019,1.0746196505738492,0.10874827400241527,0.3944975103002954,0.1875
3356,2,CEDCC,zh,0.5997268812997001,,0.7372964024543762,0.4444444444444444,0.6923076923076923,0.13007134861416286,0.014865229783814911,1.0,0.3464093506336212,0.6535906493663788,0.7079976838621751,-0.4697215405945441,0.10563748723596289,0.0035336190596275893,0.37037037037037035
3124,3,CEDCC,zh,0.6005896538496017,,0.7731645107269287,0.5789473684210527,0.6666666666666666,0.11679000446670934,0.016560399049767683,0.9360105395317078,0.42384764552116394,0.5121628940105438,0.6435724134821361,-2.871183320887174,-0.05406722127027663,0.23560557367048665,0.3684210526315789
3169,3,CEDCC,zh,0.5687532424926758,,0.7456465363502502,0.38095238095238093,0.5,0.1083313851129441,0.015589461629633644,1.0,0.41082483530044556,0.5891751646995544,1.7318707273967548,0.8562155762258614,0.2891966529189598,0.3868422510531723,0.2857142857142857
2872,2,CEDCC,zh,0.6173409564154488,,0.7797496318817139,0.5384615384615384,0.5,0.10672829242853019,0.017077380100771995,1.0,0.45774000883102417,0.5422599911689758,1.5439958599157582,-0.3705581165438252,0.017708817790045295,0.14620797257283807,0.38461538461538464
3325,3,CEDCC,zh,0.592658686897029,,0.7745047211647034,0.6363636363636364,0.6190476190476191,0.10511208393357017,0.01187532532292616,1.0,0.42524272203445435,0.5747572779655457,1.9876313731781712,2.994085234108713,0.2649658155344663,0.014368376098509002,0.6363636363636364
3114,3,CEDCC,zh,0.6051286399364472,,0.8008490204811096,0.7857142857142857,0.9230769230769231,0.17545890382358006,0.01695167189842505,1.0,0.46175479888916016,0.5382452011108398,1.6822016214595457,-0.06851032201834872,0.024913053640556626,-0.3255017828837948,0.7857142857142857
2881,3,CEDCC,zh,0.6666971445083618,,0.7437210083007812,0.6,0.6842105263157895,0.11652410626411439,0.013568494794055922,1.0,0.4282577335834503,0.5717422664165497,0.5072794919060282,-1.4930139451551607,0.08733614172443893,0.0957024101116344,0.3
3226,1,CEDCC,zh,0.4807793438434601,,0.6297961473464966,0.42105263157894735,0.7222222222222222,0.13801570628818713,0.02202300114575474,1.0,0.3421454131603241,0.6578545868396759,2.2684725574570885,1.9839880270098975,0.3280338608514115,-0.051385350830296384,0.5263157894736842
4245,3,CEDCC,zh,0.5050307837399569,,0.599711000919342,0.375,0.6129032258064516,0.061658186838030815,0.011453330335820645,1.0,0.35458678007125854,0.6454132199287415,2.9003996985049274,8.173543123932873,0.5032447960079214,0.27720392903896207,0.375
3211,3,CEDCC,zh,0.5937655948930316,,0.704805850982666,0.47058823529411764,0.625,0.10123177135691923,0.01450854843224971,1.0,0.4419577419757843,0.5580422580242157,1.8070554977042421,1.6101490696854244,0.020922105308264438,-0.023136419956851256,0.47058823529411764
2893,1,CEDCC,zh,0.5734242677688599,,0.655811071395874,0.35714285714285715,0.7692307692307693,0.13250164900507247,0.018044741168192244,1.0,0.4171234369277954,0.5828765630722046,1.9459978937059317,1.027744206312538,-0.07410797215372167,0.10386918917550873,0.5
3006,3,CEDCC,zh,0.474125305047402,,0.7337119579315186,0.44,0.75,0.10977812886238097,0.018387610339454838,1.0,0.32050028443336487,0.6794997155666351,2.117007335222273,3.0719506898995466,0.2573668034543055,0.06803211400639685,0.44
3224,3,CEDCC,zh,0.6468726843595505,,0.6924563050270081,0.46153846153846156,0.6666666666666666,0.10207875416829036,0.014326561452942897,1.0,0.48553434014320374,0.5144656598567963,1.6200551100257021,-0.2412894079907124,0.13323334788337027,0.1864927297779596,0.46153846153846156
3188,3,CEDCC,zh,0.6110509912172953,,0.7673388123512268,0.35714285714285715,0.7692307692307693,0.14090093970298767,0.016574407258816783,1.0,0.40257585048675537,0.5974241495132446,1.5718419301579232,0.11350692079260316,0.024913053640556626,-0.008750029576770457,0.6428571428571429
3197,2,CEDCC,zh,0.6782264929068716,,0.9120526909828186,0.6666666666666666,0.8823529411764706,0.16469250784979927,0.014477232339005908,0.9962867498397827,0.4512813091278076,0.5450054407119751,0.3700547837022139,-1.977537347693195,0.202959987666953,-0.5476276727492971,0.7777777777777778
3201,3,CEDCC,zh,0.6070216670632362,,0.8125959038734436,0.4782608695652174,0.5909090909090909,0.141037845093271,0.01698268456991194,1.0,0.39115139842033386,0.6088486015796661,0.8863150911668136,-1.747083904990438,0.12386132485994272,0.05756741039287911,0.391304347826087
3223,3,CEDCC,zh,0.5849209638202891,,0.8168450593948364,0.625,0.6666666666666666,0.1664021722972393,0.024390993049169918,1.0,0.350221186876297,0.649778813123703,1.0675643895109554,-1.8918879782050055,0.10874827400241527,-0.009851257203981162,0.375
4268,3,CEDCC,zh,0.6579484363396962,,0.8831070065498352,0.2857142857142857,0.6153846153846154,0.08927706735474723,0.011574949990091272,0.9795892238616943,0.47279873490333557,0.5067904889583588,1.4683160278671483,0.042732411674689,0.21533810324493663,0.061886379988346445,0.2857142857142857
4403,3,CEDCC,zh,0.6101840535799662,,0.8912864923477173,0.25,0.42857142857142855,0.149971105158329,0.030510914088918126,1.0,0.4148503243923187,0.5851496756076813,1.1494285182990158,-2.792637865025842,0.039755402515463834,0.14298542829155805,0.25
2912,3,CEDCC,zh,0.6399918456872304,,0.8243508338928223,0.6428571428571429,0.6153846153846154,0.13870122815881455,0.01976392861550224,1.0,0.37890300154685974,0.6210969984531403,0.6897053050797016,-2.0878443652402296,0.12393407943483403,0.22957283414686155,0.35714285714285715
3265,2,CEDCC,zh,0.6128121671222505,,0.7237025499343872,0.3,0.5263157894736842,0.1023868352174759,0.01544449049757991,1.0,0.42219701409339905,0.577802985906601,1.0953700128919515,-0.7790117674567352,0.17916512391308226,0.3950956627014796,0.2
3205,3,CEDCC,zh,0.5867066097756227,,0.7224080562591553,0.34782608695652173,0.5909090909090909,0.0985368101493172,0.011965173372100494,1.0,0.4784635603427887,0.5215364396572113,2.1523144250227046,2.7890471088056046,0.3905358747936969,0.10946147819075551,0.43478260869565216
3132,3,CEDCC,zh,0.6062741060005991,,0.862345278263092,0.3333333333333333,0.35294117647058826,0.1442316108279758,0.025502217163718418,1.0,0.312896192073822,0.687103807926178,0.40366710936887623,-2.955787184609221,0.09687429295115102,0.3319550492973839,0.3333333333333333
4229,2,CEDCC,zh,0.46771311618032907,,0.7734320163726807,0.35,0.5263157894736842,0.06532123833894729,0.01517938322117674,1.0,0.3719218969345093,0.6280781030654907,3.7935857869825953,10.618719125788171,0.5595501735420843,-0.016185672328405513,0.45
3281,2,CEDCC,zh,0.5003535583615303,,0.7093677520751953,0.3684210526315789,0.7222222222222222,0.12530432092516045,0.02229178294277836,1.0,0.39156410098075867,0.6084358990192413,2.27092232357481,1.3119938580038193,0.5766103462011203,-0.045796698827165826,0.47368421052631576
2946,2,CEDCC,zh,0.6498185694217682,,0.757556140422821,0.45454545454545453,0.6,0.1463335481556979,0.02035265712734032,1.0,0.4753035306930542,0.5246964693069458,0.9635144836782615,-2.5199936163027465,-0.09531017980432521,0.13623593309947268,0.45454545454545453
3310,1,CEDCC,zh,0.5469200946390629,,0.7460983395576477,0.391304347826087,0.6363636363636364,0.1309954135314278,0.023121411462554437,1.0,0.3448368012905121,0.6551631987094879,1.127954252117737,-1.79279906264847,0.07335586100259617,0.19068635434008585,0.4782608695652174
3262,3,CEDCC,zh,0.5817778614851145,,0.7357621192932129,0.16,0.5416666666666666,0.08755705595016479,0.015848720510176516,1.0,0.4367557466030121,0.5632442533969879,1.5140539663921535,-0.6313244963318443,0.22557231469226036,0.48181042012740016,0.16
3202,1,CEDCC,zh,0.6286800049600147,,0.8903820514678955,0.4,0.5789473684210527,0.10987962186336517,0.018539217117067422,1.0,0.43385130167007446,0.5661486983299255,0.7425774257891361,-2.4884304073706773,0.08733614172443893,0.2890403965737377,0.3
3180,3,CEDCC,zh,0.6459148938839252,,0.7768106460571289,0.48,0.5416666666666666,0.12371652364730835,0.015275738733552759,1.0,0.42761552333831787,0.5723844766616821,0.6229911914860109,-2.422903175577102,0.19960453840764414,0.23251087985940475,0.48
3000,3,CEDCC,zh,0.47123889327049256,,0.5379522442817688,0.5,0.7692307692307693,0.10057818250996726,0.022614340135130796,1.0,0.3251456022262573,0.6748543977737427,2.793857892676053,4.277532891599616,0.3388022789743017,0.006602347894907443,0.35714285714285715
3075,1,CEDCC,zh,0.5354760670661927,,0.7926846146583557,0.5833333333333334,0.6521739130434783,0.08066570262114207,0.013017136671716154,1.0,0.4199694097042084,0.5800305902957916,2.7526422974400306,5.3590402479489025,0.2774138878248644,-0.05287804597092353,0.5
2896,1,CEDCC,zh,0.5181631637471062,,0.5392651557922363,0.3076923076923077,0.5833333333333334,0.1248700343645536,0.019480099969529846,0.9693236947059631,0.39377284049987793,0.5755508542060852,2.292815993434969,1.929724265505718,0.026595320104917164,0.1572085338391666,0.3076923076923077
3174,1,CEDCC,zh,0.5654130553205808,,0.5997661352157593,0.36363636363636365,0.7,0.07652672854336826,0.018646344571592453,1.0,0.45719113945961,0.54280886054039,2.5944034880313285,2.611075496206128,0.15674334039929105,0.021256097683909285,0.36363636363636365
3162,3,CEDCC,zh,0.5370315107015463,,0.6777570843696594,0.4166666666666667,0.7272727272727273,0.12131950507561366,0.021379743845281903,1.0,0.38733652234077454,0.6126634776592255,2.303124409013549,1.8608070257000353,0.0285131531036944,-0.13695800808654826,0.4166666666666667
3229,2,CEDCC,zh,0.5219866327113576,,0.718137800693512,0.4,0.5588235294117647,0.08397789682660783,0.01145700717760658,0.9141346216201782,0.3840286433696747,0.5301059782505035,1.4207572987905122,-0.03141889212777205,0.27144077009976453,0.4180687220926285,0.22857142857142856
2898,2,CEDCC,zh,0.6378137824081239,,0.774506151676178,0.2,0.5789473684210527,0.08425316214561462,0.012282941129784558,1.0,0.42323580384254456,0.5767641961574554,1.249259386640003,0.4941735084904346,0.018021423668444392,0.27616177954296334,0.1
3747,2,CEDCC,zh,0.622121254603068,,0.8801017999649048,0.42857142857142855,0.6153846153846154,0.1136046051979065,0.017346960192798928,1.0,0.4475093483924866,0.5524906516075134,1.3786487283452702,-1.0307784975023555,-0.07410797215372167,-0.006694146115219317,0.2857142857142857
3196,1,CEDCC,zh,0.6248422622680664,,0.8608341217041016,0.42105263157894735,0.5,0.129349128196114,0.014461962290249774,1.0,0.4889984130859375,0.5110015869140625,1.5625453169711159,-0.6066672057104947,0.13453903864846595,-0.2552596573748363,0.5263157894736842
3297,3,CEDCC,zh,0.6085858926177025,,0.7701393365859985,0.3157894736842105,0.5,0.09734759518974706,0.021166441635440632,1.0,0.4486669898033142,0.5513330101966858,1.0209709495622155,-2.5503338212644038,0.16076786978046664,0.47762404635505795,0.3157894736842105
2908,2,CEDCC,zh,0.5952578665954726,,0.78291255235672,0.4074074074074074,0.46153846153846156,0.10688358324545401,0.013847011829376329,1.0,0.44025564193725586,0.5597443580627441,1.255194642635009,-0.40327862039395335,0.2470405241625815,0.22279925727801028,0.4074074074074074
3328,3,CEDCC,zh,0.6194947631586165,,0.8234505653381348,0.4,0.6842105263157895,0.14807028770446778,0.019106158693725134,1.0,0.4029759466648102,0.5970240533351898,0.742141465577824,-2.4217885222594084,0.018021423668444392,0.027218138537716267,0.4
2880,1,CEDCC,zh,0.544403109480353,,0.7481646537780762,0.5,0.7333333333333333,0.12589478492736816,0.019745869879349225,1.0,0.3707784414291382,0.6292215585708618,1.7919184055901867,0.8205145168802854,0.19539167157240867,0.010499020927086244,0.5
4434,1,CEDCC,zh,0.5836844676070743,,0.7267216444015503,0.5,0.7142857142857143,0.14956452697515488,0.01548448696017005,0.794091522693634,0.43313097953796387,0.36096054315567017,0.6881859880785153,-3.9457067529808194,0.039755402515463834,-0.21389650535194693,0.5
3144,2,CEDCC,zh,0.5758427429843593,,0.7787414193153381,0.3611111111111111,0.6285714285714286,0.10926561223136054,0.01629965324175008,1.0,0.3677908778190613,0.6322091221809387,1.0414853022440864,-1.1205382613182255,0.28643803859641226,0.24535296977855608,0.3611111111111111
3352,2,CEDCC,zh,0.6540427704652151,,0.8471516370773315,0.6363636363636364,0.7,0.14616276459260422,0.013030775361543118,0.9356431365013123,0.521428108215332,0.4142150282859802,0.9594466715661617,-2.381278469604656,0.030716580297483365,-0.1237785851828455,0.6363636363636364
3213,3,CEDCC,zh,0.5349996387958527,,0.6561536192893982,0.45,0.631578947368421,0.12353553175926209,0.017759005967914528,1.0,0.4145503640174866,0.5854496359825134,2.0343079612444255,1.4157763779668153,0.19719737059124975,0.003371557135272006,0.45
2981,3,CEDCC,zh,0.5925520896911621,,0.8831244111061096,0.42105263157894735,0.6111111111111112,0.0896821053404557,0.01643902117547636,1.0,0.3786117136478424,0.6213882863521576,1.16738990130299,-0.12059609712753616,0.16482136206444276,0.29517502531541534,0.42105263157894735
2870,3,CEDCC,zh,0.5311306218306223,,0.5467023253440857,0.2857142857142857,0.46153846153846156,0.1302597884620939,0.01978595439802654,1.0,0.41113075613975525,0.5888692438602448,2.364851854628362,2.358896699363598,0.280878692101707,-0.0326736538166287,0.42857142857142855
3039,2,CEDCC,zh,0.5505992187106091,,0.6646131873130798,0.2727272727272727,0.5714285714285714,0.08499542691490868,0.014359900959839855,1.0,0.3671640455722809,0.6328359544277191,2.014950860924029,3.0858090953350743,0.2055335045687241,0.21084792366108657,0.18181818181818182
3218,2,CEDCC,zh,0.6036661890420046,,0.7844110727310181,0.5238095238095238,0.65,0.11483945733024961,0.01364456920981557,0.985327959060669,0.4633561372756958,0.5219718217849731,1.5296023198197126,-0.3720713761533849,0.14925188741912399,0.30981938545843907,0.42857142857142855
4209,3,CEDCC,zh,0.5766017096383231,,0.7639544010162354,0.35,0.7368421052631579,0.10778654515743255,0.017001713142074163,1.0,0.43366122245788574,0.5663387775421143,1.5540118138702248,-0.13604106714869868,0.07295203810184958,0.09239331910219724,0.45
3207,3,CEDCC,zh,0.6635745569415714,,0.7780491709709167,0.3181818181818182,0.5238095238095238,0.12393297390504317,0.018177999649649116,1.0,0.39038175344467163,0.6096182465553284,0.20157320355774017,-2.983451120575739,0.13951948737253916,0.1972716617608902,0.3181818181818182
3244,3,CEDCC,zh,0.5789825184778734,,0.7156809568405151,0.47619047619047616,0.75,0.11828233514513288,0.013148127443217812,1.0,0.42235174775123596,0.577648252248764,2.011511362283888,2.5919515957151216,0.017223853026753222,0.0011268281955502833,0.5714285714285714
3027,3,CEDCC,zh,0.6677715748548507,,0.8331714868545532,0.3684210526315789,0.4444444444444444,0.10287321241278398,0.013251635723504221,1.0,0.5099599957466125,0.49004000425338745,1.0310618005528882,-1.6627617422384642,0.1648213620644432,0.1576026616278496,0.3684210526315789
3248,3,CEDCC,zh,0.6831591457128525,,0.8688196539878845,0.3157894736842105,0.4444444444444444,0.12370033954319201,0.01735918822074413,0.8918193578720093,0.46772754192352295,0.42409181594848633,-0.026778175461591915,-4.140521915922501,0.01889563984129694,0.4010248735230284,0.3157894736842105
3215,3,CEDCC,zh,0.5734303414821624,,0.8155450224876404,0.16666666666666666,0.5652173913043478,0.11321010440587997,0.023582113033706734,1.0,0.34705889225006104,0.652941107749939,0.6077843648136056,-2.799165935928433,0.11622902487425035,0.43743809647663096,0.16666666666666666
4418,3,CEDCC,zh,0.4878909795180611,,0.83339923620224,0.36363636363636365,0.6190476190476191,0.08201235261830417,0.016899873339418035,1.0,0.37071871757507324,0.6292812824249268,2.7264691869981483,4.782695158129055,0.4545706156871132,0.1897402851159792,0.2727272727272727
4195,3,CEDCC,zh,0.46983765761057533,,0.6546733975410461,0.5172413793103449,0.75,0.10193826823398985,0.016818096630351848,1.0,0.2772013545036316,0.7227986454963684,1.9784319870779496,3.865265850542654,0.3240800497839462,0.17763942600294907,0.5862068965517241
3198,3,CEDCC,zh,0.5619778484106064,,0.819994330406189,0.3157894736842105,0.6111111111111112,0.10246505862788151,0.01927665142662085,1.0,0.41548746824264526,0.5845125317573547,1.5565429344947739,-0.542712610825494,0.14562670807247802,0.390844023861522,0.3157894736842105
3084,2,CEDCC,zh,0.573238072792689,,0.8024490475654602,0.42857142857142855,0.5384615384615384,0.1194515483719962,0.020121343615847023,1.0,0.35689106583595276,0.6431089341640472,1.4748249944061245,-0.01275349450430685,0.024913053640556626,0.0923140098597706,0.2857142857142857
2936,3,CEDCC,zh,0.6009666353464127,,0.7780417203903198,0.21052631578947367,0.5555555555555556,0.10364508001427901,0.020207417856835257,1.0,0.41931191086769104,0.580688089132309,1.0005369014138814,-2.1620023648621833,0.2612701068796479,0.48584744091018617,0.10526315789473684
3355,3,CEDCC,zh,0.5152051990682428,,0.8048643469810486,0.5238095238095238,0.9,0.15330614504360018,0.018193182422880535,1.0,0.34437331557273865,0.6556266844272614,2.056770505597013,1.973631448429873,0.17416846569362576,-0.15156102361131168,0.7142857142857143
3264,3,CEDCC,zh,0.6197671759873629,,0.7423698902130127,0.6,0.6428571428571429,0.13070180813471477,0.014182379455210165,1.0,0.48024633526802063,0.5197536647319794,1.7766329100078386,0.8147031010630315,0.023426752587707433,0.013916820525101889,0.4666666666666667
2966,2,CEDCC,zh,0.5696577997434706,,0.7315292954444885,0.4,0.5789473684210527,0.12386206984519958,0.014465177878877435,1.0,0.4606117606163025,0.5393882393836975,2.098228787436728,2.056523638827965,0.2245584435080894,0.030804796138400505,0.5
3263,1,CEDCC,zh,0.631423972223116,,0.6323515772819519,0.5,0.6666666666666666,0.12370663068511269,0.012874684379853342,1.0,0.4693957269191742,0.5306042730808258,1.4079278037150105,-0.5366144898321386,0.07950674446691597,0.08198947887307313,0.5
3168,2,CEDCC,zh,0.701626236240069,,0.7212725281715393,0.43478260869565216,0.6363636363636364,0.09114560873612114,0.007392614189282509,1.0,0.5724166631698608,0.42758333683013916,1.508257475917134,0.5980649922852992,0.13636924105349912,0.016964374087390058,0.5217391304347826
3096,2,CEDCC,zh,0.6028181406167837,,0.6117684245109558,0.3333333333333333,0.6363636363636364,0.10724689563115437,0.015982176970068693,1.0,0.5029496550559998,0.49705034494400024,2.3053597786848403,1.5949526751562448,0.17713946516891355,0.09292991491376819,0.16666666666666666
2889,3,CEDCC,zh,0.6372500520486098,,0.7727330327033997,0.16666666666666666,0.5454545454545454,0.0808457483847936,0.014306569462378906,1.0,0.5352042317390442,0.4647957682609558,2.0366495254585213,0.6884398820402371,0.14403768319701893,0.012700049368310193,0.3333333333333333
4286,3,CEDCC,zh,0.5729986511998706,,0.7885773777961731,0.23529411764705882,0.5625,0.11681594568140366,0.0203859487963806,1.0,0.3969883918762207,0.6030116081237793,1.2750602889395803,-1.055407814900022,0.1024688324329639,0.3423468789222474,0.23529411764705882
3509,3,CEDCC,zh,0.49545703402587343,,0.697959303855896,0.46153846153846156,0.5833333333333334,0.11749707735501803,0.024225328602242885,1.0,0.3687930107116699,0.6312069892883301,2.32824503913878,1.9989489165548857,0.13323334788337027,0.010554394596153316,0.46153846153846156
3240,3,CEDCC,zh,0.5614984656373659,,0.7914615273475647,0.2608695652173913,0.5909090909090909,0.13454054749530295,0.022800585243620528,1.0,0.3464473485946655,0.6535526514053345,0.8715837801881867,-2.209237036287724,0.06358765698516589,0.339441850033372,0.17391304347826086
3052,3,CEDCC,zh,0.5388608932495117,,0.7074312567710876,0.5714285714285714,0.5384615384615384,0.14469254442623683,0.023201971651693184,1.0,0.38181838393211365,0.6181816160678864,1.7296148790385661,-0.1653643997667018,0.10338535997399223,0.008613158703589516,0.5714285714285714
4197,3,CEDCC,zh,0.5131476416307337,,0.5567013025283813,0.375,0.7333333333333333,0.09893743693828583,0.01866655769099387,1.0,0.35269874334335327,0.6473012566566467,2.549398122106795,3.6707509390644564,0.1089089613680847,-0.01592789531862862,0.625
3019,3,CEDCC,zh,0.6258896655506558,,0.7883389592170715,0.5294117647058824,0.625,0.13559616313261144,0.016526224232237,1.0,0.4749569296836853,0.5250430703163147,1.2530857343367192,-1.6007480045650615,0.24863981183225814,0.16110960872603483,0.4117647058823529
2971,3,CEDCC,zh,0.7065115571022034,,0.86555415391922,0.4166666666666667,0.6363636363636364,0.07792004446188609,0.010379540811677237,1.0,0.5780859589576721,0.4219140410423279,1.6319978423861665,-0.3595621674431575,0.0285131531036944,0.06661655829450659,0.4166666666666667
3176,2,CEDCC,zh,0.5500469124317169,,0.6906939148902893,0.2916666666666667,0.6956521739130435,0.09535886595646541,0.018172664859893398,1.0,0.3931896984577179,0.6068103015422821,1.5028224130576415,-0.45887717369143566,0.22216302560631584,0.35845232667958554,0.2916666666666667
2873,3,CEDCC,zh,0.5926542187278921,,0.7716554999351501,0.42857142857142855,0.55,0.11023714996519543,0.01479093972106798,1.0,0.4495159983634949,0.5504840016365051,1.5982868018010137,0.26255106575159903,0.2538816291970387,0.06770584418077448,0.42857142857142855
2868,3,CEDCC,zh,0.6217168026736805,,0.86199551820755,0.4444444444444444,0.7692307692307693,0.1431218429848,0.015636465033918946,1.0,0.4668390154838562,0.5331609845161438,1.2723174217707183,-1.6796084264643714,0.2430909675781927,0.033741399706437525,0.5185185185185185
2874,1,CEDCC,zh,0.585730268405034,,0.6578004956245422,0.47368421052631576,0.6216216216216216,0.083299867416683,0.009982293701920128,1.0,0.41465041041374207,0.5853495895862579,1.5792970835336428,2.410308070408629,0.251169620006817,0.318892396610387,0.3157894736842105
3894,1,CEDCC,zh,0.6005609706044197,,0.7730005383491516,0.2,0.7142857142857143,0.08436078627904256,0.02011241267555569,1.0,0.3776736557483673,0.6223263442516327,0.8488419969410859,-1.2689706142068111,0.3552809663843286,0.3626701179641169,0.2
3024,2,CEDCC,zh,0.637379871474372,,0.8391008973121643,0.25,0.5714285714285714,0.1381819173693657,0.015963280454216192,0.9483076930046082,0.5188028812408447,0.4295048117637634,1.4916317158455081,-1.7113586184609293,0.21304219765545018,0.1641798234003549,0.25
2621,1,CEDCC,zh,0.5561439061866087,,0.742905855178833,0.4375,0.6666666666666666,0.12242061644792557,0.019722390157439002,1.0,0.4058800935745239,0.5941199064254761,1.7935792008217781,0.17515771702033955,0.2856277633920903,0.0508172493421861,0.4375
429,3,CEDCC,zh,0.5778677748008207,,0.7386120557785034,0.47619047619047616,0.7,0.08490197999136788,0.010836662933530621,0.8978204131126404,0.44294631481170654,0.45487409830093384,1.6143578183837326,-0.4876285893841219,0.21526590461530937,0.24733835828823986,0.38095238095238093
3036,3,CEDCC,zh,0.5173935348337347,,0.7051188945770264,0.23809523809523808,0.5,0.06348359017145067,0.013669188730676785,1.0,0.3934861123561859,0.6065138876438141,3.093992251432956,7.316739302258613,0.42902050748617837,0.19964221478686703,0.23809523809523808
2970,3,CEDCC,zh,0.5088854087026495,,0.5104753971099854,0.4444444444444444,0.6470588235294118,0.11102682186497582,0.015668036498657573,1.0,0.39271512627601624,0.6072848737239838,3.073401789083318,6.572532078652257,0.48038371478412634,-0.147403747196229,0.6666666666666666
2882,2,CEDCC,zh,0.6099322386409926,,0.7070661187171936,0.4090909090909091,0.6666666666666666,0.09069099615920674,0.015182864635634157,1.0,0.3810255229473114,0.6189744770526886,0.7370837313179636,-0.4780801427703105,0.339267176221286,0.030696156299782167,0.4090909090909091
246,3,CEDCC,zh,0.4979023600325865,,0.7551107406616211,0.24242424242424243,0.46875,0.07613964333678737,0.016586778596688237,1.0,0.3540838658809662,0.6459161341190338,2.0655331091698574,1.8937032305337587,0.4861478373559658,0.35792908460376915,0.12121212121212122
1857,3,CEDCC,zh,0.5424326040915081,,0.786957859992981,0.4444444444444444,0.8846153846153846,0.10696193244722155,0.016645311639442207,1.0,0.37969300150871277,0.6203069984912872,1.7098069730301033,0.414472780568901,0.22573074101800472,0.14130916783087896,0.4444444444444444
3107,3,CEDCC,zh,0.645742223314617,,0.822236955165863,0.5454545454545454,0.7142857142857143,0.16263122179291464,0.01798009898076627,1.0,0.4192599654197693,0.5807400345802307,0.7257243076480682,-2.5739745208345317,0.12944366667910323,-0.09725114281849473,0.5454545454545454
1950,3,CEDCC,zh,0.5418818498912611,,0.8197581171989441,0.3333333333333333,0.5882352941176471,0.09327125549316406,0.01660297545445071,1.0,0.4348486065864563,0.5651513934135437,2.3961324108839084,2.7676728686050414,0.20245587044132352,0.4218881683246949,0.5555555555555556
4261,3,CEDCC,zh,0.6226937338709831,,0.8191964030265808,0.42105263157894735,0.6111111111111112,0.12811082287838585,0.019012273311019134,0.9768970012664795,0.3666222095489502,0.6102747917175293,0.4946186225221913,-2.662986497100861,-0.05406722127027663,0.17244860136618378,0.42105263157894735
2886,3,CEDCC,zh,0.6050240567752293,,0.7411941289901733,0.5384615384615384,0.8333333333333334,0.18050915461320144,0.021831750208648915,1.0,0.3992975652217865,0.6007024347782135,1.2652223971034209,-1.7617057109546614,-0.08004270767353594,-0.12427278279374981,0.5384615384615384
1559,1,CEDCC,zh,0.5939279847911426,,0.8529956340789795,0.5185185185185185,0.5769230769230769,0.12218494106222082,0.014080957872231754,1.0,0.4312717318534851,0.5687282681465149,1.170404756795166,-0.46991815549952776,0.15500694454080355,-0.07199499916341348,0.5925925925925926
2507,1,CEDCC,zh,0.48893832763036094,,0.6547665596008301,0.5714285714285714,0.6153846153846154,0.11257159922804151,0.010541264885748433,0.7516283392906189,0.31211206316947937,0.4395162761211395,0.7473757386105319,-2.173574523253791,-0.07410797215372167,0.18440279409109778,0.42857142857142855
2650,1,CEDCC,zh,0.5900232994556427,,0.8069109320640564,0.25,0.5652173913043478,0.08469857275485992,0.012091553212111757,0.8940681219100952,0.4121021032333374,0.4819660186767578,0.5973186295198838,-2.4691973408537065,0.060978162655703994,0.35636513488065924,0.3333333333333333
2679,3,CEDCC,zh,0.5667297823561562,,0.7149190902709961,0.5294117647058824,0.5,0.07507763364735771,0.01377232431973501,1.0,0.384630411863327,0.615369588136673,2.5322346055041502,4.6956519456576515,0.2504715552491046,0.055402432738418994,0.4117647058823529
4251,3,CEDCC,zh,0.550668565556407,,0.7607812285423279,0.13333333333333333,0.5,0.08439446687698364,0.02589276665519296,1.0,0.3713783025741577,0.6286216974258423,1.2541675677960662,-1.7887379251282463,0.26232801515144866,0.5173597037574791,0.13333333333333333
